# command: ./latency-many-threads --target remote --requesters 8 --chasers 512 --reps 11 --steps 16384
# gpu: NVIDIA GB10
# compute_capability: 12.1
# sm_count: 48
# l2_bytes: 25165824
# sm_clock_max_khz: 2418000
# driver_version: 13000
# runtime_version: 13000
# seed: 42
# reps: 11
# steps: 16384
# warmup: 1
# buffer_elems: 4096
# stride_bytes: 0
# cycle_length: 4096
# chasers: 512
# requesters: 8
# target: remote
# bank_aligned: 1
# warps_per_requester: 16
benchmark,cluster_size,distance,mapped,block_size,steps,buffer_bytes,stride_bytes,seed,rep,cycles,ns,cycles_per_load,ns_per_load,ghz,chasers,warp
dsmem_loaded,9,0,1,512,16384,0,0,42,0,900702201,374534304,54974.4996,22859.7598,2.4049,512,0
dsmem_loaded,9,0,1,512,16384,0,0,42,0,900702202,374534304,54974.4996,22859.7598,2.4049,512,1
dsmem_loaded,9,0,1,512,16384,0,0,42,0,900702202,374534272,54974.4996,22859.7578,2.4049,512,2
dsmem_loaded,9,0,1,512,16384,0,0,42,0,900702201,374534272,54974.4996,22859.7578,2.4049,512,3
dsmem_loaded,9,0,1,512,16384,0,0,42,0,900702202,374534272,54974.4996,22859.7578,2.4049,512,4
dsmem_loaded,9,0,1,512,16384,0,0,42,0,900702201,374534272,54974.4996,22859.7578,2.4049,512,5
dsmem_loaded,9,0,1,512,16384,0,0,42,0,900702202,374534304,54974.4996,22859.7598,2.4049,512,6
dsmem_loaded,9,0,1,512,16384,0,0,42,0,900702202,374534304,54974.4996,22859.7598,2.4049,512,7
dsmem_loaded,9,0,1,512,16384,0,0,42,0,900708256,374536832,54974.8691,22859.9141,2.4049,512,8
dsmem_loaded,9,0,1,512,16384,0,0,42,0,900702201,374534304,54974.4996,22859.7598,2.4049,512,9
dsmem_loaded,9,0,1,512,16384,0,0,42,0,900702201,374534304,54974.4996,22859.7598,2.4049,512,10
dsmem_loaded,9,0,1,512,16384,0,0,42,0,900707394,374536448,54974.8165,22859.8906,2.4049,512,11
dsmem_loaded,9,0,1,512,16384,0,0,42,0,900702201,374534304,54974.4996,22859.7598,2.4049,512,12
dsmem_loaded,9,0,1,512,16384,0,0,42,0,900702201,374534336,54974.4996,22859.7617,2.4049,512,13
dsmem_loaded,9,0,1,512,16384,0,0,42,0,900708139,374536768,54974.8620,22859.9102,2.4049,512,14
dsmem_loaded,9,0,1,512,16384,0,0,42,0,900702202,374534272,54974.4996,22859.7578,2.4049,512,15
dsmem_loaded,9,0,1,512,16384,0,0,42,0,900704934,374535424,54974.6664,22859.8281,2.4049,512,16
dsmem_loaded,9,0,1,512,16384,0,0,42,0,900702201,374534336,54974.4996,22859.7617,2.4049,512,17
dsmem_loaded,9,0,1,512,16384,0,0,42,0,900702201,374534304,54974.4996,22859.7598,2.4049,512,18
dsmem_loaded,9,0,1,512,16384,0,0,42,0,900705172,374535520,54974.6809,22859.8340,2.4049,512,19
dsmem_loaded,9,0,1,512,16384,0,0,42,0,900702201,374534304,54974.4996,22859.7598,2.4049,512,20
dsmem_loaded,9,0,1,512,16384,0,0,42,0,900702201,374534304,54974.4996,22859.7598,2.4049,512,21
dsmem_loaded,9,0,1,512,16384,0,0,42,0,900702202,374534304,54974.4996,22859.7598,2.4049,512,22
dsmem_loaded,9,0,1,512,16384,0,0,42,0,900704940,374535424,54974.6667,22859.8281,2.4049,512,23
dsmem_loaded,9,0,1,512,16384,0,0,42,0,900702202,374534272,54974.4996,22859.7578,2.4049,512,24
dsmem_loaded,9,0,1,512,16384,0,0,42,0,900702202,374534304,54974.4996,22859.7598,2.4049,512,25
dsmem_loaded,9,0,1,512,16384,0,0,42,0,900707134,374536352,54974.8007,22859.8848,2.4049,512,26
dsmem_loaded,9,0,1,512,16384,0,0,42,0,900702201,374534272,54974.4996,22859.7578,2.4049,512,27
dsmem_loaded,9,0,1,512,16384,0,0,42,0,900704945,374535424,54974.6671,22859.8281,2.4049,512,28
dsmem_loaded,9,0,1,512,16384,0,0,42,0,900702201,374534272,54974.4996,22859.7578,2.4049,512,29
dsmem_loaded,9,0,1,512,16384,0,0,42,0,900702202,374534272,54974.4996,22859.7578,2.4049,512,30
dsmem_loaded,9,0,1,512,16384,0,0,42,0,900702202,374534272,54974.4996,22859.7578,2.4049,512,31
dsmem_loaded,9,0,1,512,16384,0,0,42,0,900702202,374534304,54974.4996,22859.7598,2.4049,512,32
dsmem_loaded,9,0,1,512,16384,0,0,42,0,900702201,374534304,54974.4996,22859.7598,2.4049,512,33
dsmem_loaded,9,0,1,512,16384,0,0,42,0,900707878,374536640,54974.8461,22859.9023,2.4049,512,34
dsmem_loaded,9,0,1,512,16384,0,0,42,0,900702201,374534272,54974.4996,22859.7578,2.4049,512,35
dsmem_loaded,9,0,1,512,16384,0,0,42,0,900702202,374534304,54974.4996,22859.7598,2.4049,512,36
dsmem_loaded,9,0,1,512,16384,0,0,42,0,900702202,374534272,54974.4996,22859.7578,2.4049,512,37
dsmem_loaded,9,0,1,512,16384,0,0,42,0,900702201,374534304,54974.4996,22859.7598,2.4049,512,38
dsmem_loaded,9,0,1,512,16384,0,0,42,0,900702202,374534304,54974.4996,22859.7598,2.4049,512,39
dsmem_loaded,9,0,1,512,16384,0,0,42,0,900702201,374534272,54974.4996,22859.7578,2.4049,512,40
dsmem_loaded,9,0,1,512,16384,0,0,42,0,900722178,374542592,54975.7189,22860.2656,2.4049,512,41
dsmem_loaded,9,0,1,512,16384,0,0,42,0,900702201,374534304,54974.4996,22859.7598,2.4049,512,42
dsmem_loaded,9,0,1,512,16384,0,0,42,0,900702202,374534272,54974.4996,22859.7578,2.4049,512,43
dsmem_loaded,9,0,1,512,16384,0,0,42,0,900709838,374537472,54974.9657,22859.9531,2.4049,512,44
dsmem_loaded,9,0,1,512,16384,0,0,42,0,900702201,374534272,54974.4996,22859.7578,2.4049,512,45
dsmem_loaded,9,0,1,512,16384,0,0,42,0,900702202,374534272,54974.4996,22859.7578,2.4049,512,46
dsmem_loaded,9,0,1,512,16384,0,0,42,0,900702201,374534304,54974.4996,22859.7598,2.4049,512,47
dsmem_loaded,9,0,1,512,16384,0,0,42,0,900702201,374534304,54974.4996,22859.7598,2.4049,512,48
dsmem_loaded,9,0,1,512,16384,0,0,42,0,900702201,374534272,54974.4996,22859.7578,2.4049,512,49
dsmem_loaded,9,0,1,512,16384,0,0,42,0,900716919,374540384,54975.3979,22860.1309,2.4049,512,50
dsmem_loaded,9,0,1,512,16384,0,0,42,0,900702201,374534304,54974.4996,22859.7598,2.4049,512,51
dsmem_loaded,9,0,1,512,16384,0,0,42,0,900702202,374534272,54974.4996,22859.7578,2.4049,512,52
dsmem_loaded,9,0,1,512,16384,0,0,42,0,900706656,374536160,54974.7715,22859.8730,2.4049,512,53
dsmem_loaded,9,0,1,512,16384,0,0,42,0,900702201,374534304,54974.4996,22859.7598,2.4049,512,54
dsmem_loaded,9,0,1,512,16384,0,0,42,0,900702201,374534304,54974.4996,22859.7598,2.4049,512,55
dsmem_loaded,9,0,1,512,16384,0,0,42,0,900702201,374534336,54974.4996,22859.7617,2.4049,512,56
dsmem_loaded,9,0,1,512,16384,0,0,42,0,900702201,374534272,54974.4996,22859.7578,2.4049,512,57
dsmem_loaded,9,0,1,512,16384,0,0,42,0,900702201,374534304,54974.4996,22859.7598,2.4049,512,58
dsmem_loaded,9,0,1,512,16384,0,0,42,0,900707386,374536448,54974.8160,22859.8906,2.4049,512,59
dsmem_loaded,9,0,1,512,16384,0,0,42,0,900702201,374534304,54974.4996,22859.7598,2.4049,512,60
dsmem_loaded,9,0,1,512,16384,0,0,42,0,900702202,374534272,54974.4996,22859.7578,2.4049,512,61
dsmem_loaded,9,0,1,512,16384,0,0,42,0,900702202,374534304,54974.4996,22859.7598,2.4049,512,62
dsmem_loaded,9,0,1,512,16384,0,0,42,0,900702202,374534272,54974.4996,22859.7578,2.4049,512,63
dsmem_loaded,9,0,1,512,16384,0,0,42,0,900702202,374534304,54974.4996,22859.7598,2.4049,512,64
dsmem_loaded,9,0,1,512,16384,0,0,42,0,900702201,374534336,54974.4996,22859.7617,2.4049,512,65
dsmem_loaded,9,0,1,512,16384,0,0,42,0,900703601,374534880,54974.5850,22859.7949,2.4049,512,66
dsmem_loaded,9,0,1,512,16384,0,0,42,0,900702201,374534272,54974.4996,22859.7578,2.4049,512,67
dsmem_loaded,9,0,1,512,16384,0,0,42,0,900704573,374535296,54974.6443,22859.8203,2.4049,512,68
dsmem_loaded,9,0,1,512,16384,0,0,42,0,900702202,374534272,54974.4996,22859.7578,2.4049,512,69
dsmem_loaded,9,0,1,512,16384,0,0,42,0,900702202,374534272,54974.4996,22859.7578,2.4049,512,70
dsmem_loaded,9,0,1,512,16384,0,0,42,0,900702202,374534272,54974.4996,22859.7578,2.4049,512,71
dsmem_loaded,9,0,1,512,16384,0,0,42,0,900702201,374534272,54974.4996,22859.7578,2.4049,512,72
dsmem_loaded,9,0,1,512,16384,0,0,42,0,900702201,374534272,54974.4996,22859.7578,2.4049,512,73
dsmem_loaded,9,0,1,512,16384,0,0,42,0,900702201,374534304,54974.4996,22859.7598,2.4049,512,74
dsmem_loaded,9,0,1,512,16384,0,0,42,0,900714725,374539488,54975.2640,22860.0762,2.4049,512,75
dsmem_loaded,9,0,1,512,16384,0,0,42,0,900702201,374534336,54974.4996,22859.7617,2.4049,512,76
dsmem_loaded,9,0,1,512,16384,0,0,42,0,900711411,374538112,54975.0617,22859.9922,2.4049,512,77
dsmem_loaded,9,0,1,512,16384,0,0,42,0,900702201,374534304,54974.4996,22859.7598,2.4049,512,78
dsmem_loaded,9,0,1,512,16384,0,0,42,0,900702201,374534272,54974.4996,22859.7578,2.4049,512,79
dsmem_loaded,9,0,1,512,16384,0,0,42,0,900704461,374535232,54974.6375,22859.8164,2.4049,512,80
dsmem_loaded,9,0,1,512,16384,0,0,42,0,900702202,374534304,54974.4996,22859.7598,2.4049,512,81
dsmem_loaded,9,0,1,512,16384,0,0,42,0,900702202,374534272,54974.4996,22859.7578,2.4049,512,82
dsmem_loaded,9,0,1,512,16384,0,0,42,0,900702201,374534304,54974.4996,22859.7598,2.4049,512,83
dsmem_loaded,9,0,1,512,16384,0,0,42,0,900702202,374534272,54974.4996,22859.7578,2.4049,512,84
dsmem_loaded,9,0,1,512,16384,0,0,42,0,900702201,374534336,54974.4996,22859.7617,2.4049,512,85
dsmem_loaded,9,0,1,512,16384,0,0,42,0,900704462,374535232,54974.6376,22859.8164,2.4049,512,86
dsmem_loaded,9,0,1,512,16384,0,0,42,0,900702202,374534304,54974.4996,22859.7598,2.4049,512,87
dsmem_loaded,9,0,1,512,16384,0,0,42,0,900702201,374534304,54974.4996,22859.7598,2.4049,512,88
dsmem_loaded,9,0,1,512,16384,0,0,42,0,900718394,374541024,54975.4879,22860.1699,2.4049,512,89
dsmem_loaded,9,0,1,512,16384,0,0,42,0,900704095,374535072,54974.6152,22859.8066,2.4049,512,90
dsmem_loaded,9,0,1,512,16384,0,0,42,0,900702202,374534304,54974.4996,22859.7598,2.4049,512,91
dsmem_loaded,9,0,1,512,16384,0,0,42,0,900702202,374534272,54974.4996,22859.7578,2.4049,512,92
dsmem_loaded,9,0,1,512,16384,0,0,42,0,900702202,374534272,54974.4996,22859.7578,2.4049,512,93
dsmem_loaded,9,0,1,512,16384,0,0,42,0,900702201,374534304,54974.4996,22859.7598,2.4049,512,94
dsmem_loaded,9,0,1,512,16384,0,0,42,0,900704086,374535072,54974.6146,22859.8066,2.4049,512,95
dsmem_loaded,9,0,1,512,16384,0,0,42,0,900710334,374537664,54974.9960,22859.9648,2.4049,512,96
dsmem_loaded,9,0,1,512,16384,0,0,42,0,900702202,374534304,54974.4996,22859.7598,2.4049,512,97
dsmem_loaded,9,0,1,512,16384,0,0,42,0,900702201,374534304,54974.4996,22859.7598,2.4049,512,98
dsmem_loaded,9,0,1,512,16384,0,0,42,0,900702202,374534272,54974.4996,22859.7578,2.4049,512,99
dsmem_loaded,9,0,1,512,16384,0,0,42,0,900702201,374534304,54974.4996,22859.7598,2.4049,512,100
dsmem_loaded,9,0,1,512,16384,0,0,42,0,900702201,374534304,54974.4996,22859.7598,2.4049,512,101
dsmem_loaded,9,0,1,512,16384,0,0,42,0,900702202,374534304,54974.4996,22859.7598,2.4049,512,102
dsmem_loaded,9,0,1,512,16384,0,0,42,0,900714248,374539328,54975.2349,22860.0664,2.4049,512,103
dsmem_loaded,9,0,1,512,16384,0,0,42,0,900702202,374534272,54974.4996,22859.7578,2.4049,512,104
dsmem_loaded,9,0,1,512,16384,0,0,42,0,900702202,374534272,54974.4996,22859.7578,2.4049,512,105
dsmem_loaded,9,0,1,512,16384,0,0,42,0,900702201,374534304,54974.4996,22859.7598,2.4049,512,106
dsmem_loaded,9,0,1,512,16384,0,0,42,0,900702201,374534304,54974.4996,22859.7598,2.4049,512,107
dsmem_loaded,9,0,1,512,16384,0,0,42,0,900702201,374534272,54974.4996,22859.7578,2.4049,512,108
dsmem_loaded,9,0,1,512,16384,0,0,42,0,900715829,374539968,54975.3314,22860.1055,2.4049,512,109
dsmem_loaded,9,0,1,512,16384,0,0,42,0,900704583,374535296,54974.6450,22859.8203,2.4049,512,110
dsmem_loaded,9,0,1,512,16384,0,0,42,0,900702201,374534336,54974.4996,22859.7617,2.4049,512,111
dsmem_loaded,9,0,1,512,16384,0,0,42,0,900702201,374534272,54974.4996,22859.7578,2.4049,512,112
dsmem_loaded,9,0,1,512,16384,0,0,42,0,900702202,374534272,54974.4996,22859.7578,2.4049,512,113
dsmem_loaded,9,0,1,512,16384,0,0,42,0,900704692,374535296,54974.6516,22859.8203,2.4049,512,114
dsmem_loaded,9,0,1,512,16384,0,0,42,0,900714350,374539360,54975.2411,22860.0684,2.4049,512,115
dsmem_loaded,9,0,1,512,16384,0,0,42,0,900710818,374537888,54975.0255,22859.9785,2.4049,512,116
dsmem_loaded,9,0,1,512,16384,0,0,42,0,900705426,374535648,54974.6964,22859.8418,2.4049,512,117
dsmem_loaded,9,0,1,512,16384,0,0,42,0,900702202,374534304,54974.4996,22859.7598,2.4049,512,118
dsmem_loaded,9,0,1,512,16384,0,0,42,0,900702202,374534272,54974.4996,22859.7578,2.4049,512,119
dsmem_loaded,9,0,1,512,16384,0,0,42,0,900702202,374534304,54974.4996,22859.7598,2.4049,512,120
dsmem_loaded,9,0,1,512,16384,0,0,42,0,900702201,374534304,54974.4996,22859.7598,2.4049,512,121
dsmem_loaded,9,0,1,512,16384,0,0,42,0,900702201,374534304,54974.4996,22859.7598,2.4049,512,122
dsmem_loaded,9,0,1,512,16384,0,0,42,0,900702201,374534304,54974.4996,22859.7598,2.4049,512,123
dsmem_loaded,9,0,1,512,16384,0,0,42,0,900702201,374534272,54974.4996,22859.7578,2.4049,512,124
dsmem_loaded,9,0,1,512,16384,0,0,42,0,900702201,374534336,54974.4996,22859.7617,2.4049,512,125
dsmem_loaded,9,0,1,512,16384,0,0,42,0,900707271,374536416,54974.8090,22859.8887,2.4049,512,126
dsmem_loaded,9,0,1,512,16384,0,0,42,0,900702201,374534304,54974.4996,22859.7598,2.4049,512,127
dsmem_loaded,9,0,1,512,16384,0,0,42,1,900643065,374509728,54970.8902,22858.2598,2.4049,512,0
dsmem_loaded,9,0,1,512,16384,0,0,42,1,900643065,374509728,54970.8902,22858.2598,2.4049,512,1
dsmem_loaded,9,0,1,512,16384,0,0,42,1,900643065,374509728,54970.8902,22858.2598,2.4049,512,2
dsmem_loaded,9,0,1,512,16384,0,0,42,1,900643066,374509760,54970.8903,22858.2617,2.4049,512,3
dsmem_loaded,9,0,1,512,16384,0,0,42,1,900645562,374510752,54971.0426,22858.3223,2.4049,512,4
dsmem_loaded,9,0,1,512,16384,0,0,42,1,900651808,374513376,54971.4238,22858.4824,2.4049,512,5
dsmem_loaded,9,0,1,512,16384,0,0,42,1,900648751,374512128,54971.2372,22858.4062,2.4049,512,6
dsmem_loaded,9,0,1,512,16384,0,0,42,1,900645331,374510656,54971.0285,22858.3164,2.4049,512,7
dsmem_loaded,9,0,1,512,16384,0,0,42,1,900643065,374509760,54970.8902,22858.2617,2.4049,512,8
dsmem_loaded,9,0,1,512,16384,0,0,42,1,900643065,374509760,54970.8902,22858.2617,2.4049,512,9
dsmem_loaded,9,0,1,512,16384,0,0,42,1,900645327,374510688,54971.0283,22858.3184,2.4049,512,10
dsmem_loaded,9,0,1,512,16384,0,0,42,1,900643065,374509696,54970.8902,22858.2578,2.4049,512,11
dsmem_loaded,9,0,1,512,16384,0,0,42,1,900643066,374509728,54970.8903,22858.2598,2.4049,512,12
dsmem_loaded,9,0,1,512,16384,0,0,42,1,900643066,374509728,54970.8903,22858.2598,2.4049,512,13
dsmem_loaded,9,0,1,512,16384,0,0,42,1,900643065,374509728,54970.8902,22858.2598,2.4049,512,14
dsmem_loaded,9,0,1,512,16384,0,0,42,1,900643065,374509728,54970.8902,22858.2598,2.4049,512,15
dsmem_loaded,9,0,1,512,16384,0,0,42,1,900643065,374509760,54970.8902,22858.2617,2.4049,512,16
dsmem_loaded,9,0,1,512,16384,0,0,42,1,900643065,374509760,54970.8902,22858.2617,2.4049,512,17
dsmem_loaded,9,0,1,512,16384,0,0,42,1,900643065,374509728,54970.8902,22858.2598,2.4049,512,18
dsmem_loaded,9,0,1,512,16384,0,0,42,1,900643066,374509728,54970.8903,22858.2598,2.4049,512,19
dsmem_loaded,9,0,1,512,16384,0,0,42,1,900651911,374513408,54971.4301,22858.4844,2.4049,512,20
dsmem_loaded,9,0,1,512,16384,0,0,42,1,900643967,374510112,54970.9453,22858.2832,2.4049,512,21
dsmem_loaded,9,0,1,512,16384,0,0,42,1,900645072,374510592,54971.0127,22858.3125,2.4049,512,22
dsmem_loaded,9,0,1,512,16384,0,0,42,1,900645436,374510688,54971.0349,22858.3184,2.4049,512,23
dsmem_loaded,9,0,1,512,16384,0,0,42,1,900643065,374509696,54970.8902,22858.2578,2.4049,512,24
dsmem_loaded,9,0,1,512,16384,0,0,42,1,900643066,374509760,54970.8903,22858.2617,2.4049,512,25
dsmem_loaded,9,0,1,512,16384,0,0,42,1,900643066,374509728,54970.8903,22858.2598,2.4049,512,26
dsmem_loaded,9,0,1,512,16384,0,0,42,1,900643065,374509728,54970.8902,22858.2598,2.4049,512,27
dsmem_loaded,9,0,1,512,16384,0,0,42,1,900645673,374510784,54971.0494,22858.3242,2.4049,512,28
dsmem_loaded,9,0,1,512,16384,0,0,42,1,900643065,374509728,54970.8902,22858.2598,2.4049,512,29
dsmem_loaded,9,0,1,512,16384,0,0,42,1,900643066,374509760,54970.8903,22858.2617,2.4049,512,30
dsmem_loaded,9,0,1,512,16384,0,0,42,1,900643065,374509728,54970.8902,22858.2598,2.4049,512,31
dsmem_loaded,9,0,1,512,16384,0,0,42,1,900643066,374509728,54970.8903,22858.2598,2.4049,512,32
dsmem_loaded,9,0,1,512,16384,0,0,42,1,900643065,374509760,54970.8902,22858.2617,2.4049,512,33
dsmem_loaded,9,0,1,512,16384,0,0,42,1,900643065,374509728,54970.8902,22858.2598,2.4049,512,34
dsmem_loaded,9,0,1,512,16384,0,0,42,1,900643065,374509728,54970.8902,22858.2598,2.4049,512,35
dsmem_loaded,9,0,1,512,16384,0,0,42,1,900644579,374510336,54970.9826,22858.2969,2.4049,512,36
dsmem_loaded,9,0,1,512,16384,0,0,42,1,900649227,374512288,54971.2663,22858.4160,2.4049,512,37
dsmem_loaded,9,0,1,512,16384,0,0,42,1,900644827,374510496,54970.9977,22858.3066,2.4049,512,38
dsmem_loaded,9,0,1,512,16384,0,0,42,1,900645553,374510784,54971.0421,22858.3242,2.4049,512,39
dsmem_loaded,9,0,1,512,16384,0,0,42,1,900643065,374509728,54970.8902,22858.2598,2.4049,512,40
dsmem_loaded,9,0,1,512,16384,0,0,42,1,900643066,374509728,54970.8903,22858.2598,2.4049,512,41
dsmem_loaded,9,0,1,512,16384,0,0,42,1,900643065,374509728,54970.8902,22858.2598,2.4049,512,42
dsmem_loaded,9,0,1,512,16384,0,0,42,1,900643065,374509696,54970.8902,22858.2578,2.4049,512,43
dsmem_loaded,9,0,1,512,16384,0,0,42,1,900643065,374509728,54970.8902,22858.2598,2.4049,512,44
dsmem_loaded,9,0,1,512,16384,0,0,42,1,900643066,374509728,54970.8903,22858.2598,2.4049,512,45
dsmem_loaded,9,0,1,512,16384,0,0,42,1,900643066,374509728,54970.8903,22858.2598,2.4049,512,46
dsmem_loaded,9,0,1,512,16384,0,0,42,1,900643066,374509760,54970.8903,22858.2617,2.4049,512,47
dsmem_loaded,9,0,1,512,16384,0,0,42,1,900643065,374509760,54970.8902,22858.2617,2.4049,512,48
dsmem_loaded,9,0,1,512,16384,0,0,42,1,900643065,374509728,54970.8902,22858.2598,2.4049,512,49
dsmem_loaded,9,0,1,512,16384,0,0,42,1,900643065,374509696,54970.8902,22858.2578,2.4049,512,50
dsmem_loaded,9,0,1,512,16384,0,0,42,1,900643065,374509728,54970.8902,22858.2598,2.4049,512,51
dsmem_loaded,9,0,1,512,16384,0,0,42,1,900645207,374510592,54971.0209,22858.3125,2.4049,512,52
dsmem_loaded,9,0,1,512,16384,0,0,42,1,900643066,374509728,54970.8903,22858.2598,2.4049,512,53
dsmem_loaded,9,0,1,512,16384,0,0,42,1,900644714,374510432,54970.9908,22858.3027,2.4049,512,54
dsmem_loaded,9,0,1,512,16384,0,0,42,1,900649238,374512288,54971.2670,22858.4160,2.4049,512,55
dsmem_loaded,9,0,1,512,16384,0,0,42,1,900643066,374509696,54970.8903,22858.2578,2.4049,512,56
dsmem_loaded,9,0,1,512,16384,0,0,42,1,900652058,374513472,54971.4391,22858.4883,2.4049,512,57
dsmem_loaded,9,0,1,512,16384,0,0,42,1,900643066,374509728,54970.8903,22858.2598,2.4049,512,58
dsmem_loaded,9,0,1,512,16384,0,0,42,1,900643066,374509696,54970.8903,22858.2578,2.4049,512,59
dsmem_loaded,9,0,1,512,16384,0,0,42,1,900643065,374509728,54970.8902,22858.2598,2.4049,512,60
dsmem_loaded,9,0,1,512,16384,0,0,42,1,900643065,374509760,54970.8902,22858.2617,2.4049,512,61
dsmem_loaded,9,0,1,512,16384,0,0,42,1,900643065,374509728,54970.8902,22858.2598,2.4049,512,62
dsmem_loaded,9,0,1,512,16384,0,0,42,1,900643065,374509728,54970.8902,22858.2598,2.4049,512,63
dsmem_loaded,9,0,1,512,16384,0,0,42,1,900643065,374509728,54970.8902,22858.2598,2.4049,512,64
dsmem_loaded,9,0,1,512,16384,0,0,42,1,900643065,374509760,54970.8902,22858.2617,2.4049,512,65
dsmem_loaded,9,0,1,512,16384,0,0,42,1,900643065,374509696,54970.8902,22858.2578,2.4049,512,66
dsmem_loaded,9,0,1,512,16384,0,0,42,1,900643065,374509728,54970.8902,22858.2598,2.4049,512,67
dsmem_loaded,9,0,1,512,16384,0,0,42,1,900643066,374509728,54970.8903,22858.2598,2.4049,512,68
dsmem_loaded,9,0,1,512,16384,0,0,42,1,900644590,374510368,54970.9833,22858.2988,2.4049,512,69
dsmem_loaded,9,0,1,512,16384,0,0,42,1,900643066,374509728,54970.8903,22858.2598,2.4049,512,70
dsmem_loaded,9,0,1,512,16384,0,0,42,1,900643065,374509728,54970.8902,22858.2598,2.4049,512,71
dsmem_loaded,9,0,1,512,16384,0,0,42,1,900651806,374513376,54971.4237,22858.4824,2.4049,512,72
dsmem_loaded,9,0,1,512,16384,0,0,42,1,900643066,374509728,54970.8903,22858.2598,2.4049,512,73
dsmem_loaded,9,0,1,512,16384,0,0,42,1,900645088,374510592,54971.0137,22858.3125,2.4049,512,74
dsmem_loaded,9,0,1,512,16384,0,0,42,1,900652412,374513600,54971.4607,22858.4961,2.4049,512,75
dsmem_loaded,9,0,1,512,16384,0,0,42,1,900643065,374509696,54970.8902,22858.2578,2.4049,512,76
dsmem_loaded,9,0,1,512,16384,0,0,42,1,900643065,374509728,54970.8902,22858.2598,2.4049,512,77
dsmem_loaded,9,0,1,512,16384,0,0,42,1,900643066,374509728,54970.8903,22858.2598,2.4049,512,78
dsmem_loaded,9,0,1,512,16384,0,0,42,1,900643066,374509728,54970.8903,22858.2598,2.4049,512,79
dsmem_loaded,9,0,1,512,16384,0,0,42,1,900643065,374509728,54970.8902,22858.2598,2.4049,512,80
dsmem_loaded,9,0,1,512,16384,0,0,42,1,900643065,374509760,54970.8902,22858.2617,2.4049,512,81
dsmem_loaded,9,0,1,512,16384,0,0,42,1,900643065,374509728,54970.8902,22858.2598,2.4049,512,82
dsmem_loaded,9,0,1,512,16384,0,0,42,1,900643066,374509728,54970.8903,22858.2598,2.4049,512,83
dsmem_loaded,9,0,1,512,16384,0,0,42,1,900645309,374510656,54971.0272,22858.3164,2.4049,512,84
dsmem_loaded,9,0,1,512,16384,0,0,42,1,900644454,374510336,54970.9750,22858.2969,2.4049,512,85
dsmem_loaded,9,0,1,512,16384,0,0,42,1,900644584,374510368,54970.9829,22858.2988,2.4049,512,86
dsmem_loaded,9,0,1,512,16384,0,0,42,1,900644826,374510464,54970.9977,22858.3047,2.4049,512,87
dsmem_loaded,9,0,1,512,16384,0,0,42,1,900645676,374510784,54971.0496,22858.3242,2.4049,512,88
dsmem_loaded,9,0,1,512,16384,0,0,42,1,900643066,374509760,54970.8903,22858.2617,2.4049,512,89
dsmem_loaded,9,0,1,512,16384,0,0,42,1,900643065,374509760,54970.8902,22858.2617,2.4049,512,90
dsmem_loaded,9,0,1,512,16384,0,0,42,1,900643065,374509696,54970.8902,22858.2578,2.4049,512,91
dsmem_loaded,9,0,1,512,16384,0,0,42,1,900643065,374509728,54970.8902,22858.2598,2.4049,512,92
dsmem_loaded,9,0,1,512,16384,0,0,42,1,900643065,374509696,54970.8902,22858.2578,2.4049,512,93
dsmem_loaded,9,0,1,512,16384,0,0,42,1,900643066,374509696,54970.8903,22858.2578,2.4049,512,94
dsmem_loaded,9,0,1,512,16384,0,0,42,1,900643065,374509728,54970.8902,22858.2598,2.4049,512,95
dsmem_loaded,9,0,1,512,16384,0,0,42,1,900643066,374509760,54970.8903,22858.2617,2.4049,512,96
dsmem_loaded,9,0,1,512,16384,0,0,42,1,900643065,374509728,54970.8902,22858.2598,2.4049,512,97
dsmem_loaded,9,0,1,512,16384,0,0,42,1,900643065,374509760,54970.8902,22858.2617,2.4049,512,98
dsmem_loaded,9,0,1,512,16384,0,0,42,1,900643065,374509696,54970.8902,22858.2578,2.4049,512,99
dsmem_loaded,9,0,1,512,16384,0,0,42,1,900648253,374511872,54971.2068,22858.3906,2.4049,512,100
dsmem_loaded,9,0,1,512,16384,0,0,42,1,900652293,374513536,54971.4534,22858.4922,2.4049,512,101
dsmem_loaded,9,0,1,512,16384,0,0,42,1,900645933,374510944,54971.0652,22858.3340,2.4049,512,102
dsmem_loaded,9,0,1,512,16384,0,0,42,1,900648141,374511872,54971.2000,22858.3906,2.4049,512,103
dsmem_loaded,9,0,1,512,16384,0,0,42,1,900643065,374509696,54970.8902,22858.2578,2.4049,512,104
dsmem_loaded,9,0,1,512,16384,0,0,42,1,900643065,374509728,54970.8902,22858.2598,2.4049,512,105
dsmem_loaded,9,0,1,512,16384,0,0,42,1,900643066,374509760,54970.8903,22858.2617,2.4049,512,106
dsmem_loaded,9,0,1,512,16384,0,0,42,1,900643066,374509728,54970.8903,22858.2598,2.4049,512,107
dsmem_loaded,9,0,1,512,16384,0,0,42,1,900643065,374509696,54970.8902,22858.2578,2.4049,512,108
dsmem_loaded,9,0,1,512,16384,0,0,42,1,900643066,374509696,54970.8903,22858.2578,2.4049,512,109
dsmem_loaded,9,0,1,512,16384,0,0,42,1,900643065,374509696,54970.8902,22858.2578,2.4049,512,110
dsmem_loaded,9,0,1,512,16384,0,0,42,1,900643066,374509728,54970.8903,22858.2598,2.4049,512,111
dsmem_loaded,9,0,1,512,16384,0,0,42,1,900643065,374509760,54970.8902,22858.2617,2.4049,512,112
dsmem_loaded,9,0,1,512,16384,0,0,42,1,900643065,374509760,54970.8902,22858.2617,2.4049,512,113
dsmem_loaded,9,0,1,512,16384,0,0,42,1,900643065,374509728,54970.8902,22858.2598,2.4049,512,114
dsmem_loaded,9,0,1,512,16384,0,0,42,1,900643065,374509696,54970.8902,22858.2578,2.4049,512,115
dsmem_loaded,9,0,1,512,16384,0,0,42,1,900651916,374513376,54971.4304,22858.4824,2.4049,512,116
dsmem_loaded,9,0,1,512,16384,0,0,42,1,900652640,374513696,54971.4746,22858.5020,2.4049,512,117
dsmem_loaded,9,0,1,512,16384,0,0,42,1,900644831,374510496,54970.9980,22858.3066,2.4049,512,118
dsmem_loaded,9,0,1,512,16384,0,0,42,1,900645555,374510784,54971.0422,22858.3242,2.4049,512,119
dsmem_loaded,9,0,1,512,16384,0,0,42,1,900643066,374509728,54970.8903,22858.2598,2.4049,512,120
dsmem_loaded,9,0,1,512,16384,0,0,42,1,900643066,374509696,54970.8903,22858.2578,2.4049,512,121
dsmem_loaded,9,0,1,512,16384,0,0,42,1,900643065,374509760,54970.8902,22858.2617,2.4049,512,122
dsmem_loaded,9,0,1,512,16384,0,0,42,1,900645799,374510880,54971.0571,22858.3301,2.4049,512,123
dsmem_loaded,9,0,1,512,16384,0,0,42,1,900643066,374509728,54970.8903,22858.2598,2.4049,512,124
dsmem_loaded,9,0,1,512,16384,0,0,42,1,900643065,374509728,54970.8902,22858.2598,2.4049,512,125
dsmem_loaded,9,0,1,512,16384,0,0,42,1,900643066,374509728,54970.8903,22858.2598,2.4049,512,126
dsmem_loaded,9,0,1,512,16384,0,0,42,1,900643065,374509696,54970.8902,22858.2578,2.4049,512,127
dsmem_loaded,9,0,1,512,16384,0,0,42,2,900673017,374522208,54972.7183,22859.0215,2.4049,512,0
dsmem_loaded,9,0,1,512,16384,0,0,42,2,900673018,374522208,54972.7184,22859.0215,2.4049,512,1
dsmem_loaded,9,0,1,512,16384,0,0,42,2,900673017,374522208,54972.7183,22859.0215,2.4049,512,2
dsmem_loaded,9,0,1,512,16384,0,0,42,2,900673018,374522240,54972.7184,22859.0234,2.4049,512,3
dsmem_loaded,9,0,1,512,16384,0,0,42,2,900681647,374525792,54973.2451,22859.2402,2.4049,512,4
dsmem_loaded,9,0,1,512,16384,0,0,42,2,900676010,374523424,54972.9010,22859.0957,2.4049,512,5
dsmem_loaded,9,0,1,512,16384,0,0,42,2,900673017,374522240,54972.7183,22859.0234,2.4049,512,6
dsmem_loaded,9,0,1,512,16384,0,0,42,2,900673018,374522176,54972.7184,22859.0195,2.4049,512,7
dsmem_loaded,9,0,1,512,16384,0,0,42,2,900673018,374522208,54972.7184,22859.0215,2.4049,512,8
dsmem_loaded,9,0,1,512,16384,0,0,42,2,900673017,374522208,54972.7183,22859.0215,2.4049,512,9
dsmem_loaded,9,0,1,512,16384,0,0,42,2,900679434,374524832,54973.1100,22859.1816,2.4049,512,10
dsmem_loaded,9,0,1,512,16384,0,0,42,2,900684459,374526944,54973.4167,22859.3105,2.4049,512,11
dsmem_loaded,9,0,1,512,16384,0,0,42,2,900673017,374522176,54972.7183,22859.0195,2.4049,512,12
dsmem_loaded,9,0,1,512,16384,0,0,42,2,900673017,374522208,54972.7183,22859.0215,2.4049,512,13
dsmem_loaded,9,0,1,512,16384,0,0,42,2,900673018,374522208,54972.7184,22859.0215,2.4049,512,14
dsmem_loaded,9,0,1,512,16384,0,0,42,2,900673017,374522208,54972.7183,22859.0215,2.4049,512,15
dsmem_loaded,9,0,1,512,16384,0,0,42,2,900673017,374522240,54972.7183,22859.0234,2.4049,512,16
dsmem_loaded,9,0,1,512,16384,0,0,42,2,900673017,374522208,54972.7183,22859.0215,2.4049,512,17
dsmem_loaded,9,0,1,512,16384,0,0,42,2,900673017,374522208,54972.7183,22859.0215,2.4049,512,18
dsmem_loaded,9,0,1,512,16384,0,0,42,2,900673018,374522208,54972.7184,22859.0215,2.4049,512,19
dsmem_loaded,9,0,1,512,16384,0,0,42,2,900673018,374522208,54972.7184,22859.0215,2.4049,512,20
dsmem_loaded,9,0,1,512,16384,0,0,42,2,900686893,374527968,54973.5652,22859.3730,2.4049,512,21
dsmem_loaded,9,0,1,512,16384,0,0,42,2,900675998,374523424,54972.9003,22859.0957,2.4049,512,22
dsmem_loaded,9,0,1,512,16384,0,0,42,2,900675642,374523264,54972.8785,22859.0859,2.4049,512,23
dsmem_loaded,9,0,1,512,16384,0,0,42,2,900682611,374526176,54973.3039,22859.2637,2.4049,512,24
dsmem_loaded,9,0,1,512,16384,0,0,42,2,900673018,374522176,54972.7184,22859.0195,2.4049,512,25
dsmem_loaded,9,0,1,512,16384,0,0,42,2,900673018,374522208,54972.7184,22859.0215,2.4049,512,26
dsmem_loaded,9,0,1,512,16384,0,0,42,2,900673017,374522208,54972.7183,22859.0215,2.4049,512,27
dsmem_loaded,9,0,1,512,16384,0,0,42,2,900673017,374522176,54972.7183,22859.0195,2.4049,512,28
dsmem_loaded,9,0,1,512,16384,0,0,42,2,900673017,374522176,54972.7183,22859.0195,2.4049,512,29
dsmem_loaded,9,0,1,512,16384,0,0,42,2,900673017,374522208,54972.7183,22859.0215,2.4049,512,30
dsmem_loaded,9,0,1,512,16384,0,0,42,2,900673017,374522208,54972.7183,22859.0215,2.4049,512,31
dsmem_loaded,9,0,1,512,16384,0,0,42,2,900673018,374522208,54972.7184,22859.0215,2.4049,512,32
dsmem_loaded,9,0,1,512,16384,0,0,42,2,900673017,374522208,54972.7183,22859.0215,2.4049,512,33
dsmem_loaded,9,0,1,512,16384,0,0,42,2,900673018,374522208,54972.7184,22859.0215,2.4049,512,34
dsmem_loaded,9,0,1,512,16384,0,0,42,2,900673017,374522240,54972.7183,22859.0234,2.4049,512,35
dsmem_loaded,9,0,1,512,16384,0,0,42,2,900681889,374525856,54973.2598,22859.2441,2.4049,512,36
dsmem_loaded,9,0,1,512,16384,0,0,42,2,900674308,374522720,54972.7971,22859.0527,2.4049,512,37
dsmem_loaded,9,0,1,512,16384,0,0,42,2,900673017,374522240,54972.7183,22859.0234,2.4049,512,38
dsmem_loaded,9,0,1,512,16384,0,0,42,2,900673018,374522208,54972.7184,22859.0215,2.4049,512,39
dsmem_loaded,9,0,1,512,16384,0,0,42,2,900673017,374522208,54972.7183,22859.0215,2.4049,512,40
dsmem_loaded,9,0,1,512,16384,0,0,42,2,900673017,374522176,54972.7183,22859.0195,2.4049,512,41
dsmem_loaded,9,0,1,512,16384,0,0,42,2,900682122,374525984,54973.2740,22859.2520,2.4049,512,42
dsmem_loaded,9,0,1,512,16384,0,0,42,2,900683090,374526368,54973.3331,22859.2754,2.4049,512,43
dsmem_loaded,9,0,1,512,16384,0,0,42,2,900673017,374522176,54972.7183,22859.0195,2.4049,512,44
dsmem_loaded,9,0,1,512,16384,0,0,42,2,900674556,374522848,54972.8123,22859.0605,2.4049,512,45
dsmem_loaded,9,0,1,512,16384,0,0,42,2,900673017,374522208,54972.7183,22859.0215,2.4049,512,46
dsmem_loaded,9,0,1,512,16384,0,0,42,2,900673018,374522208,54972.7184,22859.0215,2.4049,512,47
dsmem_loaded,9,0,1,512,16384,0,0,42,2,900673018,374522240,54972.7184,22859.0234,2.4049,512,48
dsmem_loaded,9,0,1,512,16384,0,0,42,2,900673018,374522208,54972.7184,22859.0215,2.4049,512,49
dsmem_loaded,9,0,1,512,16384,0,0,42,2,900673018,374522240,54972.7184,22859.0234,2.4049,512,50
dsmem_loaded,9,0,1,512,16384,0,0,42,2,900673017,374522208,54972.7183,22859.0215,2.4049,512,51
dsmem_loaded,9,0,1,512,16384,0,0,42,2,900678934,374524640,54973.0795,22859.1699,2.4049,512,52
dsmem_loaded,9,0,1,512,16384,0,0,42,2,900678441,374524416,54973.0494,22859.1562,2.4049,512,53
dsmem_loaded,9,0,1,512,16384,0,0,42,2,900673017,374522208,54972.7183,22859.0215,2.4049,512,54
dsmem_loaded,9,0,1,512,16384,0,0,42,2,900675278,374523136,54972.8563,22859.0781,2.4049,512,55
dsmem_loaded,9,0,1,512,16384,0,0,42,2,900673017,374522176,54972.7183,22859.0195,2.4049,512,56
dsmem_loaded,9,0,1,512,16384,0,0,42,2,900676015,374523424,54972.9013,22859.0957,2.4049,512,57
dsmem_loaded,9,0,1,512,16384,0,0,42,2,900682725,374526240,54973.3109,22859.2676,2.4049,512,58
dsmem_loaded,9,0,1,512,16384,0,0,42,2,900673018,374522176,54972.7184,22859.0195,2.4049,512,59
dsmem_loaded,9,0,1,512,16384,0,0,42,2,900673017,374522176,54972.7183,22859.0195,2.4049,512,60
dsmem_loaded,9,0,1,512,16384,0,0,42,2,900673017,374522208,54972.7183,22859.0215,2.4049,512,61
dsmem_loaded,9,0,1,512,16384,0,0,42,2,900673017,374522208,54972.7183,22859.0215,2.4049,512,62
dsmem_loaded,9,0,1,512,16384,0,0,42,2,900673018,374522208,54972.7184,22859.0215,2.4049,512,63
dsmem_loaded,9,0,1,512,16384,0,0,42,2,900673017,374522208,54972.7183,22859.0215,2.4049,512,64
dsmem_loaded,9,0,1,512,16384,0,0,42,2,900673018,374522208,54972.7184,22859.0215,2.4049,512,65
dsmem_loaded,9,0,1,512,16384,0,0,42,2,900673017,374522208,54972.7183,22859.0215,2.4049,512,66
dsmem_loaded,9,0,1,512,16384,0,0,42,2,900673018,374522208,54972.7184,22859.0215,2.4049,512,67
dsmem_loaded,9,0,1,512,16384,0,0,42,2,900674420,374522784,54972.8040,22859.0566,2.4049,512,68
dsmem_loaded,9,0,1,512,16384,0,0,42,2,900675284,374523104,54972.8567,22859.0762,2.4049,512,69
dsmem_loaded,9,0,1,512,16384,0,0,42,2,900683576,374526592,54973.3628,22859.2891,2.4049,512,70
dsmem_loaded,9,0,1,512,16384,0,0,42,2,900679553,374524896,54973.1172,22859.1855,2.4049,512,71
dsmem_loaded,9,0,1,512,16384,0,0,42,2,900673017,374522176,54972.7183,22859.0195,2.4049,512,72
dsmem_loaded,9,0,1,512,16384,0,0,42,2,900673017,374522208,54972.7183,22859.0215,2.4049,512,73
dsmem_loaded,9,0,1,512,16384,0,0,42,2,900673018,374522208,54972.7184,22859.0215,2.4049,512,74
dsmem_loaded,9,0,1,512,16384,0,0,42,2,900673017,374522208,54972.7183,22859.0215,2.4049,512,75
dsmem_loaded,9,0,1,512,16384,0,0,42,2,900673018,374522176,54972.7184,22859.0195,2.4049,512,76
dsmem_loaded,9,0,1,512,16384,0,0,42,2,900673017,374522176,54972.7183,22859.0195,2.4049,512,77
dsmem_loaded,9,0,1,512,16384,0,0,42,2,900673017,374522208,54972.7183,22859.0215,2.4049,512,78
dsmem_loaded,9,0,1,512,16384,0,0,42,2,900673017,374522208,54972.7183,22859.0215,2.4049,512,79
dsmem_loaded,9,0,1,512,16384,0,0,42,2,900673018,374522208,54972.7184,22859.0215,2.4049,512,80
dsmem_loaded,9,0,1,512,16384,0,0,42,2,900673017,374522208,54972.7183,22859.0215,2.4049,512,81
dsmem_loaded,9,0,1,512,16384,0,0,42,2,900673017,374522208,54972.7183,22859.0215,2.4049,512,82
dsmem_loaded,9,0,1,512,16384,0,0,42,2,900673017,374522208,54972.7183,22859.0215,2.4049,512,83
dsmem_loaded,9,0,1,512,16384,0,0,42,2,900681746,374525824,54973.2511,22859.2422,2.4049,512,84
dsmem_loaded,9,0,1,512,16384,0,0,42,2,900685658,374527456,54973.4899,22859.3418,2.4049,512,85
dsmem_loaded,9,0,1,512,16384,0,0,42,2,900693831,374530848,54973.9887,22859.5488,2.4049,512,86
dsmem_loaded,9,0,1,512,16384,0,0,42,2,900673018,374522208,54972.7184,22859.0215,2.4049,512,87
dsmem_loaded,9,0,1,512,16384,0,0,42,2,900673017,374522176,54972.7183,22859.0195,2.4049,512,88
dsmem_loaded,9,0,1,512,16384,0,0,42,2,900673018,374522176,54972.7184,22859.0195,2.4049,512,89
dsmem_loaded,9,0,1,512,16384,0,0,42,2,900673018,374522208,54972.7184,22859.0215,2.4049,512,90
dsmem_loaded,9,0,1,512,16384,0,0,42,2,900688582,374528672,54973.6683,22859.4160,2.4049,512,91
dsmem_loaded,9,0,1,512,16384,0,0,42,2,900673017,374522176,54972.7183,22859.0195,2.4049,512,92
dsmem_loaded,9,0,1,512,16384,0,0,42,2,900673017,374522176,54972.7183,22859.0195,2.4049,512,93
dsmem_loaded,9,0,1,512,16384,0,0,42,2,900673018,374522208,54972.7184,22859.0215,2.4049,512,94
dsmem_loaded,9,0,1,512,16384,0,0,42,2,900673017,374522208,54972.7183,22859.0215,2.4049,512,95
dsmem_loaded,9,0,1,512,16384,0,0,42,2,900673017,374522208,54972.7183,22859.0215,2.4049,512,96
dsmem_loaded,9,0,1,512,16384,0,0,42,2,900673018,374522240,54972.7184,22859.0234,2.4049,512,97
dsmem_loaded,9,0,1,512,16384,0,0,42,2,900673017,374522208,54972.7183,22859.0215,2.4049,512,98
dsmem_loaded,9,0,1,512,16384,0,0,42,2,900673018,374522208,54972.7184,22859.0215,2.4049,512,99
dsmem_loaded,9,0,1,512,16384,0,0,42,2,900678444,374524416,54973.0496,22859.1562,2.4049,512,100
dsmem_loaded,9,0,1,512,16384,0,0,42,2,900674404,374522752,54972.8030,22859.0547,2.4049,512,101
dsmem_loaded,9,0,1,512,16384,0,0,42,2,900673018,374522176,54972.7184,22859.0195,2.4049,512,102
dsmem_loaded,9,0,1,512,16384,0,0,42,2,900673017,374522208,54972.7183,22859.0215,2.4049,512,103
dsmem_loaded,9,0,1,512,16384,0,0,42,2,900673018,374522208,54972.7184,22859.0215,2.4049,512,104
dsmem_loaded,9,0,1,512,16384,0,0,42,2,900673017,374522176,54972.7183,22859.0195,2.4049,512,105
dsmem_loaded,9,0,1,512,16384,0,0,42,2,900674300,374522752,54972.7966,22859.0547,2.4049,512,106
dsmem_loaded,9,0,1,512,16384,0,0,42,2,900678444,374524448,54973.0496,22859.1582,2.4049,512,107
dsmem_loaded,9,0,1,512,16384,0,0,42,2,900673017,374522208,54972.7183,22859.0215,2.4049,512,108
dsmem_loaded,9,0,1,512,16384,0,0,42,2,900673017,374522208,54972.7183,22859.0215,2.4049,512,109
dsmem_loaded,9,0,1,512,16384,0,0,42,2,900673018,374522176,54972.7184,22859.0195,2.4049,512,110
dsmem_loaded,9,0,1,512,16384,0,0,42,2,900673017,374522208,54972.7183,22859.0215,2.4049,512,111
dsmem_loaded,9,0,1,512,16384,0,0,42,2,900673018,374522208,54972.7184,22859.0215,2.4049,512,112
dsmem_loaded,9,0,1,512,16384,0,0,42,2,900673018,374522208,54972.7184,22859.0215,2.4049,512,113
dsmem_loaded,9,0,1,512,16384,0,0,42,2,900673018,374522208,54972.7184,22859.0215,2.4049,512,114
dsmem_loaded,9,0,1,512,16384,0,0,42,2,900673018,374522208,54972.7184,22859.0215,2.4049,512,115
dsmem_loaded,9,0,1,512,16384,0,0,42,2,900674531,374522848,54972.8107,22859.0605,2.4049,512,116
dsmem_loaded,9,0,1,512,16384,0,0,42,2,900686390,374527744,54973.5345,22859.3594,2.4049,512,117
dsmem_loaded,9,0,1,512,16384,0,0,42,2,900673017,374522208,54972.7183,22859.0215,2.4049,512,118
dsmem_loaded,9,0,1,512,16384,0,0,42,2,900679667,374524928,54973.1242,22859.1875,2.4049,512,119
dsmem_loaded,9,0,1,512,16384,0,0,42,2,900673017,374522208,54972.7183,22859.0215,2.4049,512,120
dsmem_loaded,9,0,1,512,16384,0,0,42,2,900673017,374522208,54972.7183,22859.0215,2.4049,512,121
dsmem_loaded,9,0,1,512,16384,0,0,42,2,900680022,374525088,54973.1459,22859.1973,2.4049,512,122
dsmem_loaded,9,0,1,512,16384,0,0,42,2,900673017,374522176,54972.7183,22859.0195,2.4049,512,123
dsmem_loaded,9,0,1,512,16384,0,0,42,2,900673017,374522176,54972.7183,22859.0195,2.4049,512,124
dsmem_loaded,9,0,1,512,16384,0,0,42,2,900673018,374522176,54972.7184,22859.0195,2.4049,512,125
dsmem_loaded,9,0,1,512,16384,0,0,42,2,900675390,374523200,54972.8632,22859.0820,2.4049,512,126
dsmem_loaded,9,0,1,512,16384,0,0,42,2,900673017,374522208,54972.7183,22859.0215,2.4049,512,127
dsmem_loaded,9,0,1,512,16384,0,0,42,3,901034878,374674336,54994.8046,22868.3066,2.4048,512,0
dsmem_loaded,9,0,1,512,16384,0,0,42,3,901024725,374670144,54994.1849,22868.0508,2.4048,512,1
dsmem_loaded,9,0,1,512,16384,0,0,42,3,901077135,374691936,54997.3837,22869.3809,2.4048,512,2
dsmem_loaded,9,0,1,512,16384,0,0,42,3,901055686,374682976,54996.0746,22868.8340,2.4048,512,3
dsmem_loaded,9,0,1,512,16384,0,0,42,3,901050565,374680896,54995.7620,22868.7070,2.4048,512,4
dsmem_loaded,9,0,1,512,16384,0,0,42,3,901034867,374674400,54994.8039,22868.3105,2.4048,512,5
dsmem_loaded,9,0,1,512,16384,0,0,42,3,901028025,374671552,54994.3863,22868.1367,2.4048,512,6
dsmem_loaded,9,0,1,512,16384,0,0,42,3,901001444,374660480,54992.7639,22867.4609,2.4048,512,7
dsmem_loaded,9,0,1,512,16384,0,0,42,3,901045125,374678624,54995.4300,22868.5684,2.4048,512,8
dsmem_loaded,9,0,1,512,16384,0,0,42,3,901037308,374675360,54994.9529,22868.3691,2.4048,512,9
dsmem_loaded,9,0,1,512,16384,0,0,42,3,901023886,374669792,54994.1337,22868.0293,2.4048,512,10
dsmem_loaded,9,0,1,512,16384,0,0,42,3,901002609,374660992,54992.8350,22867.4922,2.4048,512,11
dsmem_loaded,9,0,1,512,16384,0,0,42,3,901048189,374679872,54995.6170,22868.6445,2.4048,512,12
dsmem_loaded,9,0,1,512,16384,0,0,42,3,901076780,374691776,54997.3621,22869.3711,2.4048,512,13
dsmem_loaded,9,0,1,512,16384,0,0,42,3,901080634,374693408,54997.5973,22869.4707,2.4048,512,14
dsmem_loaded,9,0,1,512,16384,0,0,42,3,901013010,374665312,54993.4698,22867.7559,2.4048,512,15
dsmem_loaded,9,0,1,512,16384,0,0,42,3,901065985,374687296,54996.7032,22869.0977,2.4048,512,16
dsmem_loaded,9,0,1,512,16384,0,0,42,3,901027376,374671200,54994.3467,22868.1152,2.4048,512,17
dsmem_loaded,9,0,1,512,16384,0,0,42,3,901003295,374661216,54992.8769,22867.5059,2.4048,512,18
dsmem_loaded,9,0,1,512,16384,0,0,42,3,901092305,374698240,54998.3096,22869.7656,2.4048,512,19
dsmem_loaded,9,0,1,512,16384,0,0,42,3,901012493,374665024,54993.4383,22867.7383,2.4048,512,20
dsmem_loaded,9,0,1,512,16384,0,0,42,3,901033744,374673888,54994.7354,22868.2793,2.4048,512,21
dsmem_loaded,9,0,1,512,16384,0,0,42,3,901081449,374693696,54997.6470,22869.4883,2.4048,512,22
dsmem_loaded,9,0,1,512,16384,0,0,42,3,901026782,374671040,54994.3104,22868.1055,2.4048,512,23
dsmem_loaded,9,0,1,512,16384,0,0,42,3,901053953,374682304,54995.9688,22868.7930,2.4048,512,24
dsmem_loaded,9,0,1,512,16384,0,0,42,3,901031049,374672768,54994.5709,22868.2109,2.4048,512,25
dsmem_loaded,9,0,1,512,16384,0,0,42,3,901041078,374676928,54995.1830,22868.4648,2.4048,512,26
dsmem_loaded,9,0,1,512,16384,0,0,42,3,901020180,374668224,54993.9075,22867.9336,2.4048,512,27
dsmem_loaded,9,0,1,512,16384,0,0,42,3,901016759,374666848,54993.6987,22867.8496,2.4048,512,28
dsmem_loaded,9,0,1,512,16384,0,0,42,3,901089836,374697216,54998.1589,22869.7031,2.4048,512,29
dsmem_loaded,9,0,1,512,16384,0,0,42,3,901023710,374669728,54994.1229,22868.0254,2.4048,512,30
dsmem_loaded,9,0,1,512,16384,0,0,42,3,901016758,374666848,54993.6986,22867.8496,2.4048,512,31
dsmem_loaded,9,0,1,512,16384,0,0,42,3,900988348,374655008,54991.9646,22867.1270,2.4048,512,32
dsmem_loaded,9,0,1,512,16384,0,0,42,3,901029923,374672288,54994.5021,22868.1816,2.4048,512,33
dsmem_loaded,9,0,1,512,16384,0,0,42,3,901064729,374686784,54996.6265,22869.0664,2.4048,512,34
dsmem_loaded,9,0,1,512,16384,0,0,42,3,901090448,374697472,54998.1963,22869.7188,2.4048,512,35
dsmem_loaded,9,0,1,512,16384,0,0,42,3,901021854,374668960,54994.0096,22867.9785,2.4048,512,36
dsmem_loaded,9,0,1,512,16384,0,0,42,3,901021859,374668928,54994.0099,22867.9766,2.4048,512,37
dsmem_loaded,9,0,1,512,16384,0,0,42,3,901005250,374662080,54992.9962,22867.5586,2.4048,512,38
dsmem_loaded,9,0,1,512,16384,0,0,42,3,901022709,374669312,54994.0618,22868.0000,2.4048,512,39
dsmem_loaded,9,0,1,512,16384,0,0,42,3,901077990,374692256,54997.4359,22869.4004,2.4048,512,40
dsmem_loaded,9,0,1,512,16384,0,0,42,3,901050078,374680672,54995.7323,22868.6934,2.4048,512,41
dsmem_loaded,9,0,1,512,16384,0,0,42,3,901015136,374666144,54993.5996,22867.8066,2.4048,512,42
dsmem_loaded,9,0,1,512,16384,0,0,42,3,901011973,374664832,54993.4066,22867.7266,2.4048,512,43
dsmem_loaded,9,0,1,512,16384,0,0,42,3,901042509,374677504,54995.2703,22868.5000,2.4048,512,44
dsmem_loaded,9,0,1,512,16384,0,0,42,3,901032733,374673504,54994.6736,22868.2559,2.4048,512,45
dsmem_loaded,9,0,1,512,16384,0,0,42,3,901070908,374689344,54997.0037,22869.2227,2.4048,512,46
dsmem_loaded,9,0,1,512,16384,0,0,42,3,901054236,374682432,54995.9861,22868.8008,2.4048,512,47
dsmem_loaded,9,0,1,512,16384,0,0,42,3,901004108,374661568,54992.9265,22867.5273,2.4048,512,48
dsmem_loaded,9,0,1,512,16384,0,0,42,3,901052766,374681792,54995.8964,22868.7617,2.4048,512,49
dsmem_loaded,9,0,1,512,16384,0,0,42,3,901035156,374674464,54994.8215,22868.3145,2.4048,512,50
dsmem_loaded,9,0,1,512,16384,0,0,42,3,901017673,374667168,54993.7545,22867.8691,2.4048,512,51
dsmem_loaded,9,0,1,512,16384,0,0,42,3,901057945,374683968,54996.2125,22868.8945,2.4048,512,52
dsmem_loaded,9,0,1,512,16384,0,0,42,3,901047686,374679680,54995.5863,22868.6328,2.4048,512,53
dsmem_loaded,9,0,1,512,16384,0,0,42,3,901009992,374664000,54993.2856,22867.6758,2.4048,512,54
dsmem_loaded,9,0,1,512,16384,0,0,42,3,901010108,374664096,54993.2927,22867.6816,2.4048,512,55
dsmem_loaded,9,0,1,512,16384,0,0,42,3,901056428,374683328,54996.1199,22868.8555,2.4048,512,56
dsmem_loaded,9,0,1,512,16384,0,0,42,3,901038468,374675872,54995.0237,22868.4004,2.4048,512,57
dsmem_loaded,9,0,1,512,16384,0,0,42,3,901048656,374680096,54995.6455,22868.6582,2.4048,512,58
dsmem_loaded,9,0,1,512,16384,0,0,42,3,901042363,374677472,54995.2614,22868.4980,2.4048,512,59
dsmem_loaded,9,0,1,512,16384,0,0,42,3,901060093,374684864,54996.3436,22868.9492,2.4048,512,60
dsmem_loaded,9,0,1,512,16384,0,0,42,3,901048610,374680096,54995.6427,22868.6582,2.4048,512,61
dsmem_loaded,9,0,1,512,16384,0,0,42,3,901006810,374662720,54993.0914,22867.5977,2.4048,512,62
dsmem_loaded,9,0,1,512,16384,0,0,42,3,901047318,374679520,54995.5638,22868.6230,2.4048,512,63
dsmem_loaded,9,0,1,512,16384,0,0,42,3,901007386,374662912,54993.1266,22867.6094,2.4048,512,64
dsmem_loaded,9,0,1,512,16384,0,0,42,3,901024381,374669984,54994.1639,22868.0410,2.4048,512,65
dsmem_loaded,9,0,1,512,16384,0,0,42,3,901096773,374700096,54998.5823,22869.8789,2.4048,512,66
dsmem_loaded,9,0,1,512,16384,0,0,42,3,901033796,374673920,54994.7385,22868.2812,2.4048,512,67
dsmem_loaded,9,0,1,512,16384,0,0,42,3,901058782,374684320,54996.2635,22868.9160,2.4048,512,68
dsmem_loaded,9,0,1,512,16384,0,0,42,3,901053645,374682176,54995.9500,22868.7852,2.4048,512,69
dsmem_loaded,9,0,1,512,16384,0,0,42,3,901024259,374669952,54994.1564,22868.0391,2.4048,512,70
dsmem_loaded,9,0,1,512,16384,0,0,42,3,901046568,374679232,54995.5181,22868.6055,2.4048,512,71
dsmem_loaded,9,0,1,512,16384,0,0,42,3,901055177,374682816,54996.0435,22868.8242,2.4048,512,72
dsmem_loaded,9,0,1,512,16384,0,0,42,3,901009356,374663808,54993.2468,22867.6641,2.4048,512,73
dsmem_loaded,9,0,1,512,16384,0,0,42,3,901013283,374665408,54993.4865,22867.7617,2.4048,512,74
dsmem_loaded,9,0,1,512,16384,0,0,42,3,901034769,374674336,54994.7979,22868.3066,2.4048,512,75
dsmem_loaded,9,0,1,512,16384,0,0,42,3,901037707,374675552,54994.9772,22868.3809,2.4048,512,76
dsmem_loaded,9,0,1,512,16384,0,0,42,3,901044787,374678464,54995.4094,22868.5586,2.4048,512,77
dsmem_loaded,9,0,1,512,16384,0,0,42,3,901061780,374685536,54996.4465,22868.9902,2.4048,512,78
dsmem_loaded,9,0,1,512,16384,0,0,42,3,901027687,374671392,54994.3657,22868.1270,2.4048,512,79
dsmem_loaded,9,0,1,512,16384,0,0,42,3,901047217,374679488,54995.5577,22868.6211,2.4048,512,80
dsmem_loaded,9,0,1,512,16384,0,0,42,3,901013698,374665536,54993.5118,22867.7695,2.4048,512,81
dsmem_loaded,9,0,1,512,16384,0,0,42,3,901040961,374676864,54995.1758,22868.4609,2.4048,512,82
dsmem_loaded,9,0,1,512,16384,0,0,42,3,901082780,374694272,54997.7283,22869.5234,2.4048,512,83
dsmem_loaded,9,0,1,512,16384,0,0,42,3,900999425,374659648,54992.6407,22867.4102,2.4048,512,84
dsmem_loaded,9,0,1,512,16384,0,0,42,3,901036485,374675008,54994.9026,22868.3477,2.4048,512,85
dsmem_loaded,9,0,1,512,16384,0,0,42,3,901059290,374684544,54996.2946,22868.9297,2.4048,512,86
dsmem_loaded,9,0,1,512,16384,0,0,42,3,901034241,374674112,54994.7657,22868.2930,2.4048,512,87
dsmem_loaded,9,0,1,512,16384,0,0,42,3,901012979,374665248,54993.4680,22867.7520,2.4048,512,88
dsmem_loaded,9,0,1,512,16384,0,0,42,3,901041321,374677024,54995.1978,22868.4707,2.4048,512,89
dsmem_loaded,9,0,1,512,16384,0,0,42,3,901076147,374691488,54997.3234,22869.3535,2.4048,512,90
dsmem_loaded,9,0,1,512,16384,0,0,42,3,901033867,374673952,54994.7429,22868.2832,2.4048,512,91
dsmem_loaded,9,0,1,512,16384,0,0,42,3,901043567,374677984,54995.3349,22868.5293,2.4048,512,92
dsmem_loaded,9,0,1,512,16384,0,0,42,3,901023970,374669824,54994.1388,22868.0312,2.4048,512,93
dsmem_loaded,9,0,1,512,16384,0,0,42,3,901044620,374678400,54995.3992,22868.5547,2.4048,512,94
dsmem_loaded,9,0,1,512,16384,0,0,42,3,901030952,374672736,54994.5649,22868.2090,2.4048,512,95
dsmem_loaded,9,0,1,512,16384,0,0,42,3,901059120,374684416,54996.2842,22868.9219,2.4048,512,96
dsmem_loaded,9,0,1,512,16384,0,0,42,3,901078490,374692512,54997.4664,22869.4160,2.4048,512,97
dsmem_loaded,9,0,1,512,16384,0,0,42,3,900996676,374658464,54992.4729,22867.3379,2.4048,512,98
dsmem_loaded,9,0,1,512,16384,0,0,42,3,901037257,374675360,54994.9498,22868.3691,2.4048,512,99
dsmem_loaded,9,0,1,512,16384,0,0,42,3,901032426,374673376,54994.6549,22868.2480,2.4048,512,100
dsmem_loaded,9,0,1,512,16384,0,0,42,3,901024181,374669920,54994.1517,22868.0371,2.4048,512,101
dsmem_loaded,9,0,1,512,16384,0,0,42,3,901049240,374680320,54995.6812,22868.6719,2.4048,512,102
dsmem_loaded,9,0,1,512,16384,0,0,42,3,901034568,374674272,54994.7856,22868.3027,2.4048,512,103
dsmem_loaded,9,0,1,512,16384,0,0,42,3,901001836,374660672,54992.7878,22867.4727,2.4048,512,104
dsmem_loaded,9,0,1,512,16384,0,0,42,3,901001838,374660672,54992.7880,22867.4727,2.4048,512,105
dsmem_loaded,9,0,1,512,16384,0,0,42,3,901064205,374686592,54996.5945,22869.0547,2.4048,512,106
dsmem_loaded,9,0,1,512,16384,0,0,42,3,901063167,374686112,54996.5312,22869.0254,2.4048,512,107
dsmem_loaded,9,0,1,512,16384,0,0,42,3,901031265,374672832,54994.5840,22868.2148,2.4048,512,108
dsmem_loaded,9,0,1,512,16384,0,0,42,3,901027603,374671328,54994.3605,22868.1230,2.4048,512,109
dsmem_loaded,9,0,1,512,16384,0,0,42,3,901073305,374690336,54997.1500,22869.2832,2.4048,512,110
dsmem_loaded,9,0,1,512,16384,0,0,42,3,901037991,374675616,54994.9946,22868.3848,2.4048,512,111
dsmem_loaded,9,0,1,512,16384,0,0,42,3,901087428,374696224,54998.0120,22869.6426,2.4048,512,112
dsmem_loaded,9,0,1,512,16384,0,0,42,3,901029947,374672320,54994.5036,22868.1836,2.4048,512,113
dsmem_loaded,9,0,1,512,16384,0,0,42,3,901029945,374672320,54994.5035,22868.1836,2.4048,512,114
dsmem_loaded,9,0,1,512,16384,0,0,42,3,901037157,374675328,54994.9437,22868.3672,2.4048,512,115
dsmem_loaded,9,0,1,512,16384,0,0,42,3,901015651,374666400,54993.6310,22867.8223,2.4048,512,116
dsmem_loaded,9,0,1,512,16384,0,0,42,3,901036908,374675200,54994.9285,22868.3594,2.4048,512,117
dsmem_loaded,9,0,1,512,16384,0,0,42,3,901048950,374680224,54995.6635,22868.6660,2.4048,512,118
dsmem_loaded,9,0,1,512,16384,0,0,42,3,901039961,374676480,54995.1148,22868.4375,2.4048,512,119
dsmem_loaded,9,0,1,512,16384,0,0,42,3,901029945,374672288,54994.5035,22868.1816,2.4048,512,120
dsmem_loaded,9,0,1,512,16384,0,0,42,3,901033853,374673920,54994.7420,22868.2812,2.4048,512,121
dsmem_loaded,9,0,1,512,16384,0,0,42,3,901030430,374672544,54994.5331,22868.1973,2.4048,512,122
dsmem_loaded,9,0,1,512,16384,0,0,42,3,901015651,374666368,54993.6310,22867.8203,2.4048,512,123
dsmem_loaded,9,0,1,512,16384,0,0,42,3,901001733,374660608,54992.7816,22867.4688,2.4048,512,124
dsmem_loaded,9,0,1,512,16384,0,0,42,3,901037640,374675488,54994.9731,22868.3770,2.4048,512,125
dsmem_loaded,9,0,1,512,16384,0,0,42,3,901030435,374672512,54994.5334,22868.1953,2.4048,512,126
dsmem_loaded,9,0,1,512,16384,0,0,42,3,901067403,374687904,54996.7897,22869.1348,2.4048,512,127
dsmem_loaded,9,0,1,512,16384,0,0,42,4,900692090,374530688,54973.8824,22859.5391,2.4049,512,0
dsmem_loaded,9,0,1,512,16384,0,0,42,4,900692090,374530688,54973.8824,22859.5391,2.4049,512,1
dsmem_loaded,9,0,1,512,16384,0,0,42,4,900692089,374530688,54973.8824,22859.5391,2.4049,512,2
dsmem_loaded,9,0,1,512,16384,0,0,42,4,900692090,374530720,54973.8824,22859.5410,2.4049,512,3
dsmem_loaded,9,0,1,512,16384,0,0,42,4,900692090,374530688,54973.8824,22859.5391,2.4049,512,4
dsmem_loaded,9,0,1,512,16384,0,0,42,4,900692089,374530688,54973.8824,22859.5391,2.4049,512,5
dsmem_loaded,9,0,1,512,16384,0,0,42,4,900700218,374534016,54974.3785,22859.7422,2.4049,512,6
dsmem_loaded,9,0,1,512,16384,0,0,42,4,900692089,374530624,54973.8824,22859.5352,2.4049,512,7
dsmem_loaded,9,0,1,512,16384,0,0,42,4,900696059,374532288,54974.1247,22859.6367,2.4049,512,8
dsmem_loaded,9,0,1,512,16384,0,0,42,4,900692090,374530656,54973.8824,22859.5371,2.4049,512,9
dsmem_loaded,9,0,1,512,16384,0,0,42,4,900692089,374530656,54973.8824,22859.5371,2.4049,512,10
dsmem_loaded,9,0,1,512,16384,0,0,42,4,900692089,374530720,54973.8824,22859.5410,2.4049,512,11
dsmem_loaded,9,0,1,512,16384,0,0,42,4,900692089,374530656,54973.8824,22859.5371,2.4049,512,12
dsmem_loaded,9,0,1,512,16384,0,0,42,4,900697529,374532896,54974.2144,22859.6738,2.4049,512,13
dsmem_loaded,9,0,1,512,16384,0,0,42,4,900692090,374530720,54973.8824,22859.5410,2.4049,512,14
dsmem_loaded,9,0,1,512,16384,0,0,42,4,900692089,374530688,54973.8824,22859.5391,2.4049,512,15
dsmem_loaded,9,0,1,512,16384,0,0,42,4,900692089,374530688,54973.8824,22859.5391,2.4049,512,16
dsmem_loaded,9,0,1,512,16384,0,0,42,4,900692089,374530688,54973.8824,22859.5391,2.4049,512,17
dsmem_loaded,9,0,1,512,16384,0,0,42,4,900692089,374530656,54973.8824,22859.5371,2.4049,512,18
dsmem_loaded,9,0,1,512,16384,0,0,42,4,900693736,374531328,54973.9829,22859.5781,2.4049,512,19
dsmem_loaded,9,0,1,512,16384,0,0,42,4,900697159,374532800,54974.1918,22859.6680,2.4049,512,20
dsmem_loaded,9,0,1,512,16384,0,0,42,4,900692090,374530720,54973.8824,22859.5410,2.4049,512,21
dsmem_loaded,9,0,1,512,16384,0,0,42,4,900703753,374535488,54974.5943,22859.8320,2.4049,512,22
dsmem_loaded,9,0,1,512,16384,0,0,42,4,900692089,374530656,54973.8824,22859.5371,2.4049,512,23
dsmem_loaded,9,0,1,512,16384,0,0,42,4,900692089,374530688,54973.8824,22859.5391,2.4049,512,24
dsmem_loaded,9,0,1,512,16384,0,0,42,4,900694472,374531648,54974.0278,22859.5977,2.4049,512,25
dsmem_loaded,9,0,1,512,16384,0,0,42,4,900692090,374530688,54973.8824,22859.5391,2.4049,512,26
dsmem_loaded,9,0,1,512,16384,0,0,42,4,900692090,374530688,54973.8824,22859.5391,2.4049,512,27
dsmem_loaded,9,0,1,512,16384,0,0,42,4,900693735,374531360,54973.9828,22859.5801,2.4049,512,28
dsmem_loaded,9,0,1,512,16384,0,0,42,4,900692089,374530720,54973.8824,22859.5410,2.4049,512,29
dsmem_loaded,9,0,1,512,16384,0,0,42,4,900692089,374530720,54973.8824,22859.5410,2.4049,512,30
dsmem_loaded,9,0,1,512,16384,0,0,42,4,900692089,374530656,54973.8824,22859.5371,2.4049,512,31
dsmem_loaded,9,0,1,512,16384,0,0,42,4,900692090,374530720,54973.8824,22859.5410,2.4049,512,32
dsmem_loaded,9,0,1,512,16384,0,0,42,4,900692089,374530656,54973.8824,22859.5371,2.4049,512,33
dsmem_loaded,9,0,1,512,16384,0,0,42,4,900701071,374534400,54974.4306,22859.7656,2.4049,512,34
dsmem_loaded,9,0,1,512,16384,0,0,42,4,900692089,374530688,54973.8824,22859.5391,2.4049,512,35
dsmem_loaded,9,0,1,512,16384,0,0,42,4,900692089,374530720,54973.8824,22859.5410,2.4049,512,36
dsmem_loaded,9,0,1,512,16384,0,0,42,4,900701805,374534688,54974.4754,22859.7832,2.4049,512,37
dsmem_loaded,9,0,1,512,16384,0,0,42,4,900692089,374530656,54973.8824,22859.5371,2.4049,512,38
dsmem_loaded,9,0,1,512,16384,0,0,42,4,900694351,374531584,54974.0204,22859.5938,2.4049,512,39
dsmem_loaded,9,0,1,512,16384,0,0,42,4,900692089,374530720,54973.8824,22859.5410,2.4049,512,40
dsmem_loaded,9,0,1,512,16384,0,0,42,4,900692089,374530688,54973.8824,22859.5391,2.4049,512,41
dsmem_loaded,9,0,1,512,16384,0,0,42,4,900692089,374530720,54973.8824,22859.5410,2.4049,512,42
dsmem_loaded,9,0,1,512,16384,0,0,42,4,900692089,374530688,54973.8824,22859.5391,2.4049,512,43
dsmem_loaded,9,0,1,512,16384,0,0,42,4,900693247,374531168,54973.9531,22859.5684,2.4049,512,44
dsmem_loaded,9,0,1,512,16384,0,0,42,4,900692090,374530720,54973.8824,22859.5410,2.4049,512,45
dsmem_loaded,9,0,1,512,16384,0,0,42,4,900692090,374530688,54973.8824,22859.5391,2.4049,512,46
dsmem_loaded,9,0,1,512,16384,0,0,42,4,900692090,374530688,54973.8824,22859.5391,2.4049,512,47
dsmem_loaded,9,0,1,512,16384,0,0,42,4,900692090,374530688,54973.8824,22859.5391,2.4049,512,48
dsmem_loaded,9,0,1,512,16384,0,0,42,4,900692089,374530720,54973.8824,22859.5410,2.4049,512,49
dsmem_loaded,9,0,1,512,16384,0,0,42,4,900692090,374530688,54973.8824,22859.5391,2.4049,512,50
dsmem_loaded,9,0,1,512,16384,0,0,42,4,900692089,374530688,54973.8824,22859.5391,2.4049,512,51
dsmem_loaded,9,0,1,512,16384,0,0,42,4,900692089,374530656,54973.8824,22859.5371,2.4049,512,52
dsmem_loaded,9,0,1,512,16384,0,0,42,4,900694952,374531808,54974.0571,22859.6074,2.4049,512,53
dsmem_loaded,9,0,1,512,16384,0,0,42,4,900709369,374537856,54974.9371,22859.9766,2.4049,512,54
dsmem_loaded,9,0,1,512,16384,0,0,42,4,900693724,374531328,54973.9822,22859.5781,2.4049,512,55
dsmem_loaded,9,0,1,512,16384,0,0,42,4,900692089,374530720,54973.8824,22859.5410,2.4049,512,56
dsmem_loaded,9,0,1,512,16384,0,0,42,4,900692089,374530656,54973.8824,22859.5371,2.4049,512,57
dsmem_loaded,9,0,1,512,16384,0,0,42,4,900692089,374530688,54973.8824,22859.5391,2.4049,512,58
dsmem_loaded,9,0,1,512,16384,0,0,42,4,900692089,374530720,54973.8824,22859.5410,2.4049,512,59
dsmem_loaded,9,0,1,512,16384,0,0,42,4,900692089,374530688,54973.8824,22859.5391,2.4049,512,60
dsmem_loaded,9,0,1,512,16384,0,0,42,4,900692090,374530656,54973.8824,22859.5371,2.4049,512,61
dsmem_loaded,9,0,1,512,16384,0,0,42,4,900692090,374530688,54973.8824,22859.5391,2.4049,512,62
dsmem_loaded,9,0,1,512,16384,0,0,42,4,900692090,374530688,54973.8824,22859.5391,2.4049,512,63
dsmem_loaded,9,0,1,512,16384,0,0,42,4,900692089,374530688,54973.8824,22859.5391,2.4049,512,64
dsmem_loaded,9,0,1,512,16384,0,0,42,4,900692090,374530656,54973.8824,22859.5371,2.4049,512,65
dsmem_loaded,9,0,1,512,16384,0,0,42,4,900695070,374531904,54974.0643,22859.6133,2.4049,512,66
dsmem_loaded,9,0,1,512,16384,0,0,42,4,900692089,374530688,54973.8824,22859.5391,2.4049,512,67
dsmem_loaded,9,0,1,512,16384,0,0,42,4,900693477,374531232,54973.9671,22859.5723,2.4049,512,68
dsmem_loaded,9,0,1,512,16384,0,0,42,4,900697884,374533056,54974.2361,22859.6836,2.4049,512,69
dsmem_loaded,9,0,1,512,16384,0,0,42,4,900692089,374530688,54973.8824,22859.5391,2.4049,512,70
dsmem_loaded,9,0,1,512,16384,0,0,42,4,900692090,374530720,54973.8824,22859.5410,2.4049,512,71
dsmem_loaded,9,0,1,512,16384,0,0,42,4,900692089,374530720,54973.8824,22859.5410,2.4049,512,72
dsmem_loaded,9,0,1,512,16384,0,0,42,4,900692089,374530688,54973.8824,22859.5391,2.4049,512,73
dsmem_loaded,9,0,1,512,16384,0,0,42,4,900692090,374530688,54973.8824,22859.5391,2.4049,512,74
dsmem_loaded,9,0,1,512,16384,0,0,42,4,900692089,374530688,54973.8824,22859.5391,2.4049,512,75
dsmem_loaded,9,0,1,512,16384,0,0,42,4,900692090,374530656,54973.8824,22859.5371,2.4049,512,76
dsmem_loaded,9,0,1,512,16384,0,0,42,4,900692089,374530624,54973.8824,22859.5352,2.4049,512,77
dsmem_loaded,9,0,1,512,16384,0,0,42,4,900692089,374530688,54973.8824,22859.5391,2.4049,512,78
dsmem_loaded,9,0,1,512,16384,0,0,42,4,900704487,374535808,54974.6391,22859.8516,2.4049,512,79
dsmem_loaded,9,0,1,512,16384,0,0,42,4,900692089,374530720,54973.8824,22859.5410,2.4049,512,80
dsmem_loaded,9,0,1,512,16384,0,0,42,4,900692090,374530720,54973.8824,22859.5410,2.4049,512,81
dsmem_loaded,9,0,1,512,16384,0,0,42,4,900692089,374530688,54973.8824,22859.5391,2.4049,512,82
dsmem_loaded,9,0,1,512,16384,0,0,42,4,900692090,374530656,54973.8824,22859.5371,2.4049,512,83
dsmem_loaded,9,0,1,512,16384,0,0,42,4,900692090,374530720,54973.8824,22859.5410,2.4049,512,84
dsmem_loaded,9,0,1,512,16384,0,0,42,4,900694825,374531776,54974.0494,22859.6055,2.4049,512,85
dsmem_loaded,9,0,1,512,16384,0,0,42,4,900698494,374533312,54974.2733,22859.6992,2.4049,512,86
dsmem_loaded,9,0,1,512,16384,0,0,42,4,900697515,374532928,54974.2136,22859.6758,2.4049,512,87
dsmem_loaded,9,0,1,512,16384,0,0,42,4,900692089,374530688,54973.8824,22859.5391,2.4049,512,88
dsmem_loaded,9,0,1,512,16384,0,0,42,4,900692089,374530688,54973.8824,22859.5391,2.4049,512,89
dsmem_loaded,9,0,1,512,16384,0,0,42,4,900692089,374530624,54973.8824,22859.5352,2.4049,512,90
dsmem_loaded,9,0,1,512,16384,0,0,42,4,900692089,374530688,54973.8824,22859.5391,2.4049,512,91
dsmem_loaded,9,0,1,512,16384,0,0,42,4,900692089,374530688,54973.8824,22859.5391,2.4049,512,92
dsmem_loaded,9,0,1,512,16384,0,0,42,4,900692090,374530720,54973.8824,22859.5410,2.4049,512,93
dsmem_loaded,9,0,1,512,16384,0,0,42,4,900692090,374530656,54973.8824,22859.5371,2.4049,512,94
dsmem_loaded,9,0,1,512,16384,0,0,42,4,900692089,374530688,54973.8824,22859.5391,2.4049,512,95
dsmem_loaded,9,0,1,512,16384,0,0,42,4,900694826,374531808,54974.0494,22859.6074,2.4049,512,96
dsmem_loaded,9,0,1,512,16384,0,0,42,4,900692089,374530656,54973.8824,22859.5371,2.4049,512,97
dsmem_loaded,9,0,1,512,16384,0,0,42,4,900697263,374532832,54974.1982,22859.6699,2.4049,512,98
dsmem_loaded,9,0,1,512,16384,0,0,42,4,900692090,374530688,54973.8824,22859.5391,2.4049,512,99
dsmem_loaded,9,0,1,512,16384,0,0,42,4,900692089,374530656,54973.8824,22859.5371,2.4049,512,100
dsmem_loaded,9,0,1,512,16384,0,0,42,4,900692089,374530720,54973.8824,22859.5410,2.4049,512,101
dsmem_loaded,9,0,1,512,16384,0,0,42,4,900692090,374530688,54973.8824,22859.5391,2.4049,512,102
dsmem_loaded,9,0,1,512,16384,0,0,42,4,900692089,374530688,54973.8824,22859.5391,2.4049,512,103
dsmem_loaded,9,0,1,512,16384,0,0,42,4,900692090,374530688,54973.8824,22859.5391,2.4049,512,104
dsmem_loaded,9,0,1,512,16384,0,0,42,4,900692090,374530688,54973.8824,22859.5391,2.4049,512,105
dsmem_loaded,9,0,1,512,16384,0,0,42,4,900692089,374530720,54973.8824,22859.5410,2.4049,512,106
dsmem_loaded,9,0,1,512,16384,0,0,42,4,900692089,374530688,54973.8824,22859.5391,2.4049,512,107
dsmem_loaded,9,0,1,512,16384,0,0,42,4,900694456,374531648,54974.0269,22859.5977,2.4049,512,108
dsmem_loaded,9,0,1,512,16384,0,0,42,4,900698247,374533216,54974.2582,22859.6934,2.4049,512,109
dsmem_loaded,9,0,1,512,16384,0,0,42,4,900692090,374530688,54973.8824,22859.5391,2.4049,512,110
dsmem_loaded,9,0,1,512,16384,0,0,42,4,900705581,374536256,54974.7059,22859.8789,2.4049,512,111
dsmem_loaded,9,0,1,512,16384,0,0,42,4,900692089,374530688,54973.8824,22859.5391,2.4049,512,112
dsmem_loaded,9,0,1,512,16384,0,0,42,4,900692089,374530624,54973.8824,22859.5352,2.4049,512,113
dsmem_loaded,9,0,1,512,16384,0,0,42,4,900707789,374537184,54974.8406,22859.9355,2.4049,512,114
dsmem_loaded,9,0,1,512,16384,0,0,42,4,900692090,374530656,54973.8824,22859.5371,2.4049,512,115
dsmem_loaded,9,0,1,512,16384,0,0,42,4,900692089,374530720,54973.8824,22859.5410,2.4049,512,116
dsmem_loaded,9,0,1,512,16384,0,0,42,4,900692090,374530656,54973.8824,22859.5371,2.4049,512,117
dsmem_loaded,9,0,1,512,16384,0,0,42,4,900692089,374530720,54973.8824,22859.5410,2.4049,512,118
dsmem_loaded,9,0,1,512,16384,0,0,42,4,900692089,374530688,54973.8824,22859.5391,2.4049,512,119
dsmem_loaded,9,0,1,512,16384,0,0,42,4,900692090,374530688,54973.8824,22859.5391,2.4049,512,120
dsmem_loaded,9,0,1,512,16384,0,0,42,4,900692090,374530720,54973.8824,22859.5410,2.4049,512,121
dsmem_loaded,9,0,1,512,16384,0,0,42,4,900692089,374530688,54973.8824,22859.5391,2.4049,512,122
dsmem_loaded,9,0,1,512,16384,0,0,42,4,900694469,374531616,54974.0276,22859.5957,2.4049,512,123
dsmem_loaded,9,0,1,512,16384,0,0,42,4,900693735,374531328,54973.9828,22859.5781,2.4049,512,124
dsmem_loaded,9,0,1,512,16384,0,0,42,4,900692089,374530656,54973.8824,22859.5371,2.4049,512,125
dsmem_loaded,9,0,1,512,16384,0,0,42,4,900692090,374530720,54973.8824,22859.5410,2.4049,512,126
dsmem_loaded,9,0,1,512,16384,0,0,42,4,900692089,374530688,54973.8824,22859.5391,2.4049,512,127
dsmem_loaded,9,0,1,512,16384,0,0,42,5,900675321,374523648,54972.8589,22859.1094,2.4049,512,0
dsmem_loaded,9,0,1,512,16384,0,0,42,5,900675321,374523648,54972.8589,22859.1094,2.4049,512,1
dsmem_loaded,9,0,1,512,16384,0,0,42,5,900675321,374523648,54972.8589,22859.1094,2.4049,512,2
dsmem_loaded,9,0,1,512,16384,0,0,42,5,900675321,374523616,54972.8589,22859.1074,2.4049,512,3
dsmem_loaded,9,0,1,512,16384,0,0,42,5,900683568,374527072,54973.3623,22859.3184,2.4049,512,4
dsmem_loaded,9,0,1,512,16384,0,0,42,5,900675321,374523648,54972.8589,22859.1094,2.4049,512,5
dsmem_loaded,9,0,1,512,16384,0,0,42,5,900677441,374524480,54972.9883,22859.1602,2.4049,512,6
dsmem_loaded,9,0,1,512,16384,0,0,42,5,900677940,374524736,54973.0188,22859.1758,2.4049,512,7
dsmem_loaded,9,0,1,512,16384,0,0,42,5,900675322,374523616,54972.8590,22859.1074,2.4049,512,8
dsmem_loaded,9,0,1,512,16384,0,0,42,5,900677324,374524480,54972.9812,22859.1602,2.4049,512,9
dsmem_loaded,9,0,1,512,16384,0,0,42,5,900675322,374523616,54972.8590,22859.1074,2.4049,512,10
dsmem_loaded,9,0,1,512,16384,0,0,42,5,900675322,374523616,54972.8590,22859.1074,2.4049,512,11
dsmem_loaded,9,0,1,512,16384,0,0,42,5,900675321,374523648,54972.8589,22859.1094,2.4049,512,12
dsmem_loaded,9,0,1,512,16384,0,0,42,5,900675321,374523616,54972.8589,22859.1074,2.4049,512,13
dsmem_loaded,9,0,1,512,16384,0,0,42,5,900675322,374523648,54972.8590,22859.1094,2.4049,512,14
dsmem_loaded,9,0,1,512,16384,0,0,42,5,900675322,374523584,54972.8590,22859.1055,2.4049,512,15
dsmem_loaded,9,0,1,512,16384,0,0,42,5,900675322,374523648,54972.8590,22859.1094,2.4049,512,16
dsmem_loaded,9,0,1,512,16384,0,0,42,5,900675321,374523616,54972.8589,22859.1074,2.4049,512,17
dsmem_loaded,9,0,1,512,16384,0,0,42,5,900675322,374523648,54972.8590,22859.1094,2.4049,512,18
dsmem_loaded,9,0,1,512,16384,0,0,42,5,900675321,374523616,54972.8589,22859.1074,2.4049,512,19
dsmem_loaded,9,0,1,512,16384,0,0,42,5,900676717,374524224,54972.9442,22859.1445,2.4049,512,20
dsmem_loaded,9,0,1,512,16384,0,0,42,5,900677561,374524544,54972.9957,22859.1641,2.4049,512,21
dsmem_loaded,9,0,1,512,16384,0,0,42,5,900675321,374523616,54972.8589,22859.1074,2.4049,512,22
dsmem_loaded,9,0,1,512,16384,0,0,42,5,900681842,374526368,54973.2570,22859.2754,2.4049,512,23
dsmem_loaded,9,0,1,512,16384,0,0,42,5,900675321,374523648,54972.8589,22859.1094,2.4049,512,24
dsmem_loaded,9,0,1,512,16384,0,0,42,5,900675322,374523584,54972.8590,22859.1055,2.4049,512,25
dsmem_loaded,9,0,1,512,16384,0,0,42,5,900685876,374528032,54973.5032,22859.3770,2.4049,512,26
dsmem_loaded,9,0,1,512,16384,0,0,42,5,900675321,374523616,54972.8589,22859.1074,2.4049,512,27
dsmem_loaded,9,0,1,512,16384,0,0,42,5,900675321,374523616,54972.8589,22859.1074,2.4049,512,28
dsmem_loaded,9,0,1,512,16384,0,0,42,5,900675321,374523648,54972.8589,22859.1094,2.4049,512,29
dsmem_loaded,9,0,1,512,16384,0,0,42,5,900675321,374523584,54972.8589,22859.1055,2.4049,512,30
dsmem_loaded,9,0,1,512,16384,0,0,42,5,900675322,374523584,54972.8590,22859.1055,2.4049,512,31
dsmem_loaded,9,0,1,512,16384,0,0,42,5,900675321,374523648,54972.8589,22859.1094,2.4049,512,32
dsmem_loaded,9,0,1,512,16384,0,0,42,5,900675322,374523616,54972.8590,22859.1074,2.4049,512,33
dsmem_loaded,9,0,1,512,16384,0,0,42,5,900675322,374523648,54972.8590,22859.1094,2.4049,512,34
dsmem_loaded,9,0,1,512,16384,0,0,42,5,900675322,374523616,54972.8590,22859.1074,2.4049,512,35
dsmem_loaded,9,0,1,512,16384,0,0,42,5,900677813,374524672,54973.0110,22859.1719,2.4049,512,36
dsmem_loaded,9,0,1,512,16384,0,0,42,5,900676350,374524064,54972.9218,22859.1348,2.4049,512,37
dsmem_loaded,9,0,1,512,16384,0,0,42,5,900675322,374523616,54972.8590,22859.1074,2.4049,512,38
dsmem_loaded,9,0,1,512,16384,0,0,42,5,900694321,374531552,54974.0186,22859.5918,2.4049,512,39
dsmem_loaded,9,0,1,512,16384,0,0,42,5,900675322,374523584,54972.8590,22859.1055,2.4049,512,40
dsmem_loaded,9,0,1,512,16384,0,0,42,5,900675321,374523616,54972.8589,22859.1074,2.4049,512,41
dsmem_loaded,9,0,1,512,16384,0,0,42,5,900675321,374523648,54972.8589,22859.1094,2.4049,512,42
dsmem_loaded,9,0,1,512,16384,0,0,42,5,900678298,374524864,54973.0406,22859.1836,2.4049,512,43
dsmem_loaded,9,0,1,512,16384,0,0,42,5,900677561,374524544,54972.9957,22859.1641,2.4049,512,44
dsmem_loaded,9,0,1,512,16384,0,0,42,5,900675321,374523616,54972.8589,22859.1074,2.4049,512,45
dsmem_loaded,9,0,1,512,16384,0,0,42,5,900675321,374523648,54972.8589,22859.1094,2.4049,512,46
dsmem_loaded,9,0,1,512,16384,0,0,42,5,900675322,374523648,54972.8590,22859.1094,2.4049,512,47
dsmem_loaded,9,0,1,512,16384,0,0,42,5,900675321,374523648,54972.8589,22859.1094,2.4049,512,48
dsmem_loaded,9,0,1,512,16384,0,0,42,5,900675322,374523616,54972.8590,22859.1074,2.4049,512,49
dsmem_loaded,9,0,1,512,16384,0,0,42,5,900675322,374523648,54972.8590,22859.1094,2.4049,512,50
dsmem_loaded,9,0,1,512,16384,0,0,42,5,900675321,374523616,54972.8589,22859.1074,2.4049,512,51
dsmem_loaded,9,0,1,512,16384,0,0,42,5,900675322,374523648,54972.8590,22859.1094,2.4049,512,52
dsmem_loaded,9,0,1,512,16384,0,0,42,5,900675321,374523648,54972.8589,22859.1094,2.4049,512,53
dsmem_loaded,9,0,1,512,16384,0,0,42,5,900680994,374525984,54973.2052,22859.2520,2.4049,512,54
dsmem_loaded,9,0,1,512,16384,0,0,42,5,900680983,374525984,54973.2045,22859.2520,2.4049,512,55
dsmem_loaded,9,0,1,512,16384,0,0,42,5,900676953,374524320,54972.9586,22859.1504,2.4049,512,56
dsmem_loaded,9,0,1,512,16384,0,0,42,5,900676843,374524288,54972.9518,22859.1484,2.4049,512,57
dsmem_loaded,9,0,1,512,16384,0,0,42,5,900675322,374523648,54972.8590,22859.1094,2.4049,512,58
dsmem_loaded,9,0,1,512,16384,0,0,42,5,900675321,374523584,54972.8589,22859.1055,2.4049,512,59
dsmem_loaded,9,0,1,512,16384,0,0,42,5,900675321,374523616,54972.8589,22859.1074,2.4049,512,60
dsmem_loaded,9,0,1,512,16384,0,0,42,5,900675321,374523616,54972.8589,22859.1074,2.4049,512,61
dsmem_loaded,9,0,1,512,16384,0,0,42,5,900675321,374523616,54972.8589,22859.1074,2.4049,512,62
dsmem_loaded,9,0,1,512,16384,0,0,42,5,900675322,374523648,54972.8590,22859.1094,2.4049,512,63
dsmem_loaded,9,0,1,512,16384,0,0,42,5,900675321,374523648,54972.8589,22859.1094,2.4049,512,64
dsmem_loaded,9,0,1,512,16384,0,0,42,5,900675321,374523648,54972.8589,22859.1094,2.4049,512,65
dsmem_loaded,9,0,1,512,16384,0,0,42,5,900675321,374523616,54972.8589,22859.1074,2.4049,512,66
dsmem_loaded,9,0,1,512,16384,0,0,42,5,900675322,374523616,54972.8590,22859.1074,2.4049,512,67
dsmem_loaded,9,0,1,512,16384,0,0,42,5,900677577,374524608,54972.9966,22859.1680,2.4049,512,68
dsmem_loaded,9,0,1,512,16384,0,0,42,5,900680394,374525760,54973.1686,22859.2383,2.4049,512,69
dsmem_loaded,9,0,1,512,16384,0,0,42,5,900684072,374527296,54973.3931,22859.3320,2.4049,512,70
dsmem_loaded,9,0,1,512,16384,0,0,42,5,900675321,374523616,54972.8589,22859.1074,2.4049,512,71
dsmem_loaded,9,0,1,512,16384,0,0,42,5,900677829,374524672,54973.0120,22859.1719,2.4049,512,72
dsmem_loaded,9,0,1,512,16384,0,0,42,5,900675321,374523648,54972.8589,22859.1094,2.4049,512,73
dsmem_loaded,9,0,1,512,16384,0,0,42,5,900675321,374523648,54972.8589,22859.1094,2.4049,512,74
dsmem_loaded,9,0,1,512,16384,0,0,42,5,900677090,374524352,54972.9669,22859.1523,2.4049,512,75
dsmem_loaded,9,0,1,512,16384,0,0,42,5,900675321,374523616,54972.8589,22859.1074,2.4049,512,76
dsmem_loaded,9,0,1,512,16384,0,0,42,5,900675322,374523616,54972.8590,22859.1074,2.4049,512,77
dsmem_loaded,9,0,1,512,16384,0,0,42,5,900675322,374523616,54972.8590,22859.1074,2.4049,512,78
dsmem_loaded,9,0,1,512,16384,0,0,42,5,900675321,374523648,54972.8589,22859.1094,2.4049,512,79
dsmem_loaded,9,0,1,512,16384,0,0,42,5,900675321,374523616,54972.8589,22859.1074,2.4049,512,80
dsmem_loaded,9,0,1,512,16384,0,0,42,5,900675321,374523616,54972.8589,22859.1074,2.4049,512,81
dsmem_loaded,9,0,1,512,16384,0,0,42,5,900675321,374523616,54972.8589,22859.1074,2.4049,512,82
dsmem_loaded,9,0,1,512,16384,0,0,42,5,900675322,374523648,54972.8590,22859.1094,2.4049,512,83
dsmem_loaded,9,0,1,512,16384,0,0,42,5,900683583,374527072,54973.3632,22859.3184,2.4049,512,84
dsmem_loaded,9,0,1,512,16384,0,0,42,5,900680150,374525632,54973.1537,22859.2305,2.4049,512,85
dsmem_loaded,9,0,1,512,16384,0,0,42,5,900685275,374527744,54973.4665,22859.3594,2.4049,512,86
dsmem_loaded,9,0,1,512,16384,0,0,42,5,900675321,374523584,54972.8589,22859.1055,2.4049,512,87
dsmem_loaded,9,0,1,512,16384,0,0,42,5,900675322,374523648,54972.8590,22859.1094,2.4049,512,88
dsmem_loaded,9,0,1,512,16384,0,0,42,5,900677945,374524736,54973.0191,22859.1758,2.4049,512,89
dsmem_loaded,9,0,1,512,16384,0,0,42,5,900675322,374523584,54972.8590,22859.1055,2.4049,512,90
dsmem_loaded,9,0,1,512,16384,0,0,42,5,900675322,374523616,54972.8590,22859.1074,2.4049,512,91
dsmem_loaded,9,0,1,512,16384,0,0,42,5,900675322,374523616,54972.8590,22859.1074,2.4049,512,92
dsmem_loaded,9,0,1,512,16384,0,0,42,5,900675322,374523648,54972.8590,22859.1094,2.4049,512,93
dsmem_loaded,9,0,1,512,16384,0,0,42,5,900675321,374523616,54972.8589,22859.1074,2.4049,512,94
dsmem_loaded,9,0,1,512,16384,0,0,42,5,900685643,374527904,54973.4890,22859.3691,2.4049,512,95
dsmem_loaded,9,0,1,512,16384,0,0,42,5,900675321,374523616,54972.8589,22859.1074,2.4049,512,96
dsmem_loaded,9,0,1,512,16384,0,0,42,5,900675321,374523616,54972.8589,22859.1074,2.4049,512,97
dsmem_loaded,9,0,1,512,16384,0,0,42,5,900675322,374523648,54972.8590,22859.1094,2.4049,512,98
dsmem_loaded,9,0,1,512,16384,0,0,42,5,900675321,374523648,54972.8589,22859.1094,2.4049,512,99
dsmem_loaded,9,0,1,512,16384,0,0,42,5,900677588,374524608,54972.9973,22859.1680,2.4049,512,100
dsmem_loaded,9,0,1,512,16384,0,0,42,5,900676489,374524096,54972.9302,22859.1367,2.4049,512,101
dsmem_loaded,9,0,1,512,16384,0,0,42,5,900675321,374523584,54972.8589,22859.1055,2.4049,512,102
dsmem_loaded,9,0,1,512,16384,0,0,42,5,900687366,374528672,54973.5941,22859.4160,2.4049,512,103
dsmem_loaded,9,0,1,512,16384,0,0,42,5,900675322,374523616,54972.8590,22859.1074,2.4049,512,104
dsmem_loaded,9,0,1,512,16384,0,0,42,5,900688579,374529120,54973.6682,22859.4434,2.4049,512,105
dsmem_loaded,9,0,1,512,16384,0,0,42,5,900681003,374525984,54973.2057,22859.2520,2.4049,512,106
dsmem_loaded,9,0,1,512,16384,0,0,42,5,900675321,374523648,54972.8589,22859.1094,2.4049,512,107
dsmem_loaded,9,0,1,512,16384,0,0,42,5,900675322,374523648,54972.8590,22859.1094,2.4049,512,108
dsmem_loaded,9,0,1,512,16384,0,0,42,5,900675321,374523616,54972.8589,22859.1074,2.4049,512,109
dsmem_loaded,9,0,1,512,16384,0,0,42,5,900675321,374523648,54972.8589,22859.1094,2.4049,512,110
dsmem_loaded,9,0,1,512,16384,0,0,42,5,900675322,374523584,54972.8590,22859.1055,2.4049,512,111
dsmem_loaded,9,0,1,512,16384,0,0,42,5,900675321,374523648,54972.8589,22859.1094,2.4049,512,112
dsmem_loaded,9,0,1,512,16384,0,0,42,5,900675321,374523648,54972.8589,22859.1094,2.4049,512,113
dsmem_loaded,9,0,1,512,16384,0,0,42,5,900675321,374523616,54972.8589,22859.1074,2.4049,512,114
dsmem_loaded,9,0,1,512,16384,0,0,42,5,900675322,374523648,54972.8590,22859.1094,2.4049,512,115
dsmem_loaded,9,0,1,512,16384,0,0,42,5,900675322,374523648,54972.8590,22859.1094,2.4049,512,116
dsmem_loaded,9,0,1,512,16384,0,0,42,5,900680277,374525696,54973.1614,22859.2344,2.4049,512,117
dsmem_loaded,9,0,1,512,16384,0,0,42,5,900685155,374527680,54973.4592,22859.3555,2.4049,512,118
dsmem_loaded,9,0,1,512,16384,0,0,42,5,900675321,374523616,54972.8589,22859.1074,2.4049,512,119
dsmem_loaded,9,0,1,512,16384,0,0,42,5,900685414,374527840,54973.4750,22859.3652,2.4049,512,120
dsmem_loaded,9,0,1,512,16384,0,0,42,5,900675321,374523648,54972.8589,22859.1094,2.4049,512,121
dsmem_loaded,9,0,1,512,16384,0,0,42,5,900675321,374523616,54972.8589,22859.1074,2.4049,512,122
dsmem_loaded,9,0,1,512,16384,0,0,42,5,900675321,374523648,54972.8589,22859.1094,2.4049,512,123
dsmem_loaded,9,0,1,512,16384,0,0,42,5,900675322,374523648,54972.8590,22859.1094,2.4049,512,124
dsmem_loaded,9,0,1,512,16384,0,0,42,5,900675322,374523616,54972.8590,22859.1074,2.4049,512,125
dsmem_loaded,9,0,1,512,16384,0,0,42,5,900677586,374524544,54972.9972,22859.1641,2.4049,512,126
dsmem_loaded,9,0,1,512,16384,0,0,42,5,900685521,374527840,54973.4815,22859.3652,2.4049,512,127
dsmem_loaded,9,0,1,512,16384,0,0,42,6,900704377,374534816,54974.6324,22859.7910,2.4049,512,0
dsmem_loaded,9,0,1,512,16384,0,0,42,6,900704377,374534816,54974.6324,22859.7910,2.4049,512,1
dsmem_loaded,9,0,1,512,16384,0,0,42,6,900704378,374534848,54974.6324,22859.7930,2.4049,512,2
dsmem_loaded,9,0,1,512,16384,0,0,42,6,900704378,374534816,54974.6324,22859.7910,2.4049,512,3
dsmem_loaded,9,0,1,512,16384,0,0,42,6,900713113,374538464,54975.1656,22860.0137,2.4049,512,4
dsmem_loaded,9,0,1,512,16384,0,0,42,6,900704377,374534816,54974.6324,22859.7910,2.4049,512,5
dsmem_loaded,9,0,1,512,16384,0,0,42,6,900714324,374538912,54975.2395,22860.0410,2.4049,512,6
dsmem_loaded,9,0,1,512,16384,0,0,42,6,900706257,374535584,54974.7471,22859.8379,2.4049,512,7
dsmem_loaded,9,0,1,512,16384,0,0,42,6,900704378,374534784,54974.6324,22859.7891,2.4049,512,8
dsmem_loaded,9,0,1,512,16384,0,0,42,6,900710409,374537312,54975.0005,22859.9434,2.4049,512,9
dsmem_loaded,9,0,1,512,16384,0,0,42,6,900704377,374534816,54974.6324,22859.7910,2.4049,512,10
dsmem_loaded,9,0,1,512,16384,0,0,42,6,900704378,374534784,54974.6324,22859.7891,2.4049,512,11
dsmem_loaded,9,0,1,512,16384,0,0,42,6,900704377,374534784,54974.6324,22859.7891,2.4049,512,12
dsmem_loaded,9,0,1,512,16384,0,0,42,6,900704378,374534816,54974.6324,22859.7910,2.4049,512,13
dsmem_loaded,9,0,1,512,16384,0,0,42,6,900704377,374534816,54974.6324,22859.7910,2.4049,512,14
dsmem_loaded,9,0,1,512,16384,0,0,42,6,900704377,374534816,54974.6324,22859.7910,2.4049,512,15
dsmem_loaded,9,0,1,512,16384,0,0,42,6,900704378,374534816,54974.6324,22859.7910,2.4049,512,16
dsmem_loaded,9,0,1,512,16384,0,0,42,6,900704377,374534848,54974.6324,22859.7930,2.4049,512,17
dsmem_loaded,9,0,1,512,16384,0,0,42,6,900704378,374534816,54974.6324,22859.7910,2.4049,512,18
dsmem_loaded,9,0,1,512,16384,0,0,42,6,900704377,374534816,54974.6324,22859.7910,2.4049,512,19
dsmem_loaded,9,0,1,512,16384,0,0,42,6,900706499,374535680,54974.7619,22859.8438,2.4049,512,20
dsmem_loaded,9,0,1,512,16384,0,0,42,6,900706375,374535616,54974.7543,22859.8398,2.4049,512,21
dsmem_loaded,9,0,1,512,16384,0,0,42,6,900704377,374534816,54974.6324,22859.7910,2.4049,512,22
dsmem_loaded,9,0,1,512,16384,0,0,42,6,900704378,374534816,54974.6324,22859.7910,2.4049,512,23
dsmem_loaded,9,0,1,512,16384,0,0,42,6,900704377,374534784,54974.6324,22859.7891,2.4049,512,24
dsmem_loaded,9,0,1,512,16384,0,0,42,6,900704378,374534816,54974.6324,22859.7910,2.4049,512,25
dsmem_loaded,9,0,1,512,16384,0,0,42,6,900706742,374535776,54974.7767,22859.8496,2.4049,512,26
dsmem_loaded,9,0,1,512,16384,0,0,42,6,900704378,374534784,54974.6324,22859.7891,2.4049,512,27
dsmem_loaded,9,0,1,512,16384,0,0,42,6,900704377,374534816,54974.6324,22859.7910,2.4049,512,28
dsmem_loaded,9,0,1,512,16384,0,0,42,6,900704378,374534816,54974.6324,22859.7910,2.4049,512,29
dsmem_loaded,9,0,1,512,16384,0,0,42,6,900704377,374534816,54974.6324,22859.7910,2.4049,512,30
dsmem_loaded,9,0,1,512,16384,0,0,42,6,900706147,374535552,54974.7404,22859.8359,2.4049,512,31
dsmem_loaded,9,0,1,512,16384,0,0,42,6,900704378,374534848,54974.6324,22859.7930,2.4049,512,32
dsmem_loaded,9,0,1,512,16384,0,0,42,6,900704378,374534816,54974.6324,22859.7910,2.4049,512,33
dsmem_loaded,9,0,1,512,16384,0,0,42,6,900704378,374534816,54974.6324,22859.7910,2.4049,512,34
dsmem_loaded,9,0,1,512,16384,0,0,42,6,900704377,374534816,54974.6324,22859.7910,2.4049,512,35
dsmem_loaded,9,0,1,512,16384,0,0,42,6,900704377,374534816,54974.6324,22859.7910,2.4049,512,36
dsmem_loaded,9,0,1,512,16384,0,0,42,6,900704377,374534816,54974.6324,22859.7910,2.4049,512,37
dsmem_loaded,9,0,1,512,16384,0,0,42,6,900706132,374535552,54974.7395,22859.8359,2.4049,512,38
dsmem_loaded,9,0,1,512,16384,0,0,42,6,900704378,374534848,54974.6324,22859.7930,2.4049,512,39
dsmem_loaded,9,0,1,512,16384,0,0,42,6,900704377,374534784,54974.6324,22859.7891,2.4049,512,40
dsmem_loaded,9,0,1,512,16384,0,0,42,6,900704377,374534816,54974.6324,22859.7910,2.4049,512,41
dsmem_loaded,9,0,1,512,16384,0,0,42,6,900704377,374534784,54974.6324,22859.7891,2.4049,512,42
dsmem_loaded,9,0,1,512,16384,0,0,42,6,900704377,374534848,54974.6324,22859.7930,2.4049,512,43
dsmem_loaded,9,0,1,512,16384,0,0,42,6,900712972,374538368,54975.1570,22860.0078,2.4049,512,44
dsmem_loaded,9,0,1,512,16384,0,0,42,6,900707122,374535968,54974.7999,22859.8613,2.4049,512,45
dsmem_loaded,9,0,1,512,16384,0,0,42,6,900704377,374534816,54974.6324,22859.7910,2.4049,512,46
dsmem_loaded,9,0,1,512,16384,0,0,42,6,900716770,374539968,54975.3888,22860.1055,2.4049,512,47
dsmem_loaded,9,0,1,512,16384,0,0,42,6,900704377,374534816,54974.6324,22859.7910,2.4049,512,48
dsmem_loaded,9,0,1,512,16384,0,0,42,6,900704378,374534816,54974.6324,22859.7910,2.4049,512,49
dsmem_loaded,9,0,1,512,16384,0,0,42,6,900704377,374534848,54974.6324,22859.7930,2.4049,512,50
dsmem_loaded,9,0,1,512,16384,0,0,42,6,900704378,374534848,54974.6324,22859.7930,2.4049,512,51
dsmem_loaded,9,0,1,512,16384,0,0,42,6,900713235,374538528,54975.1730,22860.0176,2.4049,512,52
dsmem_loaded,9,0,1,512,16384,0,0,42,6,900714570,374539040,54975.2545,22860.0488,2.4049,512,53
dsmem_loaded,9,0,1,512,16384,0,0,42,6,900704377,374534816,54974.6324,22859.7910,2.4049,512,54
dsmem_loaded,9,0,1,512,16384,0,0,42,6,900706629,374535744,54974.7698,22859.8477,2.4049,512,55
dsmem_loaded,9,0,1,512,16384,0,0,42,6,900704378,374534816,54974.6324,22859.7910,2.4049,512,56
dsmem_loaded,9,0,1,512,16384,0,0,42,6,900704377,374534848,54974.6324,22859.7930,2.4049,512,57
dsmem_loaded,9,0,1,512,16384,0,0,42,6,900710289,374537248,54974.9932,22859.9395,2.4049,512,58
dsmem_loaded,9,0,1,512,16384,0,0,42,6,900704377,374534784,54974.6324,22859.7891,2.4049,512,59
dsmem_loaded,9,0,1,512,16384,0,0,42,6,900704378,374534816,54974.6324,22859.7910,2.4049,512,60
dsmem_loaded,9,0,1,512,16384,0,0,42,6,900704377,374534816,54974.6324,22859.7910,2.4049,512,61
dsmem_loaded,9,0,1,512,16384,0,0,42,6,900704378,374534848,54974.6324,22859.7930,2.4049,512,62
dsmem_loaded,9,0,1,512,16384,0,0,42,6,900704377,374534816,54974.6324,22859.7910,2.4049,512,63
dsmem_loaded,9,0,1,512,16384,0,0,42,6,900704377,374534816,54974.6324,22859.7910,2.4049,512,64
dsmem_loaded,9,0,1,512,16384,0,0,42,6,900704378,374534816,54974.6324,22859.7910,2.4049,512,65
dsmem_loaded,9,0,1,512,16384,0,0,42,6,900704378,374534816,54974.6324,22859.7910,2.4049,512,66
dsmem_loaded,9,0,1,512,16384,0,0,42,6,900704378,374534816,54974.6324,22859.7910,2.4049,512,67
dsmem_loaded,9,0,1,512,16384,0,0,42,6,900704378,374534816,54974.6324,22859.7910,2.4049,512,68
dsmem_loaded,9,0,1,512,16384,0,0,42,6,900716545,374539904,54975.3751,22860.1016,2.4049,512,69
dsmem_loaded,9,0,1,512,16384,0,0,42,6,900707005,374535872,54974.7928,22859.8555,2.4049,512,70
dsmem_loaded,9,0,1,512,16384,0,0,42,6,900707007,374535872,54974.7929,22859.8555,2.4049,512,71
dsmem_loaded,9,0,1,512,16384,0,0,42,6,900713252,374538496,54975.1741,22860.0156,2.4049,512,72
dsmem_loaded,9,0,1,512,16384,0,0,42,6,900704377,374534816,54974.6324,22859.7910,2.4049,512,73
dsmem_loaded,9,0,1,512,16384,0,0,42,6,900707008,374535936,54974.7930,22859.8594,2.4049,512,74
dsmem_loaded,9,0,1,512,16384,0,0,42,6,900704377,374534848,54974.6324,22859.7930,2.4049,512,75
dsmem_loaded,9,0,1,512,16384,0,0,42,6,900704377,374534816,54974.6324,22859.7910,2.4049,512,76
dsmem_loaded,9,0,1,512,16384,0,0,42,6,900704378,374534784,54974.6324,22859.7891,2.4049,512,77
dsmem_loaded,9,0,1,512,16384,0,0,42,6,900704377,374534816,54974.6324,22859.7910,2.4049,512,78
dsmem_loaded,9,0,1,512,16384,0,0,42,6,900704377,374534816,54974.6324,22859.7910,2.4049,512,79
dsmem_loaded,9,0,1,512,16384,0,0,42,6,900704378,374534848,54974.6324,22859.7930,2.4049,512,80
dsmem_loaded,9,0,1,512,16384,0,0,42,6,900704377,374534848,54974.6324,22859.7930,2.4049,512,81
dsmem_loaded,9,0,1,512,16384,0,0,42,6,900704378,374534848,54974.6324,22859.7930,2.4049,512,82
dsmem_loaded,9,0,1,512,16384,0,0,42,6,900704377,374534816,54974.6324,22859.7910,2.4049,512,83
dsmem_loaded,9,0,1,512,16384,0,0,42,6,900704377,374534848,54974.6324,22859.7930,2.4049,512,84
dsmem_loaded,9,0,1,512,16384,0,0,42,6,900704377,374534816,54974.6324,22859.7910,2.4049,512,85
dsmem_loaded,9,0,1,512,16384,0,0,42,6,900706511,374535680,54974.7626,22859.8438,2.4049,512,86
dsmem_loaded,9,0,1,512,16384,0,0,42,6,900713128,374538464,54975.1665,22860.0137,2.4049,512,87
dsmem_loaded,9,0,1,512,16384,0,0,42,6,900709572,374536928,54974.9495,22859.9199,2.4049,512,88
dsmem_loaded,9,0,1,512,16384,0,0,42,6,900709812,374537056,54974.9641,22859.9277,2.4049,512,89
dsmem_loaded,9,0,1,512,16384,0,0,42,6,900704377,374534816,54974.6324,22859.7910,2.4049,512,90
dsmem_loaded,9,0,1,512,16384,0,0,42,6,900704378,374534816,54974.6324,22859.7910,2.4049,512,91
dsmem_loaded,9,0,1,512,16384,0,0,42,6,900704377,374534816,54974.6324,22859.7910,2.4049,512,92
dsmem_loaded,9,0,1,512,16384,0,0,42,6,900704378,374534816,54974.6324,22859.7910,2.4049,512,93
dsmem_loaded,9,0,1,512,16384,0,0,42,6,900704378,374534816,54974.6324,22859.7910,2.4049,512,94
dsmem_loaded,9,0,1,512,16384,0,0,42,6,900704377,374534816,54974.6324,22859.7910,2.4049,512,95
dsmem_loaded,9,0,1,512,16384,0,0,42,6,900704378,374534848,54974.6324,22859.7930,2.4049,512,96
dsmem_loaded,9,0,1,512,16384,0,0,42,6,900704378,374534784,54974.6324,22859.7891,2.4049,512,97
dsmem_loaded,9,0,1,512,16384,0,0,42,6,900704377,374534816,54974.6324,22859.7910,2.4049,512,98
dsmem_loaded,9,0,1,512,16384,0,0,42,6,900704377,374534816,54974.6324,22859.7910,2.4049,512,99
dsmem_loaded,9,0,1,512,16384,0,0,42,6,900704377,374534816,54974.6324,22859.7910,2.4049,512,100
dsmem_loaded,9,0,1,512,16384,0,0,42,6,900704377,374534816,54974.6324,22859.7910,2.4049,512,101
dsmem_loaded,9,0,1,512,16384,0,0,42,6,900706397,374535648,54974.7557,22859.8418,2.4049,512,102
dsmem_loaded,9,0,1,512,16384,0,0,42,6,900710058,374537152,54974.9791,22859.9336,2.4049,512,103
dsmem_loaded,9,0,1,512,16384,0,0,42,6,900706395,374535616,54974.7556,22859.8398,2.4049,512,104
dsmem_loaded,9,0,1,512,16384,0,0,42,6,900705783,374535424,54974.7182,22859.8281,2.4049,512,105
dsmem_loaded,9,0,1,512,16384,0,0,42,6,900704378,374534784,54974.6324,22859.7891,2.4049,512,106
dsmem_loaded,9,0,1,512,16384,0,0,42,6,900704378,374534848,54974.6324,22859.7930,2.4049,512,107
dsmem_loaded,9,0,1,512,16384,0,0,42,6,900704377,374534816,54974.6324,22859.7910,2.4049,512,108
dsmem_loaded,9,0,1,512,16384,0,0,42,6,900704377,374534816,54974.6324,22859.7910,2.4049,512,109
dsmem_loaded,9,0,1,512,16384,0,0,42,6,900704377,374534816,54974.6324,22859.7910,2.4049,512,110
dsmem_loaded,9,0,1,512,16384,0,0,42,6,900704377,374534816,54974.6324,22859.7910,2.4049,512,111
dsmem_loaded,9,0,1,512,16384,0,0,42,6,900704377,374534816,54974.6324,22859.7910,2.4049,512,112
dsmem_loaded,9,0,1,512,16384,0,0,42,6,900704377,374534816,54974.6324,22859.7910,2.4049,512,113
dsmem_loaded,9,0,1,512,16384,0,0,42,6,900704377,374534816,54974.6324,22859.7910,2.4049,512,114
dsmem_loaded,9,0,1,512,16384,0,0,42,6,900704377,374534816,54974.6324,22859.7910,2.4049,512,115
dsmem_loaded,9,0,1,512,16384,0,0,42,6,900720318,374541408,54975.6053,22860.1934,2.4049,512,116
dsmem_loaded,9,0,1,512,16384,0,0,42,6,900704378,374534848,54974.6324,22859.7930,2.4049,512,117
dsmem_loaded,9,0,1,512,16384,0,0,42,6,900713004,374538400,54975.1589,22860.0098,2.4049,512,118
dsmem_loaded,9,0,1,512,16384,0,0,42,6,900709695,374537024,54974.9570,22859.9258,2.4049,512,119
dsmem_loaded,9,0,1,512,16384,0,0,42,6,900704378,374534848,54974.6324,22859.7930,2.4049,512,120
dsmem_loaded,9,0,1,512,16384,0,0,42,6,900709331,374536864,54974.9348,22859.9160,2.4049,512,121
dsmem_loaded,9,0,1,512,16384,0,0,42,6,900704378,374534784,54974.6324,22859.7891,2.4049,512,122
dsmem_loaded,9,0,1,512,16384,0,0,42,6,900707128,374535936,54974.8003,22859.8594,2.4049,512,123
dsmem_loaded,9,0,1,512,16384,0,0,42,6,900704377,374534816,54974.6324,22859.7910,2.4049,512,124
dsmem_loaded,9,0,1,512,16384,0,0,42,6,900704377,374534816,54974.6324,22859.7910,2.4049,512,125
dsmem_loaded,9,0,1,512,16384,0,0,42,6,900704377,374534784,54974.6324,22859.7891,2.4049,512,126
dsmem_loaded,9,0,1,512,16384,0,0,42,6,900704377,374534784,54974.6324,22859.7891,2.4049,512,127
dsmem_loaded,9,0,1,512,16384,0,0,42,7,900684282,374527008,54973.4059,22859.3145,2.4049,512,0
dsmem_loaded,9,0,1,512,16384,0,0,42,7,900684281,374527008,54973.4058,22859.3145,2.4049,512,1
dsmem_loaded,9,0,1,512,16384,0,0,42,7,900684282,374527008,54973.4059,22859.3145,2.4049,512,2
dsmem_loaded,9,0,1,512,16384,0,0,42,7,900684282,374527008,54973.4059,22859.3145,2.4049,512,3
dsmem_loaded,9,0,1,512,16384,0,0,42,7,900686290,374527808,54973.5284,22859.3633,2.4049,512,4
dsmem_loaded,9,0,1,512,16384,0,0,42,7,900684281,374527008,54973.4058,22859.3145,2.4049,512,5
dsmem_loaded,9,0,1,512,16384,0,0,42,7,900685203,374527360,54973.4621,22859.3359,2.4049,512,6
dsmem_loaded,9,0,1,512,16384,0,0,42,7,900686788,374528032,54973.5588,22859.3770,2.4049,512,7
dsmem_loaded,9,0,1,512,16384,0,0,42,7,900684282,374527008,54973.4059,22859.3145,2.4049,512,8
dsmem_loaded,9,0,1,512,16384,0,0,42,7,900684282,374526976,54973.4059,22859.3125,2.4049,512,9
dsmem_loaded,9,0,1,512,16384,0,0,42,7,900684281,374526976,54973.4058,22859.3125,2.4049,512,10
dsmem_loaded,9,0,1,512,16384,0,0,42,7,900684281,374526976,54973.4058,22859.3125,2.4049,512,11
dsmem_loaded,9,0,1,512,16384,0,0,42,7,900684281,374527008,54973.4058,22859.3145,2.4049,512,12
dsmem_loaded,9,0,1,512,16384,0,0,42,7,900684281,374527008,54973.4058,22859.3145,2.4049,512,13
dsmem_loaded,9,0,1,512,16384,0,0,42,7,900684281,374526976,54973.4058,22859.3125,2.4049,512,14
dsmem_loaded,9,0,1,512,16384,0,0,42,7,900684281,374526976,54973.4058,22859.3125,2.4049,512,15
dsmem_loaded,9,0,1,512,16384,0,0,42,7,900684282,374527008,54973.4059,22859.3145,2.4049,512,16
dsmem_loaded,9,0,1,512,16384,0,0,42,7,900684282,374527040,54973.4059,22859.3164,2.4049,512,17
dsmem_loaded,9,0,1,512,16384,0,0,42,7,900684281,374527008,54973.4058,22859.3145,2.4049,512,18
dsmem_loaded,9,0,1,512,16384,0,0,42,7,900684281,374527008,54973.4058,22859.3145,2.4049,512,19
dsmem_loaded,9,0,1,512,16384,0,0,42,7,900690084,374529408,54973.7600,22859.4609,2.4049,512,20
dsmem_loaded,9,0,1,512,16384,0,0,42,7,900684281,374526976,54973.4058,22859.3125,2.4049,512,21
dsmem_loaded,9,0,1,512,16384,0,0,42,7,900685563,374527520,54973.4841,22859.3457,2.4049,512,22
dsmem_loaded,9,0,1,512,16384,0,0,42,7,900686294,374527808,54973.5287,22859.3633,2.4049,512,23
dsmem_loaded,9,0,1,512,16384,0,0,42,7,900684281,374527008,54973.4058,22859.3145,2.4049,512,24
dsmem_loaded,9,0,1,512,16384,0,0,42,7,900696938,374532256,54974.1783,22859.6348,2.4049,512,25
dsmem_loaded,9,0,1,512,16384,0,0,42,7,900684281,374527008,54973.4058,22859.3145,2.4049,512,26
dsmem_loaded,9,0,1,512,16384,0,0,42,7,900684281,374527008,54973.4058,22859.3145,2.4049,512,27
dsmem_loaded,9,0,1,512,16384,0,0,42,7,900684281,374526976,54973.4058,22859.3125,2.4049,512,28
dsmem_loaded,9,0,1,512,16384,0,0,42,7,900684281,374527008,54973.4058,22859.3145,2.4049,512,29
dsmem_loaded,9,0,1,512,16384,0,0,42,7,900684282,374526976,54973.4059,22859.3125,2.4049,512,30
dsmem_loaded,9,0,1,512,16384,0,0,42,7,900686665,374527968,54973.5513,22859.3730,2.4049,512,31
dsmem_loaded,9,0,1,512,16384,0,0,42,7,900684281,374527008,54973.4058,22859.3145,2.4049,512,32
dsmem_loaded,9,0,1,512,16384,0,0,42,7,900684281,374527008,54973.4058,22859.3145,2.4049,512,33
dsmem_loaded,9,0,1,512,16384,0,0,42,7,900684281,374527040,54973.4058,22859.3164,2.4049,512,34
dsmem_loaded,9,0,1,512,16384,0,0,42,7,900684282,374527008,54973.4059,22859.3145,2.4049,512,35
dsmem_loaded,9,0,1,512,16384,0,0,42,7,900684282,374526976,54973.4059,22859.3125,2.4049,512,36
dsmem_loaded,9,0,1,512,16384,0,0,42,7,900700713,374533824,54974.4088,22859.7305,2.4049,512,37
dsmem_loaded,9,0,1,512,16384,0,0,42,7,900690573,374529600,54973.7899,22859.4727,2.4049,512,38
dsmem_loaded,9,0,1,512,16384,0,0,42,7,900684281,374526976,54973.4058,22859.3125,2.4049,512,39
dsmem_loaded,9,0,1,512,16384,0,0,42,7,900684282,374526976,54973.4059,22859.3125,2.4049,512,40
dsmem_loaded,9,0,1,512,16384,0,0,42,7,900684282,374526976,54973.4059,22859.3125,2.4049,512,41
dsmem_loaded,9,0,1,512,16384,0,0,42,7,900684281,374526976,54973.4058,22859.3125,2.4049,512,42
dsmem_loaded,9,0,1,512,16384,0,0,42,7,900687029,374528128,54973.5735,22859.3828,2.4049,512,43
dsmem_loaded,9,0,1,512,16384,0,0,42,7,900696571,374532096,54974.1559,22859.6250,2.4049,512,44
dsmem_loaded,9,0,1,512,16384,0,0,42,7,900684282,374527008,54973.4059,22859.3145,2.4049,512,45
dsmem_loaded,9,0,1,512,16384,0,0,42,7,900684282,374527008,54973.4059,22859.3145,2.4049,512,46
dsmem_loaded,9,0,1,512,16384,0,0,42,7,900684281,374526976,54973.4058,22859.3125,2.4049,512,47
dsmem_loaded,9,0,1,512,16384,0,0,42,7,900684282,374527008,54973.4059,22859.3145,2.4049,512,48
dsmem_loaded,9,0,1,512,16384,0,0,42,7,900684281,374527008,54973.4058,22859.3145,2.4049,512,49
dsmem_loaded,9,0,1,512,16384,0,0,42,7,900684282,374527008,54973.4059,22859.3145,2.4049,512,50
dsmem_loaded,9,0,1,512,16384,0,0,42,7,900684281,374527008,54973.4058,22859.3145,2.4049,512,51
dsmem_loaded,9,0,1,512,16384,0,0,42,7,900684281,374527008,54973.4058,22859.3145,2.4049,512,52
dsmem_loaded,9,0,1,512,16384,0,0,42,7,900686530,374527936,54973.5431,22859.3711,2.4049,512,53
dsmem_loaded,9,0,1,512,16384,0,0,42,7,900685552,374527520,54973.4834,22859.3457,2.4049,512,54
dsmem_loaded,9,0,1,512,16384,0,0,42,7,900686772,374528032,54973.5579,22859.3770,2.4049,512,55
dsmem_loaded,9,0,1,512,16384,0,0,42,7,900703763,374535104,54974.5949,22859.8086,2.4049,512,56
dsmem_loaded,9,0,1,512,16384,0,0,42,7,900684282,374527008,54973.4059,22859.3145,2.4049,512,57
dsmem_loaded,9,0,1,512,16384,0,0,42,7,900684281,374527008,54973.4058,22859.3145,2.4049,512,58
dsmem_loaded,9,0,1,512,16384,0,0,42,7,900684282,374526976,54973.4059,22859.3125,2.4049,512,59
dsmem_loaded,9,0,1,512,16384,0,0,42,7,900684281,374527008,54973.4058,22859.3145,2.4049,512,60
dsmem_loaded,9,0,1,512,16384,0,0,42,7,900684281,374526976,54973.4058,22859.3125,2.4049,512,61
dsmem_loaded,9,0,1,512,16384,0,0,42,7,900684281,374526976,54973.4058,22859.3125,2.4049,512,62
dsmem_loaded,9,0,1,512,16384,0,0,42,7,900684281,374526976,54973.4058,22859.3125,2.4049,512,63
dsmem_loaded,9,0,1,512,16384,0,0,42,7,900684282,374527008,54973.4059,22859.3145,2.4049,512,64
dsmem_loaded,9,0,1,512,16384,0,0,42,7,900684282,374527008,54973.4059,22859.3145,2.4049,512,65
dsmem_loaded,9,0,1,512,16384,0,0,42,7,900684282,374527040,54973.4059,22859.3164,2.4049,512,66
dsmem_loaded,9,0,1,512,16384,0,0,42,7,900684281,374526976,54973.4058,22859.3125,2.4049,512,67
dsmem_loaded,9,0,1,512,16384,0,0,42,7,900684281,374527008,54973.4058,22859.3145,2.4049,512,68
dsmem_loaded,9,0,1,512,16384,0,0,42,7,900697052,374532288,54974.1853,22859.6367,2.4049,512,69
dsmem_loaded,9,0,1,512,16384,0,0,42,7,900684281,374527008,54973.4058,22859.3145,2.4049,512,70
dsmem_loaded,9,0,1,512,16384,0,0,42,7,900684282,374527008,54973.4059,22859.3145,2.4049,512,71
dsmem_loaded,9,0,1,512,16384,0,0,42,7,900689719,374529280,54973.7377,22859.4531,2.4049,512,72
dsmem_loaded,9,0,1,512,16384,0,0,42,7,900684281,374527008,54973.4058,22859.3145,2.4049,512,73
dsmem_loaded,9,0,1,512,16384,0,0,42,7,900689234,374529056,54973.7081,22859.4395,2.4049,512,74
dsmem_loaded,9,0,1,512,16384,0,0,42,7,900693641,374530912,54973.9771,22859.5527,2.4049,512,75
dsmem_loaded,9,0,1,512,16384,0,0,42,7,900684281,374527008,54973.4058,22859.3145,2.4049,512,76
dsmem_loaded,9,0,1,512,16384,0,0,42,7,900684281,374527008,54973.4058,22859.3145,2.4049,512,77
dsmem_loaded,9,0,1,512,16384,0,0,42,7,900684281,374526976,54973.4058,22859.3125,2.4049,512,78
dsmem_loaded,9,0,1,512,16384,0,0,42,7,900684282,374527008,54973.4059,22859.3145,2.4049,512,79
dsmem_loaded,9,0,1,512,16384,0,0,42,7,900684281,374527008,54973.4058,22859.3145,2.4049,512,80
dsmem_loaded,9,0,1,512,16384,0,0,42,7,900684281,374527040,54973.4058,22859.3164,2.4049,512,81
dsmem_loaded,9,0,1,512,16384,0,0,42,7,900684282,374527008,54973.4059,22859.3145,2.4049,512,82
dsmem_loaded,9,0,1,512,16384,0,0,42,7,900684282,374527040,54973.4059,22859.3164,2.4049,512,83
dsmem_loaded,9,0,1,512,16384,0,0,42,7,900689821,374529312,54973.7440,22859.4551,2.4049,512,84
dsmem_loaded,9,0,1,512,16384,0,0,42,7,900694359,374531168,54974.0209,22859.5684,2.4049,512,85
dsmem_loaded,9,0,1,512,16384,0,0,42,7,900697294,374532416,54974.2001,22859.6445,2.4049,512,86
dsmem_loaded,9,0,1,512,16384,0,0,42,7,900689343,374529120,54973.7148,22859.4434,2.4049,512,87
dsmem_loaded,9,0,1,512,16384,0,0,42,7,900684282,374527008,54973.4059,22859.3145,2.4049,512,88
dsmem_loaded,9,0,1,512,16384,0,0,42,7,900684281,374526976,54973.4058,22859.3125,2.4049,512,89
dsmem_loaded,9,0,1,512,16384,0,0,42,7,900684281,374527008,54973.4058,22859.3145,2.4049,512,90
dsmem_loaded,9,0,1,512,16384,0,0,42,7,900684281,374527008,54973.4058,22859.3145,2.4049,512,91
dsmem_loaded,9,0,1,512,16384,0,0,42,7,900684281,374527008,54973.4058,22859.3145,2.4049,512,92
dsmem_loaded,9,0,1,512,16384,0,0,42,7,900684282,374526976,54973.4059,22859.3125,2.4049,512,93
dsmem_loaded,9,0,1,512,16384,0,0,42,7,900684281,374527008,54973.4058,22859.3145,2.4049,512,94
dsmem_loaded,9,0,1,512,16384,0,0,42,7,900684281,374526976,54973.4058,22859.3125,2.4049,512,95
dsmem_loaded,9,0,1,512,16384,0,0,42,7,900684281,374527040,54973.4058,22859.3164,2.4049,512,96
dsmem_loaded,9,0,1,512,16384,0,0,42,7,900684281,374527008,54973.4058,22859.3145,2.4049,512,97
dsmem_loaded,9,0,1,512,16384,0,0,42,7,900684282,374527040,54973.4059,22859.3164,2.4049,512,98
dsmem_loaded,9,0,1,512,16384,0,0,42,7,900684281,374527008,54973.4058,22859.3145,2.4049,512,99
dsmem_loaded,9,0,1,512,16384,0,0,42,7,900696194,374531936,54974.1329,22859.6152,2.4049,512,100
dsmem_loaded,9,0,1,512,16384,0,0,42,7,900693504,374530848,54973.9688,22859.5488,2.4049,512,101
dsmem_loaded,9,0,1,512,16384,0,0,42,7,900684281,374526976,54973.4058,22859.3125,2.4049,512,102
dsmem_loaded,9,0,1,512,16384,0,0,42,7,900693982,374531040,54973.9979,22859.5605,2.4049,512,103
dsmem_loaded,9,0,1,512,16384,0,0,42,7,900684281,374526976,54973.4058,22859.3125,2.4049,512,104
dsmem_loaded,9,0,1,512,16384,0,0,42,7,900684282,374526976,54973.4059,22859.3125,2.4049,512,105
dsmem_loaded,9,0,1,512,16384,0,0,42,7,900691048,374529824,54973.8188,22859.4863,2.4049,512,106
dsmem_loaded,9,0,1,512,16384,0,0,42,7,900684281,374527008,54973.4058,22859.3145,2.4049,512,107
dsmem_loaded,9,0,1,512,16384,0,0,42,7,900684282,374526976,54973.4059,22859.3125,2.4049,512,108
dsmem_loaded,9,0,1,512,16384,0,0,42,7,900684282,374526976,54973.4059,22859.3125,2.4049,512,109
dsmem_loaded,9,0,1,512,16384,0,0,42,7,900684281,374527008,54973.4058,22859.3145,2.4049,512,110
dsmem_loaded,9,0,1,512,16384,0,0,42,7,900684282,374527008,54973.4059,22859.3145,2.4049,512,111
dsmem_loaded,9,0,1,512,16384,0,0,42,7,900684281,374527008,54973.4058,22859.3145,2.4049,512,112
dsmem_loaded,9,0,1,512,16384,0,0,42,7,900684281,374527008,54973.4058,22859.3145,2.4049,512,113
dsmem_loaded,9,0,1,512,16384,0,0,42,7,900684282,374527008,54973.4059,22859.3145,2.4049,512,114
dsmem_loaded,9,0,1,512,16384,0,0,42,7,900684282,374527040,54973.4059,22859.3164,2.4049,512,115
dsmem_loaded,9,0,1,512,16384,0,0,42,7,900696071,374531904,54974.1254,22859.6133,2.4049,512,116
dsmem_loaded,9,0,1,512,16384,0,0,42,7,900684281,374526976,54973.4058,22859.3125,2.4049,512,117
dsmem_loaded,9,0,1,512,16384,0,0,42,7,900697399,374532480,54974.2065,22859.6484,2.4049,512,118
dsmem_loaded,9,0,1,512,16384,0,0,42,7,900684281,374526976,54973.4058,22859.3125,2.4049,512,119
dsmem_loaded,9,0,1,512,16384,0,0,42,7,900684281,374526976,54973.4058,22859.3125,2.4049,512,120
dsmem_loaded,9,0,1,512,16384,0,0,42,7,900693138,374530688,54973.9464,22859.5391,2.4049,512,121
dsmem_loaded,9,0,1,512,16384,0,0,42,7,900684281,374526976,54973.4058,22859.3125,2.4049,512,122
dsmem_loaded,9,0,1,512,16384,0,0,42,7,900699729,374533408,54974.3487,22859.7051,2.4049,512,123
dsmem_loaded,9,0,1,512,16384,0,0,42,7,900684282,374527008,54973.4059,22859.3145,2.4049,512,124
dsmem_loaded,9,0,1,512,16384,0,0,42,7,900684282,374526976,54973.4059,22859.3125,2.4049,512,125
dsmem_loaded,9,0,1,512,16384,0,0,42,7,900684281,374527008,54973.4058,22859.3145,2.4049,512,126
dsmem_loaded,9,0,1,512,16384,0,0,42,7,900684281,374526976,54973.4058,22859.3125,2.4049,512,127
dsmem_loaded,9,0,1,512,16384,0,0,42,8,900671610,374521664,54972.6324,22858.9883,2.4049,512,0
dsmem_loaded,9,0,1,512,16384,0,0,42,8,900671609,374521664,54972.6324,22858.9883,2.4049,512,1
dsmem_loaded,9,0,1,512,16384,0,0,42,8,900671610,374521632,54972.6324,22858.9863,2.4049,512,2
dsmem_loaded,9,0,1,512,16384,0,0,42,8,900671609,374521632,54972.6324,22858.9863,2.4049,512,3
dsmem_loaded,9,0,1,512,16384,0,0,42,8,900680722,374525472,54973.1886,22859.2207,2.4049,512,4
dsmem_loaded,9,0,1,512,16384,0,0,42,8,900676067,374523488,54972.9045,22859.0996,2.4049,512,5
dsmem_loaded,9,0,1,512,16384,0,0,42,8,900671609,374521664,54972.6324,22858.9883,2.4049,512,6
dsmem_loaded,9,0,1,512,16384,0,0,42,8,900671609,374521664,54972.6324,22858.9883,2.4049,512,7
dsmem_loaded,9,0,1,512,16384,0,0,42,8,900671609,374521664,54972.6324,22858.9883,2.4049,512,8
dsmem_loaded,9,0,1,512,16384,0,0,42,8,900674231,374522752,54972.7924,22859.0547,2.4049,512,9
dsmem_loaded,9,0,1,512,16384,0,0,42,8,900673990,374522656,54972.7777,22859.0488,2.4049,512,10
dsmem_loaded,9,0,1,512,16384,0,0,42,8,900674470,374522848,54972.8070,22859.0605,2.4049,512,11
dsmem_loaded,9,0,1,512,16384,0,0,42,8,900671609,374521664,54972.6324,22858.9883,2.4049,512,12
dsmem_loaded,9,0,1,512,16384,0,0,42,8,900671610,374521664,54972.6324,22858.9883,2.4049,512,13
dsmem_loaded,9,0,1,512,16384,0,0,42,8,900671610,374521664,54972.6324,22858.9883,2.4049,512,14
dsmem_loaded,9,0,1,512,16384,0,0,42,8,900671610,374521632,54972.6324,22858.9863,2.4049,512,15
dsmem_loaded,9,0,1,512,16384,0,0,42,8,900671609,374521632,54972.6324,22858.9863,2.4049,512,16
dsmem_loaded,9,0,1,512,16384,0,0,42,8,900671609,374521632,54972.6324,22858.9863,2.4049,512,17
dsmem_loaded,9,0,1,512,16384,0,0,42,8,900671609,374521632,54972.6324,22858.9863,2.4049,512,18
dsmem_loaded,9,0,1,512,16384,0,0,42,8,900671610,374521664,54972.6324,22858.9883,2.4049,512,19
dsmem_loaded,9,0,1,512,16384,0,0,42,8,900674095,374522688,54972.7841,22859.0508,2.4049,512,20
dsmem_loaded,9,0,1,512,16384,0,0,42,8,900674102,374522688,54972.7845,22859.0508,2.4049,512,21
dsmem_loaded,9,0,1,512,16384,0,0,42,8,900671610,374521664,54972.6324,22858.9883,2.4049,512,22
dsmem_loaded,9,0,1,512,16384,0,0,42,8,900673862,374522592,54972.7699,22859.0449,2.4049,512,23
dsmem_loaded,9,0,1,512,16384,0,0,42,8,900671610,374521664,54972.6324,22858.9883,2.4049,512,24
dsmem_loaded,9,0,1,512,16384,0,0,42,8,900677155,374523968,54972.9709,22859.1289,2.4049,512,25
dsmem_loaded,9,0,1,512,16384,0,0,42,8,900681317,374525696,54973.2249,22859.2344,2.4049,512,26
dsmem_loaded,9,0,1,512,16384,0,0,42,8,900671609,374521664,54972.6324,22858.9883,2.4049,512,27
dsmem_loaded,9,0,1,512,16384,0,0,42,8,900671609,374521664,54972.6324,22858.9883,2.4049,512,28
dsmem_loaded,9,0,1,512,16384,0,0,42,8,900671609,374521664,54972.6324,22858.9883,2.4049,512,29
dsmem_loaded,9,0,1,512,16384,0,0,42,8,900671609,374521664,54972.6324,22858.9883,2.4049,512,30
dsmem_loaded,9,0,1,512,16384,0,0,42,8,900671609,374521664,54972.6324,22858.9883,2.4049,512,31
dsmem_loaded,9,0,1,512,16384,0,0,42,8,900671610,374521632,54972.6324,22858.9863,2.4049,512,32
dsmem_loaded,9,0,1,512,16384,0,0,42,8,900671609,374521632,54972.6324,22858.9863,2.4049,512,33
dsmem_loaded,9,0,1,512,16384,0,0,42,8,900671610,374521664,54972.6324,22858.9883,2.4049,512,34
dsmem_loaded,9,0,1,512,16384,0,0,42,8,900671609,374521632,54972.6324,22858.9863,2.4049,512,35
dsmem_loaded,9,0,1,512,16384,0,0,42,8,900684497,374527040,54973.4190,22859.3164,2.4049,512,36
dsmem_loaded,9,0,1,512,16384,0,0,42,8,900671610,374521664,54972.6324,22858.9883,2.4049,512,37
dsmem_loaded,9,0,1,512,16384,0,0,42,8,900673381,374522400,54972.7405,22859.0332,2.4049,512,38
dsmem_loaded,9,0,1,512,16384,0,0,42,8,900673620,374522528,54972.7551,22859.0410,2.4049,512,39
dsmem_loaded,9,0,1,512,16384,0,0,42,8,900671609,374521664,54972.6324,22858.9883,2.4049,512,40
dsmem_loaded,9,0,1,512,16384,0,0,42,8,900677532,374524128,54972.9939,22859.1387,2.4049,512,41
dsmem_loaded,9,0,1,512,16384,0,0,42,8,900671609,374521664,54972.6324,22858.9883,2.4049,512,42
dsmem_loaded,9,0,1,512,16384,0,0,42,8,900671610,374521664,54972.6324,22858.9883,2.4049,512,43
dsmem_loaded,9,0,1,512,16384,0,0,42,8,900671610,374521664,54972.6324,22858.9883,2.4049,512,44
dsmem_loaded,9,0,1,512,16384,0,0,42,8,900671610,374521664,54972.6324,22858.9883,2.4049,512,45
dsmem_loaded,9,0,1,512,16384,0,0,42,8,900671609,374521664,54972.6324,22858.9883,2.4049,512,46
dsmem_loaded,9,0,1,512,16384,0,0,42,8,900671609,374521664,54972.6324,22858.9883,2.4049,512,47
dsmem_loaded,9,0,1,512,16384,0,0,42,8,900671610,374521632,54972.6324,22858.9863,2.4049,512,48
dsmem_loaded,9,0,1,512,16384,0,0,42,8,900671609,374521664,54972.6324,22858.9883,2.4049,512,49
dsmem_loaded,9,0,1,512,16384,0,0,42,8,900671610,374521664,54972.6324,22858.9883,2.4049,512,50
dsmem_loaded,9,0,1,512,16384,0,0,42,8,900671609,374521664,54972.6324,22858.9883,2.4049,512,51
dsmem_loaded,9,0,1,512,16384,0,0,42,8,900671610,374521632,54972.6324,22858.9863,2.4049,512,52
dsmem_loaded,9,0,1,512,16384,0,0,42,8,900671610,374521664,54972.6324,22858.9883,2.4049,512,53
dsmem_loaded,9,0,1,512,16384,0,0,42,8,900680240,374525280,54973.1592,22859.2090,2.4049,512,54
dsmem_loaded,9,0,1,512,16384,0,0,42,8,900673497,374522464,54972.7476,22859.0371,2.4049,512,55
dsmem_loaded,9,0,1,512,16384,0,0,42,8,900677042,374523936,54972.9640,22859.1270,2.4049,512,56
dsmem_loaded,9,0,1,512,16384,0,0,42,8,900677287,374524032,54972.9789,22859.1328,2.4049,512,57
dsmem_loaded,9,0,1,512,16384,0,0,42,8,900671609,374521664,54972.6324,22858.9883,2.4049,512,58
dsmem_loaded,9,0,1,512,16384,0,0,42,8,900680963,374525536,54973.2033,22859.2246,2.4049,512,59
dsmem_loaded,9,0,1,512,16384,0,0,42,8,900671609,374521664,54972.6324,22858.9883,2.4049,512,60
dsmem_loaded,9,0,1,512,16384,0,0,42,8,900671609,374521664,54972.6324,22858.9883,2.4049,512,61
dsmem_loaded,9,0,1,512,16384,0,0,42,8,900671609,374521664,54972.6324,22858.9883,2.4049,512,62
dsmem_loaded,9,0,1,512,16384,0,0,42,8,900671610,374521664,54972.6324,22858.9883,2.4049,512,63
dsmem_loaded,9,0,1,512,16384,0,0,42,8,900671610,374521632,54972.6324,22858.9863,2.4049,512,64
dsmem_loaded,9,0,1,512,16384,0,0,42,8,900671610,374521664,54972.6324,22858.9883,2.4049,512,65
dsmem_loaded,9,0,1,512,16384,0,0,42,8,900671609,374521696,54972.6324,22858.9902,2.4049,512,66
dsmem_loaded,9,0,1,512,16384,0,0,42,8,900671610,374521632,54972.6324,22858.9863,2.4049,512,67
dsmem_loaded,9,0,1,512,16384,0,0,42,8,900671610,374521696,54972.6324,22858.9902,2.4049,512,68
dsmem_loaded,9,0,1,512,16384,0,0,42,8,900680467,374525376,54973.1730,22859.2148,2.4049,512,69
dsmem_loaded,9,0,1,512,16384,0,0,42,8,900675940,374523456,54972.8967,22859.0977,2.4049,512,70
dsmem_loaded,9,0,1,512,16384,0,0,42,8,900671609,374521664,54972.6324,22858.9883,2.4049,512,71
dsmem_loaded,9,0,1,512,16384,0,0,42,8,900681188,374525664,54973.2170,22859.2324,2.4049,512,72
dsmem_loaded,9,0,1,512,16384,0,0,42,8,900671609,374521632,54972.6324,22858.9863,2.4049,512,73
dsmem_loaded,9,0,1,512,16384,0,0,42,8,900673865,374522624,54972.7701,22859.0469,2.4049,512,74
dsmem_loaded,9,0,1,512,16384,0,0,42,8,900677041,374523936,54972.9639,22859.1270,2.4049,512,75
dsmem_loaded,9,0,1,512,16384,0,0,42,8,900671610,374521632,54972.6324,22858.9863,2.4049,512,76
dsmem_loaded,9,0,1,512,16384,0,0,42,8,900671609,374521664,54972.6324,22858.9883,2.4049,512,77
dsmem_loaded,9,0,1,512,16384,0,0,42,8,900671610,374521664,54972.6324,22858.9883,2.4049,512,78
dsmem_loaded,9,0,1,512,16384,0,0,42,8,900671609,374521664,54972.6324,22858.9883,2.4049,512,79
dsmem_loaded,9,0,1,512,16384,0,0,42,8,900671610,374521664,54972.6324,22858.9883,2.4049,512,80
dsmem_loaded,9,0,1,512,16384,0,0,42,8,900671609,374521664,54972.6324,22858.9883,2.4049,512,81
dsmem_loaded,9,0,1,512,16384,0,0,42,8,900671609,374521632,54972.6324,22858.9863,2.4049,512,82
dsmem_loaded,9,0,1,512,16384,0,0,42,8,900671609,374521664,54972.6324,22858.9883,2.4049,512,83
dsmem_loaded,9,0,1,512,16384,0,0,42,8,900671609,374521664,54972.6324,22858.9883,2.4049,512,84
dsmem_loaded,9,0,1,512,16384,0,0,42,8,900681930,374525952,54973.2623,22859.2500,2.4049,512,85
dsmem_loaded,9,0,1,512,16384,0,0,42,8,900677409,374524096,54972.9864,22859.1367,2.4049,512,86
dsmem_loaded,9,0,1,512,16384,0,0,42,8,900673992,374522656,54972.7778,22859.0488,2.4049,512,87
dsmem_loaded,9,0,1,512,16384,0,0,42,8,900671609,374521664,54972.6324,22858.9883,2.4049,512,88
dsmem_loaded,9,0,1,512,16384,0,0,42,8,900671610,374521664,54972.6324,22858.9883,2.4049,512,89
dsmem_loaded,9,0,1,512,16384,0,0,42,8,900671610,374521632,54972.6324,22858.9863,2.4049,512,90
dsmem_loaded,9,0,1,512,16384,0,0,42,8,900671610,374521664,54972.6324,22858.9883,2.4049,512,91
dsmem_loaded,9,0,1,512,16384,0,0,42,8,900676933,374523872,54972.9573,22859.1230,2.4049,512,92
dsmem_loaded,9,0,1,512,16384,0,0,42,8,900671609,374521664,54972.6324,22858.9883,2.4049,512,93
dsmem_loaded,9,0,1,512,16384,0,0,42,8,900671609,374521664,54972.6324,22858.9883,2.4049,512,94
dsmem_loaded,9,0,1,512,16384,0,0,42,8,900671609,374521664,54972.6324,22858.9883,2.4049,512,95
dsmem_loaded,9,0,1,512,16384,0,0,42,8,900671610,374521632,54972.6324,22858.9863,2.4049,512,96
dsmem_loaded,9,0,1,512,16384,0,0,42,8,900671609,374521632,54972.6324,22858.9863,2.4049,512,97
dsmem_loaded,9,0,1,512,16384,0,0,42,8,900671610,374521632,54972.6324,22858.9863,2.4049,512,98
dsmem_loaded,9,0,1,512,16384,0,0,42,8,900671609,374521664,54972.6324,22858.9883,2.4049,512,99
dsmem_loaded,9,0,1,512,16384,0,0,42,8,900673499,374522432,54972.7477,22859.0352,2.4049,512,100
dsmem_loaded,9,0,1,512,16384,0,0,42,8,900681434,374525760,54973.2321,22859.2383,2.4049,512,101
dsmem_loaded,9,0,1,512,16384,0,0,42,8,900671610,374521664,54972.6324,22858.9883,2.4049,512,102
dsmem_loaded,9,0,1,512,16384,0,0,42,8,900673494,374522464,54972.7474,22859.0371,2.4049,512,103
dsmem_loaded,9,0,1,512,16384,0,0,42,8,900671609,374521664,54972.6324,22858.9883,2.4049,512,104
dsmem_loaded,9,0,1,512,16384,0,0,42,8,900671609,374521664,54972.6324,22858.9883,2.4049,512,105
dsmem_loaded,9,0,1,512,16384,0,0,42,8,900671609,374521664,54972.6324,22858.9883,2.4049,512,106
dsmem_loaded,9,0,1,512,16384,0,0,42,8,900671609,374521664,54972.6324,22858.9883,2.4049,512,107
dsmem_loaded,9,0,1,512,16384,0,0,42,8,900671609,374521664,54972.6324,22858.9883,2.4049,512,108
dsmem_loaded,9,0,1,512,16384,0,0,42,8,900678254,374524448,54973.0380,22859.1582,2.4049,512,109
dsmem_loaded,9,0,1,512,16384,0,0,42,8,900671610,374521664,54972.6324,22858.9883,2.4049,512,110
dsmem_loaded,9,0,1,512,16384,0,0,42,8,900671610,374521664,54972.6324,22858.9883,2.4049,512,111
dsmem_loaded,9,0,1,512,16384,0,0,42,8,900671609,374521664,54972.6324,22858.9883,2.4049,512,112
dsmem_loaded,9,0,1,512,16384,0,0,42,8,900671609,374521632,54972.6324,22858.9863,2.4049,512,113
dsmem_loaded,9,0,1,512,16384,0,0,42,8,900671609,374521632,54972.6324,22858.9863,2.4049,512,114
dsmem_loaded,9,0,1,512,16384,0,0,42,8,900671610,374521664,54972.6324,22858.9883,2.4049,512,115
dsmem_loaded,9,0,1,512,16384,0,0,42,8,900674220,374522752,54972.7917,22859.0547,2.4049,512,116
dsmem_loaded,9,0,1,512,16384,0,0,42,8,900676793,374523808,54972.9488,22859.1191,2.4049,512,117
dsmem_loaded,9,0,1,512,16384,0,0,42,8,900671610,374521664,54972.6324,22858.9883,2.4049,512,118
dsmem_loaded,9,0,1,512,16384,0,0,42,8,900679733,374525056,54973.1282,22859.1953,2.4049,512,119
dsmem_loaded,9,0,1,512,16384,0,0,42,8,900676919,374523872,54972.9565,22859.1230,2.4049,512,120
dsmem_loaded,9,0,1,512,16384,0,0,42,8,900671610,374521664,54972.6324,22858.9883,2.4049,512,121
dsmem_loaded,9,0,1,512,16384,0,0,42,8,900676669,374523776,54972.9412,22859.1172,2.4049,512,122
dsmem_loaded,9,0,1,512,16384,0,0,42,8,900671609,374521664,54972.6324,22858.9883,2.4049,512,123
dsmem_loaded,9,0,1,512,16384,0,0,42,8,900671610,374521664,54972.6324,22858.9883,2.4049,512,124
dsmem_loaded,9,0,1,512,16384,0,0,42,8,900671609,374521664,54972.6324,22858.9883,2.4049,512,125
dsmem_loaded,9,0,1,512,16384,0,0,42,8,900671609,374521632,54972.6324,22858.9863,2.4049,512,126
dsmem_loaded,9,0,1,512,16384,0,0,42,8,900671609,374521664,54972.6324,22858.9883,2.4049,512,127
dsmem_loaded,9,0,1,512,16384,0,0,42,9,900676217,374523200,54972.9136,22859.0820,2.4049,512,0
dsmem_loaded,9,0,1,512,16384,0,0,42,9,900676218,374523200,54972.9137,22859.0820,2.4049,512,1
dsmem_loaded,9,0,1,512,16384,0,0,42,9,900676217,374523232,54972.9136,22859.0840,2.4049,512,2
dsmem_loaded,9,0,1,512,16384,0,0,42,9,900676217,374523232,54972.9136,22859.0840,2.4049,512,3
dsmem_loaded,9,0,1,512,16384,0,0,42,9,900681769,374525504,54973.2525,22859.2227,2.4049,512,4
dsmem_loaded,9,0,1,512,16384,0,0,42,9,900676217,374523232,54972.9136,22859.0840,2.4049,512,5
dsmem_loaded,9,0,1,512,16384,0,0,42,9,900677127,374523584,54972.9692,22859.1055,2.4049,512,6
dsmem_loaded,9,0,1,512,16384,0,0,42,9,900677975,374523936,54973.0209,22859.1270,2.4049,512,7
dsmem_loaded,9,0,1,512,16384,0,0,42,9,900678105,374524000,54973.0289,22859.1309,2.4049,512,8
dsmem_loaded,9,0,1,512,16384,0,0,42,9,900681409,374525376,54973.2305,22859.2148,2.4049,512,9
dsmem_loaded,9,0,1,512,16384,0,0,42,9,900676218,374523200,54972.9137,22859.0820,2.4049,512,10
dsmem_loaded,9,0,1,512,16384,0,0,42,9,900676218,374523200,54972.9137,22859.0820,2.4049,512,11
dsmem_loaded,9,0,1,512,16384,0,0,42,9,900676217,374523232,54972.9136,22859.0840,2.4049,512,12
dsmem_loaded,9,0,1,512,16384,0,0,42,9,900676217,374523232,54972.9136,22859.0840,2.4049,512,13
dsmem_loaded,9,0,1,512,16384,0,0,42,9,900676218,374523200,54972.9137,22859.0820,2.4049,512,14
dsmem_loaded,9,0,1,512,16384,0,0,42,9,900676217,374523232,54972.9136,22859.0840,2.4049,512,15
dsmem_loaded,9,0,1,512,16384,0,0,42,9,900676217,374523200,54972.9136,22859.0820,2.4049,512,16
dsmem_loaded,9,0,1,512,16384,0,0,42,9,900676218,374523232,54972.9137,22859.0840,2.4049,512,17
dsmem_loaded,9,0,1,512,16384,0,0,42,9,900676217,374523232,54972.9136,22859.0840,2.4049,512,18
dsmem_loaded,9,0,1,512,16384,0,0,42,9,900676218,374523200,54972.9137,22859.0820,2.4049,512,19
dsmem_loaded,9,0,1,512,16384,0,0,42,9,900676217,374523232,54972.9136,22859.0840,2.4049,512,20
dsmem_loaded,9,0,1,512,16384,0,0,42,9,900677625,374523776,54972.9996,22859.1172,2.4049,512,21
dsmem_loaded,9,0,1,512,16384,0,0,42,9,900676217,374523200,54972.9136,22859.0820,2.4049,512,22
dsmem_loaded,9,0,1,512,16384,0,0,42,9,900695098,374531040,54974.0660,22859.5605,2.4049,512,23
dsmem_loaded,9,0,1,512,16384,0,0,42,9,900685690,374527168,54973.4918,22859.3242,2.4049,512,24
dsmem_loaded,9,0,1,512,16384,0,0,42,9,900676217,374523200,54972.9136,22859.0820,2.4049,512,25
dsmem_loaded,9,0,1,512,16384,0,0,42,9,900677502,374523744,54972.9921,22859.1152,2.4049,512,26
dsmem_loaded,9,0,1,512,16384,0,0,42,9,900676217,374523232,54972.9136,22859.0840,2.4049,512,27
dsmem_loaded,9,0,1,512,16384,0,0,42,9,900676218,374523232,54972.9137,22859.0840,2.4049,512,28
dsmem_loaded,9,0,1,512,16384,0,0,42,9,900676217,374523232,54972.9136,22859.0840,2.4049,512,29
dsmem_loaded,9,0,1,512,16384,0,0,42,9,900676218,374523232,54972.9137,22859.0840,2.4049,512,30
dsmem_loaded,9,0,1,512,16384,0,0,42,9,900676217,374523232,54972.9136,22859.0840,2.4049,512,31
dsmem_loaded,9,0,1,512,16384,0,0,42,9,900676217,374523232,54972.9136,22859.0840,2.4049,512,32
dsmem_loaded,9,0,1,512,16384,0,0,42,9,900676217,374523232,54972.9136,22859.0840,2.4049,512,33
dsmem_loaded,9,0,1,512,16384,0,0,42,9,900676218,374523200,54972.9137,22859.0820,2.4049,512,34
dsmem_loaded,9,0,1,512,16384,0,0,42,9,900676217,374523200,54972.9136,22859.0820,2.4049,512,35
dsmem_loaded,9,0,1,512,16384,0,0,42,9,900676218,374523200,54972.9137,22859.0820,2.4049,512,36
dsmem_loaded,9,0,1,512,16384,0,0,42,9,900676218,374523200,54972.9137,22859.0820,2.4049,512,37
dsmem_loaded,9,0,1,512,16384,0,0,42,9,900682750,374525920,54973.3124,22859.2480,2.4049,512,38
dsmem_loaded,9,0,1,512,16384,0,0,42,9,900686052,374527296,54973.5139,22859.3320,2.4049,512,39
dsmem_loaded,9,0,1,512,16384,0,0,42,9,900684833,374526784,54973.4395,22859.3008,2.4049,512,40
dsmem_loaded,9,0,1,512,16384,0,0,42,9,900681525,374525408,54973.2376,22859.2168,2.4049,512,41
dsmem_loaded,9,0,1,512,16384,0,0,42,9,900676217,374523232,54972.9136,22859.0840,2.4049,512,42
dsmem_loaded,9,0,1,512,16384,0,0,42,9,900676218,374523232,54972.9137,22859.0840,2.4049,512,43
dsmem_loaded,9,0,1,512,16384,0,0,42,9,900676218,374523200,54972.9137,22859.0820,2.4049,512,44
dsmem_loaded,9,0,1,512,16384,0,0,42,9,900676217,374523200,54972.9136,22859.0820,2.4049,512,45
dsmem_loaded,9,0,1,512,16384,0,0,42,9,900676217,374523232,54972.9136,22859.0840,2.4049,512,46
dsmem_loaded,9,0,1,512,16384,0,0,42,9,900676217,374523264,54972.9136,22859.0859,2.4049,512,47
dsmem_loaded,9,0,1,512,16384,0,0,42,9,900676217,374523232,54972.9136,22859.0840,2.4049,512,48
dsmem_loaded,9,0,1,512,16384,0,0,42,9,900676217,374523232,54972.9136,22859.0840,2.4049,512,49
dsmem_loaded,9,0,1,512,16384,0,0,42,9,900676218,374523200,54972.9137,22859.0820,2.4049,512,50
dsmem_loaded,9,0,1,512,16384,0,0,42,9,900676217,374523232,54972.9136,22859.0840,2.4049,512,51
dsmem_loaded,9,0,1,512,16384,0,0,42,9,900676217,374523168,54972.9136,22859.0801,2.4049,512,52
dsmem_loaded,9,0,1,512,16384,0,0,42,9,900676217,374523232,54972.9136,22859.0840,2.4049,512,53
dsmem_loaded,9,0,1,512,16384,0,0,42,9,900676217,374523232,54972.9136,22859.0840,2.4049,512,54
dsmem_loaded,9,0,1,512,16384,0,0,42,9,900676217,374523232,54972.9136,22859.0840,2.4049,512,55
dsmem_loaded,9,0,1,512,16384,0,0,42,9,900676218,374523232,54972.9137,22859.0840,2.4049,512,56
dsmem_loaded,9,0,1,512,16384,0,0,42,9,900679556,374524608,54973.1174,22859.1680,2.4049,512,57
dsmem_loaded,9,0,1,512,16384,0,0,42,9,900678094,374524032,54973.0282,22859.1328,2.4049,512,58
dsmem_loaded,9,0,1,512,16384,0,0,42,9,900685547,374527104,54973.4831,22859.3203,2.4049,512,59
dsmem_loaded,9,0,1,512,16384,0,0,42,9,900684700,374526752,54973.4314,22859.2988,2.4049,512,60
dsmem_loaded,9,0,1,512,16384,0,0,42,9,900678704,374524192,54973.0654,22859.1426,2.4049,512,61
dsmem_loaded,9,0,1,512,16384,0,0,42,9,900676217,374523232,54972.9136,22859.0840,2.4049,512,62
dsmem_loaded,9,0,1,512,16384,0,0,42,9,900676218,374523232,54972.9137,22859.0840,2.4049,512,63
dsmem_loaded,9,0,1,512,16384,0,0,42,9,900676217,374523232,54972.9136,22859.0840,2.4049,512,64
dsmem_loaded,9,0,1,512,16384,0,0,42,9,900676218,374523232,54972.9137,22859.0840,2.4049,512,65
dsmem_loaded,9,0,1,512,16384,0,0,42,9,900676218,374523200,54972.9137,22859.0820,2.4049,512,66
dsmem_loaded,9,0,1,512,16384,0,0,42,9,900676217,374523232,54972.9136,22859.0840,2.4049,512,67
dsmem_loaded,9,0,1,512,16384,0,0,42,9,900681050,374525216,54973.2086,22859.2051,2.4049,512,68
dsmem_loaded,9,0,1,512,16384,0,0,42,9,900681782,374525568,54973.2533,22859.2266,2.4049,512,69
dsmem_loaded,9,0,1,512,16384,0,0,42,9,900676217,374523232,54972.9136,22859.0840,2.4049,512,70
dsmem_loaded,9,0,1,512,16384,0,0,42,9,900678481,374524160,54973.0518,22859.1406,2.4049,512,71
dsmem_loaded,9,0,1,512,16384,0,0,42,9,900676218,374523200,54972.9137,22859.0820,2.4049,512,72
dsmem_loaded,9,0,1,512,16384,0,0,42,9,900676217,374523232,54972.9136,22859.0840,2.4049,512,73
dsmem_loaded,9,0,1,512,16384,0,0,42,9,900676217,374523232,54972.9136,22859.0840,2.4049,512,74
dsmem_loaded,9,0,1,512,16384,0,0,42,9,900676217,374523232,54972.9136,22859.0840,2.4049,512,75
dsmem_loaded,9,0,1,512,16384,0,0,42,9,900676218,374523200,54972.9137,22859.0820,2.4049,512,76
dsmem_loaded,9,0,1,512,16384,0,0,42,9,900676217,374523232,54972.9136,22859.0840,2.4049,512,77
dsmem_loaded,9,0,1,512,16384,0,0,42,9,900682027,374525664,54973.2682,22859.2324,2.4049,512,78
dsmem_loaded,9,0,1,512,16384,0,0,42,9,900676218,374523200,54972.9137,22859.0820,2.4049,512,79
dsmem_loaded,9,0,1,512,16384,0,0,42,9,900676218,374523200,54972.9137,22859.0820,2.4049,512,80
dsmem_loaded,9,0,1,512,16384,0,0,42,9,900676217,374523200,54972.9136,22859.0820,2.4049,512,81
dsmem_loaded,9,0,1,512,16384,0,0,42,9,900676217,374523264,54972.9136,22859.0859,2.4049,512,82
dsmem_loaded,9,0,1,512,16384,0,0,42,9,900676217,374523232,54972.9136,22859.0840,2.4049,512,83
dsmem_loaded,9,0,1,512,16384,0,0,42,9,900684202,374526528,54973.4010,22859.2852,2.4049,512,84
dsmem_loaded,9,0,1,512,16384,0,0,42,9,900678580,374524160,54973.0579,22859.1406,2.4049,512,85
dsmem_loaded,9,0,1,512,16384,0,0,42,9,900678336,374524064,54973.0430,22859.1348,2.4049,512,86
dsmem_loaded,9,0,1,512,16384,0,0,42,9,900677977,374523904,54973.0211,22859.1250,2.4049,512,87
dsmem_loaded,9,0,1,512,16384,0,0,42,9,900676217,374523232,54972.9136,22859.0840,2.4049,512,88
dsmem_loaded,9,0,1,512,16384,0,0,42,9,900676218,374523232,54972.9137,22859.0840,2.4049,512,89
dsmem_loaded,9,0,1,512,16384,0,0,42,9,900676218,374523200,54972.9137,22859.0820,2.4049,512,90
dsmem_loaded,9,0,1,512,16384,0,0,42,9,900676218,374523232,54972.9137,22859.0840,2.4049,512,91
dsmem_loaded,9,0,1,512,16384,0,0,42,9,900676217,374523232,54972.9136,22859.0840,2.4049,512,92
dsmem_loaded,9,0,1,512,16384,0,0,42,9,900676218,374523232,54972.9137,22859.0840,2.4049,512,93
dsmem_loaded,9,0,1,512,16384,0,0,42,9,900676217,374523232,54972.9136,22859.0840,2.4049,512,94
dsmem_loaded,9,0,1,512,16384,0,0,42,9,900676217,374523200,54972.9136,22859.0820,2.4049,512,95
dsmem_loaded,9,0,1,512,16384,0,0,42,9,900676217,374523200,54972.9136,22859.0820,2.4049,512,96
dsmem_loaded,9,0,1,512,16384,0,0,42,9,900676218,374523232,54972.9137,22859.0840,2.4049,512,97
dsmem_loaded,9,0,1,512,16384,0,0,42,9,900676217,374523232,54972.9136,22859.0840,2.4049,512,98
dsmem_loaded,9,0,1,512,16384,0,0,42,9,900676218,374523232,54972.9137,22859.0840,2.4049,512,99
dsmem_loaded,9,0,1,512,16384,0,0,42,9,900676217,374523232,54972.9136,22859.0840,2.4049,512,100
dsmem_loaded,9,0,1,512,16384,0,0,42,9,900684833,374526816,54973.4395,22859.3027,2.4049,512,101
dsmem_loaded,9,0,1,512,16384,0,0,42,9,900678357,374524096,54973.0443,22859.1367,2.4049,512,102
dsmem_loaded,9,0,1,512,16384,0,0,42,9,900682745,374525888,54973.3121,22859.2461,2.4049,512,103
dsmem_loaded,9,0,1,512,16384,0,0,42,9,900676218,374523232,54972.9137,22859.0840,2.4049,512,104
dsmem_loaded,9,0,1,512,16384,0,0,42,9,900676217,374523232,54972.9136,22859.0840,2.4049,512,105
dsmem_loaded,9,0,1,512,16384,0,0,42,9,900676218,374523200,54972.9137,22859.0820,2.4049,512,106
dsmem_loaded,9,0,1,512,16384,0,0,42,9,900678840,374524288,54973.0737,22859.1484,2.4049,512,107
dsmem_loaded,9,0,1,512,16384,0,0,42,9,900676217,374523200,54972.9136,22859.0820,2.4049,512,108
dsmem_loaded,9,0,1,512,16384,0,0,42,9,900676217,374523264,54972.9136,22859.0859,2.4049,512,109
dsmem_loaded,9,0,1,512,16384,0,0,42,9,900676218,374523232,54972.9137,22859.0840,2.4049,512,110
dsmem_loaded,9,0,1,512,16384,0,0,42,9,900676218,374523232,54972.9137,22859.0840,2.4049,512,111
dsmem_loaded,9,0,1,512,16384,0,0,42,9,900676217,374523232,54972.9136,22859.0840,2.4049,512,112
dsmem_loaded,9,0,1,512,16384,0,0,42,9,900676217,374523232,54972.9136,22859.0840,2.4049,512,113
dsmem_loaded,9,0,1,512,16384,0,0,42,9,900676217,374523232,54972.9136,22859.0840,2.4049,512,114
dsmem_loaded,9,0,1,512,16384,0,0,42,9,900676217,374523200,54972.9136,22859.0820,2.4049,512,115
dsmem_loaded,9,0,1,512,16384,0,0,42,9,900676218,374523232,54972.9137,22859.0840,2.4049,512,116
dsmem_loaded,9,0,1,512,16384,0,0,42,9,900677256,374523648,54972.9771,22859.1094,2.4049,512,117
dsmem_loaded,9,0,1,512,16384,0,0,42,9,900677984,374523936,54973.0215,22859.1270,2.4049,512,118
dsmem_loaded,9,0,1,512,16384,0,0,42,9,900685565,374527136,54973.4842,22859.3223,2.4049,512,119
dsmem_loaded,9,0,1,512,16384,0,0,42,9,900682264,374525728,54973.2827,22859.2363,2.4049,512,120
dsmem_loaded,9,0,1,512,16384,0,0,42,9,900676218,374523200,54972.9137,22859.0820,2.4049,512,121
dsmem_loaded,9,0,1,512,16384,0,0,42,9,900676218,374523200,54972.9137,22859.0820,2.4049,512,122
dsmem_loaded,9,0,1,512,16384,0,0,42,9,900676218,374523232,54972.9137,22859.0840,2.4049,512,123
dsmem_loaded,9,0,1,512,16384,0,0,42,9,900676218,374523232,54972.9137,22859.0840,2.4049,512,124
dsmem_loaded,9,0,1,512,16384,0,0,42,9,900676218,374523232,54972.9137,22859.0840,2.4049,512,125
dsmem_loaded,9,0,1,512,16384,0,0,42,9,900676217,374523232,54972.9136,22859.0840,2.4049,512,126
dsmem_loaded,9,0,1,512,16384,0,0,42,9,900676218,374523232,54972.9137,22859.0840,2.4049,512,127
dsmem_loaded,9,0,1,512,16384,0,0,42,10,900696826,374532192,54974.1715,22859.6309,2.4049,512,0
dsmem_loaded,9,0,1,512,16384,0,0,42,10,900696825,374532192,54974.1714,22859.6309,2.4049,512,1
dsmem_loaded,9,0,1,512,16384,0,0,42,10,900696825,374532192,54974.1714,22859.6309,2.4049,512,2
dsmem_loaded,9,0,1,512,16384,0,0,42,10,900696826,374532192,54974.1715,22859.6309,2.4049,512,3
dsmem_loaded,9,0,1,512,16384,0,0,42,10,900705191,374535648,54974.6821,22859.8418,2.4049,512,4
dsmem_loaded,9,0,1,512,16384,0,0,42,10,900709105,374537280,54974.9210,22859.9414,2.4049,512,5
dsmem_loaded,9,0,1,512,16384,0,0,42,10,900703226,374534848,54974.5621,22859.7930,2.4049,512,6
dsmem_loaded,9,0,1,512,16384,0,0,42,10,900710187,374537728,54974.9870,22859.9688,2.4049,512,7
dsmem_loaded,9,0,1,512,16384,0,0,42,10,900696825,374532160,54974.1714,22859.6289,2.4049,512,8
dsmem_loaded,9,0,1,512,16384,0,0,42,10,900696826,374532160,54974.1715,22859.6289,2.4049,512,9
dsmem_loaded,9,0,1,512,16384,0,0,42,10,900696826,374532192,54974.1715,22859.6309,2.4049,512,10
dsmem_loaded,9,0,1,512,16384,0,0,42,10,900696825,374532192,54974.1714,22859.6309,2.4049,512,11
dsmem_loaded,9,0,1,512,16384,0,0,42,10,900696825,374532192,54974.1714,22859.6309,2.4049,512,12
dsmem_loaded,9,0,1,512,16384,0,0,42,10,900696826,374532160,54974.1715,22859.6289,2.4049,512,13
dsmem_loaded,9,0,1,512,16384,0,0,42,10,900696826,374532160,54974.1715,22859.6289,2.4049,512,14
dsmem_loaded,9,0,1,512,16384,0,0,42,10,900696826,374532192,54974.1715,22859.6309,2.4049,512,15
dsmem_loaded,9,0,1,512,16384,0,0,42,10,900696826,374532192,54974.1715,22859.6309,2.4049,512,16
dsmem_loaded,9,0,1,512,16384,0,0,42,10,900696826,374532192,54974.1715,22859.6309,2.4049,512,17
dsmem_loaded,9,0,1,512,16384,0,0,42,10,900696825,374532192,54974.1714,22859.6309,2.4049,512,18
dsmem_loaded,9,0,1,512,16384,0,0,42,10,900696826,374532192,54974.1715,22859.6309,2.4049,512,19
dsmem_loaded,9,0,1,512,16384,0,0,42,10,900696826,374532192,54974.1715,22859.6309,2.4049,512,20
dsmem_loaded,9,0,1,512,16384,0,0,42,10,900697746,374532544,54974.2277,22859.6523,2.4049,512,21
dsmem_loaded,9,0,1,512,16384,0,0,42,10,900698353,374532800,54974.2647,22859.6680,2.4049,512,22
dsmem_loaded,9,0,1,512,16384,0,0,42,10,900702021,374534336,54974.4886,22859.7617,2.4049,512,23
dsmem_loaded,9,0,1,512,16384,0,0,42,10,900706784,374536320,54974.7793,22859.8828,2.4049,512,24
dsmem_loaded,9,0,1,512,16384,0,0,42,10,900696825,374532160,54974.1714,22859.6289,2.4049,512,25
dsmem_loaded,9,0,1,512,16384,0,0,42,10,900696826,374532160,54974.1715,22859.6289,2.4049,512,26
dsmem_loaded,9,0,1,512,16384,0,0,42,10,900696825,374532192,54974.1714,22859.6309,2.4049,512,27
dsmem_loaded,9,0,1,512,16384,0,0,42,10,900696825,374532160,54974.1714,22859.6289,2.4049,512,28
dsmem_loaded,9,0,1,512,16384,0,0,42,10,900696825,374532160,54974.1714,22859.6289,2.4049,512,29
dsmem_loaded,9,0,1,512,16384,0,0,42,10,900696825,374532160,54974.1714,22859.6289,2.4049,512,30
dsmem_loaded,9,0,1,512,16384,0,0,42,10,900696825,374532160,54974.1714,22859.6289,2.4049,512,31
dsmem_loaded,9,0,1,512,16384,0,0,42,10,900696825,374532192,54974.1714,22859.6309,2.4049,512,32
dsmem_loaded,9,0,1,512,16384,0,0,42,10,900696825,374532224,54974.1714,22859.6328,2.4049,512,33
dsmem_loaded,9,0,1,512,16384,0,0,42,10,900696826,374532192,54974.1715,22859.6309,2.4049,512,34
dsmem_loaded,9,0,1,512,16384,0,0,42,10,900696825,374532192,54974.1714,22859.6309,2.4049,512,35
dsmem_loaded,9,0,1,512,16384,0,0,42,10,900705420,374535744,54974.6960,22859.8477,2.4049,512,36
dsmem_loaded,9,0,1,512,16384,0,0,42,10,900702243,374534432,54974.5021,22859.7676,2.4049,512,37
dsmem_loaded,9,0,1,512,16384,0,0,42,10,900696825,374532160,54974.1714,22859.6289,2.4049,512,38
dsmem_loaded,9,0,1,512,16384,0,0,42,10,900709222,374537344,54974.9281,22859.9453,2.4049,512,39
dsmem_loaded,9,0,1,512,16384,0,0,42,10,900696826,374532160,54974.1715,22859.6289,2.4049,512,40
dsmem_loaded,9,0,1,512,16384,0,0,42,10,900698830,374532992,54974.2938,22859.6797,2.4049,512,41
dsmem_loaded,9,0,1,512,16384,0,0,42,10,900705069,374535616,54974.6746,22859.8398,2.4049,512,42
dsmem_loaded,9,0,1,512,16384,0,0,42,10,900696825,374532160,54974.1714,22859.6289,2.4049,512,43
dsmem_loaded,9,0,1,512,16384,0,0,42,10,900696825,374532192,54974.1714,22859.6309,2.4049,512,44
dsmem_loaded,9,0,1,512,16384,0,0,42,10,900696826,374532192,54974.1715,22859.6309,2.4049,512,45
dsmem_loaded,9,0,1,512,16384,0,0,42,10,900696825,374532160,54974.1714,22859.6289,2.4049,512,46
dsmem_loaded,9,0,1,512,16384,0,0,42,10,900696826,374532160,54974.1715,22859.6289,2.4049,512,47
dsmem_loaded,9,0,1,512,16384,0,0,42,10,900696825,374532192,54974.1714,22859.6309,2.4049,512,48
dsmem_loaded,9,0,1,512,16384,0,0,42,10,900696825,374532192,54974.1714,22859.6309,2.4049,512,49
dsmem_loaded,9,0,1,512,16384,0,0,42,10,900696825,374532192,54974.1714,22859.6309,2.4049,512,50
dsmem_loaded,9,0,1,512,16384,0,0,42,10,900696826,374532192,54974.1715,22859.6309,2.4049,512,51
dsmem_loaded,9,0,1,512,16384,0,0,42,10,900696826,374532192,54974.1715,22859.6309,2.4049,512,52
dsmem_loaded,9,0,1,512,16384,0,0,42,10,900696825,374532192,54974.1714,22859.6309,2.4049,512,53
dsmem_loaded,9,0,1,512,16384,0,0,42,10,900696825,374532160,54974.1714,22859.6289,2.4049,512,54
dsmem_loaded,9,0,1,512,16384,0,0,42,10,900696825,374532160,54974.1714,22859.6289,2.4049,512,55
dsmem_loaded,9,0,1,512,16384,0,0,42,10,900699443,374533248,54974.3312,22859.6953,2.4049,512,56
dsmem_loaded,9,0,1,512,16384,0,0,42,10,900702979,374534720,54974.5471,22859.7852,2.4049,512,57
dsmem_loaded,9,0,1,512,16384,0,0,42,10,900708619,374537056,54974.8913,22859.9277,2.4049,512,58
dsmem_loaded,9,0,1,512,16384,0,0,42,10,900705070,374535584,54974.6747,22859.8379,2.4049,512,59
dsmem_loaded,9,0,1,512,16384,0,0,42,10,900696826,374532192,54974.1715,22859.6309,2.4049,512,60
dsmem_loaded,9,0,1,512,16384,0,0,42,10,900698715,374532960,54974.2868,22859.6777,2.4049,512,61
dsmem_loaded,9,0,1,512,16384,0,0,42,10,900696826,374532192,54974.1715,22859.6309,2.4049,512,62
dsmem_loaded,9,0,1,512,16384,0,0,42,10,900696825,374532160,54974.1714,22859.6289,2.4049,512,63
dsmem_loaded,9,0,1,512,16384,0,0,42,10,900696825,374532192,54974.1714,22859.6309,2.4049,512,64
dsmem_loaded,9,0,1,512,16384,0,0,42,10,900696825,374532192,54974.1714,22859.6309,2.4049,512,65
dsmem_loaded,9,0,1,512,16384,0,0,42,10,900696826,374532224,54974.1715,22859.6328,2.4049,512,66
dsmem_loaded,9,0,1,512,16384,0,0,42,10,900696825,374532192,54974.1714,22859.6309,2.4049,512,67
dsmem_loaded,9,0,1,512,16384,0,0,42,10,900696826,374532160,54974.1715,22859.6289,2.4049,512,68
dsmem_loaded,9,0,1,512,16384,0,0,42,10,900703222,374534848,54974.5619,22859.7930,2.4049,512,69
dsmem_loaded,9,0,1,512,16384,0,0,42,10,900705560,374535808,54974.7046,22859.8516,2.4049,512,70
dsmem_loaded,9,0,1,512,16384,0,0,42,10,900702370,374534464,54974.5099,22859.7695,2.4049,512,71
dsmem_loaded,9,0,1,512,16384,0,0,42,10,900702610,374534560,54974.5245,22859.7754,2.4049,512,72
dsmem_loaded,9,0,1,512,16384,0,0,42,10,900699200,374533152,54974.3164,22859.6895,2.4049,512,73
dsmem_loaded,9,0,1,512,16384,0,0,42,10,900696825,374532160,54974.1714,22859.6289,2.4049,512,74
dsmem_loaded,9,0,1,512,16384,0,0,42,10,900696826,374532192,54974.1715,22859.6309,2.4049,512,75
dsmem_loaded,9,0,1,512,16384,0,0,42,10,900696825,374532192,54974.1714,22859.6309,2.4049,512,76
dsmem_loaded,9,0,1,512,16384,0,0,42,10,900696826,374532192,54974.1715,22859.6309,2.4049,512,77
dsmem_loaded,9,0,1,512,16384,0,0,42,10,900696825,374532160,54974.1714,22859.6289,2.4049,512,78
dsmem_loaded,9,0,1,512,16384,0,0,42,10,900696825,374532160,54974.1714,22859.6289,2.4049,512,79
dsmem_loaded,9,0,1,512,16384,0,0,42,10,900696825,374532224,54974.1714,22859.6328,2.4049,512,80
dsmem_loaded,9,0,1,512,16384,0,0,42,10,900696825,374532192,54974.1714,22859.6309,2.4049,512,81
dsmem_loaded,9,0,1,512,16384,0,0,42,10,900696826,374532192,54974.1715,22859.6309,2.4049,512,82
dsmem_loaded,9,0,1,512,16384,0,0,42,10,900696826,374532192,54974.1715,22859.6309,2.4049,512,83
dsmem_loaded,9,0,1,512,16384,0,0,42,10,900703120,374534816,54974.5557,22859.7910,2.4049,512,84
dsmem_loaded,9,0,1,512,16384,0,0,42,10,900696825,374532160,54974.1714,22859.6289,2.4049,512,85
dsmem_loaded,9,0,1,512,16384,0,0,42,10,900705328,374535712,54974.6904,22859.8457,2.4049,512,86
dsmem_loaded,9,0,1,512,16384,0,0,42,10,900705441,374535776,54974.6973,22859.8496,2.4049,512,87
dsmem_loaded,9,0,1,512,16384,0,0,42,10,900696826,374532160,54974.1715,22859.6289,2.4049,512,88
dsmem_loaded,9,0,1,512,16384,0,0,42,10,900696826,374532160,54974.1715,22859.6289,2.4049,512,89
dsmem_loaded,9,0,1,512,16384,0,0,42,10,900696825,374532192,54974.1714,22859.6309,2.4049,512,90
dsmem_loaded,9,0,1,512,16384,0,0,42,10,900696825,374532192,54974.1714,22859.6309,2.4049,512,91
dsmem_loaded,9,0,1,512,16384,0,0,42,10,900696826,374532192,54974.1715,22859.6309,2.4049,512,92
dsmem_loaded,9,0,1,512,16384,0,0,42,10,900708383,374536992,54974.8769,22859.9238,2.4049,512,93
dsmem_loaded,9,0,1,512,16384,0,0,42,10,900696825,374532160,54974.1714,22859.6289,2.4049,512,94
dsmem_loaded,9,0,1,512,16384,0,0,42,10,900696826,374532224,54974.1715,22859.6328,2.4049,512,95
dsmem_loaded,9,0,1,512,16384,0,0,42,10,900696825,374532192,54974.1714,22859.6309,2.4049,512,96
dsmem_loaded,9,0,1,512,16384,0,0,42,10,900696826,374532160,54974.1715,22859.6289,2.4049,512,97
dsmem_loaded,9,0,1,512,16384,0,0,42,10,900696826,374532192,54974.1715,22859.6309,2.4049,512,98
dsmem_loaded,9,0,1,512,16384,0,0,42,10,900696826,374532224,54974.1715,22859.6328,2.4049,512,99
dsmem_loaded,9,0,1,512,16384,0,0,42,10,900705200,374535648,54974.6826,22859.8418,2.4049,512,100
dsmem_loaded,9,0,1,512,16384,0,0,42,10,900697869,374532608,54974.2352,22859.6562,2.4049,512,101
dsmem_loaded,9,0,1,512,16384,0,0,42,10,900696826,374532192,54974.1715,22859.6309,2.4049,512,102
dsmem_loaded,9,0,1,512,16384,0,0,42,10,900696825,374532160,54974.1714,22859.6289,2.4049,512,103
dsmem_loaded,9,0,1,512,16384,0,0,42,10,900696826,374532160,54974.1715,22859.6289,2.4049,512,104
dsmem_loaded,9,0,1,512,16384,0,0,42,10,900698347,374532800,54974.2643,22859.6680,2.4049,512,105
dsmem_loaded,9,0,1,512,16384,0,0,42,10,900710440,374537856,54975.0024,22859.9766,2.4049,512,106
dsmem_loaded,9,0,1,512,16384,0,0,42,10,900696825,374532192,54974.1714,22859.6309,2.4049,512,107
dsmem_loaded,9,0,1,512,16384,0,0,42,10,900696825,374532160,54974.1714,22859.6289,2.4049,512,108
dsmem_loaded,9,0,1,512,16384,0,0,42,10,900696825,374532160,54974.1714,22859.6289,2.4049,512,109
dsmem_loaded,9,0,1,512,16384,0,0,42,10,900696826,374532192,54974.1715,22859.6309,2.4049,512,110
dsmem_loaded,9,0,1,512,16384,0,0,42,10,900698838,374532992,54974.2943,22859.6797,2.4049,512,111
dsmem_loaded,9,0,1,512,16384,0,0,42,10,900696826,374532192,54974.1715,22859.6309,2.4049,512,112
dsmem_loaded,9,0,1,512,16384,0,0,42,10,900696825,374532192,54974.1714,22859.6309,2.4049,512,113
dsmem_loaded,9,0,1,512,16384,0,0,42,10,900696825,374532192,54974.1714,22859.6309,2.4049,512,114
dsmem_loaded,9,0,1,512,16384,0,0,42,10,900696826,374532192,54974.1715,22859.6309,2.4049,512,115
dsmem_loaded,9,0,1,512,16384,0,0,42,10,900704961,374535552,54974.6680,22859.8359,2.4049,512,116
dsmem_loaded,9,0,1,512,16384,0,0,42,10,900701289,374534016,54974.4439,22859.7422,2.4049,512,117
dsmem_loaded,9,0,1,512,16384,0,0,42,10,900696825,374532192,54974.1714,22859.6309,2.4049,512,118
dsmem_loaded,9,0,1,512,16384,0,0,42,10,900696825,374532192,54974.1714,22859.6309,2.4049,512,119
dsmem_loaded,9,0,1,512,16384,0,0,42,10,900696825,374532192,54974.1714,22859.6309,2.4049,512,120
dsmem_loaded,9,0,1,512,16384,0,0,42,10,900699447,374533248,54974.3315,22859.6953,2.4049,512,121
dsmem_loaded,9,0,1,512,16384,0,0,42,10,900699331,374533216,54974.3244,22859.6934,2.4049,512,122
dsmem_loaded,9,0,1,512,16384,0,0,42,10,900707019,374536384,54974.7936,22859.8867,2.4049,512,123
dsmem_loaded,9,0,1,512,16384,0,0,42,10,900696825,374532160,54974.1714,22859.6289,2.4049,512,124
dsmem_loaded,9,0,1,512,16384,0,0,42,10,900696826,374532160,54974.1715,22859.6289,2.4049,512,125
dsmem_loaded,9,0,1,512,16384,0,0,42,10,900696826,374532192,54974.1715,22859.6309,2.4049,512,126
dsmem_loaded,9,0,1,512,16384,0,0,42,10,900696826,374532192,54974.1715,22859.6309,2.4049,512,127
