# command: ./latency-many-threads --target remote --requesters 11 --chasers 512 --reps 11 --steps 16384
# gpu: NVIDIA GB10
# compute_capability: 12.1
# sm_count: 48
# l2_bytes: 25165824
# sm_clock_max_khz: 2418000
# driver_version: 13000
# runtime_version: 13000
# seed: 42
# reps: 11
# steps: 16384
# warmup: 1
# buffer_elems: 4096
# stride_bytes: 0
# cycle_length: 4096
# chasers: 512
# requesters: 11
# target: remote
# bank_aligned: 1
# warps_per_requester: 16
benchmark,cluster_size,distance,mapped,block_size,steps,buffer_bytes,stride_bytes,seed,rep,cycles,ns,cycles_per_load,ns_per_load,ghz,chasers,warp
dsmem_loaded,12,0,1,512,16384,0,0,42,0,1238510970,515004320,75592.7106,31433.3691,2.4049,512,0
dsmem_loaded,12,0,1,512,16384,0,0,42,0,1238510970,515004352,75592.7106,31433.3711,2.4049,512,1
dsmem_loaded,12,0,1,512,16384,0,0,42,0,1238510969,515004320,75592.7105,31433.3691,2.4049,512,2
dsmem_loaded,12,0,1,512,16384,0,0,42,0,1238510969,515004352,75592.7105,31433.3711,2.4049,512,3
dsmem_loaded,12,0,1,512,16384,0,0,42,0,1238510969,515004320,75592.7105,31433.3691,2.4049,512,4
dsmem_loaded,12,0,1,512,16384,0,0,42,0,1238510969,515004288,75592.7105,31433.3672,2.4049,512,5
dsmem_loaded,12,0,1,512,16384,0,0,42,0,1238512966,515005152,75592.8324,31433.4199,2.4049,512,6
dsmem_loaded,12,0,1,512,16384,0,0,42,0,1238510969,515004352,75592.7105,31433.3711,2.4049,512,7
dsmem_loaded,12,0,1,512,16384,0,0,42,0,1238513952,515005568,75592.8926,31433.4453,2.4049,512,8
dsmem_loaded,12,0,1,512,16384,0,0,42,0,1238518348,515007360,75593.1609,31433.5547,2.4049,512,9
dsmem_loaded,12,0,1,512,16384,0,0,42,0,1238514152,515005632,75592.9048,31433.4492,2.4049,512,10
dsmem_loaded,12,0,1,512,16384,0,0,42,0,1238510970,515004352,75592.7106,31433.3711,2.4049,512,11
dsmem_loaded,12,0,1,512,16384,0,0,42,0,1238510969,515004320,75592.7105,31433.3691,2.4049,512,12
dsmem_loaded,12,0,1,512,16384,0,0,42,0,1238510969,515004320,75592.7105,31433.3691,2.4049,512,13
dsmem_loaded,12,0,1,512,16384,0,0,42,0,1238510970,515004288,75592.7106,31433.3672,2.4049,512,14
dsmem_loaded,12,0,1,512,16384,0,0,42,0,1238510969,515004320,75592.7105,31433.3691,2.4049,512,15
dsmem_loaded,12,0,1,512,16384,0,0,42,0,1238522219,515008992,75593.3972,31433.6543,2.4049,512,16
dsmem_loaded,12,0,1,512,16384,0,0,42,0,1238510969,515004352,75592.7105,31433.3711,2.4049,512,17
dsmem_loaded,12,0,1,512,16384,0,0,42,0,1238517163,515006944,75593.0886,31433.5293,2.4049,512,18
dsmem_loaded,12,0,1,512,16384,0,0,42,0,1238513804,515005472,75592.8835,31433.4395,2.4049,512,19
dsmem_loaded,12,0,1,512,16384,0,0,42,0,1238510970,515004320,75592.7106,31433.3691,2.4049,512,20
dsmem_loaded,12,0,1,512,16384,0,0,42,0,1238510969,515004352,75592.7105,31433.3711,2.4049,512,21
dsmem_loaded,12,0,1,512,16384,0,0,42,0,1238510969,515004320,75592.7105,31433.3691,2.4049,512,22
dsmem_loaded,12,0,1,512,16384,0,0,42,0,1238510970,515004288,75592.7106,31433.3672,2.4049,512,23
dsmem_loaded,12,0,1,512,16384,0,0,42,0,1238510969,515004320,75592.7105,31433.3691,2.4049,512,24
dsmem_loaded,12,0,1,512,16384,0,0,42,0,1238518682,515007552,75593.1813,31433.5664,2.4049,512,25
dsmem_loaded,12,0,1,512,16384,0,0,42,0,1238510969,515004320,75592.7105,31433.3691,2.4049,512,26
dsmem_loaded,12,0,1,512,16384,0,0,42,0,1238510969,515004352,75592.7105,31433.3711,2.4049,512,27
dsmem_loaded,12,0,1,512,16384,0,0,42,0,1238510969,515004352,75592.7105,31433.3711,2.4049,512,28
dsmem_loaded,12,0,1,512,16384,0,0,42,0,1238510970,515004288,75592.7106,31433.3672,2.4049,512,29
dsmem_loaded,12,0,1,512,16384,0,0,42,0,1238510970,515004320,75592.7106,31433.3691,2.4049,512,30
dsmem_loaded,12,0,1,512,16384,0,0,42,0,1238513640,515005408,75592.8735,31433.4355,2.4049,512,31
dsmem_loaded,12,0,1,512,16384,0,0,42,0,1238510970,515004320,75592.7106,31433.3691,2.4049,512,32
dsmem_loaded,12,0,1,512,16384,0,0,42,0,1238523393,515009536,75593.4688,31433.6875,2.4049,512,33
dsmem_loaded,12,0,1,512,16384,0,0,42,0,1238518181,515007296,75593.1507,31433.5508,2.4049,512,34
dsmem_loaded,12,0,1,512,16384,0,0,42,0,1238522389,515009088,75593.4075,31433.6602,2.4049,512,35
dsmem_loaded,12,0,1,512,16384,0,0,42,0,1238514807,515005920,75592.9448,31433.4668,2.4049,512,36
dsmem_loaded,12,0,1,512,16384,0,0,42,0,1238510970,515004320,75592.7106,31433.3691,2.4049,512,37
dsmem_loaded,12,0,1,512,16384,0,0,42,0,1238510969,515004288,75592.7105,31433.3672,2.4049,512,38
dsmem_loaded,12,0,1,512,16384,0,0,42,0,1238510969,515004320,75592.7105,31433.3691,2.4049,512,39
dsmem_loaded,12,0,1,512,16384,0,0,42,0,1238510969,515004288,75592.7105,31433.3672,2.4049,512,40
dsmem_loaded,12,0,1,512,16384,0,0,42,0,1238510969,515004288,75592.7105,31433.3672,2.4049,512,41
dsmem_loaded,12,0,1,512,16384,0,0,42,0,1238510970,515004320,75592.7106,31433.3691,2.4049,512,42
dsmem_loaded,12,0,1,512,16384,0,0,42,0,1238510969,515004320,75592.7105,31433.3691,2.4049,512,43
dsmem_loaded,12,0,1,512,16384,0,0,42,0,1238510969,515004288,75592.7105,31433.3672,2.4049,512,44
dsmem_loaded,12,0,1,512,16384,0,0,42,0,1238510969,515004352,75592.7105,31433.3711,2.4049,512,45
dsmem_loaded,12,0,1,512,16384,0,0,42,0,1238510969,515004320,75592.7105,31433.3691,2.4049,512,46
dsmem_loaded,12,0,1,512,16384,0,0,42,0,1238510970,515004352,75592.7106,31433.3711,2.4049,512,47
dsmem_loaded,12,0,1,512,16384,0,0,42,0,1238510969,515004320,75592.7105,31433.3691,2.4049,512,48
dsmem_loaded,12,0,1,512,16384,0,0,42,0,1238510969,515004352,75592.7105,31433.3711,2.4049,512,49
dsmem_loaded,12,0,1,512,16384,0,0,42,0,1238510969,515004352,75592.7105,31433.3711,2.4049,512,50
dsmem_loaded,12,0,1,512,16384,0,0,42,0,1238514147,515005632,75592.9045,31433.4492,2.4049,512,51
dsmem_loaded,12,0,1,512,16384,0,0,42,0,1238524731,515010016,75593.5505,31433.7168,2.4049,512,52
dsmem_loaded,12,0,1,512,16384,0,0,42,0,1238518348,515007360,75593.1609,31433.5547,2.4049,512,53
dsmem_loaded,12,0,1,512,16384,0,0,42,0,1238510970,515004320,75592.7106,31433.3691,2.4049,512,54
dsmem_loaded,12,0,1,512,16384,0,0,42,0,1238510970,515004352,75592.7106,31433.3711,2.4049,512,55
dsmem_loaded,12,0,1,512,16384,0,0,42,0,1238510969,515004352,75592.7105,31433.3711,2.4049,512,56
dsmem_loaded,12,0,1,512,16384,0,0,42,0,1238510970,515004320,75592.7106,31433.3691,2.4049,512,57
dsmem_loaded,12,0,1,512,16384,0,0,42,0,1238524065,515009760,75593.5098,31433.7012,2.4049,512,58
dsmem_loaded,12,0,1,512,16384,0,0,42,0,1238510969,515004352,75592.7105,31433.3711,2.4049,512,59
dsmem_loaded,12,0,1,512,16384,0,0,42,0,1238510970,515004352,75592.7106,31433.3711,2.4049,512,60
dsmem_loaded,12,0,1,512,16384,0,0,42,0,1238510969,515004320,75592.7105,31433.3691,2.4049,512,61
dsmem_loaded,12,0,1,512,16384,0,0,42,0,1238510969,515004352,75592.7105,31433.3711,2.4049,512,62
dsmem_loaded,12,0,1,512,16384,0,0,42,0,1238510969,515004288,75592.7105,31433.3672,2.4049,512,63
dsmem_loaded,12,0,1,512,16384,0,0,42,0,1238513632,515005440,75592.8730,31433.4375,2.4049,512,64
dsmem_loaded,12,0,1,512,16384,0,0,42,0,1238510969,515004352,75592.7105,31433.3711,2.4049,512,65
dsmem_loaded,12,0,1,512,16384,0,0,42,0,1238510970,515004288,75592.7106,31433.3672,2.4049,512,66
dsmem_loaded,12,0,1,512,16384,0,0,42,0,1238510969,515004320,75592.7105,31433.3691,2.4049,512,67
dsmem_loaded,12,0,1,512,16384,0,0,42,0,1238510969,515004320,75592.7105,31433.3691,2.4049,512,68
dsmem_loaded,12,0,1,512,16384,0,0,42,0,1238510969,515004352,75592.7105,31433.3711,2.4049,512,69
dsmem_loaded,12,0,1,512,16384,0,0,42,0,1238510969,515004352,75592.7105,31433.3711,2.4049,512,70
dsmem_loaded,12,0,1,512,16384,0,0,42,0,1238510969,515004352,75592.7105,31433.3711,2.4049,512,71
dsmem_loaded,12,0,1,512,16384,0,0,42,0,1238510970,515004320,75592.7106,31433.3691,2.4049,512,72
dsmem_loaded,12,0,1,512,16384,0,0,42,0,1238510969,515004352,75592.7105,31433.3711,2.4049,512,73
dsmem_loaded,12,0,1,512,16384,0,0,42,0,1238510969,515004352,75592.7105,31433.3711,2.4049,512,74
dsmem_loaded,12,0,1,512,16384,0,0,42,0,1238513133,515005216,75592.8426,31433.4238,2.4049,512,75
dsmem_loaded,12,0,1,512,16384,0,0,42,0,1238510969,515004320,75592.7105,31433.3691,2.4049,512,76
dsmem_loaded,12,0,1,512,16384,0,0,42,0,1238510970,515004288,75592.7106,31433.3672,2.4049,512,77
dsmem_loaded,12,0,1,512,16384,0,0,42,0,1238527599,515011232,75593.7255,31433.7910,2.4049,512,78
dsmem_loaded,12,0,1,512,16384,0,0,42,0,1238510970,515004320,75592.7106,31433.3691,2.4049,512,79
dsmem_loaded,12,0,1,512,16384,0,0,42,0,1238510969,515004320,75592.7105,31433.3691,2.4049,512,80
dsmem_loaded,12,0,1,512,16384,0,0,42,0,1238510970,515004352,75592.7106,31433.3711,2.4049,512,81
dsmem_loaded,12,0,1,512,16384,0,0,42,0,1238510969,515004352,75592.7105,31433.3711,2.4049,512,82
dsmem_loaded,12,0,1,512,16384,0,0,42,0,1238510970,515004352,75592.7106,31433.3711,2.4049,512,83
dsmem_loaded,12,0,1,512,16384,0,0,42,0,1238510969,515004320,75592.7105,31433.3691,2.4049,512,84
dsmem_loaded,12,0,1,512,16384,0,0,42,0,1238510969,515004320,75592.7105,31433.3691,2.4049,512,85
dsmem_loaded,12,0,1,512,16384,0,0,42,0,1238510969,515004320,75592.7105,31433.3691,2.4049,512,86
dsmem_loaded,12,0,1,512,16384,0,0,42,0,1238510969,515004384,75592.7105,31433.3730,2.4049,512,87
dsmem_loaded,12,0,1,512,16384,0,0,42,0,1238510970,515004320,75592.7106,31433.3691,2.4049,512,88
dsmem_loaded,12,0,1,512,16384,0,0,42,0,1238518012,515007232,75593.1404,31433.5469,2.4049,512,89
dsmem_loaded,12,0,1,512,16384,0,0,42,0,1238526902,515010944,75593.6830,31433.7734,2.4049,512,90
dsmem_loaded,12,0,1,512,16384,0,0,42,0,1238510969,515004320,75592.7105,31433.3691,2.4049,512,91
dsmem_loaded,12,0,1,512,16384,0,0,42,0,1238523399,515009472,75593.4692,31433.6836,2.4049,512,92
dsmem_loaded,12,0,1,512,16384,0,0,42,0,1238510969,515004320,75592.7105,31433.3691,2.4049,512,93
dsmem_loaded,12,0,1,512,16384,0,0,42,0,1238510970,515004288,75592.7106,31433.3672,2.4049,512,94
dsmem_loaded,12,0,1,512,16384,0,0,42,0,1238510969,515004352,75592.7105,31433.3711,2.4049,512,95
dsmem_loaded,12,0,1,512,16384,0,0,42,0,1238510969,515004320,75592.7105,31433.3691,2.4049,512,96
dsmem_loaded,12,0,1,512,16384,0,0,42,0,1238510969,515004352,75592.7105,31433.3711,2.4049,512,97
dsmem_loaded,12,0,1,512,16384,0,0,42,0,1238510969,515004320,75592.7105,31433.3691,2.4049,512,98
dsmem_loaded,12,0,1,512,16384,0,0,42,0,1238514128,515005600,75592.9033,31433.4473,2.4049,512,99
dsmem_loaded,12,0,1,512,16384,0,0,42,0,1238510970,515004320,75592.7106,31433.3691,2.4049,512,100
dsmem_loaded,12,0,1,512,16384,0,0,42,0,1238524045,515009792,75593.5086,31433.7031,2.4049,512,101
dsmem_loaded,12,0,1,512,16384,0,0,42,0,1238510970,515004320,75592.7106,31433.3691,2.4049,512,102
dsmem_loaded,12,0,1,512,16384,0,0,42,0,1238510970,515004320,75592.7106,31433.3691,2.4049,512,103
dsmem_loaded,12,0,1,512,16384,0,0,42,0,1238510969,515004352,75592.7105,31433.3711,2.4049,512,104
dsmem_loaded,12,0,1,512,16384,0,0,42,0,1238510969,515004352,75592.7105,31433.3711,2.4049,512,105
dsmem_loaded,12,0,1,512,16384,0,0,42,0,1238510969,515004320,75592.7105,31433.3691,2.4049,512,106
dsmem_loaded,12,0,1,512,16384,0,0,42,0,1238510969,515004352,75592.7105,31433.3711,2.4049,512,107
dsmem_loaded,12,0,1,512,16384,0,0,42,0,1238513127,515005184,75592.8422,31433.4219,2.4049,512,108
dsmem_loaded,12,0,1,512,16384,0,0,42,0,1238510970,515004320,75592.7106,31433.3691,2.4049,512,109
dsmem_loaded,12,0,1,512,16384,0,0,42,0,1238513631,515005408,75592.8730,31433.4355,2.4049,512,110
dsmem_loaded,12,0,1,512,16384,0,0,42,0,1238518842,515007584,75593.1910,31433.5684,2.4049,512,111
dsmem_loaded,12,0,1,512,16384,0,0,42,0,1238510969,515004288,75592.7105,31433.3672,2.4049,512,112
dsmem_loaded,12,0,1,512,16384,0,0,42,0,1238510970,515004320,75592.7106,31433.3691,2.4049,512,113
dsmem_loaded,12,0,1,512,16384,0,0,42,0,1238510970,515004320,75592.7106,31433.3691,2.4049,512,114
dsmem_loaded,12,0,1,512,16384,0,0,42,0,1238510969,515004320,75592.7105,31433.3691,2.4049,512,115
dsmem_loaded,12,0,1,512,16384,0,0,42,0,1238510969,515004352,75592.7105,31433.3711,2.4049,512,116
dsmem_loaded,12,0,1,512,16384,0,0,42,0,1238510969,515004352,75592.7105,31433.3711,2.4049,512,117
dsmem_loaded,12,0,1,512,16384,0,0,42,0,1238510969,515004320,75592.7105,31433.3691,2.4049,512,118
dsmem_loaded,12,0,1,512,16384,0,0,42,0,1238510970,515004288,75592.7106,31433.3672,2.4049,512,119
dsmem_loaded,12,0,1,512,16384,0,0,42,0,1238510970,515004320,75592.7106,31433.3691,2.4049,512,120
dsmem_loaded,12,0,1,512,16384,0,0,42,0,1238510969,515004320,75592.7105,31433.3691,2.4049,512,121
dsmem_loaded,12,0,1,512,16384,0,0,42,0,1238510969,515004352,75592.7105,31433.3711,2.4049,512,122
dsmem_loaded,12,0,1,512,16384,0,0,42,0,1238513984,515005568,75592.8945,31433.4453,2.4049,512,123
dsmem_loaded,12,0,1,512,16384,0,0,42,0,1238510969,515004384,75592.7105,31433.3730,2.4049,512,124
dsmem_loaded,12,0,1,512,16384,0,0,42,0,1238514298,515005728,75592.9137,31433.4551,2.4049,512,125
dsmem_loaded,12,0,1,512,16384,0,0,42,0,1238514314,515005696,75592.9147,31433.4531,2.4049,512,126
dsmem_loaded,12,0,1,512,16384,0,0,42,0,1238510969,515004352,75592.7105,31433.3711,2.4049,512,127
dsmem_loaded,12,0,1,512,16384,0,0,42,0,1238510969,515004320,75592.7105,31433.3691,2.4049,512,128
dsmem_loaded,12,0,1,512,16384,0,0,42,0,1238514651,515005824,75592.9352,31433.4609,2.4049,512,129
dsmem_loaded,12,0,1,512,16384,0,0,42,0,1238510969,515004320,75592.7105,31433.3691,2.4049,512,130
dsmem_loaded,12,0,1,512,16384,0,0,42,0,1238510969,515004352,75592.7105,31433.3711,2.4049,512,131
dsmem_loaded,12,0,1,512,16384,0,0,42,0,1238510969,515004320,75592.7105,31433.3691,2.4049,512,132
dsmem_loaded,12,0,1,512,16384,0,0,42,0,1238510970,515004320,75592.7106,31433.3691,2.4049,512,133
dsmem_loaded,12,0,1,512,16384,0,0,42,0,1238513803,515005504,75592.8835,31433.4414,2.4049,512,134
dsmem_loaded,12,0,1,512,16384,0,0,42,0,1238530113,515012256,75593.8790,31433.8535,2.4049,512,135
dsmem_loaded,12,0,1,512,16384,0,0,42,0,1238510970,515004320,75592.7106,31433.3691,2.4049,512,136
dsmem_loaded,12,0,1,512,16384,0,0,42,0,1238510969,515004352,75592.7105,31433.3711,2.4049,512,137
dsmem_loaded,12,0,1,512,16384,0,0,42,0,1238510970,515004352,75592.7106,31433.3711,2.4049,512,138
dsmem_loaded,12,0,1,512,16384,0,0,42,0,1238510970,515004320,75592.7106,31433.3691,2.4049,512,139
dsmem_loaded,12,0,1,512,16384,0,0,42,0,1238522549,515009152,75593.4173,31433.6641,2.4049,512,140
dsmem_loaded,12,0,1,512,16384,0,0,42,0,1238510969,515004352,75592.7105,31433.3711,2.4049,512,141
dsmem_loaded,12,0,1,512,16384,0,0,42,0,1238510970,515004352,75592.7106,31433.3711,2.4049,512,142
dsmem_loaded,12,0,1,512,16384,0,0,42,0,1238510969,515004352,75592.7105,31433.3711,2.4049,512,143
dsmem_loaded,12,0,1,512,16384,0,0,42,0,1238510969,515004320,75592.7105,31433.3691,2.4049,512,144
dsmem_loaded,12,0,1,512,16384,0,0,42,0,1238510969,515004352,75592.7105,31433.3711,2.4049,512,145
dsmem_loaded,12,0,1,512,16384,0,0,42,0,1238510969,515004352,75592.7105,31433.3711,2.4049,512,146
dsmem_loaded,12,0,1,512,16384,0,0,42,0,1238510970,515004352,75592.7106,31433.3711,2.4049,512,147
dsmem_loaded,12,0,1,512,16384,0,0,42,0,1238513459,515005344,75592.8625,31433.4316,2.4049,512,148
dsmem_loaded,12,0,1,512,16384,0,0,42,0,1238522538,515009120,75593.4166,31433.6621,2.4049,512,149
dsmem_loaded,12,0,1,512,16384,0,0,42,0,1238510969,515004352,75592.7105,31433.3711,2.4049,512,150
dsmem_loaded,12,0,1,512,16384,0,0,42,0,1238510969,515004320,75592.7105,31433.3691,2.4049,512,151
dsmem_loaded,12,0,1,512,16384,0,0,42,0,1238510970,515004320,75592.7106,31433.3691,2.4049,512,152
dsmem_loaded,12,0,1,512,16384,0,0,42,0,1238510970,515004320,75592.7106,31433.3691,2.4049,512,153
dsmem_loaded,12,0,1,512,16384,0,0,42,0,1238510970,515004352,75592.7106,31433.3711,2.4049,512,154
dsmem_loaded,12,0,1,512,16384,0,0,42,0,1238529949,515012224,75593.8690,31433.8516,2.4049,512,155
dsmem_loaded,12,0,1,512,16384,0,0,42,0,1238510969,515004320,75592.7105,31433.3691,2.4049,512,156
dsmem_loaded,12,0,1,512,16384,0,0,42,0,1238510969,515004320,75592.7105,31433.3691,2.4049,512,157
dsmem_loaded,12,0,1,512,16384,0,0,42,0,1238510969,515004288,75592.7105,31433.3672,2.4049,512,158
dsmem_loaded,12,0,1,512,16384,0,0,42,0,1238510970,515004352,75592.7106,31433.3711,2.4049,512,159
dsmem_loaded,12,0,1,512,16384,0,0,42,0,1238510970,515004320,75592.7106,31433.3691,2.4049,512,160
dsmem_loaded,12,0,1,512,16384,0,0,42,0,1238510970,515004320,75592.7106,31433.3691,2.4049,512,161
dsmem_loaded,12,0,1,512,16384,0,0,42,0,1238510969,515004320,75592.7105,31433.3691,2.4049,512,162
dsmem_loaded,12,0,1,512,16384,0,0,42,0,1238510969,515004288,75592.7105,31433.3672,2.4049,512,163
dsmem_loaded,12,0,1,512,16384,0,0,42,0,1238510969,515004320,75592.7105,31433.3691,2.4049,512,164
dsmem_loaded,12,0,1,512,16384,0,0,42,0,1238510969,515004352,75592.7105,31433.3711,2.4049,512,165
dsmem_loaded,12,0,1,512,16384,0,0,42,0,1238524718,515010016,75593.5497,31433.7168,2.4049,512,166
dsmem_loaded,12,0,1,512,16384,0,0,42,0,1238513636,515005440,75592.8733,31433.4375,2.4049,512,167
dsmem_loaded,12,0,1,512,16384,0,0,42,0,1238514308,515005728,75592.9143,31433.4551,2.4049,512,168
dsmem_loaded,12,0,1,512,16384,0,0,42,0,1238510969,515004352,75592.7105,31433.3711,2.4049,512,169
dsmem_loaded,12,0,1,512,16384,0,0,42,0,1238510970,515004320,75592.7106,31433.3691,2.4049,512,170
dsmem_loaded,12,0,1,512,16384,0,0,42,0,1238510970,515004320,75592.7106,31433.3691,2.4049,512,171
dsmem_loaded,12,0,1,512,16384,0,0,42,0,1238510969,515004352,75592.7105,31433.3711,2.4049,512,172
dsmem_loaded,12,0,1,512,16384,0,0,42,0,1238510969,515004352,75592.7105,31433.3711,2.4049,512,173
dsmem_loaded,12,0,1,512,16384,0,0,42,0,1238510969,515004320,75592.7105,31433.3691,2.4049,512,174
dsmem_loaded,12,0,1,512,16384,0,0,42,0,1238510969,515004352,75592.7105,31433.3711,2.4049,512,175
dsmem_loaded,12,0,1,512,16384,0,0,42,1,1238233209,514889120,75575.7574,31426.3379,2.4049,512,0
dsmem_loaded,12,0,1,512,16384,0,0,42,1,1238233210,514889088,75575.7574,31426.3359,2.4049,512,1
dsmem_loaded,12,0,1,512,16384,0,0,42,1,1238233209,514889120,75575.7574,31426.3379,2.4049,512,2
dsmem_loaded,12,0,1,512,16384,0,0,42,1,1238233209,514889120,75575.7574,31426.3379,2.4049,512,3
dsmem_loaded,12,0,1,512,16384,0,0,42,1,1238218573,514883008,75574.8641,31425.9648,2.4049,512,4
dsmem_loaded,12,0,1,512,16384,0,0,42,1,1238233209,514889120,75575.7574,31426.3379,2.4049,512,5
dsmem_loaded,12,0,1,512,16384,0,0,42,1,1238233210,514889120,75575.7574,31426.3379,2.4049,512,6
dsmem_loaded,12,0,1,512,16384,0,0,42,1,1238244109,514893632,75576.4227,31426.6133,2.4049,512,7
dsmem_loaded,12,0,1,512,16384,0,0,42,1,1238233210,514889120,75575.7574,31426.3379,2.4049,512,8
dsmem_loaded,12,0,1,512,16384,0,0,42,1,1238254543,514897984,75577.0595,31426.8789,2.4049,512,9
dsmem_loaded,12,0,1,512,16384,0,0,42,1,1238236379,514890400,75575.9509,31426.4160,2.4049,512,10
dsmem_loaded,12,0,1,512,16384,0,0,42,1,1238236382,514890432,75575.9510,31426.4180,2.4049,512,11
dsmem_loaded,12,0,1,512,16384,0,0,42,1,1238233220,514889088,75575.7581,31426.3359,2.4049,512,12
dsmem_loaded,12,0,1,512,16384,0,0,42,1,1238233209,514889120,75575.7574,31426.3379,2.4049,512,13
dsmem_loaded,12,0,1,512,16384,0,0,42,1,1238233209,514889088,75575.7574,31426.3359,2.4049,512,14
dsmem_loaded,12,0,1,512,16384,0,0,42,1,1238233210,514889120,75575.7574,31426.3379,2.4049,512,15
dsmem_loaded,12,0,1,512,16384,0,0,42,1,1238233209,514889120,75575.7574,31426.3379,2.4049,512,16
dsmem_loaded,12,0,1,512,16384,0,0,42,1,1238233209,514889120,75575.7574,31426.3379,2.4049,512,17
dsmem_loaded,12,0,1,512,16384,0,0,42,1,1238233209,514889088,75575.7574,31426.3359,2.4049,512,18
dsmem_loaded,12,0,1,512,16384,0,0,42,1,1238233209,514889088,75575.7574,31426.3359,2.4049,512,19
dsmem_loaded,12,0,1,512,16384,0,0,42,1,1238233209,514889120,75575.7574,31426.3379,2.4049,512,20
dsmem_loaded,12,0,1,512,16384,0,0,42,1,1238233210,514889088,75575.7574,31426.3359,2.4049,512,21
dsmem_loaded,12,0,1,512,16384,0,0,42,1,1238235531,514890080,75575.8991,31426.3965,2.4049,512,22
dsmem_loaded,12,0,1,512,16384,0,0,42,1,1238233209,514889120,75575.7574,31426.3379,2.4049,512,23
dsmem_loaded,12,0,1,512,16384,0,0,42,1,1238233209,514889120,75575.7574,31426.3379,2.4049,512,24
dsmem_loaded,12,0,1,512,16384,0,0,42,1,1238236720,514890560,75575.9717,31426.4258,2.4049,512,25
dsmem_loaded,12,0,1,512,16384,0,0,42,1,1238233209,514889088,75575.7574,31426.3359,2.4049,512,26
dsmem_loaded,12,0,1,512,16384,0,0,42,1,1238237924,514891040,75576.0452,31426.4551,2.4049,512,27
dsmem_loaded,12,0,1,512,16384,0,0,42,1,1238233210,514889120,75575.7574,31426.3379,2.4049,512,28
dsmem_loaded,12,0,1,512,16384,0,0,42,1,1238233209,514889088,75575.7574,31426.3359,2.4049,512,29
dsmem_loaded,12,0,1,512,16384,0,0,42,1,1238233210,514889120,75575.7574,31426.3379,2.4049,512,30
dsmem_loaded,12,0,1,512,16384,0,0,42,1,1238233209,514889088,75575.7574,31426.3359,2.4049,512,31
dsmem_loaded,12,0,1,512,16384,0,0,42,1,1238233209,514889120,75575.7574,31426.3379,2.4049,512,32
dsmem_loaded,12,0,1,512,16384,0,0,42,1,1238233209,514889120,75575.7574,31426.3379,2.4049,512,33
dsmem_loaded,12,0,1,512,16384,0,0,42,1,1238233209,514889120,75575.7574,31426.3379,2.4049,512,34
dsmem_loaded,12,0,1,512,16384,0,0,42,1,1238233209,514889120,75575.7574,31426.3379,2.4049,512,35
dsmem_loaded,12,0,1,512,16384,0,0,42,1,1238233210,514889120,75575.7574,31426.3379,2.4049,512,36
dsmem_loaded,12,0,1,512,16384,0,0,42,1,1238233206,514889088,75575.7572,31426.3359,2.4049,512,37
dsmem_loaded,12,0,1,512,16384,0,0,42,1,1238242453,514892960,75576.3216,31426.5723,2.4049,512,38
dsmem_loaded,12,0,1,512,16384,0,0,42,1,1238244936,514893984,75576.4731,31426.6348,2.4049,512,39
dsmem_loaded,12,0,1,512,16384,0,0,42,1,1238240255,514892032,75576.1874,31426.5156,2.4049,512,40
dsmem_loaded,12,0,1,512,16384,0,0,42,1,1238228146,514887008,75575.4484,31426.2090,2.4049,512,41
dsmem_loaded,12,0,1,512,16384,0,0,42,1,1238233209,514889088,75575.7574,31426.3359,2.4049,512,42
dsmem_loaded,12,0,1,512,16384,0,0,42,1,1238233210,514889120,75575.7574,31426.3379,2.4049,512,43
dsmem_loaded,12,0,1,512,16384,0,0,42,1,1238233209,514889088,75575.7574,31426.3359,2.4049,512,44
dsmem_loaded,12,0,1,512,16384,0,0,42,1,1238233209,514889120,75575.7574,31426.3379,2.4049,512,45
dsmem_loaded,12,0,1,512,16384,0,0,42,1,1238233209,514889120,75575.7574,31426.3379,2.4049,512,46
dsmem_loaded,12,0,1,512,16384,0,0,42,1,1238233209,514889120,75575.7574,31426.3379,2.4049,512,47
dsmem_loaded,12,0,1,512,16384,0,0,42,1,1238235706,514890144,75575.9098,31426.4004,2.4049,512,48
dsmem_loaded,12,0,1,512,16384,0,0,42,1,1238235037,514889888,75575.8690,31426.3848,2.4049,512,49
dsmem_loaded,12,0,1,512,16384,0,0,42,1,1238233210,514889120,75575.7574,31426.3379,2.4049,512,50
dsmem_loaded,12,0,1,512,16384,0,0,42,1,1238233209,514889120,75575.7574,31426.3379,2.4049,512,51
dsmem_loaded,12,0,1,512,16384,0,0,42,1,1238233209,514889088,75575.7574,31426.3359,2.4049,512,52
dsmem_loaded,12,0,1,512,16384,0,0,42,1,1238233209,514889120,75575.7574,31426.3379,2.4049,512,53
dsmem_loaded,12,0,1,512,16384,0,0,42,1,1238233209,514889120,75575.7574,31426.3379,2.4049,512,54
dsmem_loaded,12,0,1,512,16384,0,0,42,1,1238233210,514889088,75575.7574,31426.3359,2.4049,512,55
dsmem_loaded,12,0,1,512,16384,0,0,42,1,1238233209,514889088,75575.7574,31426.3359,2.4049,512,56
dsmem_loaded,12,0,1,512,16384,0,0,42,1,1238236208,514890336,75575.9404,31426.4121,2.4049,512,57
dsmem_loaded,12,0,1,512,16384,0,0,42,1,1238238076,514891104,75576.0544,31426.4590,2.4049,512,58
dsmem_loaded,12,0,1,512,16384,0,0,42,1,1238238421,514891296,75576.0755,31426.4707,2.4049,512,59
dsmem_loaded,12,0,1,512,16384,0,0,42,1,1238233210,514889120,75575.7574,31426.3379,2.4049,512,60
dsmem_loaded,12,0,1,512,16384,0,0,42,1,1238233210,514889088,75575.7574,31426.3359,2.4049,512,61
dsmem_loaded,12,0,1,512,16384,0,0,42,1,1238233210,514889120,75575.7574,31426.3379,2.4049,512,62
dsmem_loaded,12,0,1,512,16384,0,0,42,1,1238233210,514889120,75575.7574,31426.3379,2.4049,512,63
dsmem_loaded,12,0,1,512,16384,0,0,42,1,1238233210,514889088,75575.7574,31426.3359,2.4049,512,64
dsmem_loaded,12,0,1,512,16384,0,0,42,1,1238233209,514889120,75575.7574,31426.3379,2.4049,512,65
dsmem_loaded,12,0,1,512,16384,0,0,42,1,1238233209,514889120,75575.7574,31426.3379,2.4049,512,66
dsmem_loaded,12,0,1,512,16384,0,0,42,1,1238236721,514890560,75575.9717,31426.4258,2.4049,512,67
dsmem_loaded,12,0,1,512,16384,0,0,42,1,1238233215,514889088,75575.7578,31426.3359,2.4049,512,68
dsmem_loaded,12,0,1,512,16384,0,0,42,1,1238235875,514890240,75575.9201,31426.4062,2.4049,512,69
dsmem_loaded,12,0,1,512,16384,0,0,42,1,1238233209,514889088,75575.7574,31426.3359,2.4049,512,70
dsmem_loaded,12,0,1,512,16384,0,0,42,1,1238233209,514889120,75575.7574,31426.3379,2.4049,512,71
dsmem_loaded,12,0,1,512,16384,0,0,42,1,1238233209,514889088,75575.7574,31426.3359,2.4049,512,72
dsmem_loaded,12,0,1,512,16384,0,0,42,1,1238233209,514889120,75575.7574,31426.3379,2.4049,512,73
dsmem_loaded,12,0,1,512,16384,0,0,42,1,1238233210,514889120,75575.7574,31426.3379,2.4049,512,74
dsmem_loaded,12,0,1,512,16384,0,0,42,1,1238233210,514889120,75575.7574,31426.3379,2.4049,512,75
dsmem_loaded,12,0,1,512,16384,0,0,42,1,1238223973,514885248,75575.1937,31426.1016,2.4049,512,76
dsmem_loaded,12,0,1,512,16384,0,0,42,1,1238233209,514889120,75575.7574,31426.3379,2.4049,512,77
dsmem_loaded,12,0,1,512,16384,0,0,42,1,1238233209,514889120,75575.7574,31426.3379,2.4049,512,78
dsmem_loaded,12,0,1,512,16384,0,0,42,1,1238233209,514889120,75575.7574,31426.3379,2.4049,512,79
dsmem_loaded,12,0,1,512,16384,0,0,42,1,1238236883,514890624,75575.9816,31426.4297,2.4049,512,80
dsmem_loaded,12,0,1,512,16384,0,0,42,1,1238233209,514889088,75575.7574,31426.3359,2.4049,512,81
dsmem_loaded,12,0,1,512,16384,0,0,42,1,1238233210,514889120,75575.7574,31426.3379,2.4049,512,82
dsmem_loaded,12,0,1,512,16384,0,0,42,1,1238233209,514889088,75575.7574,31426.3359,2.4049,512,83
dsmem_loaded,12,0,1,512,16384,0,0,42,1,1238233209,514889088,75575.7574,31426.3359,2.4049,512,84
dsmem_loaded,12,0,1,512,16384,0,0,42,1,1238238057,514891136,75576.0533,31426.4609,2.4049,512,85
dsmem_loaded,12,0,1,512,16384,0,0,42,1,1238247826,514895168,75576.6495,31426.7070,2.4049,512,86
dsmem_loaded,12,0,1,512,16384,0,0,42,1,1238232676,514888896,75575.7249,31426.3242,2.4049,512,87
dsmem_loaded,12,0,1,512,16384,0,0,42,1,1238233210,514889088,75575.7574,31426.3359,2.4049,512,88
dsmem_loaded,12,0,1,512,16384,0,0,42,1,1238233209,514889120,75575.7574,31426.3379,2.4049,512,89
dsmem_loaded,12,0,1,512,16384,0,0,42,1,1238233210,514889120,75575.7574,31426.3379,2.4049,512,90
dsmem_loaded,12,0,1,512,16384,0,0,42,1,1238233209,514889120,75575.7574,31426.3379,2.4049,512,91
dsmem_loaded,12,0,1,512,16384,0,0,42,1,1238235528,514890048,75575.8989,31426.3945,2.4049,512,92
dsmem_loaded,12,0,1,512,16384,0,0,42,1,1238233210,514889088,75575.7574,31426.3359,2.4049,512,93
dsmem_loaded,12,0,1,512,16384,0,0,42,1,1238233210,514889088,75575.7574,31426.3359,2.4049,512,94
dsmem_loaded,12,0,1,512,16384,0,0,42,1,1238240922,514892288,75576.2281,31426.5312,2.4049,512,95
dsmem_loaded,12,0,1,512,16384,0,0,42,1,1238237396,514890848,75576.0129,31426.4434,2.4049,512,96
dsmem_loaded,12,0,1,512,16384,0,0,42,1,1238233210,514889120,75575.7574,31426.3379,2.4049,512,97
dsmem_loaded,12,0,1,512,16384,0,0,42,1,1238233209,514889120,75575.7574,31426.3379,2.4049,512,98
dsmem_loaded,12,0,1,512,16384,0,0,42,1,1238233209,514889120,75575.7574,31426.3379,2.4049,512,99
dsmem_loaded,12,0,1,512,16384,0,0,42,1,1238233210,514889088,75575.7574,31426.3359,2.4049,512,100
dsmem_loaded,12,0,1,512,16384,0,0,42,1,1238249487,514895872,75576.7509,31426.7500,2.4049,512,101
dsmem_loaded,12,0,1,512,16384,0,0,42,1,1238233219,514889088,75575.7580,31426.3359,2.4049,512,102
dsmem_loaded,12,0,1,512,16384,0,0,42,1,1238233209,514889088,75575.7574,31426.3359,2.4049,512,103
dsmem_loaded,12,0,1,512,16384,0,0,42,1,1238233209,514889088,75575.7574,31426.3359,2.4049,512,104
dsmem_loaded,12,0,1,512,16384,0,0,42,1,1238233209,514889088,75575.7574,31426.3359,2.4049,512,105
dsmem_loaded,12,0,1,512,16384,0,0,42,1,1238233209,514889088,75575.7574,31426.3359,2.4049,512,106
dsmem_loaded,12,0,1,512,16384,0,0,42,1,1238233209,514889120,75575.7574,31426.3379,2.4049,512,107
dsmem_loaded,12,0,1,512,16384,0,0,42,1,1238233209,514889088,75575.7574,31426.3359,2.4049,512,108
dsmem_loaded,12,0,1,512,16384,0,0,42,1,1238238231,514891200,75576.0639,31426.4648,2.4049,512,109
dsmem_loaded,12,0,1,512,16384,0,0,42,1,1238233209,514889120,75575.7574,31426.3379,2.4049,512,110
dsmem_loaded,12,0,1,512,16384,0,0,42,1,1238233210,514889120,75575.7574,31426.3379,2.4049,512,111
dsmem_loaded,12,0,1,512,16384,0,0,42,1,1238233209,514889088,75575.7574,31426.3359,2.4049,512,112
dsmem_loaded,12,0,1,512,16384,0,0,42,1,1238233209,514889088,75575.7574,31426.3359,2.4049,512,113
dsmem_loaded,12,0,1,512,16384,0,0,42,1,1238233209,514889088,75575.7574,31426.3359,2.4049,512,114
dsmem_loaded,12,0,1,512,16384,0,0,42,1,1238233210,514889120,75575.7574,31426.3379,2.4049,512,115
dsmem_loaded,12,0,1,512,16384,0,0,42,1,1238233209,514889120,75575.7574,31426.3379,2.4049,512,116
dsmem_loaded,12,0,1,512,16384,0,0,42,1,1238233209,514889120,75575.7574,31426.3379,2.4049,512,117
dsmem_loaded,12,0,1,512,16384,0,0,42,1,1238233210,514889120,75575.7574,31426.3379,2.4049,512,118
dsmem_loaded,12,0,1,512,16384,0,0,42,1,1238233209,514889120,75575.7574,31426.3379,2.4049,512,119
dsmem_loaded,12,0,1,512,16384,0,0,42,1,1238238411,514891264,75576.0749,31426.4688,2.4049,512,120
dsmem_loaded,12,0,1,512,16384,0,0,42,1,1238228169,514887008,75575.4498,31426.2090,2.4049,512,121
dsmem_loaded,12,0,1,512,16384,0,0,42,1,1238233209,514889120,75575.7574,31426.3379,2.4049,512,122
dsmem_loaded,12,0,1,512,16384,0,0,42,1,1238233209,514889120,75575.7574,31426.3379,2.4049,512,123
dsmem_loaded,12,0,1,512,16384,0,0,42,1,1238233209,514889088,75575.7574,31426.3359,2.4049,512,124
dsmem_loaded,12,0,1,512,16384,0,0,42,1,1238233210,514889152,75575.7574,31426.3398,2.4049,512,125
dsmem_loaded,12,0,1,512,16384,0,0,42,1,1238233209,514889120,75575.7574,31426.3379,2.4049,512,126
dsmem_loaded,12,0,1,512,16384,0,0,42,1,1238236047,514890272,75575.9306,31426.4082,2.4049,512,127
dsmem_loaded,12,0,1,512,16384,0,0,42,1,1238233209,514889088,75575.7574,31426.3359,2.4049,512,128
dsmem_loaded,12,0,1,512,16384,0,0,42,1,1238247992,514895264,75576.6597,31426.7129,2.4049,512,129
dsmem_loaded,12,0,1,512,16384,0,0,42,1,1238233210,514889088,75575.7574,31426.3359,2.4049,512,130
dsmem_loaded,12,0,1,512,16384,0,0,42,1,1238233209,514889120,75575.7574,31426.3379,2.4049,512,131
dsmem_loaded,12,0,1,512,16384,0,0,42,1,1238235537,514890048,75575.8995,31426.3945,2.4049,512,132
dsmem_loaded,12,0,1,512,16384,0,0,42,1,1238233209,514889120,75575.7574,31426.3379,2.4049,512,133
dsmem_loaded,12,0,1,512,16384,0,0,42,1,1238233213,514889120,75575.7576,31426.3379,2.4049,512,134
dsmem_loaded,12,0,1,512,16384,0,0,42,1,1238233210,514889120,75575.7574,31426.3379,2.4049,512,135
dsmem_loaded,12,0,1,512,16384,0,0,42,1,1238233210,514889120,75575.7574,31426.3379,2.4049,512,136
dsmem_loaded,12,0,1,512,16384,0,0,42,1,1238233210,514889152,75575.7574,31426.3398,2.4049,512,137
dsmem_loaded,12,0,1,512,16384,0,0,42,1,1238233209,514889088,75575.7574,31426.3359,2.4049,512,138
dsmem_loaded,12,0,1,512,16384,0,0,42,1,1238233209,514889120,75575.7574,31426.3379,2.4049,512,139
dsmem_loaded,12,0,1,512,16384,0,0,42,1,1238233209,514889120,75575.7574,31426.3379,2.4049,512,140
dsmem_loaded,12,0,1,512,16384,0,0,42,1,1238233209,514889120,75575.7574,31426.3379,2.4049,512,141
dsmem_loaded,12,0,1,512,16384,0,0,42,1,1238233210,514889120,75575.7574,31426.3379,2.4049,512,142
dsmem_loaded,12,0,1,512,16384,0,0,42,1,1238246835,514894784,75576.5891,31426.6836,2.4049,512,143
dsmem_loaded,12,0,1,512,16384,0,0,42,1,1238233209,514889088,75575.7574,31426.3359,2.4049,512,144
dsmem_loaded,12,0,1,512,16384,0,0,42,1,1238233209,514889120,75575.7574,31426.3379,2.4049,512,145
dsmem_loaded,12,0,1,512,16384,0,0,42,1,1238233209,514889120,75575.7574,31426.3379,2.4049,512,146
dsmem_loaded,12,0,1,512,16384,0,0,42,1,1238234857,514889792,75575.8580,31426.3789,2.4049,512,147
dsmem_loaded,12,0,1,512,16384,0,0,42,1,1238233209,514889088,75575.7574,31426.3359,2.4049,512,148
dsmem_loaded,12,0,1,512,16384,0,0,42,1,1238223952,514885248,75575.1924,31426.1016,2.4049,512,149
dsmem_loaded,12,0,1,512,16384,0,0,42,1,1238237930,514891072,75576.0455,31426.4570,2.4049,512,150
dsmem_loaded,12,0,1,512,16384,0,0,42,1,1238233209,514889120,75575.7574,31426.3379,2.4049,512,151
dsmem_loaded,12,0,1,512,16384,0,0,42,1,1238233210,514889120,75575.7574,31426.3379,2.4049,512,152
dsmem_loaded,12,0,1,512,16384,0,0,42,1,1238233209,514889088,75575.7574,31426.3359,2.4049,512,153
dsmem_loaded,12,0,1,512,16384,0,0,42,1,1238233209,514889120,75575.7574,31426.3379,2.4049,512,154
dsmem_loaded,12,0,1,512,16384,0,0,42,1,1238233210,514889120,75575.7574,31426.3379,2.4049,512,155
dsmem_loaded,12,0,1,512,16384,0,0,42,1,1238233209,514889088,75575.7574,31426.3359,2.4049,512,156
dsmem_loaded,12,0,1,512,16384,0,0,42,1,1238228833,514887328,75575.4903,31426.2285,2.4049,512,157
dsmem_loaded,12,0,1,512,16384,0,0,42,1,1238233210,514889120,75575.7574,31426.3379,2.4049,512,158
dsmem_loaded,12,0,1,512,16384,0,0,42,1,1238233209,514889088,75575.7574,31426.3359,2.4049,512,159
dsmem_loaded,12,0,1,512,16384,0,0,42,1,1238233209,514889088,75575.7574,31426.3359,2.4049,512,160
dsmem_loaded,12,0,1,512,16384,0,0,42,1,1238233209,514889088,75575.7574,31426.3359,2.4049,512,161
dsmem_loaded,12,0,1,512,16384,0,0,42,1,1238233210,514889120,75575.7574,31426.3379,2.4049,512,162
dsmem_loaded,12,0,1,512,16384,0,0,42,1,1238235709,514890144,75575.9100,31426.4004,2.4049,512,163
dsmem_loaded,12,0,1,512,16384,0,0,42,1,1238237917,514891072,75576.0447,31426.4570,2.4049,512,164
dsmem_loaded,12,0,1,512,16384,0,0,42,1,1238228155,514887008,75575.4489,31426.2090,2.4049,512,165
dsmem_loaded,12,0,1,512,16384,0,0,42,1,1238233209,514889088,75575.7574,31426.3359,2.4049,512,166
dsmem_loaded,12,0,1,512,16384,0,0,42,1,1238233209,514889120,75575.7574,31426.3379,2.4049,512,167
dsmem_loaded,12,0,1,512,16384,0,0,42,1,1238233209,514889088,75575.7574,31426.3359,2.4049,512,168
dsmem_loaded,12,0,1,512,16384,0,0,42,1,1238233209,514889120,75575.7574,31426.3379,2.4049,512,169
dsmem_loaded,12,0,1,512,16384,0,0,42,1,1238235553,514890080,75575.9005,31426.3965,2.4049,512,170
dsmem_loaded,12,0,1,512,16384,0,0,42,1,1238233210,514889120,75575.7574,31426.3379,2.4049,512,171
dsmem_loaded,12,0,1,512,16384,0,0,42,1,1238233209,514889088,75575.7574,31426.3359,2.4049,512,172
dsmem_loaded,12,0,1,512,16384,0,0,42,1,1238233210,514889088,75575.7574,31426.3359,2.4049,512,173
dsmem_loaded,12,0,1,512,16384,0,0,42,1,1238233209,514889088,75575.7574,31426.3359,2.4049,512,174
dsmem_loaded,12,0,1,512,16384,0,0,42,1,1238233209,514889120,75575.7574,31426.3379,2.4049,512,175
dsmem_loaded,12,0,1,512,16384,0,0,42,2,1238516473,515005984,75593.0464,31433.4707,2.4049,512,0
dsmem_loaded,12,0,1,512,16384,0,0,42,2,1238516473,515005984,75593.0464,31433.4707,2.4049,512,1
dsmem_loaded,12,0,1,512,16384,0,0,42,2,1238518466,515006816,75593.1681,31433.5215,2.4049,512,2
dsmem_loaded,12,0,1,512,16384,0,0,42,2,1238518798,515006944,75593.1884,31433.5293,2.4049,512,3
dsmem_loaded,12,0,1,512,16384,0,0,42,2,1238524343,515009248,75593.5268,31433.6699,2.4049,512,4
dsmem_loaded,12,0,1,512,16384,0,0,42,2,1238519802,515007360,75593.2496,31433.5547,2.4049,512,5
dsmem_loaded,12,0,1,512,16384,0,0,42,2,1238516474,515005984,75593.0465,31433.4707,2.4049,512,6
dsmem_loaded,12,0,1,512,16384,0,0,42,2,1238516474,515005952,75593.0465,31433.4688,2.4049,512,7
dsmem_loaded,12,0,1,512,16384,0,0,42,2,1238523172,515008768,75593.4553,31433.6406,2.4049,512,8
dsmem_loaded,12,0,1,512,16384,0,0,42,2,1238523676,515008960,75593.4861,31433.6523,2.4049,512,9
dsmem_loaded,12,0,1,512,16384,0,0,42,2,1238516473,515006016,75593.0464,31433.4727,2.4049,512,10
dsmem_loaded,12,0,1,512,16384,0,0,42,2,1238520651,515007744,75593.3015,31433.5781,2.4049,512,11
dsmem_loaded,12,0,1,512,16384,0,0,42,2,1238516473,515005984,75593.0464,31433.4707,2.4049,512,12
dsmem_loaded,12,0,1,512,16384,0,0,42,2,1238516474,515005984,75593.0465,31433.4707,2.4049,512,13
dsmem_loaded,12,0,1,512,16384,0,0,42,2,1238516474,515006016,75593.0465,31433.4727,2.4049,512,14
dsmem_loaded,12,0,1,512,16384,0,0,42,2,1238516474,515006016,75593.0465,31433.4727,2.4049,512,15
dsmem_loaded,12,0,1,512,16384,0,0,42,2,1238524517,515009312,75593.5374,31433.6738,2.4049,512,16
dsmem_loaded,12,0,1,512,16384,0,0,42,2,1238522504,515008480,75593.4146,31433.6230,2.4049,512,17
dsmem_loaded,12,0,1,512,16384,0,0,42,2,1238531909,515012384,75593.9886,31433.8613,2.4049,512,18
dsmem_loaded,12,0,1,512,16384,0,0,42,2,1238516474,515005984,75593.0465,31433.4707,2.4049,512,19
dsmem_loaded,12,0,1,512,16384,0,0,42,2,1238516473,515005984,75593.0464,31433.4707,2.4049,512,20
dsmem_loaded,12,0,1,512,16384,0,0,42,2,1238516474,515005984,75593.0465,31433.4707,2.4049,512,21
dsmem_loaded,12,0,1,512,16384,0,0,42,2,1238516473,515005984,75593.0464,31433.4707,2.4049,512,22
dsmem_loaded,12,0,1,512,16384,0,0,42,2,1238516473,515005984,75593.0464,31433.4707,2.4049,512,23
dsmem_loaded,12,0,1,512,16384,0,0,42,2,1238516474,515005952,75593.0465,31433.4688,2.4049,512,24
dsmem_loaded,12,0,1,512,16384,0,0,42,2,1238516473,515005984,75593.0464,31433.4707,2.4049,512,25
dsmem_loaded,12,0,1,512,16384,0,0,42,2,1238516474,515005984,75593.0465,31433.4707,2.4049,512,26
dsmem_loaded,12,0,1,512,16384,0,0,42,2,1238529722,515011488,75593.8551,31433.8066,2.4049,512,27
dsmem_loaded,12,0,1,512,16384,0,0,42,2,1238516474,515005984,75593.0465,31433.4707,2.4049,512,28
dsmem_loaded,12,0,1,512,16384,0,0,42,2,1238516474,515005952,75593.0465,31433.4688,2.4049,512,29
dsmem_loaded,12,0,1,512,16384,0,0,42,2,1238516473,515005984,75593.0464,31433.4707,2.4049,512,30
dsmem_loaded,12,0,1,512,16384,0,0,42,2,1238516473,515005952,75593.0464,31433.4688,2.4049,512,31
dsmem_loaded,12,0,1,512,16384,0,0,42,2,1238516473,515005984,75593.0464,31433.4707,2.4049,512,32
dsmem_loaded,12,0,1,512,16384,0,0,42,2,1238518637,515006880,75593.1785,31433.5254,2.4049,512,33
dsmem_loaded,12,0,1,512,16384,0,0,42,2,1238516473,515006016,75593.0464,31433.4727,2.4049,512,34
dsmem_loaded,12,0,1,512,16384,0,0,42,2,1238519973,515007424,75593.2601,31433.5586,2.4049,512,35
dsmem_loaded,12,0,1,512,16384,0,0,42,2,1238528548,515011008,75593.7834,31433.7773,2.4049,512,36
dsmem_loaded,12,0,1,512,16384,0,0,42,2,1238519478,515007200,75593.2299,31433.5449,2.4049,512,37
dsmem_loaded,12,0,1,512,16384,0,0,42,2,1238516474,515005984,75593.0465,31433.4707,2.4049,512,38
dsmem_loaded,12,0,1,512,16384,0,0,42,2,1238516473,515005952,75593.0464,31433.4688,2.4049,512,39
dsmem_loaded,12,0,1,512,16384,0,0,42,2,1238516474,515005984,75593.0465,31433.4707,2.4049,512,40
dsmem_loaded,12,0,1,512,16384,0,0,42,2,1238516474,515005984,75593.0465,31433.4707,2.4049,512,41
dsmem_loaded,12,0,1,512,16384,0,0,42,2,1238530740,515011904,75593.9172,31433.8320,2.4049,512,42
dsmem_loaded,12,0,1,512,16384,0,0,42,2,1238516474,515006016,75593.0465,31433.4727,2.4049,512,43
dsmem_loaded,12,0,1,512,16384,0,0,42,2,1238516473,515005984,75593.0464,31433.4707,2.4049,512,44
dsmem_loaded,12,0,1,512,16384,0,0,42,2,1238516473,515005984,75593.0464,31433.4707,2.4049,512,45
dsmem_loaded,12,0,1,512,16384,0,0,42,2,1238516473,515006016,75593.0464,31433.4727,2.4049,512,46
dsmem_loaded,12,0,1,512,16384,0,0,42,2,1238516474,515005952,75593.0465,31433.4688,2.4049,512,47
dsmem_loaded,12,0,1,512,16384,0,0,42,2,1238522841,515008608,75593.4351,31433.6309,2.4049,512,48
dsmem_loaded,12,0,1,512,16384,0,0,42,2,1238516474,515006016,75593.0465,31433.4727,2.4049,512,49
dsmem_loaded,12,0,1,512,16384,0,0,42,2,1238516474,515005984,75593.0465,31433.4707,2.4049,512,50
dsmem_loaded,12,0,1,512,16384,0,0,42,2,1238519648,515007328,75593.2402,31433.5527,2.4049,512,51
dsmem_loaded,12,0,1,512,16384,0,0,42,2,1238516473,515005984,75593.0464,31433.4707,2.4049,512,52
dsmem_loaded,12,0,1,512,16384,0,0,42,2,1238516473,515005984,75593.0464,31433.4707,2.4049,512,53
dsmem_loaded,12,0,1,512,16384,0,0,42,2,1238518470,515006816,75593.1683,31433.5215,2.4049,512,54
dsmem_loaded,12,0,1,512,16384,0,0,42,2,1238516473,515005984,75593.0464,31433.4707,2.4049,512,55
dsmem_loaded,12,0,1,512,16384,0,0,42,2,1238516474,515006016,75593.0465,31433.4727,2.4049,512,56
dsmem_loaded,12,0,1,512,16384,0,0,42,2,1238531074,515012064,75593.9376,31433.8418,2.4049,512,57
dsmem_loaded,12,0,1,512,16384,0,0,42,2,1238516473,515006016,75593.0464,31433.4727,2.4049,512,58
dsmem_loaded,12,0,1,512,16384,0,0,42,2,1238516474,515005984,75593.0465,31433.4707,2.4049,512,59
dsmem_loaded,12,0,1,512,16384,0,0,42,2,1238516473,515005984,75593.0464,31433.4707,2.4049,512,60
dsmem_loaded,12,0,1,512,16384,0,0,42,2,1238516474,515005952,75593.0465,31433.4688,2.4049,512,61
dsmem_loaded,12,0,1,512,16384,0,0,42,2,1238516473,515005984,75593.0464,31433.4707,2.4049,512,62
dsmem_loaded,12,0,1,512,16384,0,0,42,2,1238516474,515005952,75593.0465,31433.4688,2.4049,512,63
dsmem_loaded,12,0,1,512,16384,0,0,42,2,1238516473,515006016,75593.0464,31433.4727,2.4049,512,64
dsmem_loaded,12,0,1,512,16384,0,0,42,2,1238516473,515005952,75593.0464,31433.4688,2.4049,512,65
dsmem_loaded,12,0,1,512,16384,0,0,42,2,1238516473,515005984,75593.0464,31433.4707,2.4049,512,66
dsmem_loaded,12,0,1,512,16384,0,0,42,2,1238516473,515005952,75593.0464,31433.4688,2.4049,512,67
dsmem_loaded,12,0,1,512,16384,0,0,42,2,1238520140,515007520,75593.2703,31433.5645,2.4049,512,68
dsmem_loaded,12,0,1,512,16384,0,0,42,2,1238516473,515005952,75593.0464,31433.4688,2.4049,512,69
dsmem_loaded,12,0,1,512,16384,0,0,42,2,1238519487,515007232,75593.2304,31433.5469,2.4049,512,70
dsmem_loaded,12,0,1,512,16384,0,0,42,2,1238527219,515010432,75593.7023,31433.7422,2.4049,512,71
dsmem_loaded,12,0,1,512,16384,0,0,42,2,1238516474,515005952,75593.0465,31433.4688,2.4049,512,72
dsmem_loaded,12,0,1,512,16384,0,0,42,2,1238516474,515006016,75593.0465,31433.4727,2.4049,512,73
dsmem_loaded,12,0,1,512,16384,0,0,42,2,1238516474,515006016,75593.0465,31433.4727,2.4049,512,74
dsmem_loaded,12,0,1,512,16384,0,0,42,2,1238516473,515005984,75593.0464,31433.4707,2.4049,512,75
dsmem_loaded,12,0,1,512,16384,0,0,42,2,1238516473,515005952,75593.0464,31433.4688,2.4049,512,76
dsmem_loaded,12,0,1,512,16384,0,0,42,2,1238528557,515011008,75593.7840,31433.7773,2.4049,512,77
dsmem_loaded,12,0,1,512,16384,0,0,42,2,1238516473,515005952,75593.0464,31433.4688,2.4049,512,78
dsmem_loaded,12,0,1,512,16384,0,0,42,2,1238516474,515006016,75593.0465,31433.4727,2.4049,512,79
dsmem_loaded,12,0,1,512,16384,0,0,42,2,1238532596,515012704,75594.0305,31433.8809,2.4049,512,80
dsmem_loaded,12,0,1,512,16384,0,0,42,2,1238519471,515007232,75593.2294,31433.5469,2.4049,512,81
dsmem_loaded,12,0,1,512,16384,0,0,42,2,1238519137,515007104,75593.2090,31433.5391,2.4049,512,82
dsmem_loaded,12,0,1,512,16384,0,0,42,2,1238516474,515006016,75593.0465,31433.4727,2.4049,512,83
dsmem_loaded,12,0,1,512,16384,0,0,42,2,1238516474,515006016,75593.0465,31433.4727,2.4049,512,84
dsmem_loaded,12,0,1,512,16384,0,0,42,2,1238516473,515006016,75593.0464,31433.4727,2.4049,512,85
dsmem_loaded,12,0,1,512,16384,0,0,42,2,1238516473,515005952,75593.0464,31433.4688,2.4049,512,86
dsmem_loaded,12,0,1,512,16384,0,0,42,2,1238516474,515005984,75593.0465,31433.4707,2.4049,512,87
dsmem_loaded,12,0,1,512,16384,0,0,42,2,1238516473,515005984,75593.0464,31433.4707,2.4049,512,88
dsmem_loaded,12,0,1,512,16384,0,0,42,2,1238516474,515005984,75593.0465,31433.4707,2.4049,512,89
dsmem_loaded,12,0,1,512,16384,0,0,42,2,1238516473,515005952,75593.0464,31433.4688,2.4049,512,90
dsmem_loaded,12,0,1,512,16384,0,0,42,2,1238516473,515005952,75593.0464,31433.4688,2.4049,512,91
dsmem_loaded,12,0,1,512,16384,0,0,42,2,1238516473,515005952,75593.0464,31433.4688,2.4049,512,92
dsmem_loaded,12,0,1,512,16384,0,0,42,2,1238516474,515005984,75593.0465,31433.4707,2.4049,512,93
dsmem_loaded,12,0,1,512,16384,0,0,42,2,1238516474,515005984,75593.0465,31433.4707,2.4049,512,94
dsmem_loaded,12,0,1,512,16384,0,0,42,2,1238520489,515007648,75593.2916,31433.5723,2.4049,512,95
dsmem_loaded,12,0,1,512,16384,0,0,42,2,1238516473,515005984,75593.0464,31433.4707,2.4049,512,96
dsmem_loaded,12,0,1,512,16384,0,0,42,2,1238528054,515010784,75593.7533,31433.7637,2.4049,512,97
dsmem_loaded,12,0,1,512,16384,0,0,42,2,1238516474,515006016,75593.0465,31433.4727,2.4049,512,98
dsmem_loaded,12,0,1,512,16384,0,0,42,2,1238516473,515005984,75593.0464,31433.4707,2.4049,512,99
dsmem_loaded,12,0,1,512,16384,0,0,42,2,1238516474,515006016,75593.0465,31433.4727,2.4049,512,100
dsmem_loaded,12,0,1,512,16384,0,0,42,2,1238516473,515005984,75593.0464,31433.4707,2.4049,512,101
dsmem_loaded,12,0,1,512,16384,0,0,42,2,1238516474,515005984,75593.0465,31433.4707,2.4049,512,102
dsmem_loaded,12,0,1,512,16384,0,0,42,2,1238516473,515005984,75593.0464,31433.4707,2.4049,512,103
dsmem_loaded,12,0,1,512,16384,0,0,42,2,1238519307,515007168,75593.2194,31433.5430,2.4049,512,104
dsmem_loaded,12,0,1,512,16384,0,0,42,2,1238516474,515005952,75593.0465,31433.4688,2.4049,512,105
dsmem_loaded,12,0,1,512,16384,0,0,42,2,1238525357,515009664,75593.5887,31433.6953,2.4049,512,106
dsmem_loaded,12,0,1,512,16384,0,0,42,2,1238516474,515005984,75593.0465,31433.4707,2.4049,512,107
dsmem_loaded,12,0,1,512,16384,0,0,42,2,1238516473,515005984,75593.0464,31433.4707,2.4049,512,108
dsmem_loaded,12,0,1,512,16384,0,0,42,2,1238516473,515006016,75593.0464,31433.4727,2.4049,512,109
dsmem_loaded,12,0,1,512,16384,0,0,42,2,1238516473,515005984,75593.0464,31433.4707,2.4049,512,110
dsmem_loaded,12,0,1,512,16384,0,0,42,2,1238516473,515005984,75593.0464,31433.4707,2.4049,512,111
dsmem_loaded,12,0,1,512,16384,0,0,42,2,1238529220,515011296,75593.8245,31433.7949,2.4049,512,112
dsmem_loaded,12,0,1,512,16384,0,0,42,2,1238533757,515013184,75594.1014,31433.9102,2.4049,512,113
dsmem_loaded,12,0,1,512,16384,0,0,42,2,1238516473,515005984,75593.0464,31433.4707,2.4049,512,114
dsmem_loaded,12,0,1,512,16384,0,0,42,2,1238516474,515005984,75593.0465,31433.4707,2.4049,512,115
dsmem_loaded,12,0,1,512,16384,0,0,42,2,1238516473,515006016,75593.0464,31433.4727,2.4049,512,116
dsmem_loaded,12,0,1,512,16384,0,0,42,2,1238516474,515005984,75593.0465,31433.4707,2.4049,512,117
dsmem_loaded,12,0,1,512,16384,0,0,42,2,1238516474,515005984,75593.0465,31433.4707,2.4049,512,118
dsmem_loaded,12,0,1,512,16384,0,0,42,2,1238520652,515007712,75593.3015,31433.5762,2.4049,512,119
dsmem_loaded,12,0,1,512,16384,0,0,42,2,1238516474,515006016,75593.0465,31433.4727,2.4049,512,120
dsmem_loaded,12,0,1,512,16384,0,0,42,2,1238516473,515005984,75593.0464,31433.4707,2.4049,512,121
dsmem_loaded,12,0,1,512,16384,0,0,42,2,1238519475,515007200,75593.2297,31433.5449,2.4049,512,122
dsmem_loaded,12,0,1,512,16384,0,0,42,2,1238516473,515005952,75593.0464,31433.4688,2.4049,512,123
dsmem_loaded,12,0,1,512,16384,0,0,42,2,1238516474,515005984,75593.0465,31433.4707,2.4049,512,124
dsmem_loaded,12,0,1,512,16384,0,0,42,2,1238516473,515006016,75593.0464,31433.4727,2.4049,512,125
dsmem_loaded,12,0,1,512,16384,0,0,42,2,1238520814,515007776,75593.3114,31433.5801,2.4049,512,126
dsmem_loaded,12,0,1,512,16384,0,0,42,2,1238519144,515007072,75593.2095,31433.5371,2.4049,512,127
dsmem_loaded,12,0,1,512,16384,0,0,42,2,1238516474,515005984,75593.0465,31433.4707,2.4049,512,128
dsmem_loaded,12,0,1,512,16384,0,0,42,2,1238516474,515005984,75593.0465,31433.4707,2.4049,512,129
dsmem_loaded,12,0,1,512,16384,0,0,42,2,1238516473,515006016,75593.0464,31433.4727,2.4049,512,130
dsmem_loaded,12,0,1,512,16384,0,0,42,2,1238519651,515007264,75593.2404,31433.5488,2.4049,512,131
dsmem_loaded,12,0,1,512,16384,0,0,42,2,1238523675,515008960,75593.4860,31433.6523,2.4049,512,132
dsmem_loaded,12,0,1,512,16384,0,0,42,2,1238516473,515005952,75593.0464,31433.4688,2.4049,512,133
dsmem_loaded,12,0,1,512,16384,0,0,42,2,1238523335,515008832,75593.4653,31433.6445,2.4049,512,134
dsmem_loaded,12,0,1,512,16384,0,0,42,2,1238516473,515005984,75593.0464,31433.4707,2.4049,512,135
dsmem_loaded,12,0,1,512,16384,0,0,42,2,1238516474,515006016,75593.0465,31433.4727,2.4049,512,136
dsmem_loaded,12,0,1,512,16384,0,0,42,2,1238516473,515005984,75593.0464,31433.4707,2.4049,512,137
dsmem_loaded,12,0,1,512,16384,0,0,42,2,1238516473,515006016,75593.0464,31433.4727,2.4049,512,138
dsmem_loaded,12,0,1,512,16384,0,0,42,2,1238516474,515005952,75593.0465,31433.4688,2.4049,512,139
dsmem_loaded,12,0,1,512,16384,0,0,42,2,1238516473,515005952,75593.0464,31433.4688,2.4049,512,140
dsmem_loaded,12,0,1,512,16384,0,0,42,2,1238516473,515005984,75593.0464,31433.4707,2.4049,512,141
dsmem_loaded,12,0,1,512,16384,0,0,42,2,1238516474,515005984,75593.0465,31433.4707,2.4049,512,142
dsmem_loaded,12,0,1,512,16384,0,0,42,2,1238516473,515005984,75593.0464,31433.4707,2.4049,512,143
dsmem_loaded,12,0,1,512,16384,0,0,42,2,1238516473,515006016,75593.0464,31433.4727,2.4049,512,144
dsmem_loaded,12,0,1,512,16384,0,0,42,2,1238516474,515005952,75593.0465,31433.4688,2.4049,512,145
dsmem_loaded,12,0,1,512,16384,0,0,42,2,1238516473,515005984,75593.0464,31433.4707,2.4049,512,146
dsmem_loaded,12,0,1,512,16384,0,0,42,2,1238529561,515011424,75593.8453,31433.8027,2.4049,512,147
dsmem_loaded,12,0,1,512,16384,0,0,42,2,1238516473,515005952,75593.0464,31433.4688,2.4049,512,148
dsmem_loaded,12,0,1,512,16384,0,0,42,2,1238528216,515010848,75593.7632,31433.7676,2.4049,512,149
dsmem_loaded,12,0,1,512,16384,0,0,42,2,1238516473,515005984,75593.0464,31433.4707,2.4049,512,150
dsmem_loaded,12,0,1,512,16384,0,0,42,2,1238529900,515011584,75593.8660,31433.8125,2.4049,512,151
dsmem_loaded,12,0,1,512,16384,0,0,42,2,1238527875,515010720,75593.7424,31433.7598,2.4049,512,152
dsmem_loaded,12,0,1,512,16384,0,0,42,2,1238516473,515005984,75593.0464,31433.4707,2.4049,512,153
dsmem_loaded,12,0,1,512,16384,0,0,42,2,1238516474,515005984,75593.0465,31433.4707,2.4049,512,154
dsmem_loaded,12,0,1,512,16384,0,0,42,2,1238516474,515006016,75593.0465,31433.4727,2.4049,512,155
dsmem_loaded,12,0,1,512,16384,0,0,42,2,1238516474,515005984,75593.0465,31433.4707,2.4049,512,156
dsmem_loaded,12,0,1,512,16384,0,0,42,2,1238516473,515005984,75593.0464,31433.4707,2.4049,512,157
dsmem_loaded,12,0,1,512,16384,0,0,42,2,1238516473,515005984,75593.0464,31433.4707,2.4049,512,158
dsmem_loaded,12,0,1,512,16384,0,0,42,2,1238516473,515005984,75593.0464,31433.4707,2.4049,512,159
dsmem_loaded,12,0,1,512,16384,0,0,42,2,1238516473,515006016,75593.0464,31433.4727,2.4049,512,160
dsmem_loaded,12,0,1,512,16384,0,0,42,2,1238516474,515005952,75593.0465,31433.4688,2.4049,512,161
dsmem_loaded,12,0,1,512,16384,0,0,42,2,1238516474,515005984,75593.0465,31433.4707,2.4049,512,162
dsmem_loaded,12,0,1,512,16384,0,0,42,2,1238516473,515005984,75593.0464,31433.4707,2.4049,512,163
dsmem_loaded,12,0,1,512,16384,0,0,42,2,1238516474,515005984,75593.0465,31433.4707,2.4049,512,164
dsmem_loaded,12,0,1,512,16384,0,0,42,2,1238533434,515013024,75594.0817,31433.9004,2.4049,512,165
dsmem_loaded,12,0,1,512,16384,0,0,42,2,1238529897,515011552,75593.8658,31433.8105,2.4049,512,166
dsmem_loaded,12,0,1,512,16384,0,0,42,2,1238516473,515005984,75593.0464,31433.4707,2.4049,512,167
dsmem_loaded,12,0,1,512,16384,0,0,42,2,1238519816,515007360,75593.2505,31433.5547,2.4049,512,168
dsmem_loaded,12,0,1,512,16384,0,0,42,2,1238516474,515006016,75593.0465,31433.4727,2.4049,512,169
dsmem_loaded,12,0,1,512,16384,0,0,42,2,1238516473,515006016,75593.0464,31433.4727,2.4049,512,170
dsmem_loaded,12,0,1,512,16384,0,0,42,2,1238516473,515005952,75593.0464,31433.4688,2.4049,512,171
dsmem_loaded,12,0,1,512,16384,0,0,42,2,1238516474,515005984,75593.0465,31433.4707,2.4049,512,172
dsmem_loaded,12,0,1,512,16384,0,0,42,2,1238524869,515009472,75593.5589,31433.6836,2.4049,512,173
dsmem_loaded,12,0,1,512,16384,0,0,42,2,1238516474,515005984,75593.0465,31433.4707,2.4049,512,174
dsmem_loaded,12,0,1,512,16384,0,0,42,2,1238516474,515005984,75593.0465,31433.4707,2.4049,512,175
dsmem_loaded,12,0,1,512,16384,0,0,42,3,1238532985,515012896,75594.0543,31433.8926,2.4049,512,0
dsmem_loaded,12,0,1,512,16384,0,0,42,3,1238532985,515012928,75594.0543,31433.8945,2.4049,512,1
dsmem_loaded,12,0,1,512,16384,0,0,42,3,1238532986,515012928,75594.0543,31433.8945,2.4049,512,2
dsmem_loaded,12,0,1,512,16384,0,0,42,3,1238532985,515012896,75594.0543,31433.8926,2.4049,512,3
dsmem_loaded,12,0,1,512,16384,0,0,42,3,1238540519,515016032,75594.5141,31434.0840,2.4049,512,4
dsmem_loaded,12,0,1,512,16384,0,0,42,3,1238532985,515012896,75594.0543,31433.8926,2.4049,512,5
dsmem_loaded,12,0,1,512,16384,0,0,42,3,1238540526,515016032,75594.5145,31434.0840,2.4049,512,6
dsmem_loaded,12,0,1,512,16384,0,0,42,3,1238534984,515013760,75594.1763,31433.9453,2.4049,512,7
dsmem_loaded,12,0,1,512,16384,0,0,42,3,1238532985,515012896,75594.0543,31433.8926,2.4049,512,8
dsmem_loaded,12,0,1,512,16384,0,0,42,3,1238546568,515018560,75594.8833,31434.2383,2.4049,512,9
dsmem_loaded,12,0,1,512,16384,0,0,42,3,1238532985,515012896,75594.0543,31433.8926,2.4049,512,10
dsmem_loaded,12,0,1,512,16384,0,0,42,3,1238532985,515012928,75594.0543,31433.8945,2.4049,512,11
dsmem_loaded,12,0,1,512,16384,0,0,42,3,1238532985,515012896,75594.0543,31433.8926,2.4049,512,12
dsmem_loaded,12,0,1,512,16384,0,0,42,3,1238532986,515012896,75594.0543,31433.8926,2.4049,512,13
dsmem_loaded,12,0,1,512,16384,0,0,42,3,1238536492,515014368,75594.2683,31433.9824,2.4049,512,14
dsmem_loaded,12,0,1,512,16384,0,0,42,3,1238532986,515012928,75594.0543,31433.8945,2.4049,512,15
dsmem_loaded,12,0,1,512,16384,0,0,42,3,1238532986,515012896,75594.0543,31433.8926,2.4049,512,16
dsmem_loaded,12,0,1,512,16384,0,0,42,3,1238532985,515012896,75594.0543,31433.8926,2.4049,512,17
dsmem_loaded,12,0,1,512,16384,0,0,42,3,1238532985,515012928,75594.0543,31433.8945,2.4049,512,18
dsmem_loaded,12,0,1,512,16384,0,0,42,3,1238532985,515012928,75594.0543,31433.8945,2.4049,512,19
dsmem_loaded,12,0,1,512,16384,0,0,42,3,1238532985,515012896,75594.0543,31433.8926,2.4049,512,20
dsmem_loaded,12,0,1,512,16384,0,0,42,3,1238532985,515012896,75594.0543,31433.8926,2.4049,512,21
dsmem_loaded,12,0,1,512,16384,0,0,42,3,1238536160,515014208,75594.2480,31433.9727,2.4049,512,22
dsmem_loaded,12,0,1,512,16384,0,0,42,3,1238532986,515012928,75594.0543,31433.8945,2.4049,512,23
dsmem_loaded,12,0,1,512,16384,0,0,42,3,1238551283,515020480,75595.1711,31434.3555,2.4049,512,24
dsmem_loaded,12,0,1,512,16384,0,0,42,3,1238532986,515012928,75594.0543,31433.8945,2.4049,512,25
dsmem_loaded,12,0,1,512,16384,0,0,42,3,1238532986,515012928,75594.0543,31433.8945,2.4049,512,26
dsmem_loaded,12,0,1,512,16384,0,0,42,3,1238532985,515012928,75594.0543,31433.8945,2.4049,512,27
dsmem_loaded,12,0,1,512,16384,0,0,42,3,1238532985,515012896,75594.0543,31433.8926,2.4049,512,28
dsmem_loaded,12,0,1,512,16384,0,0,42,3,1238534986,515013728,75594.1764,31433.9434,2.4049,512,29
dsmem_loaded,12,0,1,512,16384,0,0,42,3,1238535813,515014080,75594.2269,31433.9648,2.4049,512,30
dsmem_loaded,12,0,1,512,16384,0,0,42,3,1238532985,515012896,75594.0543,31433.8926,2.4049,512,31
dsmem_loaded,12,0,1,512,16384,0,0,42,3,1238532985,515012896,75594.0543,31433.8926,2.4049,512,32
dsmem_loaded,12,0,1,512,16384,0,0,42,3,1238532986,515012896,75594.0543,31433.8926,2.4049,512,33
dsmem_loaded,12,0,1,512,16384,0,0,42,3,1238532985,515012896,75594.0543,31433.8926,2.4049,512,34
dsmem_loaded,12,0,1,512,16384,0,0,42,3,1238532985,515012896,75594.0543,31433.8926,2.4049,512,35
dsmem_loaded,12,0,1,512,16384,0,0,42,3,1238532986,515012864,75594.0543,31433.8906,2.4049,512,36
dsmem_loaded,12,0,1,512,16384,0,0,42,3,1238535647,515014016,75594.2167,31433.9609,2.4049,512,37
dsmem_loaded,12,0,1,512,16384,0,0,42,3,1238536487,515014336,75594.2680,31433.9805,2.4049,512,38
dsmem_loaded,12,0,1,512,16384,0,0,42,3,1238540370,515016000,75594.5050,31434.0820,2.4049,512,39
dsmem_loaded,12,0,1,512,16384,0,0,42,3,1238535475,515013952,75594.2062,31433.9570,2.4049,512,40
dsmem_loaded,12,0,1,512,16384,0,0,42,3,1238532985,515012896,75594.0543,31433.8926,2.4049,512,41
dsmem_loaded,12,0,1,512,16384,0,0,42,3,1238532985,515012896,75594.0543,31433.8926,2.4049,512,42
dsmem_loaded,12,0,1,512,16384,0,0,42,3,1238532986,515012896,75594.0543,31433.8926,2.4049,512,43
dsmem_loaded,12,0,1,512,16384,0,0,42,3,1238532985,515012928,75594.0543,31433.8945,2.4049,512,44
dsmem_loaded,12,0,1,512,16384,0,0,42,3,1238532985,515012928,75594.0543,31433.8945,2.4049,512,45
dsmem_loaded,12,0,1,512,16384,0,0,42,3,1238532986,515012928,75594.0543,31433.8945,2.4049,512,46
dsmem_loaded,12,0,1,512,16384,0,0,42,3,1238532985,515012896,75594.0543,31433.8926,2.4049,512,47
dsmem_loaded,12,0,1,512,16384,0,0,42,3,1238532985,515012896,75594.0543,31433.8926,2.4049,512,48
dsmem_loaded,12,0,1,512,16384,0,0,42,3,1238532985,515012928,75594.0543,31433.8945,2.4049,512,49
dsmem_loaded,12,0,1,512,16384,0,0,42,3,1238532985,515012896,75594.0543,31433.8926,2.4049,512,50
dsmem_loaded,12,0,1,512,16384,0,0,42,3,1238532985,515012896,75594.0543,31433.8926,2.4049,512,51
dsmem_loaded,12,0,1,512,16384,0,0,42,3,1238540197,515015904,75594.4944,31434.0762,2.4049,512,52
dsmem_loaded,12,0,1,512,16384,0,0,42,3,1238532985,515012896,75594.0543,31433.8926,2.4049,512,53
dsmem_loaded,12,0,1,512,16384,0,0,42,3,1238536493,515014368,75594.2684,31433.9824,2.4049,512,54
dsmem_loaded,12,0,1,512,16384,0,0,42,3,1238536162,515014208,75594.2482,31433.9727,2.4049,512,55
dsmem_loaded,12,0,1,512,16384,0,0,42,3,1238532986,515012896,75594.0543,31433.8926,2.4049,512,56
dsmem_loaded,12,0,1,512,16384,0,0,42,3,1238536657,515014432,75594.2784,31433.9863,2.4049,512,57
dsmem_loaded,12,0,1,512,16384,0,0,42,3,1238532986,515012896,75594.0543,31433.8926,2.4049,512,58
dsmem_loaded,12,0,1,512,16384,0,0,42,3,1238532985,515012896,75594.0543,31433.8926,2.4049,512,59
dsmem_loaded,12,0,1,512,16384,0,0,42,3,1238532985,515012896,75594.0543,31433.8926,2.4049,512,60
dsmem_loaded,12,0,1,512,16384,0,0,42,3,1238532986,515012896,75594.0543,31433.8926,2.4049,512,61
dsmem_loaded,12,0,1,512,16384,0,0,42,3,1238532985,515012896,75594.0543,31433.8926,2.4049,512,62
dsmem_loaded,12,0,1,512,16384,0,0,42,3,1238532986,515012896,75594.0543,31433.8926,2.4049,512,63
dsmem_loaded,12,0,1,512,16384,0,0,42,3,1238532985,515012896,75594.0543,31433.8926,2.4049,512,64
dsmem_loaded,12,0,1,512,16384,0,0,42,3,1238532985,515012896,75594.0543,31433.8926,2.4049,512,65
dsmem_loaded,12,0,1,512,16384,0,0,42,3,1238532985,515012864,75594.0543,31433.8906,2.4049,512,66
dsmem_loaded,12,0,1,512,16384,0,0,42,3,1238532985,515012928,75594.0543,31433.8945,2.4049,512,67
dsmem_loaded,12,0,1,512,16384,0,0,42,3,1238549607,515019808,75595.0688,31434.3145,2.4049,512,68
dsmem_loaded,12,0,1,512,16384,0,0,42,3,1238540525,515016032,75594.5145,31434.0840,2.4049,512,69
dsmem_loaded,12,0,1,512,16384,0,0,42,3,1238536171,515014240,75594.2487,31433.9746,2.4049,512,70
dsmem_loaded,12,0,1,512,16384,0,0,42,3,1238532986,515012896,75594.0543,31433.8926,2.4049,512,71
dsmem_loaded,12,0,1,512,16384,0,0,42,3,1238532986,515012896,75594.0543,31433.8926,2.4049,512,72
dsmem_loaded,12,0,1,512,16384,0,0,42,3,1238532985,515012928,75594.0543,31433.8945,2.4049,512,73
dsmem_loaded,12,0,1,512,16384,0,0,42,3,1238535820,515014080,75594.2273,31433.9648,2.4049,512,74
dsmem_loaded,12,0,1,512,16384,0,0,42,3,1238532986,515012896,75594.0543,31433.8926,2.4049,512,75
dsmem_loaded,12,0,1,512,16384,0,0,42,3,1238532985,515012896,75594.0543,31433.8926,2.4049,512,76
dsmem_loaded,12,0,1,512,16384,0,0,42,3,1238532986,515012896,75594.0543,31433.8926,2.4049,512,77
dsmem_loaded,12,0,1,512,16384,0,0,42,3,1238532985,515012896,75594.0543,31433.8926,2.4049,512,78
dsmem_loaded,12,0,1,512,16384,0,0,42,3,1238550443,515020192,75595.1198,31434.3379,2.4049,512,79
dsmem_loaded,12,0,1,512,16384,0,0,42,3,1238532985,515012896,75594.0543,31433.8926,2.4049,512,80
dsmem_loaded,12,0,1,512,16384,0,0,42,3,1238532986,515012896,75594.0543,31433.8926,2.4049,512,81
dsmem_loaded,12,0,1,512,16384,0,0,42,3,1238532985,515012896,75594.0543,31433.8926,2.4049,512,82
dsmem_loaded,12,0,1,512,16384,0,0,42,3,1238532986,515012896,75594.0543,31433.8926,2.4049,512,83
dsmem_loaded,12,0,1,512,16384,0,0,42,3,1238532985,515012896,75594.0543,31433.8926,2.4049,512,84
dsmem_loaded,12,0,1,512,16384,0,0,42,3,1238532985,515012896,75594.0543,31433.8926,2.4049,512,85
dsmem_loaded,12,0,1,512,16384,0,0,42,3,1238534479,515013536,75594.1454,31433.9316,2.4049,512,86
dsmem_loaded,12,0,1,512,16384,0,0,42,3,1238539847,515015712,75594.4731,31434.0645,2.4049,512,87
dsmem_loaded,12,0,1,512,16384,0,0,42,3,1238546235,515018432,75594.8630,31434.2305,2.4049,512,88
dsmem_loaded,12,0,1,512,16384,0,0,42,3,1238535997,515014144,75594.2381,31433.9688,2.4049,512,89
dsmem_loaded,12,0,1,512,16384,0,0,42,3,1238532985,515012928,75594.0543,31433.8945,2.4049,512,90
dsmem_loaded,12,0,1,512,16384,0,0,42,3,1238532985,515012896,75594.0543,31433.8926,2.4049,512,91
dsmem_loaded,12,0,1,512,16384,0,0,42,3,1238532986,515012896,75594.0543,31433.8926,2.4049,512,92
dsmem_loaded,12,0,1,512,16384,0,0,42,3,1238541540,515016480,75594.5764,31434.1113,2.4049,512,93
dsmem_loaded,12,0,1,512,16384,0,0,42,3,1238532986,515012928,75594.0543,31433.8945,2.4049,512,94
dsmem_loaded,12,0,1,512,16384,0,0,42,3,1238532985,515012928,75594.0543,31433.8945,2.4049,512,95
dsmem_loaded,12,0,1,512,16384,0,0,42,3,1238532986,515012896,75594.0543,31433.8926,2.4049,512,96
dsmem_loaded,12,0,1,512,16384,0,0,42,3,1238532985,515012896,75594.0543,31433.8926,2.4049,512,97
dsmem_loaded,12,0,1,512,16384,0,0,42,3,1238532985,515012896,75594.0543,31433.8926,2.4049,512,98
dsmem_loaded,12,0,1,512,16384,0,0,42,3,1238532986,515012928,75594.0543,31433.8945,2.4049,512,99
dsmem_loaded,12,0,1,512,16384,0,0,42,3,1238534653,515013600,75594.1561,31433.9355,2.4049,512,100
dsmem_loaded,12,0,1,512,16384,0,0,42,3,1238532986,515012896,75594.0543,31433.8926,2.4049,512,101
dsmem_loaded,12,0,1,512,16384,0,0,42,3,1238542886,515017024,75594.6586,31434.1445,2.4049,512,102
dsmem_loaded,12,0,1,512,16384,0,0,42,3,1238540518,515016000,75594.5140,31434.0820,2.4049,512,103
dsmem_loaded,12,0,1,512,16384,0,0,42,3,1238532985,515012896,75594.0543,31433.8926,2.4049,512,104
dsmem_loaded,12,0,1,512,16384,0,0,42,3,1238541198,515016320,75594.5555,31434.1016,2.4049,512,105
dsmem_loaded,12,0,1,512,16384,0,0,42,3,1238532985,515012896,75594.0543,31433.8926,2.4049,512,106
dsmem_loaded,12,0,1,512,16384,0,0,42,3,1238532985,515012928,75594.0543,31433.8945,2.4049,512,107
dsmem_loaded,12,0,1,512,16384,0,0,42,3,1238532985,515012928,75594.0543,31433.8945,2.4049,512,108
dsmem_loaded,12,0,1,512,16384,0,0,42,3,1238532986,515012896,75594.0543,31433.8926,2.4049,512,109
dsmem_loaded,12,0,1,512,16384,0,0,42,3,1238535655,515014016,75594.2172,31433.9609,2.4049,512,110
dsmem_loaded,12,0,1,512,16384,0,0,42,3,1238532985,515012896,75594.0543,31433.8926,2.4049,512,111
dsmem_loaded,12,0,1,512,16384,0,0,42,3,1238532985,515012928,75594.0543,31433.8945,2.4049,512,112
dsmem_loaded,12,0,1,512,16384,0,0,42,3,1238532986,515012896,75594.0543,31433.8926,2.4049,512,113
dsmem_loaded,12,0,1,512,16384,0,0,42,3,1238532985,515012896,75594.0543,31433.8926,2.4049,512,114
dsmem_loaded,12,0,1,512,16384,0,0,42,3,1238532985,515012928,75594.0543,31433.8945,2.4049,512,115
dsmem_loaded,12,0,1,512,16384,0,0,42,3,1238532986,515012896,75594.0543,31433.8926,2.4049,512,116
dsmem_loaded,12,0,1,512,16384,0,0,42,3,1238539670,515015680,75594.4623,31434.0625,2.4049,512,117
dsmem_loaded,12,0,1,512,16384,0,0,42,3,1238535478,515013952,75594.2064,31433.9570,2.4049,512,118
dsmem_loaded,12,0,1,512,16384,0,0,42,3,1238532985,515012928,75594.0543,31433.8945,2.4049,512,119
dsmem_loaded,12,0,1,512,16384,0,0,42,3,1238558498,515023488,75595.6115,31434.5391,2.4049,512,120
dsmem_loaded,12,0,1,512,16384,0,0,42,3,1238532985,515012896,75594.0543,31433.8926,2.4049,512,121
dsmem_loaded,12,0,1,512,16384,0,0,42,3,1238532985,515012928,75594.0543,31433.8945,2.4049,512,122
dsmem_loaded,12,0,1,512,16384,0,0,42,3,1238536316,515014272,75594.2576,31433.9766,2.4049,512,123
dsmem_loaded,12,0,1,512,16384,0,0,42,3,1238537485,515014784,75594.3289,31434.0078,2.4049,512,124
dsmem_loaded,12,0,1,512,16384,0,0,42,3,1238532985,515012896,75594.0543,31433.8926,2.4049,512,125
dsmem_loaded,12,0,1,512,16384,0,0,42,3,1238532986,515012928,75594.0543,31433.8945,2.4049,512,126
dsmem_loaded,12,0,1,512,16384,0,0,42,3,1238532986,515012896,75594.0543,31433.8926,2.4049,512,127
dsmem_loaded,12,0,1,512,16384,0,0,42,3,1238532985,515012928,75594.0543,31433.8945,2.4049,512,128
dsmem_loaded,12,0,1,512,16384,0,0,42,3,1238532986,515012864,75594.0543,31433.8906,2.4049,512,129
dsmem_loaded,12,0,1,512,16384,0,0,42,3,1238532985,515012896,75594.0543,31433.8926,2.4049,512,130
dsmem_loaded,12,0,1,512,16384,0,0,42,3,1238532986,515012896,75594.0543,31433.8926,2.4049,512,131
dsmem_loaded,12,0,1,512,16384,0,0,42,3,1238553798,515021536,75595.3246,31434.4199,2.4049,512,132
dsmem_loaded,12,0,1,512,16384,0,0,42,3,1238551629,515020672,75595.1922,31434.3672,2.4049,512,133
dsmem_loaded,12,0,1,512,16384,0,0,42,3,1238534983,515013728,75594.1762,31433.9434,2.4049,512,134
dsmem_loaded,12,0,1,512,16384,0,0,42,3,1238540700,515016128,75594.5251,31434.0898,2.4049,512,135
dsmem_loaded,12,0,1,512,16384,0,0,42,3,1238532986,515012896,75594.0543,31433.8926,2.4049,512,136
dsmem_loaded,12,0,1,512,16384,0,0,42,3,1238532985,515012896,75594.0543,31433.8926,2.4049,512,137
dsmem_loaded,12,0,1,512,16384,0,0,42,3,1238532985,515012896,75594.0543,31433.8926,2.4049,512,138
dsmem_loaded,12,0,1,512,16384,0,0,42,3,1238532985,515012896,75594.0543,31433.8926,2.4049,512,139
dsmem_loaded,12,0,1,512,16384,0,0,42,3,1238532985,515012896,75594.0543,31433.8926,2.4049,512,140
dsmem_loaded,12,0,1,512,16384,0,0,42,3,1238532985,515012896,75594.0543,31433.8926,2.4049,512,141
dsmem_loaded,12,0,1,512,16384,0,0,42,3,1238532986,515012896,75594.0543,31433.8926,2.4049,512,142
dsmem_loaded,12,0,1,512,16384,0,0,42,3,1238532985,515012896,75594.0543,31433.8926,2.4049,512,143
dsmem_loaded,12,0,1,512,16384,0,0,42,3,1238532986,515012896,75594.0543,31433.8926,2.4049,512,144
dsmem_loaded,12,0,1,512,16384,0,0,42,3,1238532985,515012896,75594.0543,31433.8926,2.4049,512,145
dsmem_loaded,12,0,1,512,16384,0,0,42,3,1238532985,515012896,75594.0543,31433.8926,2.4049,512,146
dsmem_loaded,12,0,1,512,16384,0,0,42,3,1238532985,515012928,75594.0543,31433.8945,2.4049,512,147
dsmem_loaded,12,0,1,512,16384,0,0,42,3,1238536326,515014304,75594.2582,31433.9785,2.4049,512,148
dsmem_loaded,12,0,1,512,16384,0,0,42,3,1238532985,515012896,75594.0543,31433.8926,2.4049,512,149
dsmem_loaded,12,0,1,512,16384,0,0,42,3,1238535817,515014080,75594.2271,31433.9648,2.4049,512,150
dsmem_loaded,12,0,1,512,16384,0,0,42,3,1238534479,515013504,75594.1454,31433.9297,2.4049,512,151
dsmem_loaded,12,0,1,512,16384,0,0,42,3,1238545067,515017952,75594.7917,31434.2012,2.4049,512,152
dsmem_loaded,12,0,1,512,16384,0,0,42,3,1238532986,515012896,75594.0543,31433.8926,2.4049,512,153
dsmem_loaded,12,0,1,512,16384,0,0,42,3,1238532986,515012928,75594.0543,31433.8945,2.4049,512,154
dsmem_loaded,12,0,1,512,16384,0,0,42,3,1238532986,515012896,75594.0543,31433.8926,2.4049,512,155
dsmem_loaded,12,0,1,512,16384,0,0,42,3,1238532985,515012896,75594.0543,31433.8926,2.4049,512,156
dsmem_loaded,12,0,1,512,16384,0,0,42,3,1238532985,515012896,75594.0543,31433.8926,2.4049,512,157
dsmem_loaded,12,0,1,512,16384,0,0,42,3,1238532985,515012896,75594.0543,31433.8926,2.4049,512,158
dsmem_loaded,12,0,1,512,16384,0,0,42,3,1238532985,515012896,75594.0543,31433.8926,2.4049,512,159
dsmem_loaded,12,0,1,512,16384,0,0,42,3,1238532985,515012896,75594.0543,31433.8926,2.4049,512,160
dsmem_loaded,12,0,1,512,16384,0,0,42,3,1238532986,515012896,75594.0543,31433.8926,2.4049,512,161
dsmem_loaded,12,0,1,512,16384,0,0,42,3,1238532985,515012896,75594.0543,31433.8926,2.4049,512,162
dsmem_loaded,12,0,1,512,16384,0,0,42,3,1238532986,515012896,75594.0543,31433.8926,2.4049,512,163
dsmem_loaded,12,0,1,512,16384,0,0,42,3,1238533299,515013056,75594.0734,31433.9023,2.4049,512,164
dsmem_loaded,12,0,1,512,16384,0,0,42,3,1238532985,515012928,75594.0543,31433.8945,2.4049,512,165
dsmem_loaded,12,0,1,512,16384,0,0,42,3,1238541868,515016576,75594.5964,31434.1172,2.4049,512,166
dsmem_loaded,12,0,1,512,16384,0,0,42,3,1238544886,515017856,75594.7806,31434.1953,2.4049,512,167
dsmem_loaded,12,0,1,512,16384,0,0,42,3,1238532985,515012896,75594.0543,31433.8926,2.4049,512,168
dsmem_loaded,12,0,1,512,16384,0,0,42,3,1238532986,515012896,75594.0543,31433.8926,2.4049,512,169
dsmem_loaded,12,0,1,512,16384,0,0,42,3,1238532986,515012928,75594.0543,31433.8945,2.4049,512,170
dsmem_loaded,12,0,1,512,16384,0,0,42,3,1238532985,515012896,75594.0543,31433.8926,2.4049,512,171
dsmem_loaded,12,0,1,512,16384,0,0,42,3,1238540024,515015840,75594.4839,31434.0723,2.4049,512,172
dsmem_loaded,12,0,1,512,16384,0,0,42,3,1238536329,515014304,75594.2584,31433.9785,2.4049,512,173
dsmem_loaded,12,0,1,512,16384,0,0,42,3,1238532985,515012896,75594.0543,31433.8926,2.4049,512,174
dsmem_loaded,12,0,1,512,16384,0,0,42,3,1238532985,515012896,75594.0543,31433.8926,2.4049,512,175
dsmem_loaded,12,0,1,512,16384,0,0,42,4,1238516985,515007104,75593.0777,31433.5391,2.4049,512,0
dsmem_loaded,12,0,1,512,16384,0,0,42,4,1238516985,515007104,75593.0777,31433.5391,2.4049,512,1
dsmem_loaded,12,0,1,512,16384,0,0,42,4,1238516985,515007072,75593.0777,31433.5371,2.4049,512,2
dsmem_loaded,12,0,1,512,16384,0,0,42,4,1238516986,515007104,75593.0778,31433.5391,2.4049,512,3
dsmem_loaded,12,0,1,512,16384,0,0,42,4,1238525530,515010624,75593.5992,31433.7539,2.4049,512,4
dsmem_loaded,12,0,1,512,16384,0,0,42,4,1238519993,515008320,75593.2613,31433.6133,2.4049,512,5
dsmem_loaded,12,0,1,512,16384,0,0,42,4,1238518807,515007840,75593.1889,31433.5840,2.4049,512,6
dsmem_loaded,12,0,1,512,16384,0,0,42,4,1238532922,515013664,75594.0504,31433.9395,2.4049,512,7
dsmem_loaded,12,0,1,512,16384,0,0,42,4,1238516985,515007072,75593.0777,31433.5371,2.4049,512,8
dsmem_loaded,12,0,1,512,16384,0,0,42,4,1238516985,515007072,75593.0777,31433.5371,2.4049,512,9
dsmem_loaded,12,0,1,512,16384,0,0,42,4,1238516986,515007072,75593.0778,31433.5371,2.4049,512,10
dsmem_loaded,12,0,1,512,16384,0,0,42,4,1238516985,515007072,75593.0777,31433.5371,2.4049,512,11
dsmem_loaded,12,0,1,512,16384,0,0,42,4,1238516986,515007136,75593.0778,31433.5410,2.4049,512,12
dsmem_loaded,12,0,1,512,16384,0,0,42,4,1238516986,515007104,75593.0778,31433.5391,2.4049,512,13
dsmem_loaded,12,0,1,512,16384,0,0,42,4,1238516986,515007072,75593.0778,31433.5371,2.4049,512,14
dsmem_loaded,12,0,1,512,16384,0,0,42,4,1238516986,515007136,75593.0778,31433.5410,2.4049,512,15
dsmem_loaded,12,0,1,512,16384,0,0,42,4,1238516986,515007136,75593.0778,31433.5410,2.4049,512,16
dsmem_loaded,12,0,1,512,16384,0,0,42,4,1238516986,515007104,75593.0778,31433.5391,2.4049,512,17
dsmem_loaded,12,0,1,512,16384,0,0,42,4,1238516985,515007104,75593.0777,31433.5391,2.4049,512,18
dsmem_loaded,12,0,1,512,16384,0,0,42,4,1238516985,515007104,75593.0777,31433.5391,2.4049,512,19
dsmem_loaded,12,0,1,512,16384,0,0,42,4,1238529392,515012224,75593.8350,31433.8516,2.4049,512,20
dsmem_loaded,12,0,1,512,16384,0,0,42,4,1238524864,515010336,75593.5586,31433.7363,2.4049,512,21
dsmem_loaded,12,0,1,512,16384,0,0,42,4,1238519480,515008096,75593.2300,31433.5996,2.4049,512,22
dsmem_loaded,12,0,1,512,16384,0,0,42,4,1238516986,515007072,75593.0778,31433.5371,2.4049,512,23
dsmem_loaded,12,0,1,512,16384,0,0,42,4,1238516986,515007104,75593.0778,31433.5391,2.4049,512,24
dsmem_loaded,12,0,1,512,16384,0,0,42,4,1238516985,515007072,75593.0777,31433.5371,2.4049,512,25
dsmem_loaded,12,0,1,512,16384,0,0,42,4,1238516986,515007072,75593.0778,31433.5371,2.4049,512,26
dsmem_loaded,12,0,1,512,16384,0,0,42,4,1238516986,515007072,75593.0778,31433.5371,2.4049,512,27
dsmem_loaded,12,0,1,512,16384,0,0,42,4,1238516985,515007072,75593.0777,31433.5371,2.4049,512,28
dsmem_loaded,12,0,1,512,16384,0,0,42,4,1238516985,515007104,75593.0777,31433.5391,2.4049,512,29
dsmem_loaded,12,0,1,512,16384,0,0,42,4,1238516985,515007072,75593.0777,31433.5371,2.4049,512,30
dsmem_loaded,12,0,1,512,16384,0,0,42,4,1238518645,515007776,75593.1790,31433.5801,2.4049,512,31
dsmem_loaded,12,0,1,512,16384,0,0,42,4,1238516985,515007104,75593.0777,31433.5391,2.4049,512,32
dsmem_loaded,12,0,1,512,16384,0,0,42,4,1238516986,515007104,75593.0778,31433.5391,2.4049,512,33
dsmem_loaded,12,0,1,512,16384,0,0,42,4,1238516985,515007104,75593.0777,31433.5391,2.4049,512,34
dsmem_loaded,12,0,1,512,16384,0,0,42,4,1238516986,515007104,75593.0778,31433.5391,2.4049,512,35
dsmem_loaded,12,0,1,512,16384,0,0,42,4,1238516986,515007072,75593.0778,31433.5371,2.4049,512,36
dsmem_loaded,12,0,1,512,16384,0,0,42,4,1238518662,515007776,75593.1801,31433.5801,2.4049,512,37
dsmem_loaded,12,0,1,512,16384,0,0,42,4,1238516986,515007072,75593.0778,31433.5371,2.4049,512,38
dsmem_loaded,12,0,1,512,16384,0,0,42,4,1238517289,515007200,75593.0963,31433.5449,2.4049,512,39
dsmem_loaded,12,0,1,512,16384,0,0,42,4,1238516985,515007104,75593.0777,31433.5391,2.4049,512,40
dsmem_loaded,12,0,1,512,16384,0,0,42,4,1238516985,515007040,75593.0777,31433.5352,2.4049,512,41
dsmem_loaded,12,0,1,512,16384,0,0,42,4,1238516985,515007072,75593.0777,31433.5371,2.4049,512,42
dsmem_loaded,12,0,1,512,16384,0,0,42,4,1238516986,515007104,75593.0778,31433.5391,2.4049,512,43
dsmem_loaded,12,0,1,512,16384,0,0,42,4,1238516985,515007072,75593.0777,31433.5371,2.4049,512,44
dsmem_loaded,12,0,1,512,16384,0,0,42,4,1238516985,515007072,75593.0777,31433.5371,2.4049,512,45
dsmem_loaded,12,0,1,512,16384,0,0,42,4,1238518650,515007776,75593.1793,31433.5801,2.4049,512,46
dsmem_loaded,12,0,1,512,16384,0,0,42,4,1238516985,515007072,75593.0777,31433.5371,2.4049,512,47
dsmem_loaded,12,0,1,512,16384,0,0,42,4,1238516986,515007104,75593.0778,31433.5391,2.4049,512,48
dsmem_loaded,12,0,1,512,16384,0,0,42,4,1238516985,515007104,75593.0777,31433.5391,2.4049,512,49
dsmem_loaded,12,0,1,512,16384,0,0,42,4,1238516985,515007104,75593.0777,31433.5391,2.4049,512,50
dsmem_loaded,12,0,1,512,16384,0,0,42,4,1238516986,515007072,75593.0778,31433.5371,2.4049,512,51
dsmem_loaded,12,0,1,512,16384,0,0,42,4,1238516985,515007040,75593.0777,31433.5352,2.4049,512,52
dsmem_loaded,12,0,1,512,16384,0,0,42,4,1238516985,515007136,75593.0777,31433.5410,2.4049,512,53
dsmem_loaded,12,0,1,512,16384,0,0,42,4,1238520490,515008544,75593.2916,31433.6270,2.4049,512,54
dsmem_loaded,12,0,1,512,16384,0,0,42,4,1238529426,515012256,75593.8370,31433.8535,2.4049,512,55
dsmem_loaded,12,0,1,512,16384,0,0,42,4,1238516986,515007104,75593.0778,31433.5391,2.4049,512,56
dsmem_loaded,12,0,1,512,16384,0,0,42,4,1238530237,515012608,75593.8865,31433.8750,2.4049,512,57
dsmem_loaded,12,0,1,512,16384,0,0,42,4,1238516985,515007072,75593.0777,31433.5371,2.4049,512,58
dsmem_loaded,12,0,1,512,16384,0,0,42,4,1238516985,515007072,75593.0777,31433.5371,2.4049,512,59
dsmem_loaded,12,0,1,512,16384,0,0,42,4,1238519652,515008192,75593.2405,31433.6055,2.4049,512,60
dsmem_loaded,12,0,1,512,16384,0,0,42,4,1238516986,515007072,75593.0778,31433.5371,2.4049,512,61
dsmem_loaded,12,0,1,512,16384,0,0,42,4,1238516986,515007072,75593.0778,31433.5371,2.4049,512,62
dsmem_loaded,12,0,1,512,16384,0,0,42,4,1238516985,515007072,75593.0777,31433.5371,2.4049,512,63
dsmem_loaded,12,0,1,512,16384,0,0,42,4,1238516986,515007104,75593.0778,31433.5391,2.4049,512,64
dsmem_loaded,12,0,1,512,16384,0,0,42,4,1238516986,515007104,75593.0778,31433.5391,2.4049,512,65
dsmem_loaded,12,0,1,512,16384,0,0,42,4,1238516985,515007104,75593.0777,31433.5391,2.4049,512,66
dsmem_loaded,12,0,1,512,16384,0,0,42,4,1238516985,515007104,75593.0777,31433.5391,2.4049,512,67
dsmem_loaded,12,0,1,512,16384,0,0,42,4,1238529245,515012192,75593.8260,31433.8496,2.4049,512,68
dsmem_loaded,12,0,1,512,16384,0,0,42,4,1238521004,515008768,75593.3230,31433.6406,2.4049,512,69
dsmem_loaded,12,0,1,512,16384,0,0,42,4,1238525018,515010400,75593.5680,31433.7402,2.4049,512,70
dsmem_loaded,12,0,1,512,16384,0,0,42,4,1238533103,515013792,75594.0615,31433.9473,2.4049,512,71
dsmem_loaded,12,0,1,512,16384,0,0,42,4,1238516985,515007072,75593.0777,31433.5371,2.4049,512,72
dsmem_loaded,12,0,1,512,16384,0,0,42,4,1238516985,515007072,75593.0777,31433.5371,2.4049,512,73
dsmem_loaded,12,0,1,512,16384,0,0,42,4,1238516986,515007072,75593.0778,31433.5371,2.4049,512,74
dsmem_loaded,12,0,1,512,16384,0,0,42,4,1238516986,515007072,75593.0778,31433.5371,2.4049,512,75
dsmem_loaded,12,0,1,512,16384,0,0,42,4,1238516985,515007072,75593.0777,31433.5371,2.4049,512,76
dsmem_loaded,12,0,1,512,16384,0,0,42,4,1238516985,515007104,75593.0777,31433.5391,2.4049,512,77
dsmem_loaded,12,0,1,512,16384,0,0,42,4,1238516985,515007104,75593.0777,31433.5391,2.4049,512,78
dsmem_loaded,12,0,1,512,16384,0,0,42,4,1238516985,515007040,75593.0777,31433.5352,2.4049,512,79
dsmem_loaded,12,0,1,512,16384,0,0,42,4,1238516986,515007072,75593.0778,31433.5371,2.4049,512,80
dsmem_loaded,12,0,1,512,16384,0,0,42,4,1238516985,515007072,75593.0777,31433.5371,2.4049,512,81
dsmem_loaded,12,0,1,512,16384,0,0,42,4,1238516985,515007136,75593.0777,31433.5410,2.4049,512,82
dsmem_loaded,12,0,1,512,16384,0,0,42,4,1238516985,515007136,75593.0777,31433.5410,2.4049,512,83
dsmem_loaded,12,0,1,512,16384,0,0,42,4,1238529405,515012256,75593.8358,31433.8535,2.4049,512,84
dsmem_loaded,12,0,1,512,16384,0,0,42,4,1238520331,515008448,75593.2819,31433.6211,2.4049,512,85
dsmem_loaded,12,0,1,512,16384,0,0,42,4,1238516985,515007072,75593.0777,31433.5371,2.4049,512,86
dsmem_loaded,12,0,1,512,16384,0,0,42,4,1238516985,515007104,75593.0777,31433.5391,2.4049,512,87
dsmem_loaded,12,0,1,512,16384,0,0,42,4,1238516985,515007072,75593.0777,31433.5371,2.4049,512,88
dsmem_loaded,12,0,1,512,16384,0,0,42,4,1238523181,515009664,75593.4559,31433.6953,2.4049,512,89
dsmem_loaded,12,0,1,512,16384,0,0,42,4,1238525866,515010784,75593.6198,31433.7637,2.4049,512,90
dsmem_loaded,12,0,1,512,16384,0,0,42,4,1238532249,515013440,75594.0093,31433.9258,2.4049,512,91
dsmem_loaded,12,0,1,512,16384,0,0,42,4,1238516985,515007040,75593.0777,31433.5352,2.4049,512,92
dsmem_loaded,12,0,1,512,16384,0,0,42,4,1238516985,515007072,75593.0777,31433.5371,2.4049,512,93
dsmem_loaded,12,0,1,512,16384,0,0,42,4,1238516986,515007104,75593.0778,31433.5391,2.4049,512,94
dsmem_loaded,12,0,1,512,16384,0,0,42,4,1238516986,515007040,75593.0778,31433.5352,2.4049,512,95
dsmem_loaded,12,0,1,512,16384,0,0,42,4,1238516985,515007104,75593.0777,31433.5391,2.4049,512,96
dsmem_loaded,12,0,1,512,16384,0,0,42,4,1238516985,515007104,75593.0777,31433.5391,2.4049,512,97
dsmem_loaded,12,0,1,512,16384,0,0,42,4,1238516986,515007104,75593.0778,31433.5391,2.4049,512,98
dsmem_loaded,12,0,1,512,16384,0,0,42,4,1238516986,515007072,75593.0778,31433.5371,2.4049,512,99
dsmem_loaded,12,0,1,512,16384,0,0,42,4,1238516986,515007072,75593.0778,31433.5371,2.4049,512,100
dsmem_loaded,12,0,1,512,16384,0,0,42,4,1238516986,515007072,75593.0778,31433.5371,2.4049,512,101
dsmem_loaded,12,0,1,512,16384,0,0,42,4,1238516985,515007072,75593.0777,31433.5371,2.4049,512,102
dsmem_loaded,12,0,1,512,16384,0,0,42,4,1238516985,515007072,75593.0777,31433.5371,2.4049,512,103
dsmem_loaded,12,0,1,512,16384,0,0,42,4,1238516985,515007072,75593.0777,31433.5371,2.4049,512,104
dsmem_loaded,12,0,1,512,16384,0,0,42,4,1238530236,515012608,75593.8865,31433.8750,2.4049,512,105
dsmem_loaded,12,0,1,512,16384,0,0,42,4,1238532273,515013440,75594.0108,31433.9258,2.4049,512,106
dsmem_loaded,12,0,1,512,16384,0,0,42,4,1238529078,515012096,75593.8158,31433.8438,2.4049,512,107
dsmem_loaded,12,0,1,512,16384,0,0,42,4,1238516985,515007072,75593.0777,31433.5371,2.4049,512,108
dsmem_loaded,12,0,1,512,16384,0,0,42,4,1238516985,515007104,75593.0777,31433.5391,2.4049,512,109
dsmem_loaded,12,0,1,512,16384,0,0,42,4,1238516985,515007072,75593.0777,31433.5371,2.4049,512,110
dsmem_loaded,12,0,1,512,16384,0,0,42,4,1238516985,515007072,75593.0777,31433.5371,2.4049,512,111
dsmem_loaded,12,0,1,512,16384,0,0,42,4,1238516985,515007104,75593.0777,31433.5391,2.4049,512,112
dsmem_loaded,12,0,1,512,16384,0,0,42,4,1238516985,515007104,75593.0777,31433.5391,2.4049,512,113
dsmem_loaded,12,0,1,512,16384,0,0,42,4,1238516986,515007104,75593.0778,31433.5391,2.4049,512,114
dsmem_loaded,12,0,1,512,16384,0,0,42,4,1238516986,515007072,75593.0778,31433.5371,2.4049,512,115
dsmem_loaded,12,0,1,512,16384,0,0,42,4,1238516986,515007104,75593.0778,31433.5391,2.4049,512,116
dsmem_loaded,12,0,1,512,16384,0,0,42,4,1238516986,515007072,75593.0778,31433.5371,2.4049,512,117
dsmem_loaded,12,0,1,512,16384,0,0,42,4,1238528901,515012032,75593.8050,31433.8398,2.4049,512,118
dsmem_loaded,12,0,1,512,16384,0,0,42,4,1238516985,515007072,75593.0777,31433.5371,2.4049,512,119
dsmem_loaded,12,0,1,512,16384,0,0,42,4,1238529573,515012320,75593.8460,31433.8574,2.4049,512,120
dsmem_loaded,12,0,1,512,16384,0,0,42,4,1238524346,515010144,75593.5270,31433.7246,2.4049,512,121
dsmem_loaded,12,0,1,512,16384,0,0,42,4,1238516985,515007072,75593.0777,31433.5371,2.4049,512,122
dsmem_loaded,12,0,1,512,16384,0,0,42,4,1238520329,515008480,75593.2818,31433.6230,2.4049,512,123
dsmem_loaded,12,0,1,512,16384,0,0,42,4,1238516986,515007104,75593.0778,31433.5391,2.4049,512,124
dsmem_loaded,12,0,1,512,16384,0,0,42,4,1238516985,515007072,75593.0777,31433.5371,2.4049,512,125
dsmem_loaded,12,0,1,512,16384,0,0,42,4,1238516985,515007072,75593.0777,31433.5371,2.4049,512,126
dsmem_loaded,12,0,1,512,16384,0,0,42,4,1238524031,515010016,75593.5078,31433.7168,2.4049,512,127
dsmem_loaded,12,0,1,512,16384,0,0,42,4,1238516986,515007072,75593.0778,31433.5371,2.4049,512,128
dsmem_loaded,12,0,1,512,16384,0,0,42,4,1238516985,515007104,75593.0777,31433.5391,2.4049,512,129
dsmem_loaded,12,0,1,512,16384,0,0,42,4,1238516985,515007136,75593.0777,31433.5410,2.4049,512,130
dsmem_loaded,12,0,1,512,16384,0,0,42,4,1238516985,515007072,75593.0777,31433.5371,2.4049,512,131
dsmem_loaded,12,0,1,512,16384,0,0,42,4,1238516985,515007072,75593.0777,31433.5371,2.4049,512,132
dsmem_loaded,12,0,1,512,16384,0,0,42,4,1238516985,515007104,75593.0777,31433.5391,2.4049,512,133
dsmem_loaded,12,0,1,512,16384,0,0,42,4,1238520330,515008480,75593.2819,31433.6230,2.4049,512,134
dsmem_loaded,12,0,1,512,16384,0,0,42,4,1238525363,515010528,75593.5891,31433.7480,2.4049,512,135
dsmem_loaded,12,0,1,512,16384,0,0,42,4,1238533444,515013920,75594.0823,31433.9551,2.4049,512,136
dsmem_loaded,12,0,1,512,16384,0,0,42,4,1238516985,515007072,75593.0777,31433.5371,2.4049,512,137
dsmem_loaded,12,0,1,512,16384,0,0,42,4,1238544174,515018368,75594.7372,31434.2266,2.4049,512,138
dsmem_loaded,12,0,1,512,16384,0,0,42,4,1238520670,515008608,75593.3026,31433.6309,2.4049,512,139
dsmem_loaded,12,0,1,512,16384,0,0,42,4,1238516985,515007072,75593.0777,31433.5371,2.4049,512,140
dsmem_loaded,12,0,1,512,16384,0,0,42,4,1238516986,515007072,75593.0778,31433.5371,2.4049,512,141
dsmem_loaded,12,0,1,512,16384,0,0,42,4,1238516985,515007104,75593.0777,31433.5391,2.4049,512,142
dsmem_loaded,12,0,1,512,16384,0,0,42,4,1238516985,515007072,75593.0777,31433.5371,2.4049,512,143
dsmem_loaded,12,0,1,512,16384,0,0,42,4,1238516985,515007104,75593.0777,31433.5391,2.4049,512,144
dsmem_loaded,12,0,1,512,16384,0,0,42,4,1238516985,515007104,75593.0777,31433.5391,2.4049,512,145
dsmem_loaded,12,0,1,512,16384,0,0,42,4,1238516986,515007104,75593.0778,31433.5391,2.4049,512,146
dsmem_loaded,12,0,1,512,16384,0,0,42,4,1238516986,515007104,75593.0778,31433.5391,2.4049,512,147
dsmem_loaded,12,0,1,512,16384,0,0,42,4,1238520653,515008576,75593.3016,31433.6289,2.4049,512,148
dsmem_loaded,12,0,1,512,16384,0,0,42,4,1238518474,515007712,75593.1686,31433.5762,2.4049,512,149
dsmem_loaded,12,0,1,512,16384,0,0,42,4,1238528915,515012064,75593.8058,31433.8418,2.4049,512,150
dsmem_loaded,12,0,1,512,16384,0,0,42,4,1238516985,515007072,75593.0777,31433.5371,2.4049,512,151
dsmem_loaded,12,0,1,512,16384,0,0,42,4,1238529060,515012096,75593.8147,31433.8438,2.4049,512,152
dsmem_loaded,12,0,1,512,16384,0,0,42,4,1238516986,515007072,75593.0778,31433.5371,2.4049,512,153
dsmem_loaded,12,0,1,512,16384,0,0,42,4,1238516985,515007072,75593.0777,31433.5371,2.4049,512,154
dsmem_loaded,12,0,1,512,16384,0,0,42,4,1238519492,515008128,75593.2307,31433.6016,2.4049,512,155
dsmem_loaded,12,0,1,512,16384,0,0,42,4,1238516986,515007104,75593.0778,31433.5391,2.4049,512,156
dsmem_loaded,12,0,1,512,16384,0,0,42,4,1238516985,515007072,75593.0777,31433.5371,2.4049,512,157
dsmem_loaded,12,0,1,512,16384,0,0,42,4,1238516985,515007072,75593.0777,31433.5371,2.4049,512,158
dsmem_loaded,12,0,1,512,16384,0,0,42,4,1238516985,515007104,75593.0777,31433.5391,2.4049,512,159
dsmem_loaded,12,0,1,512,16384,0,0,42,4,1238516985,515007104,75593.0777,31433.5391,2.4049,512,160
dsmem_loaded,12,0,1,512,16384,0,0,42,4,1238516986,515007104,75593.0778,31433.5391,2.4049,512,161
dsmem_loaded,12,0,1,512,16384,0,0,42,4,1238516986,515007104,75593.0778,31433.5391,2.4049,512,162
dsmem_loaded,12,0,1,512,16384,0,0,42,4,1238516985,515007072,75593.0777,31433.5371,2.4049,512,163
dsmem_loaded,12,0,1,512,16384,0,0,42,4,1238516986,515007136,75593.0778,31433.5410,2.4049,512,164
dsmem_loaded,12,0,1,512,16384,0,0,42,4,1238519479,515008096,75593.2299,31433.5996,2.4049,512,165
dsmem_loaded,12,0,1,512,16384,0,0,42,4,1238516985,515007072,75593.0777,31433.5371,2.4049,512,166
dsmem_loaded,12,0,1,512,16384,0,0,42,4,1238519496,515008128,75593.2310,31433.6016,2.4049,512,167
dsmem_loaded,12,0,1,512,16384,0,0,42,4,1238533935,515014144,75594.1122,31433.9688,2.4049,512,168
dsmem_loaded,12,0,1,512,16384,0,0,42,4,1238516985,515007072,75593.0777,31433.5371,2.4049,512,169
dsmem_loaded,12,0,1,512,16384,0,0,42,4,1238529078,515012096,75593.8158,31433.8438,2.4049,512,170
dsmem_loaded,12,0,1,512,16384,0,0,42,4,1238516985,515007072,75593.0777,31433.5371,2.4049,512,171
dsmem_loaded,12,0,1,512,16384,0,0,42,4,1238520324,515008448,75593.2815,31433.6211,2.4049,512,172
dsmem_loaded,12,0,1,512,16384,0,0,42,4,1238516985,515007104,75593.0777,31433.5391,2.4049,512,173
dsmem_loaded,12,0,1,512,16384,0,0,42,4,1238516985,515007072,75593.0777,31433.5371,2.4049,512,174
dsmem_loaded,12,0,1,512,16384,0,0,42,4,1238516986,515007072,75593.0778,31433.5371,2.4049,512,175
dsmem_loaded,12,0,1,512,16384,0,0,42,5,1238495993,514997888,75591.7964,31432.9766,2.4049,512,0
dsmem_loaded,12,0,1,512,16384,0,0,42,5,1238495994,514997824,75591.7965,31432.9727,2.4049,512,1
dsmem_loaded,12,0,1,512,16384,0,0,42,5,1238495994,514997856,75591.7965,31432.9746,2.4049,512,2
dsmem_loaded,12,0,1,512,16384,0,0,42,5,1238495993,514997888,75591.7964,31432.9766,2.4049,512,3
dsmem_loaded,12,0,1,512,16384,0,0,42,5,1238499159,514999200,75591.9897,31433.0566,2.4049,512,4
dsmem_loaded,12,0,1,512,16384,0,0,42,5,1238498157,514998752,75591.9285,31433.0293,2.4049,512,5
dsmem_loaded,12,0,1,512,16384,0,0,42,5,1238497820,514998624,75591.9080,31433.0215,2.4049,512,6
dsmem_loaded,12,0,1,512,16384,0,0,42,5,1238495993,514997856,75591.7964,31432.9746,2.4049,512,7
dsmem_loaded,12,0,1,512,16384,0,0,42,5,1238495994,514997888,75591.7965,31432.9766,2.4049,512,8
dsmem_loaded,12,0,1,512,16384,0,0,42,5,1238495993,514997888,75591.7964,31432.9766,2.4049,512,9
dsmem_loaded,12,0,1,512,16384,0,0,42,5,1238495993,514997888,75591.7964,31432.9766,2.4049,512,10
dsmem_loaded,12,0,1,512,16384,0,0,42,5,1238508401,515003040,75592.5538,31433.2910,2.4049,512,11
dsmem_loaded,12,0,1,512,16384,0,0,42,5,1238495994,514997824,75591.7965,31432.9727,2.4049,512,12
dsmem_loaded,12,0,1,512,16384,0,0,42,5,1238495993,514997856,75591.7964,31432.9746,2.4049,512,13
dsmem_loaded,12,0,1,512,16384,0,0,42,5,1238495993,514997888,75591.7964,31432.9766,2.4049,512,14
dsmem_loaded,12,0,1,512,16384,0,0,42,5,1238495994,514997888,75591.7965,31432.9766,2.4049,512,15
dsmem_loaded,12,0,1,512,16384,0,0,42,5,1238495993,514997888,75591.7964,31432.9766,2.4049,512,16
dsmem_loaded,12,0,1,512,16384,0,0,42,5,1238495994,514997856,75591.7965,31432.9746,2.4049,512,17
dsmem_loaded,12,0,1,512,16384,0,0,42,5,1238495994,514997888,75591.7965,31432.9766,2.4049,512,18
dsmem_loaded,12,0,1,512,16384,0,0,42,5,1238495993,514997888,75591.7964,31432.9766,2.4049,512,19
dsmem_loaded,12,0,1,512,16384,0,0,42,5,1238508392,515003008,75592.5532,31433.2891,2.4049,512,20
dsmem_loaded,12,0,1,512,16384,0,0,42,5,1238495993,514997888,75591.7964,31432.9766,2.4049,512,21
dsmem_loaded,12,0,1,512,16384,0,0,42,5,1238513636,515005184,75592.8733,31433.4219,2.4049,512,22
dsmem_loaded,12,0,1,512,16384,0,0,42,5,1238513275,515005088,75592.8513,31433.4160,2.4049,512,23
dsmem_loaded,12,0,1,512,16384,0,0,42,5,1238495994,514997856,75591.7965,31432.9746,2.4049,512,24
dsmem_loaded,12,0,1,512,16384,0,0,42,5,1238498499,514998912,75591.9494,31433.0391,2.4049,512,25
dsmem_loaded,12,0,1,512,16384,0,0,42,5,1238495993,514997888,75591.7964,31432.9766,2.4049,512,26
dsmem_loaded,12,0,1,512,16384,0,0,42,5,1238495993,514997856,75591.7964,31432.9746,2.4049,512,27
dsmem_loaded,12,0,1,512,16384,0,0,42,5,1238495994,514997888,75591.7965,31432.9766,2.4049,512,28
dsmem_loaded,12,0,1,512,16384,0,0,42,5,1238495993,514997888,75591.7964,31432.9766,2.4049,512,29
dsmem_loaded,12,0,1,512,16384,0,0,42,5,1238495993,514997888,75591.7964,31432.9766,2.4049,512,30
dsmem_loaded,12,0,1,512,16384,0,0,42,5,1238495994,514997856,75591.7965,31432.9746,2.4049,512,31
dsmem_loaded,12,0,1,512,16384,0,0,42,5,1238495994,514997856,75591.7965,31432.9746,2.4049,512,32
dsmem_loaded,12,0,1,512,16384,0,0,42,5,1238495993,514997888,75591.7964,31432.9766,2.4049,512,33
dsmem_loaded,12,0,1,512,16384,0,0,42,5,1238495994,514997888,75591.7965,31432.9766,2.4049,512,34
dsmem_loaded,12,0,1,512,16384,0,0,42,5,1238495994,514997856,75591.7965,31432.9746,2.4049,512,35
dsmem_loaded,12,0,1,512,16384,0,0,42,5,1238508413,515003040,75592.5545,31433.2910,2.4049,512,36
dsmem_loaded,12,0,1,512,16384,0,0,42,5,1238500009,514999552,75592.0416,31433.0781,2.4049,512,37
dsmem_loaded,12,0,1,512,16384,0,0,42,5,1238495994,514997888,75591.7965,31432.9766,2.4049,512,38
dsmem_loaded,12,0,1,512,16384,0,0,42,5,1238498648,514998976,75591.9585,31433.0430,2.4049,512,39
dsmem_loaded,12,0,1,512,16384,0,0,42,5,1238495993,514997888,75591.7964,31432.9766,2.4049,512,40
dsmem_loaded,12,0,1,512,16384,0,0,42,5,1238504204,515001280,75592.2976,31433.1836,2.4049,512,41
dsmem_loaded,12,0,1,512,16384,0,0,42,5,1238495993,514997888,75591.7964,31432.9766,2.4049,512,42
dsmem_loaded,12,0,1,512,16384,0,0,42,5,1238495993,514997888,75591.7964,31432.9766,2.4049,512,43
dsmem_loaded,12,0,1,512,16384,0,0,42,5,1238495993,514997888,75591.7964,31432.9766,2.4049,512,44
dsmem_loaded,12,0,1,512,16384,0,0,42,5,1238495994,514997856,75591.7965,31432.9746,2.4049,512,45
dsmem_loaded,12,0,1,512,16384,0,0,42,5,1238495993,514997824,75591.7964,31432.9727,2.4049,512,46
dsmem_loaded,12,0,1,512,16384,0,0,42,5,1238495993,514997888,75591.7964,31432.9766,2.4049,512,47
dsmem_loaded,12,0,1,512,16384,0,0,42,5,1238495993,514997888,75591.7964,31432.9766,2.4049,512,48
dsmem_loaded,12,0,1,512,16384,0,0,42,5,1238495994,514997856,75591.7965,31432.9746,2.4049,512,49
dsmem_loaded,12,0,1,512,16384,0,0,42,5,1238495994,514997856,75591.7965,31432.9746,2.4049,512,50
dsmem_loaded,12,0,1,512,16384,0,0,42,5,1238495993,514997888,75591.7964,31432.9766,2.4049,512,51
dsmem_loaded,12,0,1,512,16384,0,0,42,5,1238504209,515001312,75592.2979,31433.1855,2.4049,512,52
dsmem_loaded,12,0,1,512,16384,0,0,42,5,1238508421,515003040,75592.5550,31433.2910,2.4049,512,53
dsmem_loaded,12,0,1,512,16384,0,0,42,5,1238495993,514997888,75591.7964,31432.9766,2.4049,512,54
dsmem_loaded,12,0,1,512,16384,0,0,42,5,1238495993,514997856,75591.7964,31432.9746,2.4049,512,55
dsmem_loaded,12,0,1,512,16384,0,0,42,5,1238495994,514997888,75591.7965,31432.9766,2.4049,512,56
dsmem_loaded,12,0,1,512,16384,0,0,42,5,1238495993,514997888,75591.7964,31432.9766,2.4049,512,57
dsmem_loaded,12,0,1,512,16384,0,0,42,5,1238495993,514997888,75591.7964,31432.9766,2.4049,512,58
dsmem_loaded,12,0,1,512,16384,0,0,42,5,1238500181,514999616,75592.0521,31433.0820,2.4049,512,59
dsmem_loaded,12,0,1,512,16384,0,0,42,5,1238495993,514997888,75591.7964,31432.9766,2.4049,512,60
dsmem_loaded,12,0,1,512,16384,0,0,42,5,1238495993,514997888,75591.7964,31432.9766,2.4049,512,61
dsmem_loaded,12,0,1,512,16384,0,0,42,5,1238498827,514999040,75591.9694,31433.0469,2.4049,512,62
dsmem_loaded,12,0,1,512,16384,0,0,42,5,1238495994,514997856,75591.7965,31432.9746,2.4049,512,63
dsmem_loaded,12,0,1,512,16384,0,0,42,5,1238495995,514997888,75591.7966,31432.9766,2.4049,512,64
dsmem_loaded,12,0,1,512,16384,0,0,42,5,1238495993,514997856,75591.7964,31432.9746,2.4049,512,65
dsmem_loaded,12,0,1,512,16384,0,0,42,5,1238495994,514997888,75591.7965,31432.9766,2.4049,512,66
dsmem_loaded,12,0,1,512,16384,0,0,42,5,1238495994,514997856,75591.7965,31432.9746,2.4049,512,67
dsmem_loaded,12,0,1,512,16384,0,0,42,5,1238495993,514997888,75591.7964,31432.9766,2.4049,512,68
dsmem_loaded,12,0,1,512,16384,0,0,42,5,1238503857,515001152,75592.2764,31433.1758,2.4049,512,69
dsmem_loaded,12,0,1,512,16384,0,0,42,5,1238507908,515002816,75592.5237,31433.2773,2.4049,512,70
dsmem_loaded,12,0,1,512,16384,0,0,42,5,1238508243,515002976,75592.5441,31433.2871,2.4049,512,71
dsmem_loaded,12,0,1,512,16384,0,0,42,5,1238502863,515000736,75592.2158,31433.1504,2.4049,512,72
dsmem_loaded,12,0,1,512,16384,0,0,42,5,1238503874,515001152,75592.2775,31433.1758,2.4049,512,73
dsmem_loaded,12,0,1,512,16384,0,0,42,5,1238495993,514997888,75591.7964,31432.9766,2.4049,512,74
dsmem_loaded,12,0,1,512,16384,0,0,42,5,1238495993,514997888,75591.7964,31432.9766,2.4049,512,75
dsmem_loaded,12,0,1,512,16384,0,0,42,5,1238495993,514997856,75591.7964,31432.9746,2.4049,512,76
dsmem_loaded,12,0,1,512,16384,0,0,42,5,1238495994,514997856,75591.7965,31432.9746,2.4049,512,77
dsmem_loaded,12,0,1,512,16384,0,0,42,5,1238495993,514997888,75591.7964,31432.9766,2.4049,512,78
dsmem_loaded,12,0,1,512,16384,0,0,42,5,1238495993,514997888,75591.7964,31432.9766,2.4049,512,79
dsmem_loaded,12,0,1,512,16384,0,0,42,5,1238495993,514997856,75591.7964,31432.9746,2.4049,512,80
dsmem_loaded,12,0,1,512,16384,0,0,42,5,1238495993,514997888,75591.7964,31432.9766,2.4049,512,81
dsmem_loaded,12,0,1,512,16384,0,0,42,5,1238495994,514997824,75591.7965,31432.9727,2.4049,512,82
dsmem_loaded,12,0,1,512,16384,0,0,42,5,1238495993,514997888,75591.7964,31432.9766,2.4049,512,83
dsmem_loaded,12,0,1,512,16384,0,0,42,5,1238513099,515004992,75592.8405,31433.4102,2.4049,512,84
dsmem_loaded,12,0,1,512,16384,0,0,42,5,1238512450,515004736,75592.8009,31433.3945,2.4049,512,85
dsmem_loaded,12,0,1,512,16384,0,0,42,5,1238507242,515002528,75592.4830,31433.2598,2.4049,512,86
dsmem_loaded,12,0,1,512,16384,0,0,42,5,1238495993,514997888,75591.7964,31432.9766,2.4049,512,87
dsmem_loaded,12,0,1,512,16384,0,0,42,5,1238495994,514997856,75591.7965,31432.9746,2.4049,512,88
dsmem_loaded,12,0,1,512,16384,0,0,42,5,1238495993,514997856,75591.7964,31432.9746,2.4049,512,89
dsmem_loaded,12,0,1,512,16384,0,0,42,5,1238495993,514997888,75591.7964,31432.9766,2.4049,512,90
dsmem_loaded,12,0,1,512,16384,0,0,42,5,1238499340,514999264,75592.0007,31433.0605,2.4049,512,91
dsmem_loaded,12,0,1,512,16384,0,0,42,5,1238495994,514997888,75591.7965,31432.9766,2.4049,512,92
dsmem_loaded,12,0,1,512,16384,0,0,42,5,1238495994,514997856,75591.7965,31432.9746,2.4049,512,93
dsmem_loaded,12,0,1,512,16384,0,0,42,5,1238495993,514997888,75591.7964,31432.9766,2.4049,512,94
dsmem_loaded,12,0,1,512,16384,0,0,42,5,1238499156,514999168,75591.9895,31433.0547,2.4049,512,95
dsmem_loaded,12,0,1,512,16384,0,0,42,5,1238495993,514997888,75591.7964,31432.9766,2.4049,512,96
dsmem_loaded,12,0,1,512,16384,0,0,42,5,1238495994,514997856,75591.7965,31432.9746,2.4049,512,97
dsmem_loaded,12,0,1,512,16384,0,0,42,5,1238495994,514997888,75591.7965,31432.9766,2.4049,512,98
dsmem_loaded,12,0,1,512,16384,0,0,42,5,1238495994,514997888,75591.7965,31432.9766,2.4049,512,99
dsmem_loaded,12,0,1,512,16384,0,0,42,5,1238508242,515002976,75592.5441,31433.2871,2.4049,512,100
dsmem_loaded,12,0,1,512,16384,0,0,42,5,1238507732,515002720,75592.5129,31433.2715,2.4049,512,101
dsmem_loaded,12,0,1,512,16384,0,0,42,5,1238498007,514998688,75591.9194,31433.0254,2.4049,512,102
dsmem_loaded,12,0,1,512,16384,0,0,42,5,1238503048,515000832,75592.2271,31433.1562,2.4049,512,103
dsmem_loaded,12,0,1,512,16384,0,0,42,5,1238495994,514997888,75591.7965,31432.9766,2.4049,512,104
dsmem_loaded,12,0,1,512,16384,0,0,42,5,1238495993,514997888,75591.7964,31432.9766,2.4049,512,105
dsmem_loaded,12,0,1,512,16384,0,0,42,5,1238498489,514998912,75591.9488,31433.0391,2.4049,512,106
dsmem_loaded,12,0,1,512,16384,0,0,42,5,1238495993,514997856,75591.7964,31432.9746,2.4049,512,107
dsmem_loaded,12,0,1,512,16384,0,0,42,5,1238495993,514997856,75591.7964,31432.9746,2.4049,512,108
dsmem_loaded,12,0,1,512,16384,0,0,42,5,1238495993,514997888,75591.7964,31432.9766,2.4049,512,109
dsmem_loaded,12,0,1,512,16384,0,0,42,5,1238495993,514997888,75591.7964,31432.9766,2.4049,512,110
dsmem_loaded,12,0,1,512,16384,0,0,42,5,1238495993,514997824,75591.7964,31432.9727,2.4049,512,111
dsmem_loaded,12,0,1,512,16384,0,0,42,5,1238495994,514997824,75591.7965,31432.9727,2.4049,512,112
dsmem_loaded,12,0,1,512,16384,0,0,42,5,1238495994,514997856,75591.7965,31432.9746,2.4049,512,113
dsmem_loaded,12,0,1,512,16384,0,0,42,5,1238495993,514997888,75591.7964,31432.9766,2.4049,512,114
dsmem_loaded,12,0,1,512,16384,0,0,42,5,1238495993,514997888,75591.7964,31432.9766,2.4049,512,115
dsmem_loaded,12,0,1,512,16384,0,0,42,5,1238495993,514997888,75591.7964,31432.9766,2.4049,512,116
dsmem_loaded,12,0,1,512,16384,0,0,42,5,1238499502,514999328,75592.0106,31433.0645,2.4049,512,117
dsmem_loaded,12,0,1,512,16384,0,0,42,5,1238495993,514997856,75591.7964,31432.9746,2.4049,512,118
dsmem_loaded,12,0,1,512,16384,0,0,42,5,1238505041,515001632,75592.3487,31433.2051,2.4049,512,119
dsmem_loaded,12,0,1,512,16384,0,0,42,5,1238507405,515002592,75592.4930,31433.2637,2.4049,512,120
dsmem_loaded,12,0,1,512,16384,0,0,42,5,1238495993,514997888,75591.7964,31432.9766,2.4049,512,121
dsmem_loaded,12,0,1,512,16384,0,0,42,5,1238498667,514999008,75591.9597,31433.0449,2.4049,512,122
dsmem_loaded,12,0,1,512,16384,0,0,42,5,1238495994,514997888,75591.7965,31432.9766,2.4049,512,123
dsmem_loaded,12,0,1,512,16384,0,0,42,5,1238495993,514997888,75591.7964,31432.9766,2.4049,512,124
dsmem_loaded,12,0,1,512,16384,0,0,42,5,1238495993,514997888,75591.7964,31432.9766,2.4049,512,125
dsmem_loaded,12,0,1,512,16384,0,0,42,5,1238495994,514997856,75591.7965,31432.9746,2.4049,512,126
dsmem_loaded,12,0,1,512,16384,0,0,42,5,1238495993,514997888,75591.7964,31432.9766,2.4049,512,127
dsmem_loaded,12,0,1,512,16384,0,0,42,5,1238495993,514997888,75591.7964,31432.9766,2.4049,512,128
dsmem_loaded,12,0,1,512,16384,0,0,42,5,1238495993,514997888,75591.7964,31432.9766,2.4049,512,129
dsmem_loaded,12,0,1,512,16384,0,0,42,5,1238495994,514997856,75591.7965,31432.9746,2.4049,512,130
dsmem_loaded,12,0,1,512,16384,0,0,42,5,1238495994,514997856,75591.7965,31432.9746,2.4049,512,131
dsmem_loaded,12,0,1,512,16384,0,0,42,5,1238509735,515003584,75592.6352,31433.3242,2.4049,512,132
dsmem_loaded,12,0,1,512,16384,0,0,42,5,1238502537,515000640,75592.1959,31433.1445,2.4049,512,133
dsmem_loaded,12,0,1,512,16384,0,0,42,5,1238499004,514999104,75591.9802,31433.0508,2.4049,512,134
dsmem_loaded,12,0,1,512,16384,0,0,42,5,1238508258,515002944,75592.5450,31433.2852,2.4049,512,135
dsmem_loaded,12,0,1,512,16384,0,0,42,5,1238502698,515000672,75592.2057,31433.1465,2.4049,512,136
dsmem_loaded,12,0,1,512,16384,0,0,42,5,1238495994,514997888,75591.7965,31432.9766,2.4049,512,137
dsmem_loaded,12,0,1,512,16384,0,0,42,5,1238495993,514997888,75591.7964,31432.9766,2.4049,512,138
dsmem_loaded,12,0,1,512,16384,0,0,42,5,1238495993,514997888,75591.7964,31432.9766,2.4049,512,139
dsmem_loaded,12,0,1,512,16384,0,0,42,5,1238495993,514997888,75591.7964,31432.9766,2.4049,512,140
dsmem_loaded,12,0,1,512,16384,0,0,42,5,1238495994,514997856,75591.7965,31432.9746,2.4049,512,141
dsmem_loaded,12,0,1,512,16384,0,0,42,5,1238495993,514997920,75591.7964,31432.9785,2.4049,512,142
dsmem_loaded,12,0,1,512,16384,0,0,42,5,1238495993,514997888,75591.7964,31432.9766,2.4049,512,143
dsmem_loaded,12,0,1,512,16384,0,0,42,5,1238495994,514997856,75591.7965,31432.9746,2.4049,512,144
dsmem_loaded,12,0,1,512,16384,0,0,42,5,1238495994,514997856,75591.7965,31432.9746,2.4049,512,145
dsmem_loaded,12,0,1,512,16384,0,0,42,5,1238495993,514997888,75591.7964,31432.9766,2.4049,512,146
dsmem_loaded,12,0,1,512,16384,0,0,42,5,1238495994,514997856,75591.7965,31432.9746,2.4049,512,147
dsmem_loaded,12,0,1,512,16384,0,0,42,5,1238509586,515003520,75592.6261,31433.3203,2.4049,512,148
dsmem_loaded,12,0,1,512,16384,0,0,42,5,1238502528,515000576,75592.1953,31433.1406,2.4049,512,149
dsmem_loaded,12,0,1,512,16384,0,0,42,5,1238495994,514997856,75591.7965,31432.9746,2.4049,512,150
dsmem_loaded,12,0,1,512,16384,0,0,42,5,1238495993,514997856,75591.7964,31432.9746,2.4049,512,151
dsmem_loaded,12,0,1,512,16384,0,0,42,5,1238495993,514997888,75591.7964,31432.9766,2.4049,512,152
dsmem_loaded,12,0,1,512,16384,0,0,42,5,1238495993,514997888,75591.7964,31432.9766,2.4049,512,153
dsmem_loaded,12,0,1,512,16384,0,0,42,5,1238510761,515004032,75592.6978,31433.3516,2.4049,512,154
dsmem_loaded,12,0,1,512,16384,0,0,42,5,1238509767,515003616,75592.6371,31433.3262,2.4049,512,155
dsmem_loaded,12,0,1,512,16384,0,0,42,5,1238495993,514997856,75591.7964,31432.9746,2.4049,512,156
dsmem_loaded,12,0,1,512,16384,0,0,42,5,1238495993,514997888,75591.7964,31432.9766,2.4049,512,157
dsmem_loaded,12,0,1,512,16384,0,0,42,5,1238498487,514998944,75591.9487,31433.0410,2.4049,512,158
dsmem_loaded,12,0,1,512,16384,0,0,42,5,1238495993,514997888,75591.7964,31432.9766,2.4049,512,159
dsmem_loaded,12,0,1,512,16384,0,0,42,5,1238495993,514997856,75591.7964,31432.9746,2.4049,512,160
dsmem_loaded,12,0,1,512,16384,0,0,42,5,1238495993,514997856,75591.7964,31432.9746,2.4049,512,161
dsmem_loaded,12,0,1,512,16384,0,0,42,5,1238495994,514997888,75591.7965,31432.9766,2.4049,512,162
dsmem_loaded,12,0,1,512,16384,0,0,42,5,1238495994,514997888,75591.7965,31432.9766,2.4049,512,163
dsmem_loaded,12,0,1,512,16384,0,0,42,5,1238508254,515002944,75592.5448,31433.2852,2.4049,512,164
dsmem_loaded,12,0,1,512,16384,0,0,42,5,1238499166,514999168,75591.9901,31433.0547,2.4049,512,165
dsmem_loaded,12,0,1,512,16384,0,0,42,5,1238495994,514997888,75591.7965,31432.9766,2.4049,512,166
dsmem_loaded,12,0,1,512,16384,0,0,42,5,1238495993,514997888,75591.7964,31432.9766,2.4049,512,167
dsmem_loaded,12,0,1,512,16384,0,0,42,5,1238495993,514997856,75591.7964,31432.9746,2.4049,512,168
dsmem_loaded,12,0,1,512,16384,0,0,42,5,1238495994,514997888,75591.7965,31432.9766,2.4049,512,169
dsmem_loaded,12,0,1,512,16384,0,0,42,5,1238495993,514997888,75591.7964,31432.9766,2.4049,512,170
dsmem_loaded,12,0,1,512,16384,0,0,42,5,1238499849,514999520,75592.0318,31433.0762,2.4049,512,171
dsmem_loaded,12,0,1,512,16384,0,0,42,5,1238495994,514997888,75591.7965,31432.9766,2.4049,512,172
dsmem_loaded,12,0,1,512,16384,0,0,42,5,1238495993,514997888,75591.7964,31432.9766,2.4049,512,173
dsmem_loaded,12,0,1,512,16384,0,0,42,5,1238495993,514997856,75591.7964,31432.9746,2.4049,512,174
dsmem_loaded,12,0,1,512,16384,0,0,42,5,1238495994,514997856,75591.7965,31432.9746,2.4049,512,175
dsmem_loaded,12,0,1,512,16384,0,0,42,6,1238500089,514999968,75592.0464,31433.1035,2.4049,512,0
dsmem_loaded,12,0,1,512,16384,0,0,42,6,1238500090,514999936,75592.0465,31433.1016,2.4049,512,1
dsmem_loaded,12,0,1,512,16384,0,0,42,6,1238500090,514999968,75592.0465,31433.1035,2.4049,512,2
dsmem_loaded,12,0,1,512,16384,0,0,42,6,1238500089,514999936,75592.0464,31433.1016,2.4049,512,3
dsmem_loaded,12,0,1,512,16384,0,0,42,6,1238507969,515003200,75592.5274,31433.3008,2.4049,512,4
dsmem_loaded,12,0,1,512,16384,0,0,42,6,1238500089,514999936,75592.0464,31433.1016,2.4049,512,5
dsmem_loaded,12,0,1,512,16384,0,0,42,6,1238500090,514999968,75592.0465,31433.1035,2.4049,512,6
dsmem_loaded,12,0,1,512,16384,0,0,42,6,1238500089,514999968,75592.0464,31433.1035,2.4049,512,7
dsmem_loaded,12,0,1,512,16384,0,0,42,6,1238500089,514999936,75592.0464,31433.1016,2.4049,512,8
dsmem_loaded,12,0,1,512,16384,0,0,42,6,1238508296,515003360,75592.5474,31433.3105,2.4049,512,9
dsmem_loaded,12,0,1,512,16384,0,0,42,6,1238508480,515003424,75592.5586,31433.3145,2.4049,512,10
dsmem_loaded,12,0,1,512,16384,0,0,42,6,1238504263,515001664,75592.3012,31433.2070,2.4049,512,11
dsmem_loaded,12,0,1,512,16384,0,0,42,6,1238500090,514999936,75592.0465,31433.1016,2.4049,512,12
dsmem_loaded,12,0,1,512,16384,0,0,42,6,1238502582,515000992,75592.1986,31433.1660,2.4049,512,13
dsmem_loaded,12,0,1,512,16384,0,0,42,6,1238500089,514999904,75592.0464,31433.0996,2.4049,512,14
dsmem_loaded,12,0,1,512,16384,0,0,42,6,1238500090,514999968,75592.0465,31433.1035,2.4049,512,15
dsmem_loaded,12,0,1,512,16384,0,0,42,6,1238500090,514999968,75592.0465,31433.1035,2.4049,512,16
dsmem_loaded,12,0,1,512,16384,0,0,42,6,1238500089,514999968,75592.0464,31433.1035,2.4049,512,17
dsmem_loaded,12,0,1,512,16384,0,0,42,6,1238500090,514999936,75592.0465,31433.1016,2.4049,512,18
dsmem_loaded,12,0,1,512,16384,0,0,42,6,1238500089,514999968,75592.0464,31433.1035,2.4049,512,19
dsmem_loaded,12,0,1,512,16384,0,0,42,6,1238500089,514999936,75592.0464,31433.1016,2.4049,512,20
dsmem_loaded,12,0,1,512,16384,0,0,42,6,1238512176,515004928,75592.7842,31433.4062,2.4049,512,21
dsmem_loaded,12,0,1,512,16384,0,0,42,6,1238500090,514999936,75592.0465,31433.1016,2.4049,512,22
dsmem_loaded,12,0,1,512,16384,0,0,42,6,1238507966,515003200,75592.5272,31433.3008,2.4049,512,23
dsmem_loaded,12,0,1,512,16384,0,0,42,6,1238517389,515007104,75593.1024,31433.5391,2.4049,512,24
dsmem_loaded,12,0,1,512,16384,0,0,42,6,1238500090,514999936,75592.0465,31433.1016,2.4049,512,25
dsmem_loaded,12,0,1,512,16384,0,0,42,6,1238500089,514999968,75592.0464,31433.1035,2.4049,512,26
dsmem_loaded,12,0,1,512,16384,0,0,42,6,1238508477,515003424,75592.5584,31433.3145,2.4049,512,27
dsmem_loaded,12,0,1,512,16384,0,0,42,6,1238500089,514999936,75592.0464,31433.1016,2.4049,512,28
dsmem_loaded,12,0,1,512,16384,0,0,42,6,1238500089,514999936,75592.0464,31433.1016,2.4049,512,29
dsmem_loaded,12,0,1,512,16384,0,0,42,6,1238500089,514999936,75592.0464,31433.1016,2.4049,512,30
dsmem_loaded,12,0,1,512,16384,0,0,42,6,1238500090,514999936,75592.0465,31433.1016,2.4049,512,31
dsmem_loaded,12,0,1,512,16384,0,0,42,6,1238500089,514999968,75592.0464,31433.1035,2.4049,512,32
dsmem_loaded,12,0,1,512,16384,0,0,42,6,1238500089,515000000,75592.0464,31433.1055,2.4049,512,33
dsmem_loaded,12,0,1,512,16384,0,0,42,6,1238500089,514999968,75592.0464,31433.1035,2.4049,512,34
dsmem_loaded,12,0,1,512,16384,0,0,42,6,1238500089,514999936,75592.0464,31433.1016,2.4049,512,35
dsmem_loaded,12,0,1,512,16384,0,0,42,6,1238508136,515003264,75592.5376,31433.3047,2.4049,512,36
dsmem_loaded,12,0,1,512,16384,0,0,42,6,1238507966,515003200,75592.5272,31433.3008,2.4049,512,37
dsmem_loaded,12,0,1,512,16384,0,0,42,6,1238502573,515000960,75592.1981,31433.1641,2.4049,512,38
dsmem_loaded,12,0,1,512,16384,0,0,42,6,1238502595,515000960,75592.1994,31433.1641,2.4049,512,39
dsmem_loaded,12,0,1,512,16384,0,0,42,6,1238500089,514999936,75592.0464,31433.1016,2.4049,512,40
dsmem_loaded,12,0,1,512,16384,0,0,42,6,1238500089,514999936,75592.0464,31433.1016,2.4049,512,41
dsmem_loaded,12,0,1,512,16384,0,0,42,6,1238500090,514999936,75592.0465,31433.1016,2.4049,512,42
dsmem_loaded,12,0,1,512,16384,0,0,42,6,1238500089,514999936,75592.0464,31433.1016,2.4049,512,43
dsmem_loaded,12,0,1,512,16384,0,0,42,6,1238500090,514999968,75592.0465,31433.1035,2.4049,512,44
dsmem_loaded,12,0,1,512,16384,0,0,42,6,1238500090,514999968,75592.0465,31433.1035,2.4049,512,45
dsmem_loaded,12,0,1,512,16384,0,0,42,6,1238500089,514999936,75592.0464,31433.1016,2.4049,512,46
dsmem_loaded,12,0,1,512,16384,0,0,42,6,1238500090,514999936,75592.0465,31433.1016,2.4049,512,47
dsmem_loaded,12,0,1,512,16384,0,0,42,6,1238500090,514999968,75592.0465,31433.1035,2.4049,512,48
dsmem_loaded,12,0,1,512,16384,0,0,42,6,1238500089,514999968,75592.0464,31433.1035,2.4049,512,49
dsmem_loaded,12,0,1,512,16384,0,0,42,6,1238500090,515000000,75592.0465,31433.1055,2.4049,512,50
dsmem_loaded,12,0,1,512,16384,0,0,42,6,1238500089,514999936,75592.0464,31433.1016,2.4049,512,51
dsmem_loaded,12,0,1,512,16384,0,0,42,6,1238518570,515007616,75593.1744,31433.5703,2.4049,512,52
dsmem_loaded,12,0,1,512,16384,0,0,42,6,1238502091,515000768,75592.1686,31433.1523,2.4049,512,53
dsmem_loaded,12,0,1,512,16384,0,0,42,6,1238504270,515001696,75592.3016,31433.2090,2.4049,512,54
dsmem_loaded,12,0,1,512,16384,0,0,42,6,1238508124,515003296,75592.5369,31433.3066,2.4049,512,55
dsmem_loaded,12,0,1,512,16384,0,0,42,6,1238500089,514999936,75592.0464,31433.1016,2.4049,512,56
dsmem_loaded,12,0,1,512,16384,0,0,42,6,1238500090,514999936,75592.0465,31433.1016,2.4049,512,57
dsmem_loaded,12,0,1,512,16384,0,0,42,6,1238508971,515003616,75592.5886,31433.3262,2.4049,512,58
dsmem_loaded,12,0,1,512,16384,0,0,42,6,1238500090,514999968,75592.0465,31433.1035,2.4049,512,59
dsmem_loaded,12,0,1,512,16384,0,0,42,6,1238500089,514999936,75592.0464,31433.1016,2.4049,512,60
dsmem_loaded,12,0,1,512,16384,0,0,42,6,1238500089,514999936,75592.0464,31433.1016,2.4049,512,61
dsmem_loaded,12,0,1,512,16384,0,0,42,6,1238500089,514999936,75592.0464,31433.1016,2.4049,512,62
dsmem_loaded,12,0,1,512,16384,0,0,42,6,1238500090,514999936,75592.0465,31433.1016,2.4049,512,63
dsmem_loaded,12,0,1,512,16384,0,0,42,6,1238500089,514999968,75592.0464,31433.1035,2.4049,512,64
dsmem_loaded,12,0,1,512,16384,0,0,42,6,1238500090,514999968,75592.0465,31433.1035,2.4049,512,65
dsmem_loaded,12,0,1,512,16384,0,0,42,6,1238500089,514999968,75592.0464,31433.1035,2.4049,512,66
dsmem_loaded,12,0,1,512,16384,0,0,42,6,1238500089,514999968,75592.0464,31433.1035,2.4049,512,67
dsmem_loaded,12,0,1,512,16384,0,0,42,6,1238507795,515003136,75592.5168,31433.2969,2.4049,512,68
dsmem_loaded,12,0,1,512,16384,0,0,42,6,1238500090,514999936,75592.0465,31433.1016,2.4049,512,69
dsmem_loaded,12,0,1,512,16384,0,0,42,6,1238506954,515002784,75592.4655,31433.2754,2.4049,512,70
dsmem_loaded,12,0,1,512,16384,0,0,42,6,1238507466,515003008,75592.4967,31433.2891,2.4049,512,71
dsmem_loaded,12,0,1,512,16384,0,0,42,6,1238503938,515001536,75592.2814,31433.1992,2.4049,512,72
dsmem_loaded,12,0,1,512,16384,0,0,42,6,1238501419,515000480,75592.1276,31433.1348,2.4049,512,73
dsmem_loaded,12,0,1,512,16384,0,0,42,6,1238500089,514999936,75592.0464,31433.1016,2.4049,512,74
dsmem_loaded,12,0,1,512,16384,0,0,42,6,1238500090,514999936,75592.0465,31433.1016,2.4049,512,75
dsmem_loaded,12,0,1,512,16384,0,0,42,6,1238500090,514999936,75592.0465,31433.1016,2.4049,512,76
dsmem_loaded,12,0,1,512,16384,0,0,42,6,1238500089,514999936,75592.0464,31433.1016,2.4049,512,77
dsmem_loaded,12,0,1,512,16384,0,0,42,6,1238500090,514999904,75592.0465,31433.0996,2.4049,512,78
dsmem_loaded,12,0,1,512,16384,0,0,42,6,1238500090,514999968,75592.0465,31433.1035,2.4049,512,79
dsmem_loaded,12,0,1,512,16384,0,0,42,6,1238500089,514999968,75592.0464,31433.1035,2.4049,512,80
dsmem_loaded,12,0,1,512,16384,0,0,42,6,1238500089,514999968,75592.0464,31433.1035,2.4049,512,81
dsmem_loaded,12,0,1,512,16384,0,0,42,6,1238500090,514999968,75592.0465,31433.1035,2.4049,512,82
dsmem_loaded,12,0,1,512,16384,0,0,42,6,1238500089,514999968,75592.0464,31433.1035,2.4049,512,83
dsmem_loaded,12,0,1,512,16384,0,0,42,6,1238500090,514999936,75592.0465,31433.1016,2.4049,512,84
dsmem_loaded,12,0,1,512,16384,0,0,42,6,1238507284,515002944,75592.4856,31433.2852,2.4049,512,85
dsmem_loaded,12,0,1,512,16384,0,0,42,6,1238513513,515005504,75592.8658,31433.4414,2.4049,512,86
dsmem_loaded,12,0,1,512,16384,0,0,42,6,1238509639,515003904,75592.6293,31433.3438,2.4049,512,87
dsmem_loaded,12,0,1,512,16384,0,0,42,6,1238502082,515000768,75592.1681,31433.1523,2.4049,512,88
dsmem_loaded,12,0,1,512,16384,0,0,42,6,1238500089,514999936,75592.0464,31433.1016,2.4049,512,89
dsmem_loaded,12,0,1,512,16384,0,0,42,6,1238500089,514999968,75592.0464,31433.1035,2.4049,512,90
dsmem_loaded,12,0,1,512,16384,0,0,42,6,1238500089,514999936,75592.0464,31433.1016,2.4049,512,91
dsmem_loaded,12,0,1,512,16384,0,0,42,6,1238500089,514999936,75592.0464,31433.1016,2.4049,512,92
dsmem_loaded,12,0,1,512,16384,0,0,42,6,1238500090,514999936,75592.0465,31433.1016,2.4049,512,93
dsmem_loaded,12,0,1,512,16384,0,0,42,6,1238500089,514999936,75592.0464,31433.1016,2.4049,512,94
dsmem_loaded,12,0,1,512,16384,0,0,42,6,1238503270,515001280,75592.2406,31433.1836,2.4049,512,95
dsmem_loaded,12,0,1,512,16384,0,0,42,6,1238500089,514999904,75592.0464,31433.0996,2.4049,512,96
dsmem_loaded,12,0,1,512,16384,0,0,42,6,1238500089,514999968,75592.0464,31433.1035,2.4049,512,97
dsmem_loaded,12,0,1,512,16384,0,0,42,6,1238500089,514999968,75592.0464,31433.1035,2.4049,512,98
dsmem_loaded,12,0,1,512,16384,0,0,42,6,1238500089,514999968,75592.0464,31433.1035,2.4049,512,99
dsmem_loaded,12,0,1,512,16384,0,0,42,6,1238501750,515000640,75592.1478,31433.1445,2.4049,512,100
dsmem_loaded,12,0,1,512,16384,0,0,42,6,1238513514,515005504,75592.8658,31433.4414,2.4049,512,101
dsmem_loaded,12,0,1,512,16384,0,0,42,6,1238504441,515001760,75592.3121,31433.2129,2.4049,512,102
dsmem_loaded,12,0,1,512,16384,0,0,42,6,1238503272,515001248,75592.2407,31433.1816,2.4049,512,103
dsmem_loaded,12,0,1,512,16384,0,0,42,6,1238500089,514999936,75592.0464,31433.1016,2.4049,512,104
dsmem_loaded,12,0,1,512,16384,0,0,42,6,1238500090,514999936,75592.0465,31433.1016,2.4049,512,105
dsmem_loaded,12,0,1,512,16384,0,0,42,6,1238500089,514999936,75592.0464,31433.1016,2.4049,512,106
dsmem_loaded,12,0,1,512,16384,0,0,42,6,1238500089,514999936,75592.0464,31433.1016,2.4049,512,107
dsmem_loaded,12,0,1,512,16384,0,0,42,6,1238500090,514999936,75592.0465,31433.1016,2.4049,512,108
dsmem_loaded,12,0,1,512,16384,0,0,42,6,1238500089,514999968,75592.0464,31433.1035,2.4049,512,109
dsmem_loaded,12,0,1,512,16384,0,0,42,6,1238500090,514999936,75592.0465,31433.1016,2.4049,512,110
dsmem_loaded,12,0,1,512,16384,0,0,42,6,1238500090,514999904,75592.0465,31433.0996,2.4049,512,111
dsmem_loaded,12,0,1,512,16384,0,0,42,6,1238500089,514999968,75592.0464,31433.1035,2.4049,512,112
dsmem_loaded,12,0,1,512,16384,0,0,42,6,1238500090,514999968,75592.0465,31433.1035,2.4049,512,113
dsmem_loaded,12,0,1,512,16384,0,0,42,6,1238500089,514999968,75592.0464,31433.1035,2.4049,512,114
dsmem_loaded,12,0,1,512,16384,0,0,42,6,1238500090,514999968,75592.0465,31433.1035,2.4049,512,115
dsmem_loaded,12,0,1,512,16384,0,0,42,6,1238512340,515005024,75592.7942,31433.4121,2.4049,512,116
dsmem_loaded,12,0,1,512,16384,0,0,42,6,1238500398,515000096,75592.0653,31433.1113,2.4049,512,117
dsmem_loaded,12,0,1,512,16384,0,0,42,6,1238508972,515003648,75592.5886,31433.3281,2.4049,512,118
dsmem_loaded,12,0,1,512,16384,0,0,42,6,1238500089,514999936,75592.0464,31433.1016,2.4049,512,119
dsmem_loaded,12,0,1,512,16384,0,0,42,6,1238500090,514999936,75592.0465,31433.1016,2.4049,512,120
dsmem_loaded,12,0,1,512,16384,0,0,42,6,1238500089,514999968,75592.0464,31433.1035,2.4049,512,121
dsmem_loaded,12,0,1,512,16384,0,0,42,6,1238508807,515003552,75592.5786,31433.3223,2.4049,512,122
dsmem_loaded,12,0,1,512,16384,0,0,42,6,1238517235,515007040,75593.0930,31433.5352,2.4049,512,123
dsmem_loaded,12,0,1,512,16384,0,0,42,6,1238500089,514999936,75592.0464,31433.1016,2.4049,512,124
dsmem_loaded,12,0,1,512,16384,0,0,42,6,1238500089,514999936,75592.0464,31433.1016,2.4049,512,125
dsmem_loaded,12,0,1,512,16384,0,0,42,6,1238500089,514999936,75592.0464,31433.1016,2.4049,512,126
dsmem_loaded,12,0,1,512,16384,0,0,42,6,1238500089,514999936,75592.0464,31433.1016,2.4049,512,127
dsmem_loaded,12,0,1,512,16384,0,0,42,6,1238500090,514999936,75592.0465,31433.1016,2.4049,512,128
dsmem_loaded,12,0,1,512,16384,0,0,42,6,1238500090,514999968,75592.0465,31433.1035,2.4049,512,129
dsmem_loaded,12,0,1,512,16384,0,0,42,6,1238500089,514999936,75592.0464,31433.1016,2.4049,512,130
dsmem_loaded,12,0,1,512,16384,0,0,42,6,1238500089,514999968,75592.0464,31433.1035,2.4049,512,131
dsmem_loaded,12,0,1,512,16384,0,0,42,6,1238500090,514999936,75592.0465,31433.1016,2.4049,512,132
dsmem_loaded,12,0,1,512,16384,0,0,42,6,1238515707,515006400,75592.9997,31433.4961,2.4049,512,133
dsmem_loaded,12,0,1,512,16384,0,0,42,6,1238506962,515002784,75592.4659,31433.2754,2.4049,512,134
dsmem_loaded,12,0,1,512,16384,0,0,42,6,1238502585,515000992,75592.1988,31433.1660,2.4049,512,135
dsmem_loaded,12,0,1,512,16384,0,0,42,6,1238500089,514999936,75592.0464,31433.1016,2.4049,512,136
dsmem_loaded,12,0,1,512,16384,0,0,42,6,1238500089,514999936,75592.0464,31433.1016,2.4049,512,137
dsmem_loaded,12,0,1,512,16384,0,0,42,6,1238500089,514999936,75592.0464,31433.1016,2.4049,512,138
dsmem_loaded,12,0,1,512,16384,0,0,42,6,1238500090,514999936,75592.0465,31433.1016,2.4049,512,139
dsmem_loaded,12,0,1,512,16384,0,0,42,6,1238500089,514999968,75592.0464,31433.1035,2.4049,512,140
dsmem_loaded,12,0,1,512,16384,0,0,42,6,1238500089,514999968,75592.0464,31433.1035,2.4049,512,141
dsmem_loaded,12,0,1,512,16384,0,0,42,6,1238500090,514999936,75592.0465,31433.1016,2.4049,512,142
dsmem_loaded,12,0,1,512,16384,0,0,42,6,1238500090,514999968,75592.0465,31433.1035,2.4049,512,143
dsmem_loaded,12,0,1,512,16384,0,0,42,6,1238500090,514999936,75592.0465,31433.1016,2.4049,512,144
dsmem_loaded,12,0,1,512,16384,0,0,42,6,1238500089,514999968,75592.0464,31433.1035,2.4049,512,145
dsmem_loaded,12,0,1,512,16384,0,0,42,6,1238500090,514999968,75592.0465,31433.1035,2.4049,512,146
dsmem_loaded,12,0,1,512,16384,0,0,42,6,1238500090,515000000,75592.0465,31433.1055,2.4049,512,147
dsmem_loaded,12,0,1,512,16384,0,0,42,6,1238503430,515001312,75592.2504,31433.1855,2.4049,512,148
dsmem_loaded,12,0,1,512,16384,0,0,42,6,1238502585,515000960,75592.1988,31433.1641,2.4049,512,149
dsmem_loaded,12,0,1,512,16384,0,0,42,6,1238517881,515007296,75593.1324,31433.5508,2.4049,512,150
dsmem_loaded,12,0,1,512,16384,0,0,42,6,1238502255,515000832,75592.1786,31433.1562,2.4049,512,151
dsmem_loaded,12,0,1,512,16384,0,0,42,6,1238500089,514999968,75592.0464,31433.1035,2.4049,512,152
dsmem_loaded,12,0,1,512,16384,0,0,42,6,1238500090,514999968,75592.0465,31433.1035,2.4049,512,153
dsmem_loaded,12,0,1,512,16384,0,0,42,6,1238500089,514999936,75592.0464,31433.1016,2.4049,512,154
dsmem_loaded,12,0,1,512,16384,0,0,42,6,1238500089,514999936,75592.0464,31433.1016,2.4049,512,155
dsmem_loaded,12,0,1,512,16384,0,0,42,6,1238500089,514999968,75592.0464,31433.1035,2.4049,512,156
dsmem_loaded,12,0,1,512,16384,0,0,42,6,1238500090,514999936,75592.0465,31433.1016,2.4049,512,157
dsmem_loaded,12,0,1,512,16384,0,0,42,6,1238500089,514999968,75592.0464,31433.1035,2.4049,512,158
dsmem_loaded,12,0,1,512,16384,0,0,42,6,1238500089,514999968,75592.0464,31433.1035,2.4049,512,159
dsmem_loaded,12,0,1,512,16384,0,0,42,6,1238500089,514999968,75592.0464,31433.1035,2.4049,512,160
dsmem_loaded,12,0,1,512,16384,0,0,42,6,1238500089,514999936,75592.0464,31433.1016,2.4049,512,161
dsmem_loaded,12,0,1,512,16384,0,0,42,6,1238500090,514999968,75592.0465,31433.1035,2.4049,512,162
dsmem_loaded,12,0,1,512,16384,0,0,42,6,1238500090,515000000,75592.0465,31433.1055,2.4049,512,163
dsmem_loaded,12,0,1,512,16384,0,0,42,6,1238503428,515001344,75592.2502,31433.1875,2.4049,512,164
dsmem_loaded,12,0,1,512,16384,0,0,42,6,1238503416,515001312,75592.2495,31433.1855,2.4049,512,165
dsmem_loaded,12,0,1,512,16384,0,0,42,6,1238516368,515006688,75593.0400,31433.5137,2.4049,512,166
dsmem_loaded,12,0,1,512,16384,0,0,42,6,1238512689,515005152,75592.8155,31433.4199,2.4049,512,167
dsmem_loaded,12,0,1,512,16384,0,0,42,6,1238500090,514999936,75592.0465,31433.1016,2.4049,512,168
dsmem_loaded,12,0,1,512,16384,0,0,42,6,1238500089,514999936,75592.0464,31433.1016,2.4049,512,169
dsmem_loaded,12,0,1,512,16384,0,0,42,6,1238500089,514999936,75592.0464,31433.1016,2.4049,512,170
dsmem_loaded,12,0,1,512,16384,0,0,42,6,1238500089,514999904,75592.0464,31433.0996,2.4049,512,171
dsmem_loaded,12,0,1,512,16384,0,0,42,6,1238500089,514999968,75592.0464,31433.1035,2.4049,512,172
dsmem_loaded,12,0,1,512,16384,0,0,42,6,1238500090,514999968,75592.0465,31433.1035,2.4049,512,173
dsmem_loaded,12,0,1,512,16384,0,0,42,6,1238500089,514999936,75592.0464,31433.1016,2.4049,512,174
dsmem_loaded,12,0,1,512,16384,0,0,42,6,1238500089,514999936,75592.0464,31433.1016,2.4049,512,175
dsmem_loaded,12,0,1,512,16384,0,0,42,7,1238531065,515011808,75593.9371,31433.8262,2.4049,512,0
dsmem_loaded,12,0,1,512,16384,0,0,42,7,1238531066,515011808,75593.9371,31433.8262,2.4049,512,1
dsmem_loaded,12,0,1,512,16384,0,0,42,7,1238531065,515011808,75593.9371,31433.8262,2.4049,512,2
dsmem_loaded,12,0,1,512,16384,0,0,42,7,1238531065,515011808,75593.9371,31433.8262,2.4049,512,3
dsmem_loaded,12,0,1,512,16384,0,0,42,7,1238543310,515016896,75594.6844,31434.1367,2.4049,512,4
dsmem_loaded,12,0,1,512,16384,0,0,42,7,1238531066,515011840,75593.9371,31433.8281,2.4049,512,5
dsmem_loaded,12,0,1,512,16384,0,0,42,7,1238542979,515016768,75594.6642,31434.1289,2.4049,512,6
dsmem_loaded,12,0,1,512,16384,0,0,42,7,1238534228,515013120,75594.1301,31433.9062,2.4049,512,7
dsmem_loaded,12,0,1,512,16384,0,0,42,7,1238531066,515011808,75593.9371,31433.8262,2.4049,512,8
dsmem_loaded,12,0,1,512,16384,0,0,42,7,1238553051,515020960,75595.2790,31434.3848,2.4049,512,9
dsmem_loaded,12,0,1,512,16384,0,0,42,7,1238531066,515011776,75593.9371,31433.8242,2.4049,512,10
dsmem_loaded,12,0,1,512,16384,0,0,42,7,1238531066,515011808,75593.9371,31433.8262,2.4049,512,11
dsmem_loaded,12,0,1,512,16384,0,0,42,7,1238531065,515011808,75593.9371,31433.8262,2.4049,512,12
dsmem_loaded,12,0,1,512,16384,0,0,42,7,1238531065,515011776,75593.9371,31433.8242,2.4049,512,13
dsmem_loaded,12,0,1,512,16384,0,0,42,7,1238531066,515011808,75593.9371,31433.8262,2.4049,512,14
dsmem_loaded,12,0,1,512,16384,0,0,42,7,1238531065,515011808,75593.9371,31433.8262,2.4049,512,15
dsmem_loaded,12,0,1,512,16384,0,0,42,7,1238531065,515011840,75593.9371,31433.8281,2.4049,512,16
dsmem_loaded,12,0,1,512,16384,0,0,42,7,1238531065,515011840,75593.9371,31433.8281,2.4049,512,17
dsmem_loaded,12,0,1,512,16384,0,0,42,7,1238531065,515011840,75593.9371,31433.8281,2.4049,512,18
dsmem_loaded,12,0,1,512,16384,0,0,42,7,1238531065,515011808,75593.9371,31433.8262,2.4049,512,19
dsmem_loaded,12,0,1,512,16384,0,0,42,7,1238531065,515011840,75593.9371,31433.8281,2.4049,512,20
dsmem_loaded,12,0,1,512,16384,0,0,42,7,1238531065,515011840,75593.9371,31433.8281,2.4049,512,21
dsmem_loaded,12,0,1,512,16384,0,0,42,7,1238538770,515015008,75594.4073,31434.0215,2.4049,512,22
dsmem_loaded,12,0,1,512,16384,0,0,42,7,1238533397,515012768,75594.0794,31433.8848,2.4049,512,23
dsmem_loaded,12,0,1,512,16384,0,0,42,7,1238534412,515013184,75594.1414,31433.9102,2.4049,512,24
dsmem_loaded,12,0,1,512,16384,0,0,42,7,1238534405,515013184,75594.1409,31433.9102,2.4049,512,25
dsmem_loaded,12,0,1,512,16384,0,0,42,7,1238531066,515011808,75593.9371,31433.8262,2.4049,512,26
dsmem_loaded,12,0,1,512,16384,0,0,42,7,1238531066,515011776,75593.9371,31433.8242,2.4049,512,27
dsmem_loaded,12,0,1,512,16384,0,0,42,7,1238557079,515022624,75595.5248,31434.4863,2.4049,512,28
dsmem_loaded,12,0,1,512,16384,0,0,42,7,1238531065,515011776,75593.9371,31433.8242,2.4049,512,29
dsmem_loaded,12,0,1,512,16384,0,0,42,7,1238531065,515011776,75593.9371,31433.8242,2.4049,512,30
dsmem_loaded,12,0,1,512,16384,0,0,42,7,1238531065,515011808,75593.9371,31433.8262,2.4049,512,31
dsmem_loaded,12,0,1,512,16384,0,0,42,7,1238531066,515011808,75593.9371,31433.8262,2.4049,512,32
dsmem_loaded,12,0,1,512,16384,0,0,42,7,1238531066,515011840,75593.9371,31433.8281,2.4049,512,33
dsmem_loaded,12,0,1,512,16384,0,0,42,7,1238531065,515011808,75593.9371,31433.8262,2.4049,512,34
dsmem_loaded,12,0,1,512,16384,0,0,42,7,1238531066,515011840,75593.9371,31433.8281,2.4049,512,35
dsmem_loaded,12,0,1,512,16384,0,0,42,7,1238548359,515019008,75594.9926,31434.2656,2.4049,512,36
dsmem_loaded,12,0,1,512,16384,0,0,42,7,1238531065,515011808,75593.9371,31433.8262,2.4049,512,37
dsmem_loaded,12,0,1,512,16384,0,0,42,7,1238538942,515015072,75594.4178,31434.0254,2.4049,512,38
dsmem_loaded,12,0,1,512,16384,0,0,42,7,1238531066,515011840,75593.9371,31433.8281,2.4049,512,39
dsmem_loaded,12,0,1,512,16384,0,0,42,7,1238531065,515011776,75593.9371,31433.8242,2.4049,512,40
dsmem_loaded,12,0,1,512,16384,0,0,42,7,1238532554,515012416,75594.0280,31433.8633,2.4049,512,41
dsmem_loaded,12,0,1,512,16384,0,0,42,7,1238531065,515011808,75593.9371,31433.8262,2.4049,512,42
dsmem_loaded,12,0,1,512,16384,0,0,42,7,1238548360,515018976,75594.9927,31434.2637,2.4049,512,43
dsmem_loaded,12,0,1,512,16384,0,0,42,7,1238531065,515011840,75593.9371,31433.8281,2.4049,512,44
dsmem_loaded,12,0,1,512,16384,0,0,42,7,1238531065,515011776,75593.9371,31433.8242,2.4049,512,45
dsmem_loaded,12,0,1,512,16384,0,0,42,7,1238531066,515011776,75593.9371,31433.8242,2.4049,512,46
dsmem_loaded,12,0,1,512,16384,0,0,42,7,1238531065,515011840,75593.9371,31433.8281,2.4049,512,47
dsmem_loaded,12,0,1,512,16384,0,0,42,7,1238531066,515011808,75593.9371,31433.8262,2.4049,512,48
dsmem_loaded,12,0,1,512,16384,0,0,42,7,1238531065,515011808,75593.9371,31433.8262,2.4049,512,49
dsmem_loaded,12,0,1,512,16384,0,0,42,7,1238531066,515011840,75593.9371,31433.8281,2.4049,512,50
dsmem_loaded,12,0,1,512,16384,0,0,42,7,1238531065,515011776,75593.9371,31433.8242,2.4049,512,51
dsmem_loaded,12,0,1,512,16384,0,0,42,7,1238553555,515021184,75595.3098,31434.3984,2.4049,512,52
dsmem_loaded,12,0,1,512,16384,0,0,42,7,1238531065,515011840,75593.9371,31433.8281,2.4049,512,53
dsmem_loaded,12,0,1,512,16384,0,0,42,7,1238543992,515017184,75594.7261,31434.1543,2.4049,512,54
dsmem_loaded,12,0,1,512,16384,0,0,42,7,1238531066,515011808,75593.9371,31433.8262,2.4049,512,55
dsmem_loaded,12,0,1,512,16384,0,0,42,7,1238531065,515011840,75593.9371,31433.8281,2.4049,512,56
dsmem_loaded,12,0,1,512,16384,0,0,42,7,1238538951,515015104,75594.4184,31434.0273,2.4049,512,57
dsmem_loaded,12,0,1,512,16384,0,0,42,7,1238531065,515011776,75593.9371,31433.8242,2.4049,512,58
dsmem_loaded,12,0,1,512,16384,0,0,42,7,1238533562,515012832,75594.0895,31433.8887,2.4049,512,59
dsmem_loaded,12,0,1,512,16384,0,0,42,7,1238534225,515013120,75594.1299,31433.9062,2.4049,512,60
dsmem_loaded,12,0,1,512,16384,0,0,42,7,1238531066,515011808,75593.9371,31433.8262,2.4049,512,61
dsmem_loaded,12,0,1,512,16384,0,0,42,7,1238531065,515011840,75593.9371,31433.8281,2.4049,512,62
dsmem_loaded,12,0,1,512,16384,0,0,42,7,1238532728,515012512,75594.0386,31433.8691,2.4049,512,63
dsmem_loaded,12,0,1,512,16384,0,0,42,7,1238531065,515011808,75593.9371,31433.8262,2.4049,512,64
dsmem_loaded,12,0,1,512,16384,0,0,42,7,1238531065,515011840,75593.9371,31433.8281,2.4049,512,65
dsmem_loaded,12,0,1,512,16384,0,0,42,7,1238531065,515011840,75593.9371,31433.8281,2.4049,512,66
dsmem_loaded,12,0,1,512,16384,0,0,42,7,1238531066,515011808,75593.9371,31433.8262,2.4049,512,67
dsmem_loaded,12,0,1,512,16384,0,0,42,7,1238531066,515011808,75593.9371,31433.8262,2.4049,512,68
dsmem_loaded,12,0,1,512,16384,0,0,42,7,1238544996,515017600,75594.7874,31434.1797,2.4049,512,69
dsmem_loaded,12,0,1,512,16384,0,0,42,7,1238531066,515011808,75593.9371,31433.8262,2.4049,512,70
dsmem_loaded,12,0,1,512,16384,0,0,42,7,1238531065,515011808,75593.9371,31433.8262,2.4049,512,71
dsmem_loaded,12,0,1,512,16384,0,0,42,7,1238532895,515012544,75594.0488,31433.8711,2.4049,512,72
dsmem_loaded,12,0,1,512,16384,0,0,42,7,1238531066,515011776,75593.9371,31433.8242,2.4049,512,73
dsmem_loaded,12,0,1,512,16384,0,0,42,7,1238539100,515015136,75594.4275,31434.0293,2.4049,512,74
dsmem_loaded,12,0,1,512,16384,0,0,42,7,1238547198,515018496,75594.9218,31434.2344,2.4049,512,75
dsmem_loaded,12,0,1,512,16384,0,0,42,7,1238531066,515011776,75593.9371,31433.8242,2.4049,512,76
dsmem_loaded,12,0,1,512,16384,0,0,42,7,1238531066,515011840,75593.9371,31433.8281,2.4049,512,77
dsmem_loaded,12,0,1,512,16384,0,0,42,7,1238531065,515011808,75593.9371,31433.8262,2.4049,512,78
dsmem_loaded,12,0,1,512,16384,0,0,42,7,1238531065,515011808,75593.9371,31433.8262,2.4049,512,79
dsmem_loaded,12,0,1,512,16384,0,0,42,7,1238531066,515011840,75593.9371,31433.8281,2.4049,512,80
dsmem_loaded,12,0,1,512,16384,0,0,42,7,1238531065,515011808,75593.9371,31433.8262,2.4049,512,81
dsmem_loaded,12,0,1,512,16384,0,0,42,7,1238531065,515011840,75593.9371,31433.8281,2.4049,512,82
dsmem_loaded,12,0,1,512,16384,0,0,42,7,1238531065,515011808,75593.9371,31433.8262,2.4049,512,83
dsmem_loaded,12,0,1,512,16384,0,0,42,7,1238548343,515019008,75594.9916,31434.2656,2.4049,512,84
dsmem_loaded,12,0,1,512,16384,0,0,42,7,1238539444,515015264,75594.4485,31434.0371,2.4049,512,85
dsmem_loaded,12,0,1,512,16384,0,0,42,7,1238531066,515011808,75593.9371,31433.8262,2.4049,512,86
dsmem_loaded,12,0,1,512,16384,0,0,42,7,1238533412,515012768,75594.0803,31433.8848,2.4049,512,87
dsmem_loaded,12,0,1,512,16384,0,0,42,7,1238531066,515011808,75593.9371,31433.8262,2.4049,512,88
dsmem_loaded,12,0,1,512,16384,0,0,42,7,1238531065,515011840,75593.9371,31433.8281,2.4049,512,89
dsmem_loaded,12,0,1,512,16384,0,0,42,7,1238542981,515016736,75594.6644,31434.1270,2.4049,512,90
dsmem_loaded,12,0,1,512,16384,0,0,42,7,1238531066,515011808,75593.9371,31433.8262,2.4049,512,91
dsmem_loaded,12,0,1,512,16384,0,0,42,7,1238531065,515011840,75593.9371,31433.8281,2.4049,512,92
dsmem_loaded,12,0,1,512,16384,0,0,42,7,1238531066,515011808,75593.9371,31433.8262,2.4049,512,93
dsmem_loaded,12,0,1,512,16384,0,0,42,7,1238531066,515011776,75593.9371,31433.8242,2.4049,512,94
dsmem_loaded,12,0,1,512,16384,0,0,42,7,1238534736,515013344,75594.1611,31433.9199,2.4049,512,95
dsmem_loaded,12,0,1,512,16384,0,0,42,7,1238531065,515011808,75593.9371,31433.8262,2.4049,512,96
dsmem_loaded,12,0,1,512,16384,0,0,42,7,1238531065,515011808,75593.9371,31433.8262,2.4049,512,97
dsmem_loaded,12,0,1,512,16384,0,0,42,7,1238531065,515011840,75593.9371,31433.8281,2.4049,512,98
dsmem_loaded,12,0,1,512,16384,0,0,42,7,1238531066,515011808,75593.9371,31433.8262,2.4049,512,99
dsmem_loaded,12,0,1,512,16384,0,0,42,7,1238538771,515015008,75594.4074,31434.0215,2.4049,512,100
dsmem_loaded,12,0,1,512,16384,0,0,42,7,1238539281,515015232,75594.4385,31434.0352,2.4049,512,101
dsmem_loaded,12,0,1,512,16384,0,0,42,7,1238542153,515016416,75594.6138,31434.1074,2.4049,512,102
dsmem_loaded,12,0,1,512,16384,0,0,42,7,1238547680,515018720,75594.9512,31434.2480,2.4049,512,103
dsmem_loaded,12,0,1,512,16384,0,0,42,7,1238531066,515011776,75593.9371,31433.8242,2.4049,512,104
dsmem_loaded,12,0,1,512,16384,0,0,42,7,1238531066,515011776,75593.9371,31433.8242,2.4049,512,105
dsmem_loaded,12,0,1,512,16384,0,0,42,7,1238531065,515011776,75593.9371,31433.8242,2.4049,512,106
dsmem_loaded,12,0,1,512,16384,0,0,42,7,1238531065,515011808,75593.9371,31433.8262,2.4049,512,107
dsmem_loaded,12,0,1,512,16384,0,0,42,7,1238531066,515011840,75593.9371,31433.8281,2.4049,512,108
dsmem_loaded,12,0,1,512,16384,0,0,42,7,1238531065,515011840,75593.9371,31433.8281,2.4049,512,109
dsmem_loaded,12,0,1,512,16384,0,0,42,7,1238531066,515011840,75593.9371,31433.8281,2.4049,512,110
dsmem_loaded,12,0,1,512,16384,0,0,42,7,1238531065,515011840,75593.9371,31433.8281,2.4049,512,111
dsmem_loaded,12,0,1,512,16384,0,0,42,7,1238531065,515011808,75593.9371,31433.8262,2.4049,512,112
dsmem_loaded,12,0,1,512,16384,0,0,42,7,1238531066,515011808,75593.9371,31433.8262,2.4049,512,113
dsmem_loaded,12,0,1,512,16384,0,0,42,7,1238531065,515011840,75593.9371,31433.8281,2.4049,512,114
dsmem_loaded,12,0,1,512,16384,0,0,42,7,1238531066,515011808,75593.9371,31433.8262,2.4049,512,115
dsmem_loaded,12,0,1,512,16384,0,0,42,7,1238534224,515013088,75594.1299,31433.9043,2.4049,512,116
dsmem_loaded,12,0,1,512,16384,0,0,42,7,1238548024,515018880,75594.9722,31434.2578,2.4049,512,117
dsmem_loaded,12,0,1,512,16384,0,0,42,7,1238532888,515012544,75594.0483,31433.8711,2.4049,512,118
dsmem_loaded,12,0,1,512,16384,0,0,42,7,1238531066,515011840,75593.9371,31433.8281,2.4049,512,119
dsmem_loaded,12,0,1,512,16384,0,0,42,7,1238531066,515011808,75593.9371,31433.8262,2.4049,512,120
dsmem_loaded,12,0,1,512,16384,0,0,42,7,1238531065,515011808,75593.9371,31433.8262,2.4049,512,121
dsmem_loaded,12,0,1,512,16384,0,0,42,7,1238531066,515011808,75593.9371,31433.8262,2.4049,512,122
dsmem_loaded,12,0,1,512,16384,0,0,42,7,1238543491,515016960,75594.6955,31434.1406,2.4049,512,123
dsmem_loaded,12,0,1,512,16384,0,0,42,7,1238531065,515011808,75593.9371,31433.8262,2.4049,512,124
dsmem_loaded,12,0,1,512,16384,0,0,42,7,1238531065,515011808,75593.9371,31433.8262,2.4049,512,125
dsmem_loaded,12,0,1,512,16384,0,0,42,7,1238531066,515011776,75593.9371,31433.8242,2.4049,512,126
dsmem_loaded,12,0,1,512,16384,0,0,42,7,1238531065,515011808,75593.9371,31433.8262,2.4049,512,127
dsmem_loaded,12,0,1,512,16384,0,0,42,7,1238531065,515011808,75593.9371,31433.8262,2.4049,512,128
dsmem_loaded,12,0,1,512,16384,0,0,42,7,1238531066,515011808,75593.9371,31433.8262,2.4049,512,129
dsmem_loaded,12,0,1,512,16384,0,0,42,7,1238531066,515011808,75593.9371,31433.8262,2.4049,512,130
dsmem_loaded,12,0,1,512,16384,0,0,42,7,1238531065,515011840,75593.9371,31433.8281,2.4049,512,131
dsmem_loaded,12,0,1,512,16384,0,0,42,7,1238533228,515012704,75594.0691,31433.8809,2.4049,512,132
dsmem_loaded,12,0,1,512,16384,0,0,42,7,1238533084,515012640,75594.0603,31433.8770,2.4049,512,133
dsmem_loaded,12,0,1,512,16384,0,0,42,7,1238531065,515011840,75593.9371,31433.8281,2.4049,512,134
dsmem_loaded,12,0,1,512,16384,0,0,42,7,1238531065,515011808,75593.9371,31433.8262,2.4049,512,135
dsmem_loaded,12,0,1,512,16384,0,0,42,7,1238531066,515011808,75593.9371,31433.8262,2.4049,512,136
dsmem_loaded,12,0,1,512,16384,0,0,42,7,1238531065,515011808,75593.9371,31433.8262,2.4049,512,137
dsmem_loaded,12,0,1,512,16384,0,0,42,7,1238545002,515017600,75594.7877,31434.1797,2.4049,512,138
dsmem_loaded,12,0,1,512,16384,0,0,42,7,1238531065,515011808,75593.9371,31433.8262,2.4049,512,139
dsmem_loaded,12,0,1,512,16384,0,0,42,7,1238531065,515011840,75593.9371,31433.8281,2.4049,512,140
dsmem_loaded,12,0,1,512,16384,0,0,42,7,1238531065,515011808,75593.9371,31433.8262,2.4049,512,141
dsmem_loaded,12,0,1,512,16384,0,0,42,7,1238533395,515012768,75594.0793,31433.8848,2.4049,512,142
dsmem_loaded,12,0,1,512,16384,0,0,42,7,1238531066,515011840,75593.9371,31433.8281,2.4049,512,143
dsmem_loaded,12,0,1,512,16384,0,0,42,7,1238531066,515011840,75593.9371,31433.8281,2.4049,512,144
dsmem_loaded,12,0,1,512,16384,0,0,42,7,1238531065,515011840,75593.9371,31433.8281,2.4049,512,145
dsmem_loaded,12,0,1,512,16384,0,0,42,7,1238531065,515011840,75593.9371,31433.8281,2.4049,512,146
dsmem_loaded,12,0,1,512,16384,0,0,42,7,1238531065,515011808,75593.9371,31433.8262,2.4049,512,147
dsmem_loaded,12,0,1,512,16384,0,0,42,7,1238551884,515020480,75595.2078,31434.3555,2.4049,512,148
dsmem_loaded,12,0,1,512,16384,0,0,42,7,1238532724,515012480,75594.0383,31433.8672,2.4049,512,149
dsmem_loaded,12,0,1,512,16384,0,0,42,7,1238534910,515013408,75594.1718,31433.9238,2.4049,512,150
dsmem_loaded,12,0,1,512,16384,0,0,42,7,1238544835,515017536,75594.7775,31434.1758,2.4049,512,151
dsmem_loaded,12,0,1,512,16384,0,0,42,7,1238531065,515011808,75593.9371,31433.8262,2.4049,512,152
dsmem_loaded,12,0,1,512,16384,0,0,42,7,1238531066,515011808,75593.9371,31433.8262,2.4049,512,153
dsmem_loaded,12,0,1,512,16384,0,0,42,7,1238534228,515013120,75594.1301,31433.9062,2.4049,512,154
dsmem_loaded,12,0,1,512,16384,0,0,42,7,1238531065,515011808,75593.9371,31433.8262,2.4049,512,155
dsmem_loaded,12,0,1,512,16384,0,0,42,7,1238531065,515011808,75593.9371,31433.8262,2.4049,512,156
dsmem_loaded,12,0,1,512,16384,0,0,42,7,1238531066,515011776,75593.9371,31433.8242,2.4049,512,157
dsmem_loaded,12,0,1,512,16384,0,0,42,7,1238531066,515011840,75593.9371,31433.8281,2.4049,512,158
dsmem_loaded,12,0,1,512,16384,0,0,42,7,1238531066,515011808,75593.9371,31433.8262,2.4049,512,159
dsmem_loaded,12,0,1,512,16384,0,0,42,7,1238531065,515011808,75593.9371,31433.8262,2.4049,512,160
dsmem_loaded,12,0,1,512,16384,0,0,42,7,1238531066,515011840,75593.9371,31433.8281,2.4049,512,161
dsmem_loaded,12,0,1,512,16384,0,0,42,7,1238531065,515011808,75593.9371,31433.8262,2.4049,512,162
dsmem_loaded,12,0,1,512,16384,0,0,42,7,1238531065,515011840,75593.9371,31433.8281,2.4049,512,163
dsmem_loaded,12,0,1,512,16384,0,0,42,7,1238533556,515012832,75594.0891,31433.8887,2.4049,512,164
dsmem_loaded,12,0,1,512,16384,0,0,42,7,1238531065,515011808,75593.9371,31433.8262,2.4049,512,165
dsmem_loaded,12,0,1,512,16384,0,0,42,7,1238537766,515014624,75594.3461,31433.9980,2.4049,512,166
dsmem_loaded,12,0,1,512,16384,0,0,42,7,1238543985,515017184,75594.7256,31434.1543,2.4049,512,167
dsmem_loaded,12,0,1,512,16384,0,0,42,7,1238531065,515011808,75593.9371,31433.8262,2.4049,512,168
dsmem_loaded,12,0,1,512,16384,0,0,42,7,1238546862,515018368,75594.9012,31434.2266,2.4049,512,169
dsmem_loaded,12,0,1,512,16384,0,0,42,7,1238531066,515011808,75593.9371,31433.8262,2.4049,512,170
dsmem_loaded,12,0,1,512,16384,0,0,42,7,1238531065,515011808,75593.9371,31433.8262,2.4049,512,171
dsmem_loaded,12,0,1,512,16384,0,0,42,7,1238531066,515011840,75593.9371,31433.8281,2.4049,512,172
dsmem_loaded,12,0,1,512,16384,0,0,42,7,1238531065,515011776,75593.9371,31433.8242,2.4049,512,173
dsmem_loaded,12,0,1,512,16384,0,0,42,7,1238531066,515011808,75593.9371,31433.8262,2.4049,512,174
dsmem_loaded,12,0,1,512,16384,0,0,42,7,1238531066,515011840,75593.9371,31433.8281,2.4049,512,175
dsmem_loaded,12,0,1,512,16384,0,0,42,8,1238361466,514940992,75583.5856,31429.5039,2.4049,512,0
dsmem_loaded,12,0,1,512,16384,0,0,42,8,1238361465,514940992,75583.5855,31429.5039,2.4049,512,1
dsmem_loaded,12,0,1,512,16384,0,0,42,8,1238361465,514940992,75583.5855,31429.5039,2.4049,512,2
dsmem_loaded,12,0,1,512,16384,0,0,42,8,1238361465,514940992,75583.5855,31429.5039,2.4049,512,3
dsmem_loaded,12,0,1,512,16384,0,0,42,8,1238361465,514941024,75583.5855,31429.5059,2.4049,512,4
dsmem_loaded,12,0,1,512,16384,0,0,42,8,1238364145,514942144,75583.7491,31429.5742,2.4049,512,5
dsmem_loaded,12,0,1,512,16384,0,0,42,8,1238361466,514941024,75583.5856,31429.5059,2.4049,512,6
dsmem_loaded,12,0,1,512,16384,0,0,42,8,1238383953,514950336,75584.9581,31430.0742,2.4049,512,7
dsmem_loaded,12,0,1,512,16384,0,0,42,8,1238361466,514941024,75583.5856,31429.5059,2.4049,512,8
dsmem_loaded,12,0,1,512,16384,0,0,42,8,1238361465,514941024,75583.5855,31429.5059,2.4049,512,9
dsmem_loaded,12,0,1,512,16384,0,0,42,8,1238368174,514943840,75583.9950,31429.6777,2.4049,512,10
dsmem_loaded,12,0,1,512,16384,0,0,42,8,1238361466,514940992,75583.5856,31429.5039,2.4049,512,11
dsmem_loaded,12,0,1,512,16384,0,0,42,8,1238368343,514943872,75584.0053,31429.6797,2.4049,512,12
dsmem_loaded,12,0,1,512,16384,0,0,42,8,1238361466,514941024,75583.5856,31429.5059,2.4049,512,13
dsmem_loaded,12,0,1,512,16384,0,0,42,8,1238361466,514941024,75583.5856,31429.5059,2.4049,512,14
dsmem_loaded,12,0,1,512,16384,0,0,42,8,1238369680,514944384,75584.0869,31429.7109,2.4049,512,15
dsmem_loaded,12,0,1,512,16384,0,0,42,8,1238361466,514940960,75583.5856,31429.5020,2.4049,512,16
dsmem_loaded,12,0,1,512,16384,0,0,42,8,1238361465,514940960,75583.5855,31429.5020,2.4049,512,17
dsmem_loaded,12,0,1,512,16384,0,0,42,8,1238361466,514941024,75583.5856,31429.5059,2.4049,512,18
dsmem_loaded,12,0,1,512,16384,0,0,42,8,1238361465,514940992,75583.5855,31429.5039,2.4049,512,19
dsmem_loaded,12,0,1,512,16384,0,0,42,8,1238361465,514940992,75583.5855,31429.5039,2.4049,512,20
dsmem_loaded,12,0,1,512,16384,0,0,42,8,1238361465,514941024,75583.5855,31429.5059,2.4049,512,21
dsmem_loaded,12,0,1,512,16384,0,0,42,8,1238364292,514942176,75583.7581,31429.5762,2.4049,512,22
dsmem_loaded,12,0,1,512,16384,0,0,42,8,1238374731,514946528,75584.3952,31429.8418,2.4049,512,23
dsmem_loaded,12,0,1,512,16384,0,0,42,8,1238361465,514940992,75583.5855,31429.5039,2.4049,512,24
dsmem_loaded,12,0,1,512,16384,0,0,42,8,1238361466,514940960,75583.5856,31429.5020,2.4049,512,25
dsmem_loaded,12,0,1,512,16384,0,0,42,8,1238361465,514941024,75583.5855,31429.5059,2.4049,512,26
dsmem_loaded,12,0,1,512,16384,0,0,42,8,1238361466,514941024,75583.5856,31429.5059,2.4049,512,27
dsmem_loaded,12,0,1,512,16384,0,0,42,8,1238361465,514940992,75583.5855,31429.5039,2.4049,512,28
dsmem_loaded,12,0,1,512,16384,0,0,42,8,1238363970,514942080,75583.7384,31429.5703,2.4049,512,29
dsmem_loaded,12,0,1,512,16384,0,0,42,8,1238361465,514941024,75583.5855,31429.5059,2.4049,512,30
dsmem_loaded,12,0,1,512,16384,0,0,42,8,1238361465,514940960,75583.5855,31429.5020,2.4049,512,31
dsmem_loaded,12,0,1,512,16384,0,0,42,8,1238361465,514940992,75583.5855,31429.5039,2.4049,512,32
dsmem_loaded,12,0,1,512,16384,0,0,42,8,1238361465,514940992,75583.5855,31429.5039,2.4049,512,33
dsmem_loaded,12,0,1,512,16384,0,0,42,8,1238361466,514940992,75583.5856,31429.5039,2.4049,512,34
dsmem_loaded,12,0,1,512,16384,0,0,42,8,1238361465,514940992,75583.5855,31429.5039,2.4049,512,35
dsmem_loaded,12,0,1,512,16384,0,0,42,8,1238364447,514942272,75583.7675,31429.5820,2.4049,512,36
dsmem_loaded,12,0,1,512,16384,0,0,42,8,1238361465,514941024,75583.5855,31429.5059,2.4049,512,37
dsmem_loaded,12,0,1,512,16384,0,0,42,8,1238364294,514942208,75583.7582,31429.5781,2.4049,512,38
dsmem_loaded,12,0,1,512,16384,0,0,42,8,1238361465,514940992,75583.5855,31429.5039,2.4049,512,39
dsmem_loaded,12,0,1,512,16384,0,0,42,8,1238361466,514941024,75583.5856,31429.5059,2.4049,512,40
dsmem_loaded,12,0,1,512,16384,0,0,42,8,1238361466,514941024,75583.5856,31429.5059,2.4049,512,41
dsmem_loaded,12,0,1,512,16384,0,0,42,8,1238361465,514941024,75583.5855,31429.5059,2.4049,512,42
dsmem_loaded,12,0,1,512,16384,0,0,42,8,1238369345,514944288,75584.0665,31429.7051,2.4049,512,43
dsmem_loaded,12,0,1,512,16384,0,0,42,8,1238361465,514940992,75583.5855,31429.5039,2.4049,512,44
dsmem_loaded,12,0,1,512,16384,0,0,42,8,1238361465,514941024,75583.5855,31429.5059,2.4049,512,45
dsmem_loaded,12,0,1,512,16384,0,0,42,8,1238361466,514940960,75583.5856,31429.5020,2.4049,512,46
dsmem_loaded,12,0,1,512,16384,0,0,42,8,1238361466,514941024,75583.5856,31429.5059,2.4049,512,47
dsmem_loaded,12,0,1,512,16384,0,0,42,8,1238361466,514940992,75583.5856,31429.5039,2.4049,512,48
dsmem_loaded,12,0,1,512,16384,0,0,42,8,1238363630,514941920,75583.7177,31429.5605,2.4049,512,49
dsmem_loaded,12,0,1,512,16384,0,0,42,8,1238361466,514941024,75583.5856,31429.5059,2.4049,512,50
dsmem_loaded,12,0,1,512,16384,0,0,42,8,1238361465,514940992,75583.5855,31429.5039,2.4049,512,51
dsmem_loaded,12,0,1,512,16384,0,0,42,8,1238361465,514940992,75583.5855,31429.5039,2.4049,512,52
dsmem_loaded,12,0,1,512,16384,0,0,42,8,1238361465,514941024,75583.5855,31429.5059,2.4049,512,53
dsmem_loaded,12,0,1,512,16384,0,0,42,8,1238361466,514941024,75583.5856,31429.5059,2.4049,512,54
dsmem_loaded,12,0,1,512,16384,0,0,42,8,1238361465,514940992,75583.5855,31429.5039,2.4049,512,55
dsmem_loaded,12,0,1,512,16384,0,0,42,8,1238361465,514941024,75583.5855,31429.5059,2.4049,512,56
dsmem_loaded,12,0,1,512,16384,0,0,42,8,1238361465,514941024,75583.5855,31429.5059,2.4049,512,57
dsmem_loaded,12,0,1,512,16384,0,0,42,8,1238361465,514940992,75583.5855,31429.5039,2.4049,512,58
dsmem_loaded,12,0,1,512,16384,0,0,42,8,1238361465,514940992,75583.5855,31429.5039,2.4049,512,59
dsmem_loaded,12,0,1,512,16384,0,0,42,8,1238368340,514943872,75584.0051,31429.6797,2.4049,512,60
dsmem_loaded,12,0,1,512,16384,0,0,42,8,1238365139,514942528,75583.8098,31429.5977,2.4049,512,61
dsmem_loaded,12,0,1,512,16384,0,0,42,8,1238361465,514940992,75583.5855,31429.5039,2.4049,512,62
dsmem_loaded,12,0,1,512,16384,0,0,42,8,1238366167,514942944,75583.8725,31429.6230,2.4049,512,63
dsmem_loaded,12,0,1,512,16384,0,0,42,8,1238361466,514940992,75583.5856,31429.5039,2.4049,512,64
dsmem_loaded,12,0,1,512,16384,0,0,42,8,1238361466,514940992,75583.5856,31429.5039,2.4049,512,65
dsmem_loaded,12,0,1,512,16384,0,0,42,8,1238369181,514944224,75584.0565,31429.7012,2.4049,512,66
dsmem_loaded,12,0,1,512,16384,0,0,42,8,1238361466,514940960,75583.5856,31429.5020,2.4049,512,67
dsmem_loaded,12,0,1,512,16384,0,0,42,8,1238361466,514941024,75583.5856,31429.5059,2.4049,512,68
dsmem_loaded,12,0,1,512,16384,0,0,42,8,1238361466,514940992,75583.5856,31429.5039,2.4049,512,69
dsmem_loaded,12,0,1,512,16384,0,0,42,8,1238361465,514940992,75583.5855,31429.5039,2.4049,512,70
dsmem_loaded,12,0,1,512,16384,0,0,42,8,1238367822,514943680,75583.9735,31429.6680,2.4049,512,71
dsmem_loaded,12,0,1,512,16384,0,0,42,8,1238361465,514940960,75583.5855,31429.5020,2.4049,512,72
dsmem_loaded,12,0,1,512,16384,0,0,42,8,1238361465,514941024,75583.5855,31429.5059,2.4049,512,73
dsmem_loaded,12,0,1,512,16384,0,0,42,8,1238370342,514944704,75584.1273,31429.7305,2.4049,512,74
dsmem_loaded,12,0,1,512,16384,0,0,42,8,1238361465,514940992,75583.5855,31429.5039,2.4049,512,75
dsmem_loaded,12,0,1,512,16384,0,0,42,8,1238361465,514940992,75583.5855,31429.5039,2.4049,512,76
dsmem_loaded,12,0,1,512,16384,0,0,42,8,1238368830,514944064,75584.0350,31429.6914,2.4049,512,77
dsmem_loaded,12,0,1,512,16384,0,0,42,8,1238361466,514941024,75583.5856,31429.5059,2.4049,512,78
dsmem_loaded,12,0,1,512,16384,0,0,42,8,1238361465,514940992,75583.5855,31429.5039,2.4049,512,79
dsmem_loaded,12,0,1,512,16384,0,0,42,8,1238373705,514946112,75584.3326,31429.8164,2.4049,512,80
dsmem_loaded,12,0,1,512,16384,0,0,42,8,1238361466,514941024,75583.5856,31429.5059,2.4049,512,81
dsmem_loaded,12,0,1,512,16384,0,0,42,8,1238361465,514940992,75583.5855,31429.5039,2.4049,512,82
dsmem_loaded,12,0,1,512,16384,0,0,42,8,1238361465,514940992,75583.5855,31429.5039,2.4049,512,83
dsmem_loaded,12,0,1,512,16384,0,0,42,8,1238373037,514945824,75584.2918,31429.7988,2.4049,512,84
dsmem_loaded,12,0,1,512,16384,0,0,42,8,1238361465,514940992,75583.5855,31429.5039,2.4049,512,85
dsmem_loaded,12,0,1,512,16384,0,0,42,8,1238366315,514943008,75583.8815,31429.6270,2.4049,512,86
dsmem_loaded,12,0,1,512,16384,0,0,42,8,1238361466,514940992,75583.5856,31429.5039,2.4049,512,87
dsmem_loaded,12,0,1,512,16384,0,0,42,8,1238361465,514941024,75583.5855,31429.5059,2.4049,512,88
dsmem_loaded,12,0,1,512,16384,0,0,42,8,1238361465,514940992,75583.5855,31429.5039,2.4049,512,89
dsmem_loaded,12,0,1,512,16384,0,0,42,8,1238361466,514940960,75583.5856,31429.5020,2.4049,512,90
dsmem_loaded,12,0,1,512,16384,0,0,42,8,1238361466,514940992,75583.5856,31429.5039,2.4049,512,91
dsmem_loaded,12,0,1,512,16384,0,0,42,8,1238361466,514941024,75583.5856,31429.5059,2.4049,512,92
dsmem_loaded,12,0,1,512,16384,0,0,42,8,1238363787,514941984,75583.7272,31429.5645,2.4049,512,93
dsmem_loaded,12,0,1,512,16384,0,0,42,8,1238361466,514940992,75583.5856,31429.5039,2.4049,512,94
dsmem_loaded,12,0,1,512,16384,0,0,42,8,1238383619,514950240,75584.9377,31430.0684,2.4049,512,95
dsmem_loaded,12,0,1,512,16384,0,0,42,8,1238361466,514940992,75583.5856,31429.5039,2.4049,512,96
dsmem_loaded,12,0,1,512,16384,0,0,42,8,1238361466,514940992,75583.5856,31429.5039,2.4049,512,97
dsmem_loaded,12,0,1,512,16384,0,0,42,8,1238361466,514940992,75583.5856,31429.5039,2.4049,512,98
dsmem_loaded,12,0,1,512,16384,0,0,42,8,1238361465,514940960,75583.5855,31429.5020,2.4049,512,99
dsmem_loaded,12,0,1,512,16384,0,0,42,8,1238375552,514946912,75584.4453,31429.8652,2.4049,512,100
dsmem_loaded,12,0,1,512,16384,0,0,42,8,1238361465,514941024,75583.5855,31429.5059,2.4049,512,101
dsmem_loaded,12,0,1,512,16384,0,0,42,8,1238369681,514944448,75584.0870,31429.7148,2.4049,512,102
dsmem_loaded,12,0,1,512,16384,0,0,42,8,1238361465,514940992,75583.5855,31429.5039,2.4049,512,103
dsmem_loaded,12,0,1,512,16384,0,0,42,8,1238361465,514941024,75583.5855,31429.5059,2.4049,512,104
dsmem_loaded,12,0,1,512,16384,0,0,42,8,1238361466,514941024,75583.5856,31429.5059,2.4049,512,105
dsmem_loaded,12,0,1,512,16384,0,0,42,8,1238363959,514942048,75583.7377,31429.5684,2.4049,512,106
dsmem_loaded,12,0,1,512,16384,0,0,42,8,1238374724,514946496,75584.3948,31429.8398,2.4049,512,107
dsmem_loaded,12,0,1,512,16384,0,0,42,8,1238361465,514941024,75583.5855,31429.5059,2.4049,512,108
dsmem_loaded,12,0,1,512,16384,0,0,42,8,1238361465,514940992,75583.5855,31429.5039,2.4049,512,109
dsmem_loaded,12,0,1,512,16384,0,0,42,8,1238361465,514941024,75583.5855,31429.5059,2.4049,512,110
dsmem_loaded,12,0,1,512,16384,0,0,42,8,1238364465,514942304,75583.7686,31429.5840,2.4049,512,111
dsmem_loaded,12,0,1,512,16384,0,0,42,8,1238368841,514944096,75584.0357,31429.6934,2.4049,512,112
dsmem_loaded,12,0,1,512,16384,0,0,42,8,1238361465,514940992,75583.5855,31429.5039,2.4049,512,113
dsmem_loaded,12,0,1,512,16384,0,0,42,8,1238361465,514940992,75583.5855,31429.5039,2.4049,512,114
dsmem_loaded,12,0,1,512,16384,0,0,42,8,1238361466,514940992,75583.5856,31429.5039,2.4049,512,115
dsmem_loaded,12,0,1,512,16384,0,0,42,8,1238361466,514940992,75583.5856,31429.5039,2.4049,512,116
dsmem_loaded,12,0,1,512,16384,0,0,42,8,1238361466,514941024,75583.5856,31429.5059,2.4049,512,117
dsmem_loaded,12,0,1,512,16384,0,0,42,8,1238376907,514947456,75584.5280,31429.8984,2.4049,512,118
dsmem_loaded,12,0,1,512,16384,0,0,42,8,1238361465,514940992,75583.5855,31429.5039,2.4049,512,119
dsmem_loaded,12,0,1,512,16384,0,0,42,8,1238364115,514942144,75583.7473,31429.5742,2.4049,512,120
dsmem_loaded,12,0,1,512,16384,0,0,42,8,1238361466,514941024,75583.5856,31429.5059,2.4049,512,121
dsmem_loaded,12,0,1,512,16384,0,0,42,8,1238369843,514944512,75584.0969,31429.7188,2.4049,512,122
dsmem_loaded,12,0,1,512,16384,0,0,42,8,1238374045,514946272,75584.3533,31429.8262,2.4049,512,123
dsmem_loaded,12,0,1,512,16384,0,0,42,8,1238361465,514941024,75583.5855,31429.5059,2.4049,512,124
dsmem_loaded,12,0,1,512,16384,0,0,42,8,1238361465,514940960,75583.5855,31429.5020,2.4049,512,125
dsmem_loaded,12,0,1,512,16384,0,0,42,8,1238361465,514940992,75583.5855,31429.5039,2.4049,512,126
dsmem_loaded,12,0,1,512,16384,0,0,42,8,1238361465,514941024,75583.5855,31429.5059,2.4049,512,127
dsmem_loaded,12,0,1,512,16384,0,0,42,8,1238368332,514943872,75584.0046,31429.6797,2.4049,512,128
dsmem_loaded,12,0,1,512,16384,0,0,42,8,1238361465,514940992,75583.5855,31429.5039,2.4049,512,129
dsmem_loaded,12,0,1,512,16384,0,0,42,8,1238361466,514940960,75583.5856,31429.5020,2.4049,512,130
dsmem_loaded,12,0,1,512,16384,0,0,42,8,1238361465,514940992,75583.5855,31429.5039,2.4049,512,131
dsmem_loaded,12,0,1,512,16384,0,0,42,8,1238361466,514940992,75583.5856,31429.5039,2.4049,512,132
dsmem_loaded,12,0,1,512,16384,0,0,42,8,1238361466,514941024,75583.5856,31429.5059,2.4049,512,133
dsmem_loaded,12,0,1,512,16384,0,0,42,8,1238381625,514949408,75584.8160,31430.0176,2.4049,512,134
dsmem_loaded,12,0,1,512,16384,0,0,42,8,1238361465,514940960,75583.5855,31429.5020,2.4049,512,135
dsmem_loaded,12,0,1,512,16384,0,0,42,8,1238361465,514941024,75583.5855,31429.5059,2.4049,512,136
dsmem_loaded,12,0,1,512,16384,0,0,42,8,1238361465,514941024,75583.5855,31429.5059,2.4049,512,137
dsmem_loaded,12,0,1,512,16384,0,0,42,8,1238361465,514940992,75583.5855,31429.5039,2.4049,512,138
dsmem_loaded,12,0,1,512,16384,0,0,42,8,1238373037,514945824,75584.2918,31429.7988,2.4049,512,139
dsmem_loaded,12,0,1,512,16384,0,0,42,8,1238361465,514940992,75583.5855,31429.5039,2.4049,512,140
dsmem_loaded,12,0,1,512,16384,0,0,42,8,1238361466,514940960,75583.5856,31429.5020,2.4049,512,141
dsmem_loaded,12,0,1,512,16384,0,0,42,8,1238361465,514941024,75583.5855,31429.5059,2.4049,512,142
dsmem_loaded,12,0,1,512,16384,0,0,42,8,1238368846,514944096,75584.0360,31429.6934,2.4049,512,143
dsmem_loaded,12,0,1,512,16384,0,0,42,8,1238361465,514940960,75583.5855,31429.5020,2.4049,512,144
dsmem_loaded,12,0,1,512,16384,0,0,42,8,1238361466,514940992,75583.5856,31429.5039,2.4049,512,145
dsmem_loaded,12,0,1,512,16384,0,0,42,8,1238361465,514940992,75583.5855,31429.5039,2.4049,512,146
dsmem_loaded,12,0,1,512,16384,0,0,42,8,1238361465,514940992,75583.5855,31429.5039,2.4049,512,147
dsmem_loaded,12,0,1,512,16384,0,0,42,8,1238372049,514945408,75584.2315,31429.7734,2.4049,512,148
dsmem_loaded,12,0,1,512,16384,0,0,42,8,1238361465,514940992,75583.5855,31429.5039,2.4049,512,149
dsmem_loaded,12,0,1,512,16384,0,0,42,8,1238378250,514948000,75584.6100,31429.9316,2.4049,512,150
dsmem_loaded,12,0,1,512,16384,0,0,42,8,1238361465,514941024,75583.5855,31429.5059,2.4049,512,151
dsmem_loaded,12,0,1,512,16384,0,0,42,8,1238361466,514940960,75583.5856,31429.5020,2.4049,512,152
dsmem_loaded,12,0,1,512,16384,0,0,42,8,1238361465,514940992,75583.5855,31429.5039,2.4049,512,153
dsmem_loaded,12,0,1,512,16384,0,0,42,8,1238364300,514942176,75583.7585,31429.5762,2.4049,512,154
dsmem_loaded,12,0,1,512,16384,0,0,42,8,1238363634,514941920,75583.7179,31429.5605,2.4049,512,155
dsmem_loaded,12,0,1,512,16384,0,0,42,8,1238361465,514941024,75583.5855,31429.5059,2.4049,512,156
dsmem_loaded,12,0,1,512,16384,0,0,42,8,1238361465,514941024,75583.5855,31429.5059,2.4049,512,157
dsmem_loaded,12,0,1,512,16384,0,0,42,8,1238361465,514940992,75583.5855,31429.5039,2.4049,512,158
dsmem_loaded,12,0,1,512,16384,0,0,42,8,1238361465,514941024,75583.5855,31429.5059,2.4049,512,159
dsmem_loaded,12,0,1,512,16384,0,0,42,8,1238361465,514940992,75583.5855,31429.5039,2.4049,512,160
dsmem_loaded,12,0,1,512,16384,0,0,42,8,1238361465,514940992,75583.5855,31429.5039,2.4049,512,161
dsmem_loaded,12,0,1,512,16384,0,0,42,8,1238361465,514940992,75583.5855,31429.5039,2.4049,512,162
dsmem_loaded,12,0,1,512,16384,0,0,42,8,1238361465,514940992,75583.5855,31429.5039,2.4049,512,163
dsmem_loaded,12,0,1,512,16384,0,0,42,8,1238361466,514940992,75583.5856,31429.5039,2.4049,512,164
dsmem_loaded,12,0,1,512,16384,0,0,42,8,1238361465,514940992,75583.5855,31429.5039,2.4049,512,165
dsmem_loaded,12,0,1,512,16384,0,0,42,8,1238361466,514940960,75583.5856,31429.5020,2.4049,512,166
dsmem_loaded,12,0,1,512,16384,0,0,42,8,1238365133,514942528,75583.8094,31429.5977,2.4049,512,167
dsmem_loaded,12,0,1,512,16384,0,0,42,8,1238361465,514941024,75583.5855,31429.5059,2.4049,512,168
dsmem_loaded,12,0,1,512,16384,0,0,42,8,1238361466,514940960,75583.5856,31429.5020,2.4049,512,169
dsmem_loaded,12,0,1,512,16384,0,0,42,8,1238362955,514941632,75583.6765,31429.5430,2.4049,512,170
dsmem_loaded,12,0,1,512,16384,0,0,42,8,1238361465,514941024,75583.5855,31429.5059,2.4049,512,171
dsmem_loaded,12,0,1,512,16384,0,0,42,8,1238361465,514941024,75583.5855,31429.5059,2.4049,512,172
dsmem_loaded,12,0,1,512,16384,0,0,42,8,1238362777,514941568,75583.6656,31429.5391,2.4049,512,173
dsmem_loaded,12,0,1,512,16384,0,0,42,8,1238361465,514940992,75583.5855,31429.5039,2.4049,512,174
dsmem_loaded,12,0,1,512,16384,0,0,42,8,1238361466,514940992,75583.5856,31429.5039,2.4049,512,175
dsmem_loaded,12,0,1,512,16384,0,0,42,9,1238514578,515006432,75592.9308,31433.4980,2.4049,512,0
dsmem_loaded,12,0,1,512,16384,0,0,42,9,1238506873,515003232,75592.4605,31433.3027,2.4049,512,1
dsmem_loaded,12,0,1,512,16384,0,0,42,9,1238529029,515012448,75593.8128,31433.8652,2.4049,512,2
dsmem_loaded,12,0,1,512,16384,0,0,42,9,1238506874,515003200,75592.4606,31433.3008,2.4049,512,3
dsmem_loaded,12,0,1,512,16384,0,0,42,9,1238509715,515004416,75592.6340,31433.3750,2.4049,512,4
dsmem_loaded,12,0,1,512,16384,0,0,42,9,1238506874,515003232,75592.4606,31433.3027,2.4049,512,5
dsmem_loaded,12,0,1,512,16384,0,0,42,9,1238506873,515003200,75592.4605,31433.3008,2.4049,512,6
dsmem_loaded,12,0,1,512,16384,0,0,42,9,1238506873,515003232,75592.4605,31433.3027,2.4049,512,7
dsmem_loaded,12,0,1,512,16384,0,0,42,9,1238506874,515003232,75592.4606,31433.3027,2.4049,512,8
dsmem_loaded,12,0,1,512,16384,0,0,42,9,1238513586,515006048,75592.8702,31433.4746,2.4049,512,9
dsmem_loaded,12,0,1,512,16384,0,0,42,9,1238506874,515003200,75592.4606,31433.3008,2.4049,512,10
dsmem_loaded,12,0,1,512,16384,0,0,42,9,1238510218,515004608,75592.6647,31433.3867,2.4049,512,11
dsmem_loaded,12,0,1,512,16384,0,0,42,9,1238506873,515003200,75592.4605,31433.3008,2.4049,512,12
dsmem_loaded,12,0,1,512,16384,0,0,42,9,1238514247,515006304,75592.9106,31433.4902,2.4049,512,13
dsmem_loaded,12,0,1,512,16384,0,0,42,9,1238506873,515003264,75592.4605,31433.3047,2.4049,512,14
dsmem_loaded,12,0,1,512,16384,0,0,42,9,1238506874,515003232,75592.4606,31433.3027,2.4049,512,15
dsmem_loaded,12,0,1,512,16384,0,0,42,9,1238506873,515003232,75592.4605,31433.3027,2.4049,512,16
dsmem_loaded,12,0,1,512,16384,0,0,42,9,1238506874,515003200,75592.4606,31433.3008,2.4049,512,17
dsmem_loaded,12,0,1,512,16384,0,0,42,9,1238529703,515012704,75593.8539,31433.8809,2.4049,512,18
dsmem_loaded,12,0,1,512,16384,0,0,42,9,1238506874,515003232,75592.4606,31433.3027,2.4049,512,19
dsmem_loaded,12,0,1,512,16384,0,0,42,9,1238506873,515003232,75592.4605,31433.3027,2.4049,512,20
dsmem_loaded,12,0,1,512,16384,0,0,42,9,1238517621,515007712,75593.1165,31433.5762,2.4049,512,21
dsmem_loaded,12,0,1,512,16384,0,0,42,9,1238506873,515003232,75592.4605,31433.3027,2.4049,512,22
dsmem_loaded,12,0,1,512,16384,0,0,42,9,1238519451,515008448,75593.2282,31433.6211,2.4049,512,23
dsmem_loaded,12,0,1,512,16384,0,0,42,9,1238509549,515004352,75592.6238,31433.3711,2.4049,512,24
dsmem_loaded,12,0,1,512,16384,0,0,42,9,1238506873,515003232,75592.4605,31433.3027,2.4049,512,25
dsmem_loaded,12,0,1,512,16384,0,0,42,9,1238506874,515003232,75592.4606,31433.3027,2.4049,512,26
dsmem_loaded,12,0,1,512,16384,0,0,42,9,1238506873,515003232,75592.4605,31433.3027,2.4049,512,27
dsmem_loaded,12,0,1,512,16384,0,0,42,9,1238506874,515003232,75592.4606,31433.3027,2.4049,512,28
dsmem_loaded,12,0,1,512,16384,0,0,42,9,1238506873,515003232,75592.4605,31433.3027,2.4049,512,29
dsmem_loaded,12,0,1,512,16384,0,0,42,9,1238506874,515003200,75592.4606,31433.3008,2.4049,512,30
dsmem_loaded,12,0,1,512,16384,0,0,42,9,1238506873,515003232,75592.4605,31433.3027,2.4049,512,31
dsmem_loaded,12,0,1,512,16384,0,0,42,9,1238513233,515005856,75592.8487,31433.4629,2.4049,512,32
dsmem_loaded,12,0,1,512,16384,0,0,42,9,1238514738,515006496,75592.9406,31433.5020,2.4049,512,33
dsmem_loaded,12,0,1,512,16384,0,0,42,9,1238506873,515003232,75592.4605,31433.3027,2.4049,512,34
dsmem_loaded,12,0,1,512,16384,0,0,42,9,1238515425,515006784,75592.9825,31433.5195,2.4049,512,35
dsmem_loaded,12,0,1,512,16384,0,0,42,9,1238506873,515003232,75592.4605,31433.3027,2.4049,512,36
dsmem_loaded,12,0,1,512,16384,0,0,42,9,1238513236,515005888,75592.8489,31433.4648,2.4049,512,37
dsmem_loaded,12,0,1,512,16384,0,0,42,9,1238519279,515008416,75593.2177,31433.6191,2.4049,512,38
dsmem_loaded,12,0,1,512,16384,0,0,42,9,1238506873,515003232,75592.4605,31433.3027,2.4049,512,39
dsmem_loaded,12,0,1,512,16384,0,0,42,9,1238506874,515003232,75592.4606,31433.3027,2.4049,512,40
dsmem_loaded,12,0,1,512,16384,0,0,42,9,1238506874,515003232,75592.4606,31433.3027,2.4049,512,41
dsmem_loaded,12,0,1,512,16384,0,0,42,9,1238510038,515004544,75592.6537,31433.3828,2.4049,512,42
dsmem_loaded,12,0,1,512,16384,0,0,42,9,1238506874,515003232,75592.4606,31433.3027,2.4049,512,43
dsmem_loaded,12,0,1,512,16384,0,0,42,9,1238506873,515003200,75592.4605,31433.3008,2.4049,512,44
dsmem_loaded,12,0,1,512,16384,0,0,42,9,1238506874,515003232,75592.4606,31433.3027,2.4049,512,45
dsmem_loaded,12,0,1,512,16384,0,0,42,9,1238506873,515003200,75592.4605,31433.3008,2.4049,512,46
dsmem_loaded,12,0,1,512,16384,0,0,42,9,1238506873,515003232,75592.4605,31433.3027,2.4049,512,47
dsmem_loaded,12,0,1,512,16384,0,0,42,9,1238506874,515003232,75592.4606,31433.3027,2.4049,512,48
dsmem_loaded,12,0,1,512,16384,0,0,42,9,1238506873,515003232,75592.4605,31433.3027,2.4049,512,49
dsmem_loaded,12,0,1,512,16384,0,0,42,9,1238506873,515003232,75592.4605,31433.3027,2.4049,512,50
dsmem_loaded,12,0,1,512,16384,0,0,42,9,1238506874,515003232,75592.4606,31433.3027,2.4049,512,51
dsmem_loaded,12,0,1,512,16384,0,0,42,9,1238523470,515010112,75593.4735,31433.7227,2.4049,512,52
dsmem_loaded,12,0,1,512,16384,0,0,42,9,1238509377,515004256,75592.6133,31433.3652,2.4049,512,53
dsmem_loaded,12,0,1,512,16384,0,0,42,9,1238506874,515003232,75592.4606,31433.3027,2.4049,512,54
dsmem_loaded,12,0,1,512,16384,0,0,42,9,1238509528,515004320,75592.6226,31433.3691,2.4049,512,55
dsmem_loaded,12,0,1,512,16384,0,0,42,9,1238506874,515003232,75592.4606,31433.3027,2.4049,512,56
dsmem_loaded,12,0,1,512,16384,0,0,42,9,1238510547,515004736,75592.6848,31433.3945,2.4049,512,57
dsmem_loaded,12,0,1,512,16384,0,0,42,9,1238517110,515007520,75593.0853,31433.5645,2.4049,512,58
dsmem_loaded,12,0,1,512,16384,0,0,42,9,1238506873,515003232,75592.4605,31433.3027,2.4049,512,59
dsmem_loaded,12,0,1,512,16384,0,0,42,9,1238506873,515003264,75592.4605,31433.3047,2.4049,512,60
dsmem_loaded,12,0,1,512,16384,0,0,42,9,1238506873,515003232,75592.4605,31433.3027,2.4049,512,61
dsmem_loaded,12,0,1,512,16384,0,0,42,9,1238506873,515003232,75592.4605,31433.3027,2.4049,512,62
dsmem_loaded,12,0,1,512,16384,0,0,42,9,1238506873,515003232,75592.4605,31433.3027,2.4049,512,63
dsmem_loaded,12,0,1,512,16384,0,0,42,9,1238506873,515003232,75592.4605,31433.3027,2.4049,512,64
dsmem_loaded,12,0,1,512,16384,0,0,42,9,1238506874,515003232,75592.4606,31433.3027,2.4049,512,65
dsmem_loaded,12,0,1,512,16384,0,0,42,9,1238506873,515003200,75592.4605,31433.3008,2.4049,512,66
dsmem_loaded,12,0,1,512,16384,0,0,42,9,1238506874,515003232,75592.4606,31433.3027,2.4049,512,67
dsmem_loaded,12,0,1,512,16384,0,0,42,9,1238507183,515003360,75592.4794,31433.3105,2.4049,512,68
dsmem_loaded,12,0,1,512,16384,0,0,42,9,1238523824,515010272,75593.4951,31433.7324,2.4049,512,69
dsmem_loaded,12,0,1,512,16384,0,0,42,9,1238523830,515010272,75593.4955,31433.7324,2.4049,512,70
dsmem_loaded,12,0,1,512,16384,0,0,42,9,1238506873,515003200,75592.4605,31433.3008,2.4049,512,71
dsmem_loaded,12,0,1,512,16384,0,0,42,9,1238506874,515003232,75592.4606,31433.3027,2.4049,512,72
dsmem_loaded,12,0,1,512,16384,0,0,42,9,1238506873,515003200,75592.4605,31433.3008,2.4049,512,73
dsmem_loaded,12,0,1,512,16384,0,0,42,9,1238506873,515003264,75592.4605,31433.3047,2.4049,512,74
dsmem_loaded,12,0,1,512,16384,0,0,42,9,1238515088,515006656,75592.9619,31433.5117,2.4049,512,75
dsmem_loaded,12,0,1,512,16384,0,0,42,9,1238509705,515004384,75592.6334,31433.3730,2.4049,512,76
dsmem_loaded,12,0,1,512,16384,0,0,42,9,1238506873,515003232,75592.4605,31433.3027,2.4049,512,77
dsmem_loaded,12,0,1,512,16384,0,0,42,9,1238506874,515003232,75592.4606,31433.3027,2.4049,512,78
dsmem_loaded,12,0,1,512,16384,0,0,42,9,1238506873,515003232,75592.4605,31433.3027,2.4049,512,79
dsmem_loaded,12,0,1,512,16384,0,0,42,9,1238506873,515003232,75592.4605,31433.3027,2.4049,512,80
dsmem_loaded,12,0,1,512,16384,0,0,42,9,1238514579,515006400,75592.9308,31433.4961,2.4049,512,81
dsmem_loaded,12,0,1,512,16384,0,0,42,9,1238506873,515003232,75592.4605,31433.3027,2.4049,512,82
dsmem_loaded,12,0,1,512,16384,0,0,42,9,1238508872,515004096,75592.5825,31433.3555,2.4049,512,83
dsmem_loaded,12,0,1,512,16384,0,0,42,9,1238518945,515008256,75593.1973,31433.6094,2.4049,512,84
dsmem_loaded,12,0,1,512,16384,0,0,42,9,1238506873,515003232,75592.4605,31433.3027,2.4049,512,85
dsmem_loaded,12,0,1,512,16384,0,0,42,9,1238506873,515003232,75592.4605,31433.3027,2.4049,512,86
dsmem_loaded,12,0,1,512,16384,0,0,42,9,1238506873,515003232,75592.4605,31433.3027,2.4049,512,87
dsmem_loaded,12,0,1,512,16384,0,0,42,9,1238506873,515003232,75592.4605,31433.3027,2.4049,512,88
dsmem_loaded,12,0,1,512,16384,0,0,42,9,1238509886,515004480,75592.6444,31433.3789,2.4049,512,89
dsmem_loaded,12,0,1,512,16384,0,0,42,9,1238522162,515009600,75593.3937,31433.6914,2.4049,512,90
dsmem_loaded,12,0,1,512,16384,0,0,42,9,1238506873,515003200,75592.4605,31433.3008,2.4049,512,91
dsmem_loaded,12,0,1,512,16384,0,0,42,9,1238506874,515003232,75592.4606,31433.3027,2.4049,512,92
dsmem_loaded,12,0,1,512,16384,0,0,42,9,1238506874,515003232,75592.4606,31433.3027,2.4049,512,93
dsmem_loaded,12,0,1,512,16384,0,0,42,9,1238506874,515003200,75592.4606,31433.3008,2.4049,512,94
dsmem_loaded,12,0,1,512,16384,0,0,42,9,1238506874,515003264,75592.4606,31433.3047,2.4049,512,95
dsmem_loaded,12,0,1,512,16384,0,0,42,9,1238506873,515003232,75592.4605,31433.3027,2.4049,512,96
dsmem_loaded,12,0,1,512,16384,0,0,42,9,1238517619,515007712,75593.1164,31433.5762,2.4049,512,97
dsmem_loaded,12,0,1,512,16384,0,0,42,9,1238506873,515003264,75592.4605,31433.3047,2.4049,512,98
dsmem_loaded,12,0,1,512,16384,0,0,42,9,1238506873,515003232,75592.4605,31433.3027,2.4049,512,99
dsmem_loaded,12,0,1,512,16384,0,0,42,9,1238509715,515004416,75592.6340,31433.3750,2.4049,512,100
dsmem_loaded,12,0,1,512,16384,0,0,42,9,1238506874,515003232,75592.4606,31433.3027,2.4049,512,101
dsmem_loaded,12,0,1,512,16384,0,0,42,9,1238506874,515003232,75592.4606,31433.3027,2.4049,512,102
dsmem_loaded,12,0,1,512,16384,0,0,42,9,1238506873,515003232,75592.4605,31433.3027,2.4049,512,103
dsmem_loaded,12,0,1,512,16384,0,0,42,9,1238506873,515003232,75592.4605,31433.3027,2.4049,512,104
dsmem_loaded,12,0,1,512,16384,0,0,42,9,1238506873,515003232,75592.4605,31433.3027,2.4049,512,105
dsmem_loaded,12,0,1,512,16384,0,0,42,9,1238529523,515012640,75593.8430,31433.8770,2.4049,512,106
dsmem_loaded,12,0,1,512,16384,0,0,42,9,1238506874,515003232,75592.4606,31433.3027,2.4049,512,107
dsmem_loaded,12,0,1,512,16384,0,0,42,9,1238506874,515003232,75592.4606,31433.3027,2.4049,512,108
dsmem_loaded,12,0,1,512,16384,0,0,42,9,1238506873,515003232,75592.4605,31433.3027,2.4049,512,109
dsmem_loaded,12,0,1,512,16384,0,0,42,9,1238506873,515003232,75592.4605,31433.3027,2.4049,512,110
dsmem_loaded,12,0,1,512,16384,0,0,42,9,1238506873,515003232,75592.4605,31433.3027,2.4049,512,111
dsmem_loaded,12,0,1,512,16384,0,0,42,9,1238506873,515003200,75592.4605,31433.3008,2.4049,512,112
dsmem_loaded,12,0,1,512,16384,0,0,42,9,1238506874,515003232,75592.4606,31433.3027,2.4049,512,113
dsmem_loaded,12,0,1,512,16384,0,0,42,9,1238521643,515009376,75593.3620,31433.6777,2.4049,512,114
dsmem_loaded,12,0,1,512,16384,0,0,42,9,1238506873,515003232,75592.4605,31433.3027,2.4049,512,115
dsmem_loaded,12,0,1,512,16384,0,0,42,9,1238506873,515003232,75592.4605,31433.3027,2.4049,512,116
dsmem_loaded,12,0,1,512,16384,0,0,42,9,1238506874,515003232,75592.4606,31433.3027,2.4049,512,117
dsmem_loaded,12,0,1,512,16384,0,0,42,9,1238506873,515003264,75592.4605,31433.3047,2.4049,512,118
dsmem_loaded,12,0,1,512,16384,0,0,42,9,1238506873,515003232,75592.4605,31433.3027,2.4049,512,119
dsmem_loaded,12,0,1,512,16384,0,0,42,9,1238509544,515004352,75592.6235,31433.3711,2.4049,512,120
dsmem_loaded,12,0,1,512,16384,0,0,42,9,1238510036,515004512,75592.6536,31433.3809,2.4049,512,121
dsmem_loaded,12,0,1,512,16384,0,0,42,9,1238506874,515003232,75592.4606,31433.3027,2.4049,512,122
dsmem_loaded,12,0,1,512,16384,0,0,42,9,1238506874,515003264,75592.4606,31433.3047,2.4049,512,123
dsmem_loaded,12,0,1,512,16384,0,0,42,9,1238506874,515003232,75592.4606,31433.3027,2.4049,512,124
dsmem_loaded,12,0,1,512,16384,0,0,42,9,1238506873,515003232,75592.4605,31433.3027,2.4049,512,125
dsmem_loaded,12,0,1,512,16384,0,0,42,9,1238506873,515003200,75592.4605,31433.3008,2.4049,512,126
dsmem_loaded,12,0,1,512,16384,0,0,42,9,1238515589,515006880,75592.9925,31433.5254,2.4049,512,127
dsmem_loaded,12,0,1,512,16384,0,0,42,9,1238506873,515003200,75592.4605,31433.3008,2.4049,512,128
dsmem_loaded,12,0,1,512,16384,0,0,42,9,1238510388,515004704,75592.6750,31433.3926,2.4049,512,129
dsmem_loaded,12,0,1,512,16384,0,0,42,9,1238506874,515003232,75592.4606,31433.3027,2.4049,512,130
dsmem_loaded,12,0,1,512,16384,0,0,42,9,1238506874,515003200,75592.4606,31433.3008,2.4049,512,131
dsmem_loaded,12,0,1,512,16384,0,0,42,9,1238509380,515004256,75592.6135,31433.3652,2.4049,512,132
dsmem_loaded,12,0,1,512,16384,0,0,42,9,1238509204,515004192,75592.6028,31433.3613,2.4049,512,133
dsmem_loaded,12,0,1,512,16384,0,0,42,9,1238515758,515006912,75593.0028,31433.5273,2.4049,512,134
dsmem_loaded,12,0,1,512,16384,0,0,42,9,1238510559,515004736,75592.6855,31433.3945,2.4049,512,135
dsmem_loaded,12,0,1,512,16384,0,0,42,9,1238506874,515003200,75592.4606,31433.3008,2.4049,512,136
dsmem_loaded,12,0,1,512,16384,0,0,42,9,1238506873,515003200,75592.4605,31433.3008,2.4049,512,137
dsmem_loaded,12,0,1,512,16384,0,0,42,9,1238506873,515003264,75592.4605,31433.3047,2.4049,512,138
dsmem_loaded,12,0,1,512,16384,0,0,42,9,1238506874,515003232,75592.4606,31433.3027,2.4049,512,139
dsmem_loaded,12,0,1,512,16384,0,0,42,9,1238506874,515003232,75592.4606,31433.3027,2.4049,512,140
dsmem_loaded,12,0,1,512,16384,0,0,42,9,1238506874,515003232,75592.4606,31433.3027,2.4049,512,141
dsmem_loaded,12,0,1,512,16384,0,0,42,9,1238506873,515003232,75592.4605,31433.3027,2.4049,512,142
dsmem_loaded,12,0,1,512,16384,0,0,42,9,1238510056,515004544,75592.6548,31433.3828,2.4049,512,143
dsmem_loaded,12,0,1,512,16384,0,0,42,9,1238506873,515003232,75592.4605,31433.3027,2.4049,512,144
dsmem_loaded,12,0,1,512,16384,0,0,42,9,1238506873,515003232,75592.4605,31433.3027,2.4049,512,145
dsmem_loaded,12,0,1,512,16384,0,0,42,9,1238506874,515003232,75592.4606,31433.3027,2.4049,512,146
dsmem_loaded,12,0,1,512,16384,0,0,42,9,1238506873,515003232,75592.4605,31433.3027,2.4049,512,147
dsmem_loaded,12,0,1,512,16384,0,0,42,9,1238506874,515003232,75592.4606,31433.3027,2.4049,512,148
dsmem_loaded,12,0,1,512,16384,0,0,42,9,1238506873,515003232,75592.4605,31433.3027,2.4049,512,149
dsmem_loaded,12,0,1,512,16384,0,0,42,9,1238506874,515003232,75592.4606,31433.3027,2.4049,512,150
dsmem_loaded,12,0,1,512,16384,0,0,42,9,1238514236,515006304,75592.9099,31433.4902,2.4049,512,151
dsmem_loaded,12,0,1,512,16384,0,0,42,9,1238519455,515008480,75593.2285,31433.6230,2.4049,512,152
dsmem_loaded,12,0,1,512,16384,0,0,42,9,1238509198,515004192,75592.6024,31433.3613,2.4049,512,153
dsmem_loaded,12,0,1,512,16384,0,0,42,9,1238506873,515003232,75592.4605,31433.3027,2.4049,512,154
dsmem_loaded,12,0,1,512,16384,0,0,42,9,1238506874,515003200,75592.4606,31433.3008,2.4049,512,155
dsmem_loaded,12,0,1,512,16384,0,0,42,9,1238506873,515003232,75592.4605,31433.3027,2.4049,512,156
dsmem_loaded,12,0,1,512,16384,0,0,42,9,1238506874,515003200,75592.4606,31433.3008,2.4049,512,157
dsmem_loaded,12,0,1,512,16384,0,0,42,9,1238506874,515003232,75592.4606,31433.3027,2.4049,512,158
dsmem_loaded,12,0,1,512,16384,0,0,42,9,1238506874,515003232,75592.4606,31433.3027,2.4049,512,159
dsmem_loaded,12,0,1,512,16384,0,0,42,9,1238506873,515003232,75592.4605,31433.3027,2.4049,512,160
dsmem_loaded,12,0,1,512,16384,0,0,42,9,1238506874,515003200,75592.4606,31433.3008,2.4049,512,161
dsmem_loaded,12,0,1,512,16384,0,0,42,9,1238506873,515003232,75592.4605,31433.3027,2.4049,512,162
dsmem_loaded,12,0,1,512,16384,0,0,42,9,1238509198,515004192,75592.6024,31433.3613,2.4049,512,163
dsmem_loaded,12,0,1,512,16384,0,0,42,9,1238514079,515006240,75592.9003,31433.4863,2.4049,512,164
dsmem_loaded,12,0,1,512,16384,0,0,42,9,1238514921,515006560,75592.9517,31433.5059,2.4049,512,165
dsmem_loaded,12,0,1,512,16384,0,0,42,9,1238506873,515003232,75592.4605,31433.3027,2.4049,512,166
dsmem_loaded,12,0,1,512,16384,0,0,42,9,1238514745,515006496,75592.9410,31433.5020,2.4049,512,167
dsmem_loaded,12,0,1,512,16384,0,0,42,9,1238506873,515003232,75592.4605,31433.3027,2.4049,512,168
dsmem_loaded,12,0,1,512,16384,0,0,42,9,1238506873,515003264,75592.4605,31433.3047,2.4049,512,169
dsmem_loaded,12,0,1,512,16384,0,0,42,9,1238510544,515004768,75592.6846,31433.3965,2.4049,512,170
dsmem_loaded,12,0,1,512,16384,0,0,42,9,1238506873,515003200,75592.4605,31433.3008,2.4049,512,171
dsmem_loaded,12,0,1,512,16384,0,0,42,9,1238506874,515003200,75592.4606,31433.3008,2.4049,512,172
dsmem_loaded,12,0,1,512,16384,0,0,42,9,1238506873,515003232,75592.4605,31433.3027,2.4049,512,173
dsmem_loaded,12,0,1,512,16384,0,0,42,9,1238506874,515003232,75592.4606,31433.3027,2.4049,512,174
dsmem_loaded,12,0,1,512,16384,0,0,42,9,1238506873,515003232,75592.4605,31433.3027,2.4049,512,175
dsmem_loaded,12,0,1,512,16384,0,0,42,10,1238504442,515000448,75592.3121,31433.1328,2.4049,512,0
dsmem_loaded,12,0,1,512,16384,0,0,42,10,1238504442,515000448,75592.3121,31433.1328,2.4049,512,1
dsmem_loaded,12,0,1,512,16384,0,0,42,10,1238504441,515000416,75592.3121,31433.1309,2.4049,512,2
dsmem_loaded,12,0,1,512,16384,0,0,42,10,1238504441,515000448,75592.3121,31433.1328,2.4049,512,3
dsmem_loaded,12,0,1,512,16384,0,0,42,10,1238506098,515001120,75592.4132,31433.1738,2.4049,512,4
dsmem_loaded,12,0,1,512,16384,0,0,42,10,1238504441,515000448,75592.3121,31433.1328,2.4049,512,5
dsmem_loaded,12,0,1,512,16384,0,0,42,10,1238513831,515004352,75592.8852,31433.3711,2.4049,512,6
dsmem_loaded,12,0,1,512,16384,0,0,42,10,1238515860,515005152,75593.0090,31433.4199,2.4049,512,7
dsmem_loaded,12,0,1,512,16384,0,0,42,10,1238504441,515000448,75592.3121,31433.1328,2.4049,512,8
dsmem_loaded,12,0,1,512,16384,0,0,42,10,1238513325,515004160,75592.8543,31433.3594,2.4049,512,9
dsmem_loaded,12,0,1,512,16384,0,0,42,10,1238504442,515000448,75592.3121,31433.1328,2.4049,512,10
dsmem_loaded,12,0,1,512,16384,0,0,42,10,1238504442,515000448,75592.3121,31433.1328,2.4049,512,11
dsmem_loaded,12,0,1,512,16384,0,0,42,10,1238507774,515001824,75592.5155,31433.2168,2.4049,512,12
dsmem_loaded,12,0,1,512,16384,0,0,42,10,1238504441,515000448,75592.3121,31433.1328,2.4049,512,13
dsmem_loaded,12,0,1,512,16384,0,0,42,10,1238504441,515000448,75592.3121,31433.1328,2.4049,512,14
dsmem_loaded,12,0,1,512,16384,0,0,42,10,1238504441,515000448,75592.3121,31433.1328,2.4049,512,15
dsmem_loaded,12,0,1,512,16384,0,0,42,10,1238504442,515000416,75592.3121,31433.1309,2.4049,512,16
dsmem_loaded,12,0,1,512,16384,0,0,42,10,1238504442,515000448,75592.3121,31433.1328,2.4049,512,17
dsmem_loaded,12,0,1,512,16384,0,0,42,10,1238504442,515000416,75592.3121,31433.1309,2.4049,512,18
dsmem_loaded,12,0,1,512,16384,0,0,42,10,1238504441,515000448,75592.3121,31433.1328,2.4049,512,19
dsmem_loaded,12,0,1,512,16384,0,0,42,10,1238516529,515005472,75593.0499,31433.4395,2.4049,512,20
dsmem_loaded,12,0,1,512,16384,0,0,42,10,1238522721,515008064,75593.4278,31433.5977,2.4049,512,21
dsmem_loaded,12,0,1,512,16384,0,0,42,10,1238517855,515006016,75593.1308,31433.4727,2.4049,512,22
dsmem_loaded,12,0,1,512,16384,0,0,42,10,1238520394,515007072,75593.2858,31433.5371,2.4049,512,23
dsmem_loaded,12,0,1,512,16384,0,0,42,10,1238504441,515000416,75592.3121,31433.1309,2.4049,512,24
dsmem_loaded,12,0,1,512,16384,0,0,42,10,1238504441,515000480,75592.3121,31433.1348,2.4049,512,25
dsmem_loaded,12,0,1,512,16384,0,0,42,10,1238504441,515000448,75592.3121,31433.1328,2.4049,512,26
dsmem_loaded,12,0,1,512,16384,0,0,42,10,1238504441,515000480,75592.3121,31433.1348,2.4049,512,27
dsmem_loaded,12,0,1,512,16384,0,0,42,10,1238504441,515000448,75592.3121,31433.1328,2.4049,512,28
dsmem_loaded,12,0,1,512,16384,0,0,42,10,1238507273,515001632,75592.4849,31433.2051,2.4049,512,29
dsmem_loaded,12,0,1,512,16384,0,0,42,10,1238504441,515000448,75592.3121,31433.1328,2.4049,512,30
dsmem_loaded,12,0,1,512,16384,0,0,42,10,1238504442,515000448,75592.3121,31433.1328,2.4049,512,31
dsmem_loaded,12,0,1,512,16384,0,0,42,10,1238504442,515000416,75592.3121,31433.1309,2.4049,512,32
dsmem_loaded,12,0,1,512,16384,0,0,42,10,1238504442,515000448,75592.3121,31433.1328,2.4049,512,33
dsmem_loaded,12,0,1,512,16384,0,0,42,10,1238504442,515000448,75592.3121,31433.1328,2.4049,512,34
dsmem_loaded,12,0,1,512,16384,0,0,42,10,1238504441,515000416,75592.3121,31433.1309,2.4049,512,35
dsmem_loaded,12,0,1,512,16384,0,0,42,10,1238511638,515003456,75592.7513,31433.3164,2.4049,512,36
dsmem_loaded,12,0,1,512,16384,0,0,42,10,1238507118,515001600,75592.4755,31433.2031,2.4049,512,37
dsmem_loaded,12,0,1,512,16384,0,0,42,10,1238504441,515000448,75592.3121,31433.1328,2.4049,512,38
dsmem_loaded,12,0,1,512,16384,0,0,42,10,1238521733,515007616,75593.3675,31433.5703,2.4049,512,39
dsmem_loaded,12,0,1,512,16384,0,0,42,10,1238504441,515000448,75592.3121,31433.1328,2.4049,512,40
dsmem_loaded,12,0,1,512,16384,0,0,42,10,1238507435,515001696,75592.4948,31433.2090,2.4049,512,41
dsmem_loaded,12,0,1,512,16384,0,0,42,10,1238516023,515005248,75593.0190,31433.4258,2.4049,512,42
dsmem_loaded,12,0,1,512,16384,0,0,42,10,1238504442,515000448,75592.3121,31433.1328,2.4049,512,43
dsmem_loaded,12,0,1,512,16384,0,0,42,10,1238504441,515000480,75592.3121,31433.1348,2.4049,512,44
dsmem_loaded,12,0,1,512,16384,0,0,42,10,1238504441,515000448,75592.3121,31433.1328,2.4049,512,45
dsmem_loaded,12,0,1,512,16384,0,0,42,10,1238504441,515000448,75592.3121,31433.1328,2.4049,512,46
dsmem_loaded,12,0,1,512,16384,0,0,42,10,1238504441,515000448,75592.3121,31433.1328,2.4049,512,47
dsmem_loaded,12,0,1,512,16384,0,0,42,10,1238504442,515000448,75592.3121,31433.1328,2.4049,512,48
dsmem_loaded,12,0,1,512,16384,0,0,42,10,1238504441,515000448,75592.3121,31433.1328,2.4049,512,49
dsmem_loaded,12,0,1,512,16384,0,0,42,10,1238504442,515000448,75592.3121,31433.1328,2.4049,512,50
dsmem_loaded,12,0,1,512,16384,0,0,42,10,1238504441,515000416,75592.3121,31433.1309,2.4049,512,51
dsmem_loaded,12,0,1,512,16384,0,0,42,10,1238511480,515003360,75592.7417,31433.3105,2.4049,512,52
dsmem_loaded,12,0,1,512,16384,0,0,42,10,1238507272,515001632,75592.4849,31433.2051,2.4049,512,53
dsmem_loaded,12,0,1,512,16384,0,0,42,10,1238504441,515000448,75592.3121,31433.1328,2.4049,512,54
dsmem_loaded,12,0,1,512,16384,0,0,42,10,1238513822,515004352,75592.8846,31433.3711,2.4049,512,55
dsmem_loaded,12,0,1,512,16384,0,0,42,10,1238504441,515000416,75592.3121,31433.1309,2.4049,512,56
dsmem_loaded,12,0,1,512,16384,0,0,42,10,1238504442,515000480,75592.3121,31433.1348,2.4049,512,57
dsmem_loaded,12,0,1,512,16384,0,0,42,10,1238518870,515006464,75593.1927,31433.5000,2.4049,512,58
dsmem_loaded,12,0,1,512,16384,0,0,42,10,1238504442,515000448,75592.3121,31433.1328,2.4049,512,59
dsmem_loaded,12,0,1,512,16384,0,0,42,10,1238504441,515000448,75592.3121,31433.1328,2.4049,512,60
dsmem_loaded,12,0,1,512,16384,0,0,42,10,1238504441,515000480,75592.3121,31433.1348,2.4049,512,61
dsmem_loaded,12,0,1,512,16384,0,0,42,10,1238504441,515000416,75592.3121,31433.1309,2.4049,512,62
dsmem_loaded,12,0,1,512,16384,0,0,42,10,1238504441,515000480,75592.3121,31433.1348,2.4049,512,63
dsmem_loaded,12,0,1,512,16384,0,0,42,10,1238504441,515000448,75592.3121,31433.1328,2.4049,512,64
dsmem_loaded,12,0,1,512,16384,0,0,42,10,1238504442,515000448,75592.3121,31433.1328,2.4049,512,65
dsmem_loaded,12,0,1,512,16384,0,0,42,10,1238504441,515000416,75592.3121,31433.1309,2.4049,512,66
dsmem_loaded,12,0,1,512,16384,0,0,42,10,1238504442,515000448,75592.3121,31433.1328,2.4049,512,67
dsmem_loaded,12,0,1,512,16384,0,0,42,10,1238504441,515000448,75592.3121,31433.1328,2.4049,512,68
dsmem_loaded,12,0,1,512,16384,0,0,42,10,1238521062,515007328,75593.3265,31433.5527,2.4049,512,69
dsmem_loaded,12,0,1,512,16384,0,0,42,10,1238504442,515000448,75592.3121,31433.1328,2.4049,512,70
dsmem_loaded,12,0,1,512,16384,0,0,42,10,1238513317,515004128,75592.8538,31433.3574,2.4049,512,71
dsmem_loaded,12,0,1,512,16384,0,0,42,10,1238520899,515007296,75593.3166,31433.5508,2.4049,512,72
dsmem_loaded,12,0,1,512,16384,0,0,42,10,1238504441,515000448,75592.3121,31433.1328,2.4049,512,73
dsmem_loaded,12,0,1,512,16384,0,0,42,10,1238504442,515000448,75592.3121,31433.1328,2.4049,512,74
dsmem_loaded,12,0,1,512,16384,0,0,42,10,1238504441,515000448,75592.3121,31433.1328,2.4049,512,75
dsmem_loaded,12,0,1,512,16384,0,0,42,10,1238504442,515000448,75592.3121,31433.1328,2.4049,512,76
dsmem_loaded,12,0,1,512,16384,0,0,42,10,1238504441,515000448,75592.3121,31433.1328,2.4049,512,77
dsmem_loaded,12,0,1,512,16384,0,0,42,10,1238527751,515010176,75593.7348,31433.7266,2.4049,512,78
dsmem_loaded,12,0,1,512,16384,0,0,42,10,1238504441,515000416,75592.3121,31433.1309,2.4049,512,79
dsmem_loaded,12,0,1,512,16384,0,0,42,10,1238504441,515000448,75592.3121,31433.1328,2.4049,512,80
dsmem_loaded,12,0,1,512,16384,0,0,42,10,1238504442,515000448,75592.3121,31433.1328,2.4049,512,81
dsmem_loaded,12,0,1,512,16384,0,0,42,10,1238504442,515000448,75592.3121,31433.1328,2.4049,512,82
dsmem_loaded,12,0,1,512,16384,0,0,42,10,1238504442,515000448,75592.3121,31433.1328,2.4049,512,83
dsmem_loaded,12,0,1,512,16384,0,0,42,10,1238521913,515007712,75593.3785,31433.5762,2.4049,512,84
dsmem_loaded,12,0,1,512,16384,0,0,42,10,1238517547,515005856,75593.1120,31433.4629,2.4049,512,85
dsmem_loaded,12,0,1,512,16384,0,0,42,10,1238517845,515006016,75593.1302,31433.4727,2.4049,512,86
dsmem_loaded,12,0,1,512,16384,0,0,42,10,1238513312,515004128,75592.8535,31433.3574,2.4049,512,87
dsmem_loaded,12,0,1,512,16384,0,0,42,10,1238504442,515000448,75592.3121,31433.1328,2.4049,512,88
dsmem_loaded,12,0,1,512,16384,0,0,42,10,1238504441,515000448,75592.3121,31433.1328,2.4049,512,89
dsmem_loaded,12,0,1,512,16384,0,0,42,10,1238504441,515000480,75592.3121,31433.1348,2.4049,512,90
dsmem_loaded,12,0,1,512,16384,0,0,42,10,1238504441,515000448,75592.3121,31433.1328,2.4049,512,91
dsmem_loaded,12,0,1,512,16384,0,0,42,10,1238504441,515000448,75592.3121,31433.1328,2.4049,512,92
dsmem_loaded,12,0,1,512,16384,0,0,42,10,1238504441,515000448,75592.3121,31433.1328,2.4049,512,93
dsmem_loaded,12,0,1,512,16384,0,0,42,10,1238504441,515000448,75592.3121,31433.1328,2.4049,512,94
dsmem_loaded,12,0,1,512,16384,0,0,42,10,1238504441,515000448,75592.3121,31433.1328,2.4049,512,95
dsmem_loaded,12,0,1,512,16384,0,0,42,10,1238504442,515000448,75592.3121,31433.1328,2.4049,512,96
dsmem_loaded,12,0,1,512,16384,0,0,42,10,1238504442,515000448,75592.3121,31433.1328,2.4049,512,97
dsmem_loaded,12,0,1,512,16384,0,0,42,10,1238504442,515000448,75592.3121,31433.1328,2.4049,512,98
dsmem_loaded,12,0,1,512,16384,0,0,42,10,1238504441,515000416,75592.3121,31433.1309,2.4049,512,99
dsmem_loaded,12,0,1,512,16384,0,0,42,10,1238516697,515005504,75593.0601,31433.4414,2.4049,512,100
dsmem_loaded,12,0,1,512,16384,0,0,42,10,1238527598,515010080,75593.7255,31433.7207,2.4049,512,101
dsmem_loaded,12,0,1,512,16384,0,0,42,10,1238507945,515001888,75592.5259,31433.2207,2.4049,512,102
dsmem_loaded,12,0,1,512,16384,0,0,42,10,1238520570,515007136,75593.2965,31433.5410,2.4049,512,103
dsmem_loaded,12,0,1,512,16384,0,0,42,10,1238504441,515000448,75592.3121,31433.1328,2.4049,512,104
dsmem_loaded,12,0,1,512,16384,0,0,42,10,1238504441,515000480,75592.3121,31433.1348,2.4049,512,105
dsmem_loaded,12,0,1,512,16384,0,0,42,10,1238504441,515000448,75592.3121,31433.1328,2.4049,512,106
dsmem_loaded,12,0,1,512,16384,0,0,42,10,1238504441,515000448,75592.3121,31433.1328,2.4049,512,107
dsmem_loaded,12,0,1,512,16384,0,0,42,10,1238504441,515000448,75592.3121,31433.1328,2.4049,512,108
dsmem_loaded,12,0,1,512,16384,0,0,42,10,1238507768,515001824,75592.5151,31433.2168,2.4049,512,109
dsmem_loaded,12,0,1,512,16384,0,0,42,10,1238504441,515000448,75592.3121,31433.1328,2.4049,512,110
dsmem_loaded,12,0,1,512,16384,0,0,42,10,1238504442,515000480,75592.3121,31433.1348,2.4049,512,111
dsmem_loaded,12,0,1,512,16384,0,0,42,10,1238504442,515000448,75592.3121,31433.1328,2.4049,512,112
dsmem_loaded,12,0,1,512,16384,0,0,42,10,1238504441,515000448,75592.3121,31433.1328,2.4049,512,113
dsmem_loaded,12,0,1,512,16384,0,0,42,10,1238504441,515000416,75592.3121,31433.1309,2.4049,512,114
dsmem_loaded,12,0,1,512,16384,0,0,42,10,1238504442,515000416,75592.3121,31433.1309,2.4049,512,115
dsmem_loaded,12,0,1,512,16384,0,0,42,10,1238512151,515003648,75592.7827,31433.3281,2.4049,512,116
dsmem_loaded,12,0,1,512,16384,0,0,42,10,1238507269,515001600,75592.4847,31433.2031,2.4049,512,117
dsmem_loaded,12,0,1,512,16384,0,0,42,10,1238507786,515001824,75592.5162,31433.2168,2.4049,512,118
dsmem_loaded,12,0,1,512,16384,0,0,42,10,1238504441,515000448,75592.3121,31433.1328,2.4049,512,119
dsmem_loaded,12,0,1,512,16384,0,0,42,10,1238504441,515000448,75592.3121,31433.1328,2.4049,512,120
dsmem_loaded,12,0,1,512,16384,0,0,42,10,1238504441,515000448,75592.3121,31433.1328,2.4049,512,121
dsmem_loaded,12,0,1,512,16384,0,0,42,10,1238504442,515000448,75592.3121,31433.1328,2.4049,512,122
dsmem_loaded,12,0,1,512,16384,0,0,42,10,1238507605,515001760,75592.5052,31433.2129,2.4049,512,123
dsmem_loaded,12,0,1,512,16384,0,0,42,10,1238504441,515000448,75592.3121,31433.1328,2.4049,512,124
dsmem_loaded,12,0,1,512,16384,0,0,42,10,1238504442,515000448,75592.3121,31433.1328,2.4049,512,125
dsmem_loaded,12,0,1,512,16384,0,0,42,10,1238504441,515000448,75592.3121,31433.1328,2.4049,512,126
dsmem_loaded,12,0,1,512,16384,0,0,42,10,1238504441,515000448,75592.3121,31433.1328,2.4049,512,127
dsmem_loaded,12,0,1,512,16384,0,0,42,10,1238504442,515000448,75592.3121,31433.1328,2.4049,512,128
dsmem_loaded,12,0,1,512,16384,0,0,42,10,1238504441,515000416,75592.3121,31433.1309,2.4049,512,129
dsmem_loaded,12,0,1,512,16384,0,0,42,10,1238504441,515000448,75592.3121,31433.1328,2.4049,512,130
dsmem_loaded,12,0,1,512,16384,0,0,42,10,1238504442,515000480,75592.3121,31433.1348,2.4049,512,131
dsmem_loaded,12,0,1,512,16384,0,0,42,10,1238510974,515003168,75592.7108,31433.2988,2.4049,512,132
dsmem_loaded,12,0,1,512,16384,0,0,42,10,1238512983,515004000,75592.8334,31433.3496,2.4049,512,133
dsmem_loaded,12,0,1,512,16384,0,0,42,10,1238527274,515009952,75593.7057,31433.7129,2.4049,512,134
dsmem_loaded,12,0,1,512,16384,0,0,42,10,1238507770,515001824,75592.5153,31433.2168,2.4049,512,135
dsmem_loaded,12,0,1,512,16384,0,0,42,10,1238504441,515000480,75592.3121,31433.1348,2.4049,512,136
dsmem_loaded,12,0,1,512,16384,0,0,42,10,1238504442,515000448,75592.3121,31433.1328,2.4049,512,137
dsmem_loaded,12,0,1,512,16384,0,0,42,10,1238504442,515000448,75592.3121,31433.1328,2.4049,512,138
dsmem_loaded,12,0,1,512,16384,0,0,42,10,1238504441,515000448,75592.3121,31433.1328,2.4049,512,139
dsmem_loaded,12,0,1,512,16384,0,0,42,10,1238504441,515000448,75592.3121,31433.1328,2.4049,512,140
dsmem_loaded,12,0,1,512,16384,0,0,42,10,1238504441,515000448,75592.3121,31433.1328,2.4049,512,141
dsmem_loaded,12,0,1,512,16384,0,0,42,10,1238504441,515000480,75592.3121,31433.1348,2.4049,512,142
dsmem_loaded,12,0,1,512,16384,0,0,42,10,1238504441,515000416,75592.3121,31433.1309,2.4049,512,143
dsmem_loaded,12,0,1,512,16384,0,0,42,10,1238504442,515000448,75592.3121,31433.1328,2.4049,512,144
dsmem_loaded,12,0,1,512,16384,0,0,42,10,1238504441,515000416,75592.3121,31433.1309,2.4049,512,145
dsmem_loaded,12,0,1,512,16384,0,0,42,10,1238504441,515000448,75592.3121,31433.1328,2.4049,512,146
dsmem_loaded,12,0,1,512,16384,0,0,42,10,1238504442,515000448,75592.3121,31433.1328,2.4049,512,147
dsmem_loaded,12,0,1,512,16384,0,0,42,10,1238516830,515005600,75593.0682,31433.4473,2.4049,512,148
dsmem_loaded,12,0,1,512,16384,0,0,42,10,1238517019,515005696,75593.0798,31433.4531,2.4049,512,149
dsmem_loaded,12,0,1,512,16384,0,0,42,10,1238507451,515001696,75592.4958,31433.2090,2.4049,512,150
dsmem_loaded,12,0,1,512,16384,0,0,42,10,1238504441,515000416,75592.3121,31433.1309,2.4049,512,151
dsmem_loaded,12,0,1,512,16384,0,0,42,10,1238504441,515000480,75592.3121,31433.1348,2.4049,512,152
dsmem_loaded,12,0,1,512,16384,0,0,42,10,1238504441,515000448,75592.3121,31433.1328,2.4049,512,153
dsmem_loaded,12,0,1,512,16384,0,0,42,10,1238504441,515000448,75592.3121,31433.1328,2.4049,512,154
dsmem_loaded,12,0,1,512,16384,0,0,42,10,1238504441,515000480,75592.3121,31433.1348,2.4049,512,155
dsmem_loaded,12,0,1,512,16384,0,0,42,10,1238504441,515000448,75592.3121,31433.1328,2.4049,512,156
dsmem_loaded,12,0,1,512,16384,0,0,42,10,1238504442,515000448,75592.3121,31433.1328,2.4049,512,157
dsmem_loaded,12,0,1,512,16384,0,0,42,10,1238504442,515000448,75592.3121,31433.1328,2.4049,512,158
dsmem_loaded,12,0,1,512,16384,0,0,42,10,1238505937,515001056,75592.4034,31433.1699,2.4049,512,159
dsmem_loaded,12,0,1,512,16384,0,0,42,10,1238504441,515000448,75592.3121,31433.1328,2.4049,512,160
dsmem_loaded,12,0,1,512,16384,0,0,42,10,1238504441,515000416,75592.3121,31433.1309,2.4049,512,161
dsmem_loaded,12,0,1,512,16384,0,0,42,10,1238504442,515000448,75592.3121,31433.1328,2.4049,512,162
dsmem_loaded,12,0,1,512,16384,0,0,42,10,1238504442,515000448,75592.3121,31433.1328,2.4049,512,163
dsmem_loaded,12,0,1,512,16384,0,0,42,10,1238504441,515000448,75592.3121,31433.1328,2.4049,512,164
dsmem_loaded,12,0,1,512,16384,0,0,42,10,1238507271,515001632,75592.4848,31433.2051,2.4049,512,165
dsmem_loaded,12,0,1,512,16384,0,0,42,10,1238513471,515004192,75592.8632,31433.3613,2.4049,512,166
dsmem_loaded,12,0,1,512,16384,0,0,42,10,1238505933,515001056,75592.4031,31433.1699,2.4049,512,167
dsmem_loaded,12,0,1,512,16384,0,0,42,10,1238512484,515003776,75592.8030,31433.3359,2.4049,512,168
dsmem_loaded,12,0,1,512,16384,0,0,42,10,1238504441,515000448,75592.3121,31433.1328,2.4049,512,169
dsmem_loaded,12,0,1,512,16384,0,0,42,10,1238504441,515000480,75592.3121,31433.1348,2.4049,512,170
dsmem_loaded,12,0,1,512,16384,0,0,42,10,1238504441,515000448,75592.3121,31433.1328,2.4049,512,171
dsmem_loaded,12,0,1,512,16384,0,0,42,10,1238504442,515000448,75592.3121,31433.1328,2.4049,512,172
dsmem_loaded,12,0,1,512,16384,0,0,42,10,1238504442,515000448,75592.3121,31433.1328,2.4049,512,173
dsmem_loaded,12,0,1,512,16384,0,0,42,10,1238504442,515000480,75592.3121,31433.1348,2.4049,512,174
dsmem_loaded,12,0,1,512,16384,0,0,42,10,1238504441,515000416,75592.3121,31433.1309,2.4049,512,175
