# command: ./latency-many-threads --target remote --requesters 11 --chasers 1024 --reps 11 --steps 16384
# gpu: NVIDIA GB10
# compute_capability: 12.1
# sm_count: 48
# l2_bytes: 25165824
# sm_clock_max_khz: 2418000
# driver_version: 13000
# runtime_version: 13000
# seed: 42
# reps: 11
# steps: 16384
# warmup: 1
# buffer_elems: 4096
# stride_bytes: 0
# cycle_length: 4096
# chasers: 1024
# requesters: 11
# target: remote
# bank_aligned: 1
# warps_per_requester: 32
benchmark,cluster_size,distance,mapped,block_size,steps,buffer_bytes,stride_bytes,seed,rep,cycles,ns,cycles_per_load,ns_per_load,ghz,chasers,warp
dsmem_loaded,12,0,1,1024,16384,0,0,42,0,2477545357,1030223200,151217.3680,62879.8340,2.4049,1024,0
dsmem_loaded,12,0,1,1024,16384,0,0,42,0,2477502585,1030205408,151214.7574,62878.7480,2.4049,1024,1
dsmem_loaded,12,0,1,1024,16384,0,0,42,0,2477515494,1030210752,151215.5453,62879.0742,2.4049,1024,2
dsmem_loaded,12,0,1,1024,16384,0,0,42,0,2477565487,1030231552,151218.5966,62880.3438,2.4049,1024,3
dsmem_loaded,12,0,1,1024,16384,0,0,42,0,2477566771,1030232096,151218.6750,62880.3770,2.4049,1024,4
dsmem_loaded,12,0,1,1024,16384,0,0,42,0,2477580718,1030237856,151219.5262,62880.7285,2.4049,1024,5
dsmem_loaded,12,0,1,1024,16384,0,0,42,0,2477506419,1030206976,151214.9914,62878.8438,2.4049,1024,6
dsmem_loaded,12,0,1,1024,16384,0,0,42,0,2477538367,1030220256,151216.9413,62879.6543,2.4049,1024,7
dsmem_loaded,12,0,1,1024,16384,0,0,42,0,2477566414,1030231936,151218.6532,62880.3672,2.4049,1024,8
dsmem_loaded,12,0,1,1024,16384,0,0,42,0,2477528274,1030216064,151216.3253,62879.3984,2.4049,1024,9
dsmem_loaded,12,0,1,1024,16384,0,0,42,0,2477552311,1030226048,151217.7924,62880.0078,2.4049,1024,10
dsmem_loaded,12,0,1,1024,16384,0,0,42,0,2477529120,1030216416,151216.3770,62879.4199,2.4049,1024,11
dsmem_loaded,12,0,1,1024,16384,0,0,42,0,2477502584,1030205376,151214.7573,62878.7461,2.4049,1024,12
dsmem_loaded,12,0,1,1024,16384,0,0,42,0,2477566963,1030232160,151218.6867,62880.3809,2.4049,1024,13
dsmem_loaded,12,0,1,1024,16384,0,0,42,0,2477571138,1030233888,151218.9415,62880.4863,2.4049,1024,14
dsmem_loaded,12,0,1,1024,16384,0,0,42,0,2477536673,1030219552,151216.8380,62879.6113,2.4049,1024,15
dsmem_loaded,12,0,1,1024,16384,0,0,42,0,2477521050,1030213088,151215.8844,62879.2168,2.4049,1024,16
dsmem_loaded,12,0,1,1024,16384,0,0,42,0,2477552307,1030226016,151217.7922,62880.0059,2.4049,1024,17
dsmem_loaded,12,0,1,1024,16384,0,0,42,0,2477581406,1030238176,151219.5682,62880.7480,2.4049,1024,18
dsmem_loaded,12,0,1,1024,16384,0,0,42,0,2477530284,1030216896,151216.4480,62879.4492,2.4049,1024,19
dsmem_loaded,12,0,1,1024,16384,0,0,42,0,2477519031,1030212224,151215.7612,62879.1641,2.4049,1024,20
dsmem_loaded,12,0,1,1024,16384,0,0,42,0,2477557004,1030228032,151218.0789,62880.1289,2.4049,1024,21
dsmem_loaded,12,0,1,1024,16384,0,0,42,0,2477573358,1030234816,151219.0770,62880.5430,2.4049,1024,22
dsmem_loaded,12,0,1,1024,16384,0,0,42,0,2477502586,1030205376,151214.7574,62878.7461,2.4049,1024,23
dsmem_loaded,12,0,1,1024,16384,0,0,42,0,2477520044,1030212640,151215.8230,62879.1895,2.4049,1024,24
dsmem_loaded,12,0,1,1024,16384,0,0,42,0,2477504251,1030206080,151214.8591,62878.7891,2.4049,1024,25
dsmem_loaded,12,0,1,1024,16384,0,0,42,0,2477514321,1030210272,151215.4737,62879.0449,2.4049,1024,26
dsmem_loaded,12,0,1,1024,16384,0,0,42,0,2477520557,1030212896,151215.8543,62879.2051,2.4049,1024,27
dsmem_loaded,12,0,1,1024,16384,0,0,42,0,2477519201,1030212256,151215.7715,62879.1660,2.4049,1024,28
dsmem_loaded,12,0,1,1024,16384,0,0,42,0,2477505579,1030206656,151214.9401,62878.8242,2.4049,1024,29
dsmem_loaded,12,0,1,1024,16384,0,0,42,0,2477502585,1030205408,151214.7574,62878.7480,2.4049,1024,30
dsmem_loaded,12,0,1,1024,16384,0,0,42,0,2477520208,1030212672,151215.8330,62879.1914,2.4049,1024,31
dsmem_loaded,12,0,1,1024,16384,0,0,42,0,2477584752,1030239552,151219.7725,62880.8320,2.4049,1024,32
dsmem_loaded,12,0,1,1024,16384,0,0,42,0,2477588298,1030241024,151219.9889,62880.9219,2.4049,1024,33
dsmem_loaded,12,0,1,1024,16384,0,0,42,0,2480392780,1031407232,151391.1609,62952.1016,2.4049,1024,34
dsmem_loaded,12,0,1,1024,16384,0,0,42,0,2480245745,1031346080,151382.1866,62948.3691,2.4049,1024,35
dsmem_loaded,12,0,1,1024,16384,0,0,42,0,2480359676,1031393472,151389.1404,62951.2617,2.4049,1024,36
dsmem_loaded,12,0,1,1024,16384,0,0,42,0,2477516184,1030211040,151215.5874,62879.0918,2.4049,1024,37
dsmem_loaded,12,0,1,1024,16384,0,0,42,0,2477552810,1030226272,151217.8229,62880.0215,2.4049,1024,38
dsmem_loaded,12,0,1,1024,16384,0,0,42,0,2477502584,1030205376,151214.7573,62878.7461,2.4049,1024,39
dsmem_loaded,12,0,1,1024,16384,0,0,42,0,2480368221,1031397024,151389.6619,62951.4785,2.4049,1024,40
dsmem_loaded,12,0,1,1024,16384,0,0,42,0,2477510986,1030208864,151215.2701,62878.9590,2.4049,1024,41
dsmem_loaded,12,0,1,1024,16384,0,0,42,0,2480361047,1031394016,151389.2241,62951.2949,2.4049,1024,42
dsmem_loaded,12,0,1,1024,16384,0,0,42,0,2477550131,1030225184,151217.6594,62879.9551,2.4049,1024,43
dsmem_loaded,12,0,1,1024,16384,0,0,42,0,2477548445,1030224480,151217.5565,62879.9121,2.4049,1024,44
dsmem_loaded,12,0,1,1024,16384,0,0,42,0,2477502585,1030205344,151214.7574,62878.7441,2.4049,1024,45
dsmem_loaded,12,0,1,1024,16384,0,0,42,0,2477502585,1030205408,151214.7574,62878.7480,2.4049,1024,46
dsmem_loaded,12,0,1,1024,16384,0,0,42,0,2477514825,1030210464,151215.5045,62879.0566,2.4049,1024,47
dsmem_loaded,12,0,1,1024,16384,0,0,42,0,2480393463,1031407520,151391.2026,62952.1191,2.4049,1024,48
dsmem_loaded,12,0,1,1024,16384,0,0,42,0,2477500381,1030204480,151214.6229,62878.6914,2.4049,1024,49
dsmem_loaded,12,0,1,1024,16384,0,0,42,0,2477562217,1030230176,151218.3970,62880.2598,2.4049,1024,50
dsmem_loaded,12,0,1,1024,16384,0,0,42,0,2477515011,1030210560,151215.5158,62879.0625,2.4049,1024,51
dsmem_loaded,12,0,1,1024,16384,0,0,42,0,2477563406,1030230656,151218.4696,62880.2891,2.4049,1024,52
dsmem_loaded,12,0,1,1024,16384,0,0,42,0,2477508618,1030207904,151215.1256,62878.9004,2.4049,1024,53
dsmem_loaded,12,0,1,1024,16384,0,0,42,0,2477539540,1030220736,151217.0129,62879.6836,2.4049,1024,54
dsmem_loaded,12,0,1,1024,16384,0,0,42,0,2477491646,1030200800,151214.0897,62878.4668,2.4049,1024,55
dsmem_loaded,12,0,1,1024,16384,0,0,42,0,2477506766,1030207136,151215.0126,62878.8535,2.4049,1024,56
dsmem_loaded,12,0,1,1024,16384,0,0,42,0,2477528776,1030216256,151216.3560,62879.4102,2.4049,1024,57
dsmem_loaded,12,0,1,1024,16384,0,0,42,0,2477563221,1030230560,151218.4583,62880.2832,2.4049,1024,58
dsmem_loaded,12,0,1,1024,16384,0,0,42,0,2477503727,1030205888,151214.8271,62878.7773,2.4049,1024,59
dsmem_loaded,12,0,1,1024,16384,0,0,42,0,2477502585,1030205408,151214.7574,62878.7480,2.4049,1024,60
dsmem_loaded,12,0,1,1024,16384,0,0,42,0,2477533307,1030218176,151216.6325,62879.5273,2.4049,1024,61
dsmem_loaded,12,0,1,1024,16384,0,0,42,0,2477517849,1030211712,151215.6890,62879.1328,2.4049,1024,62
dsmem_loaded,12,0,1,1024,16384,0,0,42,0,2477509123,1030208096,151215.1564,62878.9121,2.4049,1024,63
dsmem_loaded,12,0,1,1024,16384,0,0,42,0,2477523581,1030214144,151216.0389,62879.2812,2.4049,1024,64
dsmem_loaded,12,0,1,1024,16384,0,0,42,0,2477581395,1030238176,151219.5676,62880.7480,2.4049,1024,65
dsmem_loaded,12,0,1,1024,16384,0,0,42,0,2477543730,1030222496,151217.2687,62879.7910,2.4049,1024,66
dsmem_loaded,12,0,1,1024,16384,0,0,42,0,2477539037,1030220544,151216.9822,62879.6719,2.4049,1024,67
dsmem_loaded,12,0,1,1024,16384,0,0,42,0,2477524584,1030214496,151216.1001,62879.3027,2.4049,1024,68
dsmem_loaded,12,0,1,1024,16384,0,0,42,0,2477506756,1030207104,151215.0120,62878.8516,2.4049,1024,69
dsmem_loaded,12,0,1,1024,16384,0,0,42,0,2477548794,1030224608,151217.5778,62879.9199,2.4049,1024,70
dsmem_loaded,12,0,1,1024,16384,0,0,42,0,2480351231,1031389952,151388.6249,62951.0469,2.4049,1024,71
dsmem_loaded,12,0,1,1024,16384,0,0,42,0,2477495167,1030202272,151214.3046,62878.5566,2.4049,1024,72
dsmem_loaded,12,0,1,1024,16384,0,0,42,0,2477524744,1030214592,151216.1099,62879.3086,2.4049,1024,73
dsmem_loaded,12,0,1,1024,16384,0,0,42,0,2480335283,1031383328,151387.6516,62950.6426,2.4049,1024,74
dsmem_loaded,12,0,1,1024,16384,0,0,42,0,2477540585,1030221216,151217.0767,62879.7129,2.4049,1024,75
dsmem_loaded,12,0,1,1024,16384,0,0,42,0,2477519368,1030212352,151215.7817,62879.1719,2.4049,1024,76
dsmem_loaded,12,0,1,1024,16384,0,0,42,0,2477513998,1030210144,151215.4540,62879.0371,2.4049,1024,77
dsmem_loaded,12,0,1,1024,16384,0,0,42,0,2477514487,1030210368,151215.4838,62879.0508,2.4049,1024,78
dsmem_loaded,12,0,1,1024,16384,0,0,42,0,2477553315,1030226496,151217.8537,62880.0352,2.4049,1024,79
dsmem_loaded,12,0,1,1024,16384,0,0,42,0,2477478198,1030195232,151213.2689,62878.1270,2.4049,1024,80
dsmem_loaded,12,0,1,1024,16384,0,0,42,0,2477501211,1030204800,151214.6735,62878.7109,2.4049,1024,81
dsmem_loaded,12,0,1,1024,16384,0,0,42,0,2477524916,1030214688,151216.1204,62879.3145,2.4049,1024,82
dsmem_loaded,12,0,1,1024,16384,0,0,42,0,2477548795,1030224576,151217.5778,62879.9180,2.4049,1024,83
dsmem_loaded,12,0,1,1024,16384,0,0,42,0,2477509802,1030208416,151215.1979,62878.9316,2.4049,1024,84
dsmem_loaded,12,0,1,1024,16384,0,0,42,0,2477508936,1030208032,151215.1450,62878.9082,2.4049,1024,85
dsmem_loaded,12,0,1,1024,16384,0,0,42,0,2477524747,1030214560,151216.1100,62879.3066,2.4049,1024,86
dsmem_loaded,12,0,1,1024,16384,0,0,42,0,2477542566,1030221984,151217.1976,62879.7598,2.4049,1024,87
dsmem_loaded,12,0,1,1024,16384,0,0,42,0,2477502583,1030205376,151214.7573,62878.7461,2.4049,1024,88
dsmem_loaded,12,0,1,1024,16384,0,0,42,0,2477502585,1030205408,151214.7574,62878.7480,2.4049,1024,89
dsmem_loaded,12,0,1,1024,16384,0,0,42,0,2477572296,1030234368,151219.0122,62880.5156,2.4049,1024,90
dsmem_loaded,12,0,1,1024,16384,0,0,42,0,2477548619,1030224544,151217.5671,62879.9160,2.4049,1024,91
dsmem_loaded,12,0,1,1024,16384,0,0,42,0,2477502057,1030205184,151214.7252,62878.7344,2.4049,1024,92
dsmem_loaded,12,0,1,1024,16384,0,0,42,0,2477504929,1030206400,151214.9005,62878.8086,2.4049,1024,93
dsmem_loaded,12,0,1,1024,16384,0,0,42,0,2477502585,1030205408,151214.7574,62878.7480,2.4049,1024,94
dsmem_loaded,12,0,1,1024,16384,0,0,42,0,2477502585,1030205408,151214.7574,62878.7480,2.4049,1024,95
dsmem_loaded,12,0,1,1024,16384,0,0,42,0,2477529630,1030216640,151216.4081,62879.4336,2.4049,1024,96
dsmem_loaded,12,0,1,1024,16384,0,0,42,0,2477510794,1030208768,151215.2584,62878.9531,2.4049,1024,97
dsmem_loaded,12,0,1,1024,16384,0,0,42,0,2477551042,1030225568,151217.7150,62879.9785,2.4049,1024,98
dsmem_loaded,12,0,1,1024,16384,0,0,42,0,2477562902,1030230464,151218.4388,62880.2773,2.4049,1024,99
dsmem_loaded,12,0,1,1024,16384,0,0,42,0,2480353874,1031391104,151388.7863,62951.1172,2.4049,1024,100
dsmem_loaded,12,0,1,1024,16384,0,0,42,0,2480246342,1031346336,151382.2230,62948.3848,2.4049,1024,101
dsmem_loaded,12,0,1,1024,16384,0,0,42,0,2477530972,1030217216,151216.4900,62879.4688,2.4049,1024,102
dsmem_loaded,12,0,1,1024,16384,0,0,42,0,2477586190,1030240192,151219.8602,62880.8711,2.4049,1024,103
dsmem_loaded,12,0,1,1024,16384,0,0,42,0,2477596333,1030244352,151220.4793,62881.1250,2.4049,1024,104
dsmem_loaded,12,0,1,1024,16384,0,0,42,0,2477586294,1030240192,151219.8666,62880.8711,2.4049,1024,105
dsmem_loaded,12,0,1,1024,16384,0,0,42,0,2477550397,1030225280,151217.6756,62879.9609,2.4049,1024,106
dsmem_loaded,12,0,1,1024,16384,0,0,42,0,2480305988,1031371200,151385.8635,62949.9023,2.4049,1024,107
dsmem_loaded,12,0,1,1024,16384,0,0,42,0,2477538862,1030220448,151216.9716,62879.6660,2.4049,1024,108
dsmem_loaded,12,0,1,1024,16384,0,0,42,0,2477518353,1030211936,151215.7198,62879.1465,2.4049,1024,109
dsmem_loaded,12,0,1,1024,16384,0,0,42,0,2477502583,1030205376,151214.7573,62878.7461,2.4049,1024,110
dsmem_loaded,12,0,1,1024,16384,0,0,42,0,2477510457,1030208640,151215.2379,62878.9453,2.4049,1024,111
dsmem_loaded,12,0,1,1024,16384,0,0,42,0,2477514327,1030210272,151215.4741,62879.0449,2.4049,1024,112
dsmem_loaded,12,0,1,1024,16384,0,0,42,0,2477510448,1030208640,151215.2373,62878.9453,2.4049,1024,113
dsmem_loaded,12,0,1,1024,16384,0,0,42,0,2477552481,1030226176,151217.8028,62880.0156,2.4049,1024,114
dsmem_loaded,12,0,1,1024,16384,0,0,42,0,2477561941,1030230080,151218.3802,62880.2539,2.4049,1024,115
dsmem_loaded,12,0,1,1024,16384,0,0,42,0,2477557181,1030228064,151218.0897,62880.1309,2.4049,1024,116
dsmem_loaded,12,0,1,1024,16384,0,0,42,0,2477502585,1030205408,151214.7574,62878.7480,2.4049,1024,117
dsmem_loaded,12,0,1,1024,16384,0,0,42,0,2477534163,1030218496,151216.6848,62879.5469,2.4049,1024,118
dsmem_loaded,12,0,1,1024,16384,0,0,42,0,2477502585,1030205408,151214.7574,62878.7480,2.4049,1024,119
dsmem_loaded,12,0,1,1024,16384,0,0,42,0,2477514159,1030210240,151215.4638,62879.0430,2.4049,1024,120
dsmem_loaded,12,0,1,1024,16384,0,0,42,0,2477504912,1030206336,151214.8994,62878.8047,2.4049,1024,121
dsmem_loaded,12,0,1,1024,16384,0,0,42,0,2477504408,1030206144,151214.8687,62878.7930,2.4049,1024,122
dsmem_loaded,12,0,1,1024,16384,0,0,42,0,2477579052,1030237152,151219.4246,62880.6855,2.4049,1024,123
dsmem_loaded,12,0,1,1024,16384,0,0,42,0,2477502585,1030205408,151214.7574,62878.7480,2.4049,1024,124
dsmem_loaded,12,0,1,1024,16384,0,0,42,0,2477513996,1030210144,151215.4539,62879.0371,2.4049,1024,125
dsmem_loaded,12,0,1,1024,16384,0,0,42,0,2477494660,1030202080,151214.2737,62878.5449,2.4049,1024,126
dsmem_loaded,12,0,1,1024,16384,0,0,42,0,2477504568,1030206240,151214.8784,62878.7988,2.4049,1024,127
dsmem_loaded,12,0,1,1024,16384,0,0,42,0,2480338288,1031384608,151387.8350,62950.7207,2.4049,1024,128
dsmem_loaded,12,0,1,1024,16384,0,0,42,0,2477591304,1030242272,151220.1724,62880.9980,2.4049,1024,129
dsmem_loaded,12,0,1,1024,16384,0,0,42,0,2477524751,1030214592,151216.1103,62879.3086,2.4049,1024,130
dsmem_loaded,12,0,1,1024,16384,0,0,42,0,2480369152,1031397440,151389.7188,62951.5039,2.4049,1024,131
dsmem_loaded,12,0,1,1024,16384,0,0,42,0,2477600891,1030246240,151220.7575,62881.2402,2.4049,1024,132
dsmem_loaded,12,0,1,1024,16384,0,0,42,0,2477591294,1030242240,151220.1718,62880.9961,2.4049,1024,133
dsmem_loaded,12,0,1,1024,16384,0,0,42,0,2477502380,1030205312,151214.7449,62878.7422,2.4049,1024,134
dsmem_loaded,12,0,1,1024,16384,0,0,42,0,2477523747,1030214208,151216.0490,62879.2852,2.4049,1024,135
dsmem_loaded,12,0,1,1024,16384,0,0,42,0,2477501373,1030204896,151214.6834,62878.7168,2.4049,1024,136
dsmem_loaded,12,0,1,1024,16384,0,0,42,0,2477553311,1030226464,151217.8535,62880.0332,2.4049,1024,137
dsmem_loaded,12,0,1,1024,16384,0,0,42,0,2477495347,1030202368,151214.3156,62878.5625,2.4049,1024,138
dsmem_loaded,12,0,1,1024,16384,0,0,42,0,2477591130,1030242208,151220.1617,62880.9941,2.4049,1024,139
dsmem_loaded,12,0,1,1024,16384,0,0,42,0,2477544578,1030222848,151217.3204,62879.8125,2.4049,1024,140
dsmem_loaded,12,0,1,1024,16384,0,0,42,0,2477557192,1030228096,151218.0903,62880.1328,2.4049,1024,141
dsmem_loaded,12,0,1,1024,16384,0,0,42,0,2477502220,1030205248,151214.7351,62878.7383,2.4049,1024,142
dsmem_loaded,12,0,1,1024,16384,0,0,42,0,2477525593,1030214944,151216.1617,62879.3301,2.4049,1024,143
dsmem_loaded,12,0,1,1024,16384,0,0,42,0,2477521042,1030213024,151215.8839,62879.2129,2.4049,1024,144
dsmem_loaded,12,0,1,1024,16384,0,0,42,0,2477530297,1030216896,151216.4488,62879.4492,2.4049,1024,145
dsmem_loaded,12,0,1,1024,16384,0,0,42,0,2477520216,1030212736,151215.8335,62879.1953,2.4049,1024,146
dsmem_loaded,12,0,1,1024,16384,0,0,42,0,2477543406,1030222368,151217.2489,62879.7832,2.4049,1024,147
dsmem_loaded,12,0,1,1024,16384,0,0,42,0,2477502585,1030205376,151214.7574,62878.7461,2.4049,1024,148
dsmem_loaded,12,0,1,1024,16384,0,0,42,0,2480340039,1031385312,151387.9418,62950.7637,2.4049,1024,149
dsmem_loaded,12,0,1,1024,16384,0,0,42,0,2477505587,1030206656,151214.9406,62878.8242,2.4049,1024,150
dsmem_loaded,12,0,1,1024,16384,0,0,42,0,2477502586,1030205408,151214.7574,62878.7480,2.4049,1024,151
dsmem_loaded,12,0,1,1024,16384,0,0,42,0,2477504905,1030206368,151214.8990,62878.8066,2.4049,1024,152
dsmem_loaded,12,0,1,1024,16384,0,0,42,0,2477533661,1030218304,151216.6541,62879.5352,2.4049,1024,153
dsmem_loaded,12,0,1,1024,16384,0,0,42,0,2477502585,1030205344,151214.7574,62878.7441,2.4049,1024,154
dsmem_loaded,12,0,1,1024,16384,0,0,42,0,2477530960,1030217152,151216.4893,62879.4648,2.4049,1024,155
dsmem_loaded,12,0,1,1024,16384,0,0,42,0,2477506094,1030206848,151214.9716,62878.8359,2.4049,1024,156
dsmem_loaded,12,0,1,1024,16384,0,0,42,0,2477502585,1030205408,151214.7574,62878.7480,2.4049,1024,157
dsmem_loaded,12,0,1,1024,16384,0,0,42,0,2477498701,1030203744,151214.5203,62878.6465,2.4049,1024,158
dsmem_loaded,12,0,1,1024,16384,0,0,42,0,2477542230,1030221824,151217.1771,62879.7500,2.4049,1024,159
dsmem_loaded,12,0,1,1024,16384,0,0,42,0,2477566096,1030231808,151218.6338,62880.3594,2.4049,1024,160
dsmem_loaded,12,0,1,1024,16384,0,0,42,0,2477502585,1030205408,151214.7574,62878.7480,2.4049,1024,161
dsmem_loaded,12,0,1,1024,16384,0,0,42,0,2477515835,1030210880,151215.5661,62879.0820,2.4049,1024,162
dsmem_loaded,12,0,1,1024,16384,0,0,42,0,2477505757,1030206720,151214.9510,62878.8281,2.4049,1024,163
dsmem_loaded,12,0,1,1024,16384,0,0,42,0,2477585234,1030239744,151219.8019,62880.8438,2.4049,1024,164
dsmem_loaded,12,0,1,1024,16384,0,0,42,0,2477543567,1030222400,151217.2587,62879.7852,2.4049,1024,165
dsmem_loaded,12,0,1,1024,16384,0,0,42,0,2480318662,1031376416,151386.6371,62950.2207,2.4049,1024,166
dsmem_loaded,12,0,1,1024,16384,0,0,42,0,2480252728,1031348960,151382.6128,62948.5449,2.4049,1024,167
dsmem_loaded,12,0,1,1024,16384,0,0,42,0,2477576130,1030235968,151219.2462,62880.6133,2.4049,1024,168
dsmem_loaded,12,0,1,1024,16384,0,0,42,0,2477519356,1030212352,151215.7810,62879.1719,2.4049,1024,169
dsmem_loaded,12,0,1,1024,16384,0,0,42,0,2477566779,1030232096,151218.6755,62880.3770,2.4049,1024,170
dsmem_loaded,12,0,1,1024,16384,0,0,42,0,2477566773,1030232064,151218.6751,62880.3750,2.4049,1024,171
dsmem_loaded,12,0,1,1024,16384,0,0,42,0,2477542720,1030222080,151217.2070,62879.7656,2.4049,1024,172
dsmem_loaded,12,0,1,1024,16384,0,0,42,0,2477500711,1030204608,151214.6430,62878.6992,2.4049,1024,173
dsmem_loaded,12,0,1,1024,16384,0,0,42,0,2477535171,1030218944,151216.7463,62879.5742,2.4049,1024,174
dsmem_loaded,12,0,1,1024,16384,0,0,42,0,2477495496,1030202464,151214.3247,62878.5684,2.4049,1024,175
dsmem_loaded,12,0,1,1024,16384,0,0,42,0,2477606042,1030248416,151221.0719,62881.3730,2.4049,1024,176
dsmem_loaded,12,0,1,1024,16384,0,0,42,0,2477551647,1030225792,151217.7519,62879.9922,2.4049,1024,177
dsmem_loaded,12,0,1,1024,16384,0,0,42,0,2477514669,1030210432,151215.4949,62879.0547,2.4049,1024,178
dsmem_loaded,12,0,1,1024,16384,0,0,42,0,2477481384,1030196608,151213.4634,62878.2109,2.4049,1024,179
dsmem_loaded,12,0,1,1024,16384,0,0,42,0,2477548280,1030224384,151217.5464,62879.9062,2.4049,1024,180
dsmem_loaded,12,0,1,1024,16384,0,0,42,0,2477511295,1030208992,151215.2890,62878.9668,2.4049,1024,181
dsmem_loaded,12,0,1,1024,16384,0,0,42,0,2477505598,1030206624,151214.9413,62878.8223,2.4049,1024,182
dsmem_loaded,12,0,1,1024,16384,0,0,42,0,2477496180,1030202688,151214.3665,62878.5820,2.4049,1024,183
dsmem_loaded,12,0,1,1024,16384,0,0,42,0,2477553820,1030226688,151217.8845,62880.0469,2.4049,1024,184
dsmem_loaded,12,0,1,1024,16384,0,0,42,0,2477491309,1030200672,151214.0692,62878.4590,2.4049,1024,185
dsmem_loaded,12,0,1,1024,16384,0,0,42,0,2477509795,1030208352,151215.1974,62878.9277,2.4049,1024,186
dsmem_loaded,12,0,1,1024,16384,0,0,42,0,2477502585,1030205408,151214.7574,62878.7480,2.4049,1024,187
dsmem_loaded,12,0,1,1024,16384,0,0,42,0,2477502586,1030205408,151214.7574,62878.7480,2.4049,1024,188
dsmem_loaded,12,0,1,1024,16384,0,0,42,0,2477510294,1030208608,151215.2279,62878.9434,2.4049,1024,189
dsmem_loaded,12,0,1,1024,16384,0,0,42,0,2477502585,1030205440,151214.7574,62878.7500,2.4049,1024,190
dsmem_loaded,12,0,1,1024,16384,0,0,42,0,2477491301,1030200672,151214.0687,62878.4590,2.4049,1024,191
dsmem_loaded,12,0,1,1024,16384,0,0,42,0,2480375444,1031400032,151390.1028,62951.6621,2.4049,1024,192
dsmem_loaded,12,0,1,1024,16384,0,0,42,0,2477515511,1030210784,151215.5463,62879.0762,2.4049,1024,193
dsmem_loaded,12,0,1,1024,16384,0,0,42,0,2477535003,1030218848,151216.7360,62879.5684,2.4049,1024,194
dsmem_loaded,12,0,1,1024,16384,0,0,42,0,2480345067,1031387392,151388.2487,62950.8906,2.4049,1024,195
dsmem_loaded,12,0,1,1024,16384,0,0,42,0,2477580892,1030237952,151219.5369,62880.7344,2.4049,1024,196
dsmem_loaded,12,0,1,1024,16384,0,0,42,0,2477504904,1030206368,151214.8989,62878.8066,2.4049,1024,197
dsmem_loaded,12,0,1,1024,16384,0,0,42,0,2477568765,1030232864,151218.7967,62880.4238,2.4049,1024,198
dsmem_loaded,12,0,1,1024,16384,0,0,42,0,2477544804,1030222976,151217.3342,62879.8203,2.4049,1024,199
dsmem_loaded,12,0,1,1024,16384,0,0,42,0,2477529125,1030216416,151216.3773,62879.4199,2.4049,1024,200
dsmem_loaded,12,0,1,1024,16384,0,0,42,0,2477490791,1030200480,151214.0375,62878.4473,2.4049,1024,201
dsmem_loaded,12,0,1,1024,16384,0,0,42,0,2480344189,1031387040,151388.1951,62950.8691,2.4049,1024,202
dsmem_loaded,12,0,1,1024,16384,0,0,42,0,2477544746,1030222912,151217.3307,62879.8164,2.4049,1024,203
dsmem_loaded,12,0,1,1024,16384,0,0,42,0,2477548266,1030224352,151217.5455,62879.9043,2.4049,1024,204
dsmem_loaded,12,0,1,1024,16384,0,0,42,0,2477486944,1030198848,151213.8027,62878.3477,2.4049,1024,205
dsmem_loaded,12,0,1,1024,16384,0,0,42,0,2477508946,1030208032,151215.1456,62878.9082,2.4049,1024,206
dsmem_loaded,12,0,1,1024,16384,0,0,42,0,2477578361,1030236864,151219.3824,62880.6680,2.4049,1024,207
dsmem_loaded,12,0,1,1024,16384,0,0,42,0,2477536694,1030219584,151216.8392,62879.6133,2.4049,1024,208
dsmem_loaded,12,0,1,1024,16384,0,0,42,0,2477491302,1030200672,151214.0687,62878.4590,2.4049,1024,209
dsmem_loaded,12,0,1,1024,16384,0,0,42,0,2477500545,1030204512,151214.6329,62878.6934,2.4049,1024,210
dsmem_loaded,12,0,1,1024,16384,0,0,42,0,2477509292,1030208160,151215.1667,62878.9160,2.4049,1024,211
dsmem_loaded,12,0,1,1024,16384,0,0,42,0,2477553977,1030226752,151217.8941,62880.0508,2.4049,1024,212
dsmem_loaded,12,0,1,1024,16384,0,0,42,0,2477495675,1030202496,151214.3356,62878.5703,2.4049,1024,213
dsmem_loaded,12,0,1,1024,16384,0,0,42,0,2477502585,1030205408,151214.7574,62878.7480,2.4049,1024,214
dsmem_loaded,12,0,1,1024,16384,0,0,42,0,2477515504,1030210752,151215.5459,62879.0742,2.4049,1024,215
dsmem_loaded,12,0,1,1024,16384,0,0,42,0,2477502585,1030205408,151214.7574,62878.7480,2.4049,1024,216
dsmem_loaded,12,0,1,1024,16384,0,0,42,0,2477502586,1030205376,151214.7574,62878.7461,2.4049,1024,217
dsmem_loaded,12,0,1,1024,16384,0,0,42,0,2477506947,1030207200,151215.0236,62878.8574,2.4049,1024,218
dsmem_loaded,12,0,1,1024,16384,0,0,42,0,2477516173,1030211008,151215.5867,62879.0898,2.4049,1024,219
dsmem_loaded,12,0,1,1024,16384,0,0,42,0,2477528448,1030216128,151216.3359,62879.4023,2.4049,1024,220
dsmem_loaded,12,0,1,1024,16384,0,0,42,0,2477501724,1030205024,151214.7048,62878.7246,2.4049,1024,221
dsmem_loaded,12,0,1,1024,16384,0,0,42,0,2477505926,1030206816,151214.9613,62878.8340,2.4049,1024,222
dsmem_loaded,12,0,1,1024,16384,0,0,42,0,2477502586,1030205408,151214.7574,62878.7480,2.4049,1024,223
dsmem_loaded,12,0,1,1024,16384,0,0,42,0,2480358080,1031392832,151389.0430,62951.2227,2.4049,1024,224
dsmem_loaded,12,0,1,1024,16384,0,0,42,0,2477569626,1030233248,151218.8492,62880.4473,2.4049,1024,225
dsmem_loaded,12,0,1,1024,16384,0,0,42,0,2477496507,1030202848,151214.3864,62878.5918,2.4049,1024,226
dsmem_loaded,12,0,1,1024,16384,0,0,42,0,2480330923,1031381536,151387.3854,62950.5332,2.4049,1024,227
dsmem_loaded,12,0,1,1024,16384,0,0,42,0,2477513323,1030209824,151215.4128,62879.0176,2.4049,1024,228
dsmem_loaded,12,0,1,1024,16384,0,0,42,0,2477549611,1030224928,151217.6276,62879.9395,2.4049,1024,229
dsmem_loaded,12,0,1,1024,16384,0,0,42,0,2477496507,1030202848,151214.3864,62878.5918,2.4049,1024,230
dsmem_loaded,12,0,1,1024,16384,0,0,42,0,2477519719,1030212480,151215.8032,62879.1797,2.4049,1024,231
dsmem_loaded,12,0,1,1024,16384,0,0,42,0,2477573309,1030234752,151219.0740,62880.5391,2.4049,1024,232
dsmem_loaded,12,0,1,1024,16384,0,0,42,0,2477549112,1030224736,151217.5972,62879.9277,2.4049,1024,233
dsmem_loaded,12,0,1,1024,16384,0,0,42,0,2477502585,1030205376,151214.7574,62878.7461,2.4049,1024,234
dsmem_loaded,12,0,1,1024,16384,0,0,42,0,2477502584,1030205376,151214.7573,62878.7461,2.4049,1024,235
dsmem_loaded,12,0,1,1024,16384,0,0,42,0,2480336927,1031384032,151387.7519,62950.6855,2.4049,1024,236
dsmem_loaded,12,0,1,1024,16384,0,0,42,0,2477502585,1030205376,151214.7574,62878.7461,2.4049,1024,237
dsmem_loaded,12,0,1,1024,16384,0,0,42,0,2477533296,1030218176,151216.6318,62879.5273,2.4049,1024,238
dsmem_loaded,12,0,1,1024,16384,0,0,42,0,2477496188,1030202720,151214.3669,62878.5840,2.4049,1024,239
dsmem_loaded,12,0,1,1024,16384,0,0,42,0,2477568107,1030232640,151218.7565,62880.4102,2.4049,1024,240
dsmem_loaded,12,0,1,1024,16384,0,0,42,0,2480378425,1031401248,151390.2847,62951.7363,2.4049,1024,241
dsmem_loaded,12,0,1,1024,16384,0,0,42,0,2477517017,1030211360,151215.6382,62879.1113,2.4049,1024,242
dsmem_loaded,12,0,1,1024,16384,0,0,42,0,2477510622,1030208736,151215.2479,62878.9512,2.4049,1024,243
dsmem_loaded,12,0,1,1024,16384,0,0,42,0,2477540037,1030220960,151217.0433,62879.6973,2.4049,1024,244
dsmem_loaded,12,0,1,1024,16384,0,0,42,0,2477529286,1030216512,151216.3871,62879.4258,2.4049,1024,245
dsmem_loaded,12,0,1,1024,16384,0,0,42,0,2477490975,1030200512,151214.0488,62878.4492,2.4049,1024,246
dsmem_loaded,12,0,1,1024,16384,0,0,42,0,2477501216,1030204800,151214.6738,62878.7109,2.4049,1024,247
dsmem_loaded,12,0,1,1024,16384,0,0,42,0,2477530304,1030216896,151216.4492,62879.4492,2.4049,1024,248
dsmem_loaded,12,0,1,1024,16384,0,0,42,0,2477527774,1030215872,151216.2948,62879.3867,2.4049,1024,249
dsmem_loaded,12,0,1,1024,16384,0,0,42,0,2477495835,1030202592,151214.3454,62878.5762,2.4049,1024,250
dsmem_loaded,12,0,1,1024,16384,0,0,42,0,2477505254,1030206528,151214.9203,62878.8164,2.4049,1024,251
dsmem_loaded,12,0,1,1024,16384,0,0,42,0,2477502585,1030205376,151214.7574,62878.7461,2.4049,1024,252
dsmem_loaded,12,0,1,1024,16384,0,0,42,0,2477514849,1030210464,151215.5059,62879.0566,2.4049,1024,253
dsmem_loaded,12,0,1,1024,16384,0,0,42,0,2477499531,1030204128,151214.5710,62878.6699,2.4049,1024,254
dsmem_loaded,12,0,1,1024,16384,0,0,42,0,2477500888,1030204672,151214.6538,62878.7031,2.4049,1024,255
dsmem_loaded,12,0,1,1024,16384,0,0,42,0,2477579764,1030237504,151219.4680,62880.7070,2.4049,1024,256
dsmem_loaded,12,0,1,1024,16384,0,0,42,0,2480266310,1031354592,151383.4418,62948.8887,2.4049,1024,257
dsmem_loaded,12,0,1,1024,16384,0,0,42,0,2480308390,1031372192,151386.0101,62949.9629,2.4049,1024,258
dsmem_loaded,12,0,1,1024,16384,0,0,42,0,2477551015,1030225568,151217.7133,62879.9785,2.4049,1024,259
dsmem_loaded,12,0,1,1024,16384,0,0,42,0,2477579199,1030237216,151219.4335,62880.6895,2.4049,1024,260
dsmem_loaded,12,0,1,1024,16384,0,0,42,0,2477505756,1030206688,151214.9509,62878.8262,2.4049,1024,261
dsmem_loaded,12,0,1,1024,16384,0,0,42,0,2477573263,1030234784,151219.0712,62880.5410,2.4049,1024,262
dsmem_loaded,12,0,1,1024,16384,0,0,42,0,2477567598,1030232416,151218.7255,62880.3965,2.4049,1024,263
dsmem_loaded,12,0,1,1024,16384,0,0,42,0,2477592925,1030242944,151220.2713,62881.0391,2.4049,1024,264
dsmem_loaded,12,0,1,1024,16384,0,0,42,0,2477502585,1030205344,151214.7574,62878.7441,2.4049,1024,265
dsmem_loaded,12,0,1,1024,16384,0,0,42,0,2477519189,1030212288,151215.7708,62879.1680,2.4049,1024,266
dsmem_loaded,12,0,1,1024,16384,0,0,42,0,2477501724,1030205056,151214.7048,62878.7266,2.4049,1024,267
dsmem_loaded,12,0,1,1024,16384,0,0,42,0,2477510630,1030208736,151215.2484,62878.9512,2.4049,1024,268
dsmem_loaded,12,0,1,1024,16384,0,0,42,0,2477553524,1030226560,151217.8665,62880.0391,2.4049,1024,269
dsmem_loaded,12,0,1,1024,16384,0,0,42,0,2477523893,1030214240,151216.0579,62879.2871,2.4049,1024,270
dsmem_loaded,12,0,1,1024,16384,0,0,42,0,2477500033,1030204320,151214.6016,62878.6816,2.4049,1024,271
dsmem_loaded,12,0,1,1024,16384,0,0,42,0,2477533500,1030218240,151216.6443,62879.5312,2.4049,1024,272
dsmem_loaded,12,0,1,1024,16384,0,0,42,0,2477514843,1030210464,151215.5056,62879.0566,2.4049,1024,273
dsmem_loaded,12,0,1,1024,16384,0,0,42,0,2477563739,1030230784,151218.4899,62880.2969,2.4049,1024,274
dsmem_loaded,12,0,1,1024,16384,0,0,42,0,2477523744,1030214176,151216.0488,62879.2832,2.4049,1024,275
dsmem_loaded,12,0,1,1024,16384,0,0,42,0,2477534836,1030218784,151216.7258,62879.5645,2.4049,1024,276
dsmem_loaded,12,0,1,1024,16384,0,0,42,0,2477552648,1030226208,151217.8130,62880.0176,2.4049,1024,277
dsmem_loaded,12,0,1,1024,16384,0,0,42,0,2477538542,1030220320,151216.9520,62879.6582,2.4049,1024,278
dsmem_loaded,12,0,1,1024,16384,0,0,42,0,2477498383,1030203648,151214.5009,62878.6406,2.4049,1024,279
dsmem_loaded,12,0,1,1024,16384,0,0,42,0,2477504584,1030206240,151214.8794,62878.7988,2.4049,1024,280
dsmem_loaded,12,0,1,1024,16384,0,0,42,0,2477504236,1030206080,151214.8582,62878.7891,2.4049,1024,281
dsmem_loaded,12,0,1,1024,16384,0,0,42,0,2477522394,1030213632,151215.9664,62879.2500,2.4049,1024,282
dsmem_loaded,12,0,1,1024,16384,0,0,42,0,2477532997,1030218048,151216.6136,62879.5195,2.4049,1024,283
dsmem_loaded,12,0,1,1024,16384,0,0,42,0,2477502586,1030205376,151214.7574,62878.7461,2.4049,1024,284
dsmem_loaded,12,0,1,1024,16384,0,0,42,0,2477510289,1030208576,151215.2276,62878.9414,2.4049,1024,285
dsmem_loaded,12,0,1,1024,16384,0,0,42,0,2477502585,1030205376,151214.7574,62878.7461,2.4049,1024,286
dsmem_loaded,12,0,1,1024,16384,0,0,42,0,2477491626,1030200800,151214.0885,62878.4668,2.4049,1024,287
dsmem_loaded,12,0,1,1024,16384,0,0,42,0,2477577597,1030236608,151219.3358,62880.6523,2.4049,1024,288
dsmem_loaded,12,0,1,1024,16384,0,0,42,0,2477520723,1030212928,151215.8644,62879.2070,2.4049,1024,289
dsmem_loaded,12,0,1,1024,16384,0,0,42,0,2477543238,1030222272,151217.2386,62879.7773,2.4049,1024,290
dsmem_loaded,12,0,1,1024,16384,0,0,42,0,2477572983,1030234656,151219.0541,62880.5332,2.4049,1024,291
dsmem_loaded,12,0,1,1024,16384,0,0,42,0,2477510285,1030208576,151215.2274,62878.9414,2.4049,1024,292
dsmem_loaded,12,0,1,1024,16384,0,0,42,0,2480329216,1031380832,151387.2812,62950.4902,2.4049,1024,293
dsmem_loaded,12,0,1,1024,16384,0,0,42,0,2477560765,1030229632,151218.3084,62880.2266,2.4049,1024,294
dsmem_loaded,12,0,1,1024,16384,0,0,42,0,2480253660,1031349312,151382.6697,62948.5664,2.4049,1024,295
dsmem_loaded,12,0,1,1024,16384,0,0,42,0,2477514837,1030210464,151215.5052,62879.0566,2.4049,1024,296
dsmem_loaded,12,0,1,1024,16384,0,0,42,0,2477510467,1030208672,151215.2385,62878.9473,2.4049,1024,297
dsmem_loaded,12,0,1,1024,16384,0,0,42,0,2477566977,1030232160,151218.6876,62880.3809,2.4049,1024,298
dsmem_loaded,12,0,1,1024,16384,0,0,42,0,2477505408,1030206560,151214.9297,62878.8184,2.4049,1024,299
dsmem_loaded,12,0,1,1024,16384,0,0,42,0,2477514989,1030210528,151215.5145,62879.0605,2.4049,1024,300
dsmem_loaded,12,0,1,1024,16384,0,0,42,0,2477589699,1030241600,151220.0744,62880.9570,2.4049,1024,301
dsmem_loaded,12,0,1,1024,16384,0,0,42,0,2477548110,1030224320,151217.5360,62879.9023,2.4049,1024,302
dsmem_loaded,12,0,1,1024,16384,0,0,42,0,2477505752,1030206688,151214.9507,62878.8262,2.4049,1024,303
dsmem_loaded,12,0,1,1024,16384,0,0,42,0,2477502585,1030205408,151214.7574,62878.7480,2.4049,1024,304
dsmem_loaded,12,0,1,1024,16384,0,0,42,0,2477502585,1030205408,151214.7574,62878.7480,2.4049,1024,305
dsmem_loaded,12,0,1,1024,16384,0,0,42,0,2477566274,1030231904,151218.6447,62880.3652,2.4049,1024,306
dsmem_loaded,12,0,1,1024,16384,0,0,42,0,2477505916,1030206784,151214.9607,62878.8320,2.4049,1024,307
dsmem_loaded,12,0,1,1024,16384,0,0,42,0,2477510123,1030208512,151215.2175,62878.9375,2.4049,1024,308
dsmem_loaded,12,0,1,1024,16384,0,0,42,0,2477533321,1030218144,151216.6334,62879.5254,2.4049,1024,309
dsmem_loaded,12,0,1,1024,16384,0,0,42,0,2477505759,1030206688,151214.9511,62878.8262,2.4049,1024,310
dsmem_loaded,12,0,1,1024,16384,0,0,42,0,2477510289,1030208608,151215.2276,62878.9434,2.4049,1024,311
dsmem_loaded,12,0,1,1024,16384,0,0,42,0,2477505422,1030206528,151214.9305,62878.8164,2.4049,1024,312
dsmem_loaded,12,0,1,1024,16384,0,0,42,0,2477555667,1030227488,151217.9973,62880.0957,2.4049,1024,313
dsmem_loaded,12,0,1,1024,16384,0,0,42,0,2477537857,1030220064,151216.9102,62879.6426,2.4049,1024,314
dsmem_loaded,12,0,1,1024,16384,0,0,42,0,2477516341,1030211104,151215.5970,62879.0957,2.4049,1024,315
dsmem_loaded,12,0,1,1024,16384,0,0,42,0,2477575778,1030235840,151219.2247,62880.6055,2.4049,1024,316
dsmem_loaded,12,0,1,1024,16384,0,0,42,0,2477509637,1030208320,151215.1878,62878.9258,2.4049,1024,317
dsmem_loaded,12,0,1,1024,16384,0,0,42,0,2477502585,1030205376,151214.7574,62878.7461,2.4049,1024,318
dsmem_loaded,12,0,1,1024,16384,0,0,42,0,2477502585,1030205408,151214.7574,62878.7480,2.4049,1024,319
dsmem_loaded,12,0,1,1024,16384,0,0,42,0,2477509126,1030208096,151215.1566,62878.9121,2.4049,1024,320
dsmem_loaded,12,0,1,1024,16384,0,0,42,0,2477584764,1030239552,151219.7732,62880.8320,2.4049,1024,321
dsmem_loaded,12,0,1,1024,16384,0,0,42,0,2477552316,1030226080,151217.7927,62880.0098,2.4049,1024,322
dsmem_loaded,12,0,1,1024,16384,0,0,42,0,2480234064,1031341184,151381.4736,62948.0703,2.4049,1024,323
dsmem_loaded,12,0,1,1024,16384,0,0,42,0,2477509279,1030208160,151215.1660,62878.9160,2.4049,1024,324
dsmem_loaded,12,0,1,1024,16384,0,0,42,0,2477543918,1030222528,151217.2802,62879.7930,2.4049,1024,325
dsmem_loaded,12,0,1,1024,16384,0,0,42,0,2477515176,1030210656,151215.5259,62879.0684,2.4049,1024,326
dsmem_loaded,12,0,1,1024,16384,0,0,42,0,2477510122,1030208512,151215.2174,62878.9375,2.4049,1024,327
dsmem_loaded,12,0,1,1024,16384,0,0,42,0,2477559519,1030229088,151218.2324,62880.1934,2.4049,1024,328
dsmem_loaded,12,0,1,1024,16384,0,0,42,0,2477539377,1030220672,151217.0030,62879.6797,2.4049,1024,329
dsmem_loaded,12,0,1,1024,16384,0,0,42,0,2480318358,1031376352,151386.6185,62950.2168,2.4049,1024,330
dsmem_loaded,12,0,1,1024,16384,0,0,42,0,2477519713,1030212512,151215.8028,62879.1816,2.4049,1024,331
dsmem_loaded,12,0,1,1024,16384,0,0,42,0,2477510127,1030208512,151215.2177,62878.9375,2.4049,1024,332
dsmem_loaded,12,0,1,1024,16384,0,0,42,0,2477600733,1030246208,151220.7479,62881.2383,2.4049,1024,333
dsmem_loaded,12,0,1,1024,16384,0,0,42,0,2477539533,1030220704,151217.0125,62879.6816,2.4049,1024,334
dsmem_loaded,12,0,1,1024,16384,0,0,42,0,2477513653,1030210016,151215.4329,62879.0293,2.4049,1024,335
dsmem_loaded,12,0,1,1024,16384,0,0,42,0,2477501545,1030204928,151214.6939,62878.7188,2.4049,1024,336
dsmem_loaded,12,0,1,1024,16384,0,0,42,0,2477543912,1030222592,151217.2798,62879.7969,2.4049,1024,337
dsmem_loaded,12,0,1,1024,16384,0,0,42,0,2477518704,1030212064,151215.7412,62879.1543,2.4049,1024,338
dsmem_loaded,12,0,1,1024,16384,0,0,42,0,2477509788,1030208384,151215.1970,62878.9297,2.4049,1024,339
dsmem_loaded,12,0,1,1024,16384,0,0,42,0,2477499873,1030204256,151214.5919,62878.6777,2.4049,1024,340
dsmem_loaded,12,0,1,1024,16384,0,0,42,0,2477639010,1030262112,151223.0841,62882.2090,2.4049,1024,341
dsmem_loaded,12,0,1,1024,16384,0,0,42,0,2477502585,1030205376,151214.7574,62878.7461,2.4049,1024,342
dsmem_loaded,12,0,1,1024,16384,0,0,42,0,2477510126,1030208512,151215.2177,62878.9375,2.4049,1024,343
dsmem_loaded,12,0,1,1024,16384,0,0,42,0,2477509618,1030208320,151215.1866,62878.9258,2.4049,1024,344
dsmem_loaded,12,0,1,1024,16384,0,0,42,0,2477505579,1030206624,151214.9401,62878.8223,2.4049,1024,345
dsmem_loaded,12,0,1,1024,16384,0,0,42,0,2477534161,1030218528,151216.6846,62879.5488,2.4049,1024,346
dsmem_loaded,12,0,1,1024,16384,0,0,42,0,2477509621,1030208352,151215.1868,62878.9277,2.4049,1024,347
dsmem_loaded,12,0,1,1024,16384,0,0,42,0,2477502582,1030205376,151214.7572,62878.7461,2.4049,1024,348
dsmem_loaded,12,0,1,1024,16384,0,0,42,0,2477502585,1030205408,151214.7574,62878.7480,2.4049,1024,349
dsmem_loaded,12,0,1,1024,16384,0,0,42,0,2477539542,1030220768,151217.0131,62879.6855,2.4049,1024,350
dsmem_loaded,12,0,1,1024,16384,0,0,42,0,2477502585,1030205376,151214.7574,62878.7461,2.4049,1024,351
dsmem_loaded,12,0,1,1024,16384,0,0,42,1,2477921364,1030379648,151240.3176,62889.3828,2.4049,1024,0
dsmem_loaded,12,0,1,1024,16384,0,0,42,1,2477988651,1030407648,151244.4245,62891.0918,2.4049,1024,1
dsmem_loaded,12,0,1,1024,16384,0,0,42,1,2477949615,1030391392,151242.0419,62890.0996,2.4049,1024,2
dsmem_loaded,12,0,1,1024,16384,0,0,42,1,2477935646,1030385568,151241.1893,62889.7441,2.4049,1024,3
dsmem_loaded,12,0,1,1024,16384,0,0,42,1,2478001778,1030413088,151245.2257,62891.4238,2.4049,1024,4
dsmem_loaded,12,0,1,1024,16384,0,0,42,1,2477934827,1030385280,151241.1393,62889.7266,2.4049,1024,5
dsmem_loaded,12,0,1,1024,16384,0,0,42,1,2477997883,1030411456,151244.9880,62891.3242,2.4049,1024,6
dsmem_loaded,12,0,1,1024,16384,0,0,42,1,2478002601,1030413440,151245.2759,62891.4453,2.4049,1024,7
dsmem_loaded,12,0,1,1024,16384,0,0,42,1,2477934495,1030385120,151241.1191,62889.7168,2.4049,1024,8
dsmem_loaded,12,0,1,1024,16384,0,0,42,1,2477934974,1030385312,151241.1483,62889.7285,2.4049,1024,9
dsmem_loaded,12,0,1,1024,16384,0,0,42,1,2477935815,1030385632,151241.1996,62889.7480,2.4049,1024,10
dsmem_loaded,12,0,1,1024,16384,0,0,42,1,2477948265,1030390816,151241.9595,62890.0645,2.4049,1024,11
dsmem_loaded,12,0,1,1024,16384,0,0,42,1,2477898873,1030370304,151238.9449,62888.8125,2.4049,1024,12
dsmem_loaded,12,0,1,1024,16384,0,0,42,1,2477930609,1030383520,151240.8819,62889.6191,2.4049,1024,13
dsmem_loaded,12,0,1,1024,16384,0,0,42,1,2477974142,1030401600,151243.5389,62890.7227,2.4049,1024,14
dsmem_loaded,12,0,1,1024,16384,0,0,42,1,2477935825,1030385696,151241.2003,62889.7520,2.4049,1024,15
dsmem_loaded,12,0,1,1024,16384,0,0,42,1,2477921710,1030379808,151240.3387,62889.3926,2.4049,1024,16
dsmem_loaded,12,0,1,1024,16384,0,0,42,1,2477921386,1030379680,151240.3190,62889.3848,2.4049,1024,17
dsmem_loaded,12,0,1,1024,16384,0,0,42,1,2477920363,1030379232,151240.2565,62889.3574,2.4049,1024,18
dsmem_loaded,12,0,1,1024,16384,0,0,42,1,2477941693,1030388096,151241.5584,62889.8984,2.4049,1024,19
dsmem_loaded,12,0,1,1024,16384,0,0,42,1,2477940034,1030387392,151241.4572,62889.8555,2.4049,1024,20
dsmem_loaded,12,0,1,1024,16384,0,0,42,1,2477920344,1030379232,151240.2554,62889.3574,2.4049,1024,21
dsmem_loaded,12,0,1,1024,16384,0,0,42,1,2477920532,1030379264,151240.2668,62889.3594,2.4049,1024,22
dsmem_loaded,12,0,1,1024,16384,0,0,42,1,2477940194,1030387456,151241.4669,62889.8594,2.4049,1024,23
dsmem_loaded,12,0,1,1024,16384,0,0,42,1,2477921543,1030379712,151240.3286,62889.3867,2.4049,1024,24
dsmem_loaded,12,0,1,1024,16384,0,0,42,1,2477920534,1030379296,151240.2670,62889.3613,2.4049,1024,25
dsmem_loaded,12,0,1,1024,16384,0,0,42,1,2477898873,1030370304,151238.9449,62888.8125,2.4049,1024,26
dsmem_loaded,12,0,1,1024,16384,0,0,42,1,2477898873,1030370304,151238.9449,62888.8125,2.4049,1024,27
dsmem_loaded,12,0,1,1024,16384,0,0,42,1,2477902055,1030371584,151239.1391,62888.8906,2.4049,1024,28
dsmem_loaded,12,0,1,1024,16384,0,0,42,1,2477898873,1030370304,151238.9449,62888.8125,2.4049,1024,29
dsmem_loaded,12,0,1,1024,16384,0,0,42,1,2477900863,1030371136,151239.0663,62888.8633,2.4049,1024,30
dsmem_loaded,12,0,1,1024,16384,0,0,42,1,2477902048,1030371648,151239.1387,62888.8945,2.4049,1024,31
dsmem_loaded,12,0,1,1024,16384,0,0,42,1,2477992469,1030409184,151244.6575,62891.1855,2.4049,1024,32
dsmem_loaded,12,0,1,1024,16384,0,0,42,1,2477960718,1030396032,151242.7196,62890.3828,2.4049,1024,33
dsmem_loaded,12,0,1,1024,16384,0,0,42,1,2478052150,1030434048,151248.3002,62892.7031,2.4049,1024,34
dsmem_loaded,12,0,1,1024,16384,0,0,42,1,2477977720,1030403072,151243.7573,62890.8125,2.4049,1024,35
dsmem_loaded,12,0,1,1024,16384,0,0,42,1,2477979391,1030403744,151243.8593,62890.8535,2.4049,1024,36
dsmem_loaded,12,0,1,1024,16384,0,0,42,1,2477966098,1030398272,151243.0480,62890.5195,2.4049,1024,37
dsmem_loaded,12,0,1,1024,16384,0,0,42,1,2477977020,1030402816,151243.7146,62890.7969,2.4049,1024,38
dsmem_loaded,12,0,1,1024,16384,0,0,42,1,2477934319,1030385024,151241.1083,62889.7109,2.4049,1024,39
dsmem_loaded,12,0,1,1024,16384,0,0,42,1,2477915491,1030377184,151239.9592,62889.2324,2.4049,1024,40
dsmem_loaded,12,0,1,1024,16384,0,0,42,1,2477938011,1030386592,151241.3337,62889.8066,2.4049,1024,41
dsmem_loaded,12,0,1,1024,16384,0,0,42,1,2477958684,1030395168,151242.5955,62890.3301,2.4049,1024,42
dsmem_loaded,12,0,1,1024,16384,0,0,42,1,2477930960,1030383680,151240.9033,62889.6289,2.4049,1024,43
dsmem_loaded,12,0,1,1024,16384,0,0,42,1,2477920359,1030379264,151240.2563,62889.3594,2.4049,1024,44
dsmem_loaded,12,0,1,1024,16384,0,0,42,1,2477944730,1030389376,151241.7438,62889.9766,2.4049,1024,45
dsmem_loaded,12,0,1,1024,16384,0,0,42,1,2477965397,1030397920,151243.0052,62890.4980,2.4049,1024,46
dsmem_loaded,12,0,1,1024,16384,0,0,42,1,2477905414,1030372992,151239.3441,62888.9766,2.4049,1024,47
dsmem_loaded,12,0,1,1024,16384,0,0,42,1,2477941548,1030388064,151241.5496,62889.8965,2.4049,1024,48
dsmem_loaded,12,0,1,1024,16384,0,0,42,1,2477903050,1030372032,151239.1998,62888.9180,2.4049,1024,49
dsmem_loaded,12,0,1,1024,16384,0,0,42,1,2477901036,1030371168,151239.0769,62888.8652,2.4049,1024,50
dsmem_loaded,12,0,1,1024,16384,0,0,42,1,2477911785,1030375680,151239.7330,62889.1406,2.4049,1024,51
dsmem_loaded,12,0,1,1024,16384,0,0,42,1,2477939868,1030387360,151241.4470,62889.8535,2.4049,1024,52
dsmem_loaded,12,0,1,1024,16384,0,0,42,1,2477946918,1030390272,151241.8773,62890.0312,2.4049,1024,53
dsmem_loaded,12,0,1,1024,16384,0,0,42,1,2477901212,1030371264,151239.0876,62888.8711,2.4049,1024,54
dsmem_loaded,12,0,1,1024,16384,0,0,42,1,2477911786,1030375680,151239.7330,62889.1406,2.4049,1024,55
dsmem_loaded,12,0,1,1024,16384,0,0,42,1,2477902215,1030371680,151239.1489,62888.8965,2.4049,1024,56
dsmem_loaded,12,0,1,1024,16384,0,0,42,1,2477936502,1030385952,151241.2416,62889.7676,2.4049,1024,57
dsmem_loaded,12,0,1,1024,16384,0,0,42,1,2477898873,1030370272,151238.9449,62888.8105,2.4049,1024,58
dsmem_loaded,12,0,1,1024,16384,0,0,42,1,2477898873,1030370272,151238.9449,62888.8105,2.4049,1024,59
dsmem_loaded,12,0,1,1024,16384,0,0,42,1,2477898873,1030370304,151238.9449,62888.8125,2.4049,1024,60
dsmem_loaded,12,0,1,1024,16384,0,0,42,1,2477898873,1030370304,151238.9449,62888.8125,2.4049,1024,61
dsmem_loaded,12,0,1,1024,16384,0,0,42,1,2477901211,1030371232,151239.0876,62888.8691,2.4049,1024,62
dsmem_loaded,12,0,1,1024,16384,0,0,42,1,2477918010,1030378272,151240.1129,62889.2988,2.4049,1024,63
dsmem_loaded,12,0,1,1024,16384,0,0,42,1,2477898873,1030370304,151238.9449,62888.8125,2.4049,1024,64
dsmem_loaded,12,0,1,1024,16384,0,0,42,1,2477981754,1030404800,151244.0035,62890.9180,2.4049,1024,65
dsmem_loaded,12,0,1,1024,16384,0,0,42,1,2477898874,1030370304,151238.9449,62888.8125,2.4049,1024,66
dsmem_loaded,12,0,1,1024,16384,0,0,42,1,2478029816,1030424768,151246.9370,62892.1367,2.4049,1024,67
dsmem_loaded,12,0,1,1024,16384,0,0,42,1,2477964589,1030397600,151242.9559,62890.4785,2.4049,1024,68
dsmem_loaded,12,0,1,1024,16384,0,0,42,1,2477939872,1030387328,151241.4473,62889.8516,2.4049,1024,69
dsmem_loaded,12,0,1,1024,16384,0,0,42,1,2477993530,1030409664,151244.7223,62891.2148,2.4049,1024,70
dsmem_loaded,12,0,1,1024,16384,0,0,42,1,2478011461,1030417152,151245.8167,62891.6719,2.4049,1024,71
dsmem_loaded,12,0,1,1024,16384,0,0,42,1,2477972503,1030400928,151243.4389,62890.6816,2.4049,1024,72
dsmem_loaded,12,0,1,1024,16384,0,0,42,1,2477920018,1030379104,151240.2355,62889.3496,2.4049,1024,73
dsmem_loaded,12,0,1,1024,16384,0,0,42,1,2477939033,1030387008,151241.3961,62889.8320,2.4049,1024,74
dsmem_loaded,12,0,1,1024,16384,0,0,42,1,2477983893,1030405632,151244.1341,62890.9688,2.4049,1024,75
dsmem_loaded,12,0,1,1024,16384,0,0,42,1,2477911954,1030375712,151239.7433,62889.1426,2.4049,1024,76
dsmem_loaded,12,0,1,1024,16384,0,0,42,1,2477924559,1030380992,151240.5126,62889.4648,2.4049,1024,77
dsmem_loaded,12,0,1,1024,16384,0,0,42,1,2477902216,1030371648,151239.1489,62888.8945,2.4049,1024,78
dsmem_loaded,12,0,1,1024,16384,0,0,42,1,2477898873,1030370272,151238.9449,62888.8105,2.4049,1024,79
dsmem_loaded,12,0,1,1024,16384,0,0,42,1,2477921367,1030379616,151240.3178,62889.3809,2.4049,1024,80
dsmem_loaded,12,0,1,1024,16384,0,0,42,1,2477917002,1030377824,151240.0514,62889.2715,2.4049,1024,81
dsmem_loaded,12,0,1,1024,16384,0,0,42,1,2477948263,1030390848,151241.9594,62890.0664,2.4049,1024,82
dsmem_loaded,12,0,1,1024,16384,0,0,42,1,2477978505,1030403424,151243.8052,62890.8340,2.4049,1024,83
dsmem_loaded,12,0,1,1024,16384,0,0,42,1,2477910277,1030375040,151239.6409,62889.1016,2.4049,1024,84
dsmem_loaded,12,0,1,1024,16384,0,0,42,1,2477900359,1030370880,151239.0356,62888.8477,2.4049,1024,85
dsmem_loaded,12,0,1,1024,16384,0,0,42,1,2477901872,1030371552,151239.1279,62888.8887,2.4049,1024,86
dsmem_loaded,12,0,1,1024,16384,0,0,42,1,2477903402,1030372192,151239.2213,62888.9277,2.4049,1024,87
dsmem_loaded,12,0,1,1024,16384,0,0,42,1,2477917346,1030377984,151240.0724,62889.2812,2.4049,1024,88
dsmem_loaded,12,0,1,1024,16384,0,0,42,1,2477901872,1030371584,151239.1279,62888.8906,2.4049,1024,89
dsmem_loaded,12,0,1,1024,16384,0,0,42,1,2477901199,1030371264,151239.0869,62888.8711,2.4049,1024,90
dsmem_loaded,12,0,1,1024,16384,0,0,42,1,2477901196,1030371264,151239.0867,62888.8711,2.4049,1024,91
dsmem_loaded,12,0,1,1024,16384,0,0,42,1,2477901705,1030371456,151239.1177,62888.8828,2.4049,1024,92
dsmem_loaded,12,0,1,1024,16384,0,0,42,1,2477898874,1030370304,151238.9449,62888.8125,2.4049,1024,93
dsmem_loaded,12,0,1,1024,16384,0,0,42,1,2477901708,1030371456,151239.1179,62888.8828,2.4049,1024,94
dsmem_loaded,12,0,1,1024,16384,0,0,42,1,2477900872,1030371104,151239.0669,62888.8613,2.4049,1024,95
dsmem_loaded,12,0,1,1024,16384,0,0,42,1,2477985609,1030406368,151244.2388,62891.0137,2.4049,1024,96
dsmem_loaded,12,0,1,1024,16384,0,0,42,1,2477901381,1030371360,151239.0980,62888.8770,2.4049,1024,97
dsmem_loaded,12,0,1,1024,16384,0,0,42,1,2477961907,1030396512,151242.7922,62890.4121,2.4049,1024,98
dsmem_loaded,12,0,1,1024,16384,0,0,42,1,2478013675,1030418016,151245.9518,62891.7246,2.4049,1024,99
dsmem_loaded,12,0,1,1024,16384,0,0,42,1,2478001217,1030412864,151245.1915,62891.4102,2.4049,1024,100
dsmem_loaded,12,0,1,1024,16384,0,0,42,1,2477962071,1030396576,151242.8022,62890.4160,2.4049,1024,101
dsmem_loaded,12,0,1,1024,16384,0,0,42,1,2477898873,1030370304,151238.9449,62888.8125,2.4049,1024,102
dsmem_loaded,12,0,1,1024,16384,0,0,42,1,2478021061,1030421120,151246.4026,62891.9141,2.4049,1024,103
dsmem_loaded,12,0,1,1024,16384,0,0,42,1,2477901711,1030371488,151239.1181,62888.8848,2.4049,1024,104
dsmem_loaded,12,0,1,1024,16384,0,0,42,1,2477911792,1030375680,151239.7334,62889.1406,2.4049,1024,105
dsmem_loaded,12,0,1,1024,16384,0,0,42,1,2477962924,1030396928,151242.8542,62890.4375,2.4049,1024,106
dsmem_loaded,12,0,1,1024,16384,0,0,42,1,2477998176,1030411584,151245.0059,62891.3320,2.4049,1024,107
dsmem_loaded,12,0,1,1024,16384,0,0,42,1,2477935811,1030385664,151241.1994,62889.7500,2.4049,1024,108
dsmem_loaded,12,0,1,1024,16384,0,0,42,1,2477920371,1030379200,151240.2570,62889.3555,2.4049,1024,109
dsmem_loaded,12,0,1,1024,16384,0,0,42,1,2477912794,1030376096,151239.7946,62889.1660,2.4049,1024,110
dsmem_loaded,12,0,1,1024,16384,0,0,42,1,2477901885,1030371552,151239.1287,62888.8887,2.4049,1024,111
dsmem_loaded,12,0,1,1024,16384,0,0,42,1,2477960531,1030395904,151242.7082,62890.3750,2.4049,1024,112
dsmem_loaded,12,0,1,1024,16384,0,0,42,1,2477921874,1030379872,151240.3488,62889.3965,2.4049,1024,113
dsmem_loaded,12,0,1,1024,16384,0,0,42,1,2477920370,1030379232,151240.2570,62889.3574,2.4049,1024,114
dsmem_loaded,12,0,1,1024,16384,0,0,42,1,2477940692,1030387712,151241.4973,62889.8750,2.4049,1024,115
dsmem_loaded,12,0,1,1024,16384,0,0,42,1,2477963735,1030397280,151242.9037,62890.4590,2.4049,1024,116
dsmem_loaded,12,0,1,1024,16384,0,0,42,1,2477898874,1030370304,151238.9449,62888.8125,2.4049,1024,117
dsmem_loaded,12,0,1,1024,16384,0,0,42,1,2477912137,1030375840,151239.7545,62889.1504,2.4049,1024,118
dsmem_loaded,12,0,1,1024,16384,0,0,42,1,2477900871,1030371136,151239.0668,62888.8633,2.4049,1024,119
dsmem_loaded,12,0,1,1024,16384,0,0,42,1,2477902221,1030371712,151239.1492,62888.8984,2.4049,1024,120
dsmem_loaded,12,0,1,1024,16384,0,0,42,1,2477912473,1030375936,151239.7750,62889.1562,2.4049,1024,121
dsmem_loaded,12,0,1,1024,16384,0,0,42,1,2477911466,1030375520,151239.7135,62889.1309,2.4049,1024,122
dsmem_loaded,12,0,1,1024,16384,0,0,42,1,2477902214,1030371712,151239.1488,62888.8984,2.4049,1024,123
dsmem_loaded,12,0,1,1024,16384,0,0,42,1,2477898873,1030370304,151238.9449,62888.8125,2.4049,1024,124
dsmem_loaded,12,0,1,1024,16384,0,0,42,1,2477901381,1030371328,151239.0980,62888.8750,2.4049,1024,125
dsmem_loaded,12,0,1,1024,16384,0,0,42,1,2477901543,1030371392,151239.1078,62888.8789,2.4049,1024,126
dsmem_loaded,12,0,1,1024,16384,0,0,42,1,2477898873,1030370240,151238.9449,62888.8086,2.4049,1024,127
dsmem_loaded,12,0,1,1024,16384,0,0,42,1,2477983941,1030405664,151244.1370,62890.9707,2.4049,1024,128
dsmem_loaded,12,0,1,1024,16384,0,0,42,1,2477975704,1030402240,151243.6343,62890.7617,2.4049,1024,129
dsmem_loaded,12,0,1,1024,16384,0,0,42,1,2477901707,1030371488,151239.1179,62888.8848,2.4049,1024,130
dsmem_loaded,12,0,1,1024,16384,0,0,42,1,2477996848,1030411040,151244.9248,62891.2988,2.4049,1024,131
dsmem_loaded,12,0,1,1024,16384,0,0,42,1,2477926429,1030381760,151240.6268,62889.5117,2.4049,1024,132
dsmem_loaded,12,0,1,1024,16384,0,0,42,1,2477920525,1030379296,151240.2664,62889.3613,2.4049,1024,133
dsmem_loaded,12,0,1,1024,16384,0,0,42,1,2477976712,1030402688,151243.6958,62890.7891,2.4049,1024,134
dsmem_loaded,12,0,1,1024,16384,0,0,42,1,2478023588,1030422144,151246.5569,62891.9766,2.4049,1024,135
dsmem_loaded,12,0,1,1024,16384,0,0,42,1,2477915666,1030377248,151239.9698,62889.2363,2.4049,1024,136
dsmem_loaded,12,0,1,1024,16384,0,0,42,1,2477924909,1030381120,151240.5340,62889.4727,2.4049,1024,137
dsmem_loaded,12,0,1,1024,16384,0,0,42,1,2477938692,1030386848,151241.3752,62889.8223,2.4049,1024,138
dsmem_loaded,12,0,1,1024,16384,0,0,42,1,2478050452,1030433376,151248.1965,62892.6621,2.4049,1024,139
dsmem_loaded,12,0,1,1024,16384,0,0,42,1,2477902376,1030371744,151239.1587,62888.9004,2.4049,1024,140
dsmem_loaded,12,0,1,1024,16384,0,0,42,1,2477916509,1030377600,151240.0213,62889.2578,2.4049,1024,141
dsmem_loaded,12,0,1,1024,16384,0,0,42,1,2477915312,1030377152,151239.9482,62889.2305,2.4049,1024,142
dsmem_loaded,12,0,1,1024,16384,0,0,42,1,2477969944,1030399872,151243.2827,62890.6172,2.4049,1024,143
dsmem_loaded,12,0,1,1024,16384,0,0,42,1,2477921205,1030379552,151240.3079,62889.3770,2.4049,1024,144
dsmem_loaded,12,0,1,1024,16384,0,0,42,1,2477915316,1030377120,151239.9485,62889.2285,2.4049,1024,145
dsmem_loaded,12,0,1,1024,16384,0,0,42,1,2477917004,1030377824,151240.0515,62889.2715,2.4049,1024,146
dsmem_loaded,12,0,1,1024,16384,0,0,42,1,2477952291,1030392544,151242.2053,62890.1699,2.4049,1024,147
dsmem_loaded,12,0,1,1024,16384,0,0,42,1,2477898873,1030370304,151238.9449,62888.8125,2.4049,1024,148
dsmem_loaded,12,0,1,1024,16384,0,0,42,1,2477915824,1030377376,151239.9795,62889.2441,2.4049,1024,149
dsmem_loaded,12,0,1,1024,16384,0,0,42,1,2477898873,1030370304,151238.9449,62888.8125,2.4049,1024,150
dsmem_loaded,12,0,1,1024,16384,0,0,42,1,2477898873,1030370272,151238.9449,62888.8105,2.4049,1024,151
dsmem_loaded,12,0,1,1024,16384,0,0,42,1,2477902545,1030371840,151239.1690,62888.9062,2.4049,1024,152
dsmem_loaded,12,0,1,1024,16384,0,0,42,1,2477917510,1030378048,151240.0824,62889.2852,2.4049,1024,153
dsmem_loaded,12,0,1,1024,16384,0,0,42,1,2477907575,1030373920,151239.4760,62889.0332,2.4049,1024,154
dsmem_loaded,12,0,1,1024,16384,0,0,42,1,2477901713,1030371456,151239.1182,62888.8828,2.4049,1024,155
dsmem_loaded,12,0,1,1024,16384,0,0,42,1,2477900364,1030370912,151239.0359,62888.8496,2.4049,1024,156
dsmem_loaded,12,0,1,1024,16384,0,0,42,1,2477898873,1030370304,151238.9449,62888.8125,2.4049,1024,157
dsmem_loaded,12,0,1,1024,16384,0,0,42,1,2477917334,1030377984,151240.0717,62889.2812,2.4049,1024,158
dsmem_loaded,12,0,1,1024,16384,0,0,42,1,2477901381,1030371296,151239.0980,62888.8730,2.4049,1024,159
dsmem_loaded,12,0,1,1024,16384,0,0,42,1,2477981080,1030404480,151243.9624,62890.8984,2.4049,1024,160
dsmem_loaded,12,0,1,1024,16384,0,0,42,1,2477981599,1030404704,151243.9941,62890.9121,2.4049,1024,161
dsmem_loaded,12,0,1,1024,16384,0,0,42,1,2477902381,1030371776,151239.1590,62888.9023,2.4049,1024,162
dsmem_loaded,12,0,1,1024,16384,0,0,42,1,2478002049,1030413184,151245.2422,62891.4297,2.4049,1024,163
dsmem_loaded,12,0,1,1024,16384,0,0,42,1,2477948109,1030390816,151241.9500,62890.0645,2.4049,1024,164
dsmem_loaded,12,0,1,1024,16384,0,0,42,1,2477947781,1030390624,151241.9300,62890.0527,2.4049,1024,165
dsmem_loaded,12,0,1,1024,16384,0,0,42,1,2478015707,1030418880,151246.0759,62891.7773,2.4049,1024,166
dsmem_loaded,12,0,1,1024,16384,0,0,42,1,2478002770,1030413504,151245.2863,62891.4492,2.4049,1024,167
dsmem_loaded,12,0,1,1024,16384,0,0,42,1,2477915498,1030377184,151239.9596,62889.2324,2.4049,1024,168
dsmem_loaded,12,0,1,1024,16384,0,0,42,1,2477929942,1030383200,151240.8412,62889.5996,2.4049,1024,169
dsmem_loaded,12,0,1,1024,16384,0,0,42,1,2477967434,1030398816,151243.1295,62890.5527,2.4049,1024,170
dsmem_loaded,12,0,1,1024,16384,0,0,42,1,2477944232,1030389152,151241.7134,62889.9629,2.4049,1024,171
dsmem_loaded,12,0,1,1024,16384,0,0,42,1,2477921363,1030379616,151240.3176,62889.3809,2.4049,1024,172
dsmem_loaded,12,0,1,1024,16384,0,0,42,1,2477900529,1030370944,151239.0460,62888.8516,2.4049,1024,173
dsmem_loaded,12,0,1,1024,16384,0,0,42,1,2477977333,1030402944,151243.7337,62890.8047,2.4049,1024,174
dsmem_loaded,12,0,1,1024,16384,0,0,42,1,2477926919,1030381984,151240.6567,62889.5254,2.4049,1024,175
dsmem_loaded,12,0,1,1024,16384,0,0,42,1,2477912305,1030375872,151239.7647,62889.1523,2.4049,1024,176
dsmem_loaded,12,0,1,1024,16384,0,0,42,1,2477916658,1030377728,151240.0304,62889.2656,2.4049,1024,177
dsmem_loaded,12,0,1,1024,16384,0,0,42,1,2477944895,1030389440,151241.7538,62889.9805,2.4049,1024,178
dsmem_loaded,12,0,1,1024,16384,0,0,42,1,2477950104,1030391616,151242.0718,62890.1133,2.4049,1024,179
dsmem_loaded,12,0,1,1024,16384,0,0,42,1,2477902217,1030371648,151239.1490,62888.8945,2.4049,1024,180
dsmem_loaded,12,0,1,1024,16384,0,0,42,1,2477901703,1030371456,151239.1176,62888.8828,2.4049,1024,181
dsmem_loaded,12,0,1,1024,16384,0,0,42,1,2477901035,1030371200,151239.0768,62888.8672,2.4049,1024,182
dsmem_loaded,12,0,1,1024,16384,0,0,42,1,2477940700,1030387712,151241.4978,62889.8750,2.4049,1024,183
dsmem_loaded,12,0,1,1024,16384,0,0,42,1,2477901893,1030371520,151239.1292,62888.8867,2.4049,1024,184
dsmem_loaded,12,0,1,1024,16384,0,0,42,1,2477902385,1030371712,151239.1592,62888.8984,2.4049,1024,185
dsmem_loaded,12,0,1,1024,16384,0,0,42,1,2477945243,1030389568,151241.7751,62889.9883,2.4049,1024,186
dsmem_loaded,12,0,1,1024,16384,0,0,42,1,2477898873,1030370304,151238.9449,62888.8125,2.4049,1024,187
dsmem_loaded,12,0,1,1024,16384,0,0,42,1,2477898874,1030370304,151238.9449,62888.8125,2.4049,1024,188
dsmem_loaded,12,0,1,1024,16384,0,0,42,1,2477898874,1030370304,151238.9449,62888.8125,2.4049,1024,189
dsmem_loaded,12,0,1,1024,16384,0,0,42,1,2477898873,1030370240,151238.9449,62888.8086,2.4049,1024,190
dsmem_loaded,12,0,1,1024,16384,0,0,42,1,2477902214,1030371680,151239.1488,62888.8965,2.4049,1024,191
dsmem_loaded,12,0,1,1024,16384,0,0,42,1,2477900686,1030371072,151239.0555,62888.8594,2.4049,1024,192
dsmem_loaded,12,0,1,1024,16384,0,0,42,1,2477995214,1030410336,151244.8251,62891.2559,2.4049,1024,193
dsmem_loaded,12,0,1,1024,16384,0,0,42,1,2478014986,1030418592,151246.0319,62891.7598,2.4049,1024,194
dsmem_loaded,12,0,1,1024,16384,0,0,42,1,2477989820,1030408096,151244.4958,62891.1191,2.4049,1024,195
dsmem_loaded,12,0,1,1024,16384,0,0,42,1,2478001078,1030412800,151245.1830,62891.4062,2.4049,1024,196
dsmem_loaded,12,0,1,1024,16384,0,0,42,1,2477914651,1030376864,151239.9079,62889.2129,2.4049,1024,197
dsmem_loaded,12,0,1,1024,16384,0,0,42,1,2477928928,1030382784,151240.7793,62889.5742,2.4049,1024,198
dsmem_loaded,12,0,1,1024,16384,0,0,42,1,2477929449,1030383008,151240.8111,62889.5879,2.4049,1024,199
dsmem_loaded,12,0,1,1024,16384,0,0,42,1,2477962389,1030396736,151242.8216,62890.4258,2.4049,1024,200
dsmem_loaded,12,0,1,1024,16384,0,0,42,1,2477924739,1030381024,151240.5236,62889.4668,2.4049,1024,201
dsmem_loaded,12,0,1,1024,16384,0,0,42,1,2477985107,1030406176,151244.2082,62891.0020,2.4049,1024,202
dsmem_loaded,12,0,1,1024,16384,0,0,42,1,2477922201,1030380000,151240.3687,62889.4043,2.4049,1024,203
dsmem_loaded,12,0,1,1024,16384,0,0,42,1,2478007249,1030415360,151245.5596,62891.5625,2.4049,1024,204
dsmem_loaded,12,0,1,1024,16384,0,0,42,1,2477917169,1030377920,151240.0616,62889.2773,2.4049,1024,205
dsmem_loaded,12,0,1,1024,16384,0,0,42,1,2477927068,1030382016,151240.6658,62889.5273,2.4049,1024,206
dsmem_loaded,12,0,1,1024,16384,0,0,42,1,2477920712,1030379360,151240.2778,62889.3652,2.4049,1024,207
dsmem_loaded,12,0,1,1024,16384,0,0,42,1,2477917168,1030377952,151240.0615,62889.2793,2.4049,1024,208
dsmem_loaded,12,0,1,1024,16384,0,0,42,1,2477900711,1030371072,151239.0571,62888.8594,2.4049,1024,209
dsmem_loaded,12,0,1,1024,16384,0,0,42,1,2477931278,1030383776,151240.9227,62889.6348,2.4049,1024,210
dsmem_loaded,12,0,1,1024,16384,0,0,42,1,2477922384,1030380064,151240.3799,62889.4082,2.4049,1024,211
dsmem_loaded,12,0,1,1024,16384,0,0,42,1,2477920206,1030379136,151240.2469,62889.3516,2.4049,1024,212
dsmem_loaded,12,0,1,1024,16384,0,0,42,1,2477902031,1030371616,151239.1376,62888.8926,2.4049,1024,213
dsmem_loaded,12,0,1,1024,16384,0,0,42,1,2477940880,1030387776,151241.5088,62889.8789,2.4049,1024,214
dsmem_loaded,12,0,1,1024,16384,0,0,42,1,2477921708,1030379776,151240.3386,62889.3906,2.4049,1024,215
dsmem_loaded,12,0,1,1024,16384,0,0,42,1,2477941714,1030388096,151241.5597,62889.8984,2.4049,1024,216
dsmem_loaded,12,0,1,1024,16384,0,0,42,1,2477903893,1030372352,151239.2513,62888.9375,2.4049,1024,217
dsmem_loaded,12,0,1,1024,16384,0,0,42,1,2477902033,1030371616,151239.1378,62888.8926,2.4049,1024,218
dsmem_loaded,12,0,1,1024,16384,0,0,42,1,2477922377,1030380096,151240.3795,62889.4102,2.4049,1024,219
dsmem_loaded,12,0,1,1024,16384,0,0,42,1,2477898873,1030370272,151238.9449,62888.8105,2.4049,1024,220
dsmem_loaded,12,0,1,1024,16384,0,0,42,1,2477898874,1030370304,151238.9449,62888.8125,2.4049,1024,221
dsmem_loaded,12,0,1,1024,16384,0,0,42,1,2477898873,1030370304,151238.9449,62888.8125,2.4049,1024,222
dsmem_loaded,12,0,1,1024,16384,0,0,42,1,2477898873,1030370304,151238.9449,62888.8125,2.4049,1024,223
dsmem_loaded,12,0,1,1024,16384,0,0,42,1,2477898873,1030370304,151238.9449,62888.8125,2.4049,1024,224
dsmem_loaded,12,0,1,1024,16384,0,0,42,1,2477971320,1030400448,151243.3667,62890.6523,2.4049,1024,225
dsmem_loaded,12,0,1,1024,16384,0,0,42,1,2477988600,1030407584,151244.4214,62891.0879,2.4049,1024,226
dsmem_loaded,12,0,1,1024,16384,0,0,42,1,2477995361,1030410400,151244.8340,62891.2598,2.4049,1024,227
dsmem_loaded,12,0,1,1024,16384,0,0,42,1,2477983609,1030405536,151244.1168,62890.9629,2.4049,1024,228
dsmem_loaded,12,0,1,1024,16384,0,0,42,1,2477979566,1030403872,151243.8700,62890.8613,2.4049,1024,229
dsmem_loaded,12,0,1,1024,16384,0,0,42,1,2477960030,1030395744,151242.6776,62890.3652,2.4049,1024,230
dsmem_loaded,12,0,1,1024,16384,0,0,42,1,2477982227,1030404992,151244.0324,62890.9297,2.4049,1024,231
dsmem_loaded,12,0,1,1024,16384,0,0,42,1,2477979560,1030403872,151243.8696,62890.8613,2.4049,1024,232
dsmem_loaded,12,0,1,1024,16384,0,0,42,1,2477911616,1030375584,151239.7227,62889.1348,2.4049,1024,233
dsmem_loaded,12,0,1,1024,16384,0,0,42,1,2478003761,1030413888,151245.3467,62891.4727,2.4049,1024,234
dsmem_loaded,12,0,1,1024,16384,0,0,42,1,2477984563,1030405952,151244.1750,62890.9883,2.4049,1024,235
dsmem_loaded,12,0,1,1024,16384,0,0,42,1,2477933984,1030384896,151241.0879,62889.7031,2.4049,1024,236
dsmem_loaded,12,0,1,1024,16384,0,0,42,1,2477901218,1030371264,151239.0880,62888.8711,2.4049,1024,237
dsmem_loaded,12,0,1,1024,16384,0,0,42,1,2477898873,1030370272,151238.9449,62888.8105,2.4049,1024,238
dsmem_loaded,12,0,1,1024,16384,0,0,42,1,2477902035,1030371616,151239.1379,62888.8926,2.4049,1024,239
dsmem_loaded,12,0,1,1024,16384,0,0,42,1,2477916172,1030377504,151240.0007,62889.2520,2.4049,1024,240
dsmem_loaded,12,0,1,1024,16384,0,0,42,1,2477920869,1030379424,151240.2874,62889.3691,2.4049,1024,241
dsmem_loaded,12,0,1,1024,16384,0,0,42,1,2477941195,1030387904,151241.5280,62889.8867,2.4049,1024,242
dsmem_loaded,12,0,1,1024,16384,0,0,42,1,2477965057,1030397760,151242.9844,62890.4883,2.4049,1024,243
dsmem_loaded,12,0,1,1024,16384,0,0,42,1,2477916836,1030377792,151240.0413,62889.2695,2.4049,1024,244
dsmem_loaded,12,0,1,1024,16384,0,0,42,1,2477898873,1030370336,151238.9449,62888.8145,2.4049,1024,245
dsmem_loaded,12,0,1,1024,16384,0,0,42,1,2477901202,1030371264,151239.0870,62888.8711,2.4049,1024,246
dsmem_loaded,12,0,1,1024,16384,0,0,42,1,2477970946,1030400256,151243.3439,62890.6406,2.4049,1024,247
dsmem_loaded,12,0,1,1024,16384,0,0,42,1,2477902219,1030371680,151239.1491,62888.8965,2.4049,1024,248
dsmem_loaded,12,0,1,1024,16384,0,0,42,1,2477916840,1030377792,151240.0415,62889.2695,2.4049,1024,249
dsmem_loaded,12,0,1,1024,16384,0,0,42,1,2477919857,1030379008,151240.2256,62889.3438,2.4049,1024,250
dsmem_loaded,12,0,1,1024,16384,0,0,42,1,2477901219,1030371264,151239.0881,62888.8711,2.4049,1024,251
dsmem_loaded,12,0,1,1024,16384,0,0,42,1,2477902215,1030371680,151239.1489,62888.8965,2.4049,1024,252
dsmem_loaded,12,0,1,1024,16384,0,0,42,1,2477901527,1030371392,151239.1069,62888.8789,2.4049,1024,253
dsmem_loaded,12,0,1,1024,16384,0,0,42,1,2477939685,1030387264,151241.4359,62889.8477,2.4049,1024,254
dsmem_loaded,12,0,1,1024,16384,0,0,42,1,2477898873,1030370272,151238.9449,62888.8105,2.4049,1024,255
dsmem_loaded,12,0,1,1024,16384,0,0,42,1,2477901887,1030371552,151239.1288,62888.8887,2.4049,1024,256
dsmem_loaded,12,0,1,1024,16384,0,0,42,1,2477901542,1030371424,151239.1078,62888.8809,2.4049,1024,257
dsmem_loaded,12,0,1,1024,16384,0,0,42,1,2477972322,1030400864,151243.4279,62890.6777,2.4049,1024,258
dsmem_loaded,12,0,1,1024,16384,0,0,42,1,2477998218,1030411616,151245.0084,62891.3340,2.4049,1024,259
dsmem_loaded,12,0,1,1024,16384,0,0,42,1,2477988603,1030407616,151244.4216,62891.0898,2.4049,1024,260
dsmem_loaded,12,0,1,1024,16384,0,0,42,1,2477963752,1030397280,151242.9048,62890.4590,2.4049,1024,261
dsmem_loaded,12,0,1,1024,16384,0,0,42,1,2477936672,1030386048,151241.2520,62889.7734,2.4049,1024,262
dsmem_loaded,12,0,1,1024,16384,0,0,42,1,2477949451,1030391328,151242.0319,62890.0957,2.4049,1024,263
dsmem_loaded,12,0,1,1024,16384,0,0,42,1,2478010318,1030416640,151245.7469,62891.6406,2.4049,1024,264
dsmem_loaded,12,0,1,1024,16384,0,0,42,1,2477933483,1030384704,151241.0573,62889.6914,2.4049,1024,265
dsmem_loaded,12,0,1,1024,16384,0,0,42,1,2477926402,1030381728,151240.6251,62889.5098,2.4049,1024,266
dsmem_loaded,12,0,1,1024,16384,0,0,42,1,2477936822,1030386080,151241.2611,62889.7754,2.4049,1024,267
dsmem_loaded,12,0,1,1024,16384,0,0,42,1,2477979006,1030403584,151243.8358,62890.8438,2.4049,1024,268
dsmem_loaded,12,0,1,1024,16384,0,0,42,1,2477919696,1030378944,151240.2158,62889.3398,2.4049,1024,269
dsmem_loaded,12,0,1,1024,16384,0,0,42,1,2477916152,1030377472,151239.9995,62889.2500,2.4049,1024,270
dsmem_loaded,12,0,1,1024,16384,0,0,42,1,2477921041,1030379520,151240.2979,62889.3750,2.4049,1024,271
dsmem_loaded,12,0,1,1024,16384,0,0,42,1,2477973472,1030401312,151243.4980,62890.7051,2.4049,1024,272
dsmem_loaded,12,0,1,1024,16384,0,0,42,1,2477917335,1030377952,151240.0717,62889.2793,2.4049,1024,273
dsmem_loaded,12,0,1,1024,16384,0,0,42,1,2477917674,1030378144,151240.0924,62889.2910,2.4049,1024,274
dsmem_loaded,12,0,1,1024,16384,0,0,42,1,2477925578,1030381408,151240.5748,62889.4902,2.4049,1024,275
dsmem_loaded,12,0,1,1024,16384,0,0,42,1,2477900364,1030370912,151239.0359,62888.8496,2.4049,1024,276
dsmem_loaded,12,0,1,1024,16384,0,0,42,1,2477901873,1030371488,151239.1280,62888.8848,2.4049,1024,277
dsmem_loaded,12,0,1,1024,16384,0,0,42,1,2477898873,1030370304,151238.9449,62888.8125,2.4049,1024,278
dsmem_loaded,12,0,1,1024,16384,0,0,42,1,2477898873,1030370272,151238.9449,62888.8105,2.4049,1024,279
dsmem_loaded,12,0,1,1024,16384,0,0,42,1,2477901544,1030371424,151239.1079,62888.8809,2.4049,1024,280
dsmem_loaded,12,0,1,1024,16384,0,0,42,1,2477902886,1030372000,151239.1898,62888.9160,2.4049,1024,281
dsmem_loaded,12,0,1,1024,16384,0,0,42,1,2477910109,1030374944,151239.6307,62889.0957,2.4049,1024,282
dsmem_loaded,12,0,1,1024,16384,0,0,42,1,2477915828,1030377344,151239.9797,62889.2422,2.4049,1024,283
dsmem_loaded,12,0,1,1024,16384,0,0,42,1,2477898873,1030370240,151238.9449,62888.8086,2.4049,1024,284
dsmem_loaded,12,0,1,1024,16384,0,0,42,1,2477898873,1030370304,151238.9449,62888.8125,2.4049,1024,285
dsmem_loaded,12,0,1,1024,16384,0,0,42,1,2477920541,1030379296,151240.2674,62889.3613,2.4049,1024,286
dsmem_loaded,12,0,1,1024,16384,0,0,42,1,2477919195,1030378752,151240.1852,62889.3281,2.4049,1024,287
dsmem_loaded,12,0,1,1024,16384,0,0,42,1,2477998368,1030411648,151245.0176,62891.3359,2.4049,1024,288
dsmem_loaded,12,0,1,1024,16384,0,0,42,1,2477981412,1030404608,151243.9827,62890.9062,2.4049,1024,289
dsmem_loaded,12,0,1,1024,16384,0,0,42,1,2477976197,1030402464,151243.6644,62890.7754,2.4049,1024,290
dsmem_loaded,12,0,1,1024,16384,0,0,42,1,2477902870,1030371936,151239.1888,62888.9121,2.4049,1024,291
dsmem_loaded,12,0,1,1024,16384,0,0,42,1,2478000376,1030412544,151245.1401,62891.3906,2.4049,1024,292
dsmem_loaded,12,0,1,1024,16384,0,0,42,1,2477971478,1030400512,151243.3763,62890.6562,2.4049,1024,293
dsmem_loaded,12,0,1,1024,16384,0,0,42,1,2477971804,1030400640,151243.3962,62890.6641,2.4049,1024,294
dsmem_loaded,12,0,1,1024,16384,0,0,42,1,2477962908,1030396896,151242.8533,62890.4355,2.4049,1024,295
dsmem_loaded,12,0,1,1024,16384,0,0,42,1,2477972801,1030401024,151243.4571,62890.6875,2.4049,1024,296
dsmem_loaded,12,0,1,1024,16384,0,0,42,1,2477949087,1030391168,151242.0097,62890.0859,2.4049,1024,297
dsmem_loaded,12,0,1,1024,16384,0,0,42,1,2477966764,1030398560,151243.0886,62890.5371,2.4049,1024,298
dsmem_loaded,12,0,1,1024,16384,0,0,42,1,2477929602,1030383104,151240.8204,62889.5938,2.4049,1024,299
dsmem_loaded,12,0,1,1024,16384,0,0,42,1,2477901526,1030371424,151239.1068,62888.8809,2.4049,1024,300
dsmem_loaded,12,0,1,1024,16384,0,0,42,1,2477953479,1030392992,151242.2778,62890.1973,2.4049,1024,301
dsmem_loaded,12,0,1,1024,16384,0,0,42,1,2477978511,1030403392,151243.8056,62890.8320,2.4049,1024,302
dsmem_loaded,12,0,1,1024,16384,0,0,42,1,2477906072,1030373312,151239.3843,62888.9961,2.4049,1024,303
dsmem_loaded,12,0,1,1024,16384,0,0,42,1,2477982541,1030405056,151244.0516,62890.9336,2.4049,1024,304
dsmem_loaded,12,0,1,1024,16384,0,0,42,1,2477954487,1030393440,151242.3393,62890.2246,2.4049,1024,305
dsmem_loaded,12,0,1,1024,16384,0,0,42,1,2477944563,1030389280,151241.7336,62889.9707,2.4049,1024,306
dsmem_loaded,12,0,1,1024,16384,0,0,42,1,2477916334,1030377536,151240.0106,62889.2539,2.4049,1024,307
dsmem_loaded,12,0,1,1024,16384,0,0,42,1,2477898873,1030370240,151238.9449,62888.8086,2.4049,1024,308
dsmem_loaded,12,0,1,1024,16384,0,0,42,1,2477898873,1030370304,151238.9449,62888.8125,2.4049,1024,309
dsmem_loaded,12,0,1,1024,16384,0,0,42,1,2477901383,1030371328,151239.0981,62888.8750,2.4049,1024,310
dsmem_loaded,12,0,1,1024,16384,0,0,42,1,2477915312,1030377152,151239.9482,62889.2305,2.4049,1024,311
dsmem_loaded,12,0,1,1024,16384,0,0,42,1,2477901358,1030371360,151239.0966,62888.8770,2.4049,1024,312
dsmem_loaded,12,0,1,1024,16384,0,0,42,1,2477901040,1030371200,151239.0771,62888.8672,2.4049,1024,313
dsmem_loaded,12,0,1,1024,16384,0,0,42,1,2477902384,1030371776,151239.1592,62888.9023,2.4049,1024,314
dsmem_loaded,12,0,1,1024,16384,0,0,42,1,2477901386,1030371328,151239.0983,62888.8750,2.4049,1024,315
dsmem_loaded,12,0,1,1024,16384,0,0,42,1,2477901874,1030371520,151239.1281,62888.8867,2.4049,1024,316
dsmem_loaded,12,0,1,1024,16384,0,0,42,1,2477902888,1030371968,151239.1899,62888.9141,2.4049,1024,317
dsmem_loaded,12,0,1,1024,16384,0,0,42,1,2477898873,1030370304,151238.9449,62888.8125,2.4049,1024,318
dsmem_loaded,12,0,1,1024,16384,0,0,42,1,2477898873,1030370272,151238.9449,62888.8105,2.4049,1024,319
dsmem_loaded,12,0,1,1024,16384,0,0,42,1,2478009488,1030416320,151245.6963,62891.6211,2.4049,1024,320
dsmem_loaded,12,0,1,1024,16384,0,0,42,1,2478004436,1030414208,151245.3879,62891.4922,2.4049,1024,321
dsmem_loaded,12,0,1,1024,16384,0,0,42,1,2477959380,1030395456,151242.6379,62890.3477,2.4049,1024,322
dsmem_loaded,12,0,1,1024,16384,0,0,42,1,2477963083,1030397024,151242.8640,62890.4434,2.4049,1024,323
dsmem_loaded,12,0,1,1024,16384,0,0,42,1,2477996020,1030410720,151244.8743,62891.2793,2.4049,1024,324
dsmem_loaded,12,0,1,1024,16384,0,0,42,1,2478000364,1030412544,151245.1394,62891.3906,2.4049,1024,325
dsmem_loaded,12,0,1,1024,16384,0,0,42,1,2477928607,1030382688,151240.7597,62889.5684,2.4049,1024,326
dsmem_loaded,12,0,1,1024,16384,0,0,42,1,2477936155,1030385792,151241.2204,62889.7578,2.4049,1024,327
dsmem_loaded,12,0,1,1024,16384,0,0,42,1,2477991952,1030408992,151244.6260,62891.1738,2.4049,1024,328
dsmem_loaded,12,0,1,1024,16384,0,0,42,1,2477967930,1030399008,151243.1598,62890.5645,2.4049,1024,329
dsmem_loaded,12,0,1,1024,16384,0,0,42,1,2477937523,1030386368,151241.3039,62889.7930,2.4049,1024,330
dsmem_loaded,12,0,1,1024,16384,0,0,42,1,2477970981,1030400288,151243.3460,62890.6426,2.4049,1024,331
dsmem_loaded,12,0,1,1024,16384,0,0,42,1,2477902054,1030371616,151239.1390,62888.8926,2.4049,1024,332
dsmem_loaded,12,0,1,1024,16384,0,0,42,1,2477972631,1030400960,151243.4467,62890.6836,2.4049,1024,333
dsmem_loaded,12,0,1,1024,16384,0,0,42,1,2477898874,1030370272,151238.9449,62888.8105,2.4049,1024,334
dsmem_loaded,12,0,1,1024,16384,0,0,42,1,2477898873,1030370304,151238.9449,62888.8125,2.4049,1024,335
dsmem_loaded,12,0,1,1024,16384,0,0,42,1,2477953812,1030393120,151242.2981,62890.2051,2.4049,1024,336
dsmem_loaded,12,0,1,1024,16384,0,0,42,1,2477901872,1030371552,151239.1279,62888.8887,2.4049,1024,337
dsmem_loaded,12,0,1,1024,16384,0,0,42,1,2477916316,1030377536,151240.0095,62889.2539,2.4049,1024,338
dsmem_loaded,12,0,1,1024,16384,0,0,42,1,2477906415,1030373408,151239.4052,62889.0020,2.4049,1024,339
dsmem_loaded,12,0,1,1024,16384,0,0,42,1,2477898873,1030370240,151238.9449,62888.8086,2.4049,1024,340
dsmem_loaded,12,0,1,1024,16384,0,0,42,1,2477898873,1030370240,151238.9449,62888.8086,2.4049,1024,341
dsmem_loaded,12,0,1,1024,16384,0,0,42,1,2477916153,1030377472,151239.9996,62889.2500,2.4049,1024,342
dsmem_loaded,12,0,1,1024,16384,0,0,42,1,2477914825,1030376928,151239.9185,62889.2168,2.4049,1024,343
dsmem_loaded,12,0,1,1024,16384,0,0,42,1,2477901378,1030371328,151239.0978,62888.8750,2.4049,1024,344
dsmem_loaded,12,0,1,1024,16384,0,0,42,1,2477901714,1030371488,151239.1183,62888.8848,2.4049,1024,345
dsmem_loaded,12,0,1,1024,16384,0,0,42,1,2477915500,1030377216,151239.9597,62889.2344,2.4049,1024,346
dsmem_loaded,12,0,1,1024,16384,0,0,42,1,2477915478,1030377216,151239.9584,62889.2344,2.4049,1024,347
dsmem_loaded,12,0,1,1024,16384,0,0,42,1,2477900530,1030370976,151239.0460,62888.8535,2.4049,1024,348
dsmem_loaded,12,0,1,1024,16384,0,0,42,1,2477900694,1030371008,151239.0560,62888.8555,2.4049,1024,349
dsmem_loaded,12,0,1,1024,16384,0,0,42,1,2477901545,1030371392,151239.1080,62888.8789,2.4049,1024,350
dsmem_loaded,12,0,1,1024,16384,0,0,42,1,2477920879,1030379424,151240.2880,62889.3691,2.4049,1024,351
dsmem_loaded,12,0,1,1024,16384,0,0,42,2,2478100878,1030451776,151251.2743,62893.7852,2.4049,1024,0
dsmem_loaded,12,0,1,1024,16384,0,0,42,2,2477981690,1030402176,151243.9996,62890.7578,2.4049,1024,1
dsmem_loaded,12,0,1,1024,16384,0,0,42,2,2478017455,1030417088,151246.1826,62891.6680,2.4049,1024,2
dsmem_loaded,12,0,1,1024,16384,0,0,42,2,2477984184,1030403232,151244.1519,62890.8223,2.4049,1024,3
dsmem_loaded,12,0,1,1024,16384,0,0,42,2,2478050419,1030430752,151248.1945,62892.5020,2.4049,1024,4
dsmem_loaded,12,0,1,1024,16384,0,0,42,2,2478081025,1030443488,151250.0626,62893.2793,2.4049,1024,5
dsmem_loaded,12,0,1,1024,16384,0,0,42,2,2478081377,1030443680,151250.0840,62893.2910,2.4049,1024,6
dsmem_loaded,12,0,1,1024,16384,0,0,42,2,2478011750,1030414720,151245.8344,62891.5234,2.4049,1024,7
dsmem_loaded,12,0,1,1024,16384,0,0,42,2,2478037957,1030425568,151247.4339,62892.1855,2.4049,1024,8
dsmem_loaded,12,0,1,1024,16384,0,0,42,2,2477999984,1030409792,151245.1162,62891.2227,2.4049,1024,9
dsmem_loaded,12,0,1,1024,16384,0,0,42,2,2478009229,1030413632,151245.6805,62891.4570,2.4049,1024,10
dsmem_loaded,12,0,1,1024,16384,0,0,42,2,2478062033,1030435648,151248.9034,62892.8008,2.4049,1024,11
dsmem_loaded,12,0,1,1024,16384,0,0,42,2,2477981689,1030402240,151243.9996,62890.7617,2.4049,1024,12
dsmem_loaded,12,0,1,1024,16384,0,0,42,2,2478003677,1030411328,151245.3416,62891.3164,2.4049,1024,13
dsmem_loaded,12,0,1,1024,16384,0,0,42,2,2477981689,1030402208,151243.9996,62890.7598,2.4049,1024,14
dsmem_loaded,12,0,1,1024,16384,0,0,42,2,2477995123,1030407776,151244.8195,62891.0996,2.4049,1024,15
dsmem_loaded,12,0,1,1024,16384,0,0,42,2,2478029048,1030421920,151246.8901,62891.9629,2.4049,1024,16
dsmem_loaded,12,0,1,1024,16384,0,0,42,2,2478044541,1030428352,151247.8358,62892.3555,2.4049,1024,17
dsmem_loaded,12,0,1,1024,16384,0,0,42,2,2478003841,1030411424,151245.3516,62891.3223,2.4049,1024,18
dsmem_loaded,12,0,1,1024,16384,0,0,42,2,2478000483,1030410048,151245.1467,62891.2383,2.4049,1024,19
dsmem_loaded,12,0,1,1024,16384,0,0,42,2,2478032768,1030423456,151247.1172,62892.0566,2.4049,1024,20
dsmem_loaded,12,0,1,1024,16384,0,0,42,2,2477984357,1030403264,151244.1624,62890.8242,2.4049,1024,21
dsmem_loaded,12,0,1,1024,16384,0,0,42,2,2478022179,1030419008,151246.4709,62891.7852,2.4049,1024,22
dsmem_loaded,12,0,1,1024,16384,0,0,42,2,2477985192,1030403648,151244.2134,62890.8477,2.4049,1024,23
dsmem_loaded,12,0,1,1024,16384,0,0,42,2,2478022182,1030419008,151246.4711,62891.7852,2.4049,1024,24
dsmem_loaded,12,0,1,1024,16384,0,0,42,2,2477985370,1030403712,151244.2242,62890.8516,2.4049,1024,25
dsmem_loaded,12,0,1,1024,16384,0,0,42,2,2477983855,1030403104,151244.1318,62890.8145,2.4049,1024,26
dsmem_loaded,12,0,1,1024,16384,0,0,42,2,2477983179,1030402816,151244.0905,62890.7969,2.4049,1024,27
dsmem_loaded,12,0,1,1024,16384,0,0,42,2,2477984199,1030403232,151244.1528,62890.8223,2.4049,1024,28
dsmem_loaded,12,0,1,1024,16384,0,0,42,2,2477983351,1030402880,151244.1010,62890.8008,2.4049,1024,29
dsmem_loaded,12,0,1,1024,16384,0,0,42,2,2478003857,1030411424,151245.3526,62891.3223,2.4049,1024,30
dsmem_loaded,12,0,1,1024,16384,0,0,42,2,2477981690,1030402208,151243.9996,62890.7598,2.4049,1024,31
dsmem_loaded,12,0,1,1024,16384,0,0,42,2,2478082378,1030444096,151250.1451,62893.3164,2.4049,1024,32
dsmem_loaded,12,0,1,1024,16384,0,0,42,2,2478089952,1030447200,151250.6074,62893.5059,2.4049,1024,33
dsmem_loaded,12,0,1,1024,16384,0,0,42,2,2478019306,1030417856,151246.2955,62891.7148,2.4049,1024,34
dsmem_loaded,12,0,1,1024,16384,0,0,42,2,2478092963,1030448480,151250.7912,62893.5840,2.4049,1024,35
dsmem_loaded,12,0,1,1024,16384,0,0,42,2,2478032756,1030423392,151247.1165,62892.0527,2.4049,1024,36
dsmem_loaded,12,0,1,1024,16384,0,0,42,2,2478022500,1030419168,151246.4905,62891.7949,2.4049,1024,37
dsmem_loaded,12,0,1,1024,16384,0,0,42,2,2478086100,1030445600,151250.3723,62893.4082,2.4049,1024,38
dsmem_loaded,12,0,1,1024,16384,0,0,42,2,2478017628,1030417120,151246.1931,62891.6699,2.4049,1024,39
dsmem_loaded,12,0,1,1024,16384,0,0,42,2,2478024851,1030420128,151246.6340,62891.8535,2.4049,1024,40
dsmem_loaded,12,0,1,1024,16384,0,0,42,2,2478013431,1030415424,151245.9370,62891.5664,2.4049,1024,41
dsmem_loaded,12,0,1,1024,16384,0,0,42,2,2477993930,1030407328,151244.7467,62891.0723,2.4049,1024,42
dsmem_loaded,12,0,1,1024,16384,0,0,42,2,2477981689,1030402208,151243.9996,62890.7598,2.4049,1024,43
dsmem_loaded,12,0,1,1024,16384,0,0,42,2,2478022507,1030419200,151246.4909,62891.7969,2.4049,1024,44
dsmem_loaded,12,0,1,1024,16384,0,0,42,2,2477981690,1030402176,151243.9996,62890.7578,2.4049,1024,45
dsmem_loaded,12,0,1,1024,16384,0,0,42,2,2477981690,1030402176,151243.9996,62890.7578,2.4049,1024,46
dsmem_loaded,12,0,1,1024,16384,0,0,42,2,2478005861,1030412256,151245.4749,62891.3730,2.4049,1024,47
dsmem_loaded,12,0,1,1024,16384,0,0,42,2,2478014607,1030415904,151246.0087,62891.5957,2.4049,1024,48
dsmem_loaded,12,0,1,1024,16384,0,0,42,2,2478000138,1030409856,151245.1256,62891.2266,2.4049,1024,49
dsmem_loaded,12,0,1,1024,16384,0,0,42,2,2477999318,1030409536,151245.0756,62891.2070,2.4049,1024,50
dsmem_loaded,12,0,1,1024,16384,0,0,42,2,2478022684,1030419232,151246.5017,62891.7988,2.4049,1024,51
dsmem_loaded,12,0,1,1024,16384,0,0,42,2,2477981689,1030402208,151243.9996,62890.7598,2.4049,1024,52
dsmem_loaded,12,0,1,1024,16384,0,0,42,2,2477984847,1030403488,151244.1923,62890.8379,2.4049,1024,53
dsmem_loaded,12,0,1,1024,16384,0,0,42,2,2477985029,1030403584,151244.2034,62890.8438,2.4049,1024,54
dsmem_loaded,12,0,1,1024,16384,0,0,42,2,2478004187,1030411552,151245.3727,62891.3301,2.4049,1024,55
dsmem_loaded,12,0,1,1024,16384,0,0,42,2,2477984684,1030403424,151244.1824,62890.8340,2.4049,1024,56
dsmem_loaded,12,0,1,1024,16384,0,0,42,2,2477984360,1030403264,151244.1626,62890.8242,2.4049,1024,57
dsmem_loaded,12,0,1,1024,16384,0,0,42,2,2477984689,1030403456,151244.1827,62890.8359,2.4049,1024,58
dsmem_loaded,12,0,1,1024,16384,0,0,42,2,2477984178,1030403200,151244.1515,62890.8203,2.4049,1024,59
dsmem_loaded,12,0,1,1024,16384,0,0,42,2,2478002841,1030410944,151245.2906,62891.2930,2.4049,1024,60
dsmem_loaded,12,0,1,1024,16384,0,0,42,2,2477984692,1030403424,151244.1829,62890.8340,2.4049,1024,61
dsmem_loaded,12,0,1,1024,16384,0,0,42,2,2477984183,1030403232,151244.1518,62890.8223,2.4049,1024,62
dsmem_loaded,12,0,1,1024,16384,0,0,42,2,2478003868,1030411424,151245.3533,62891.3223,2.4049,1024,63
dsmem_loaded,12,0,1,1024,16384,0,0,42,2,2478081736,1030443808,151250.1060,62893.2988,2.4049,1024,64
dsmem_loaded,12,0,1,1024,16384,0,0,42,2,2478067937,1030438112,151249.2637,62892.9512,2.4049,1024,65
dsmem_loaded,12,0,1,1024,16384,0,0,42,2,2478033445,1030423712,151247.1585,62892.0723,2.4049,1024,66
dsmem_loaded,12,0,1,1024,16384,0,0,42,2,2478018149,1030417376,151246.2249,62891.6855,2.4049,1024,67
dsmem_loaded,12,0,1,1024,16384,0,0,42,2,2478031435,1030422912,151247.0358,62892.0234,2.4049,1024,68
dsmem_loaded,12,0,1,1024,16384,0,0,42,2,2478008222,1030413248,151245.6190,62891.4336,2.4049,1024,69
dsmem_loaded,12,0,1,1024,16384,0,0,42,2,2478014106,1030415680,151245.9781,62891.5820,2.4049,1024,70
dsmem_loaded,12,0,1,1024,16384,0,0,42,2,2478085747,1030445472,151250.3508,62893.4004,2.4049,1024,71
dsmem_loaded,12,0,1,1024,16384,0,0,42,2,2478012247,1030414912,151245.8647,62891.5352,2.4049,1024,72
dsmem_loaded,12,0,1,1024,16384,0,0,42,2,2477984861,1030403488,151244.1932,62890.8379,2.4049,1024,73
dsmem_loaded,12,0,1,1024,16384,0,0,42,2,2478097684,1030450432,151251.0793,62893.7031,2.4049,1024,74
dsmem_loaded,12,0,1,1024,16384,0,0,42,2,2478014269,1030415712,151245.9881,62891.5840,2.4049,1024,75
dsmem_loaded,12,0,1,1024,16384,0,0,42,2,2477981690,1030402176,151243.9996,62890.7578,2.4049,1024,76
dsmem_loaded,12,0,1,1024,16384,0,0,42,2,2478012761,1030415104,151245.8961,62891.5469,2.4049,1024,77
dsmem_loaded,12,0,1,1024,16384,0,0,42,2,2478042352,1030427424,151247.7021,62892.2988,2.4049,1024,78
dsmem_loaded,12,0,1,1024,16384,0,0,42,2,2478004360,1030411648,151245.3833,62891.3359,2.4049,1024,79
dsmem_loaded,12,0,1,1024,16384,0,0,42,2,2477999977,1030409824,151245.1158,62891.2246,2.4049,1024,80
dsmem_loaded,12,0,1,1024,16384,0,0,42,2,2477999141,1030409440,151245.0648,62891.2012,2.4049,1024,81
dsmem_loaded,12,0,1,1024,16384,0,0,42,2,2478013084,1030415264,151245.9158,62891.5566,2.4049,1024,82
dsmem_loaded,12,0,1,1024,16384,0,0,42,2,2478003844,1030411424,151245.3518,62891.3223,2.4049,1024,83
dsmem_loaded,12,0,1,1024,16384,0,0,42,2,2477984358,1030403296,151244.1625,62890.8262,2.4049,1024,84
dsmem_loaded,12,0,1,1024,16384,0,0,42,2,2477981690,1030402176,151243.9996,62890.7578,2.4049,1024,85
dsmem_loaded,12,0,1,1024,16384,0,0,42,2,2477983345,1030402912,151244.1006,62890.8027,2.4049,1024,86
dsmem_loaded,12,0,1,1024,16384,0,0,42,2,2478003515,1030411296,151245.3317,62891.3145,2.4049,1024,87
dsmem_loaded,12,0,1,1024,16384,0,0,42,2,2477984697,1030403424,151244.1832,62890.8340,2.4049,1024,88
dsmem_loaded,12,0,1,1024,16384,0,0,42,2,2477984686,1030403456,151244.1825,62890.8359,2.4049,1024,89
dsmem_loaded,12,0,1,1024,16384,0,0,42,2,2477985031,1030403552,151244.2036,62890.8418,2.4049,1024,90
dsmem_loaded,12,0,1,1024,16384,0,0,42,2,2478003173,1030411104,151245.3109,62891.3027,2.4049,1024,91
dsmem_loaded,12,0,1,1024,16384,0,0,42,2,2477984523,1030403360,151244.1725,62890.8301,2.4049,1024,92
dsmem_loaded,12,0,1,1024,16384,0,0,42,2,2477984858,1030403488,151244.1930,62890.8379,2.4049,1024,93
dsmem_loaded,12,0,1,1024,16384,0,0,42,2,2477981689,1030402240,151243.9996,62890.7617,2.4049,1024,94
dsmem_loaded,12,0,1,1024,16384,0,0,42,2,2477981689,1030402208,151243.9996,62890.7598,2.4049,1024,95
dsmem_loaded,12,0,1,1024,16384,0,0,42,2,2477981689,1030402208,151243.9996,62890.7598,2.4049,1024,96
dsmem_loaded,12,0,1,1024,16384,0,0,42,2,2478102040,1030452256,151251.3452,62893.8145,2.4049,1024,97
dsmem_loaded,12,0,1,1024,16384,0,0,42,2,2478067432,1030437824,151249.2329,62892.9336,2.4049,1024,98
dsmem_loaded,12,0,1,1024,16384,0,0,42,2,2478037130,1030425216,151247.3834,62892.1641,2.4049,1024,99
dsmem_loaded,12,0,1,1024,16384,0,0,42,2,2478073484,1030440384,151249.6023,62893.0898,2.4049,1024,100
dsmem_loaded,12,0,1,1024,16384,0,0,42,2,2478029411,1030422016,151246.9123,62891.9688,2.4049,1024,101
dsmem_loaded,12,0,1,1024,16384,0,0,42,2,2478077879,1030442208,151249.8705,62893.2012,2.4049,1024,102
dsmem_loaded,12,0,1,1024,16384,0,0,42,2,2478087916,1030446400,151250.4832,62893.4570,2.4049,1024,103
dsmem_loaded,12,0,1,1024,16384,0,0,42,2,2478031413,1030422880,151247.0345,62892.0215,2.4049,1024,104
dsmem_loaded,12,0,1,1024,16384,0,0,42,2,2478013930,1030415584,151245.9674,62891.5762,2.4049,1024,105
dsmem_loaded,12,0,1,1024,16384,0,0,42,2,2477995620,1030408032,151244.8499,62891.1152,2.4049,1024,106
dsmem_loaded,12,0,1,1024,16384,0,0,42,2,2478019486,1030417888,151246.3065,62891.7168,2.4049,1024,107
dsmem_loaded,12,0,1,1024,16384,0,0,42,2,2478026697,1030420896,151246.7466,62891.9004,2.4049,1024,108
dsmem_loaded,12,0,1,1024,16384,0,0,42,2,2478021673,1030418784,151246.4400,62891.7715,2.4049,1024,109
dsmem_loaded,12,0,1,1024,16384,0,0,42,2,2477981689,1030402176,151243.9996,62890.7578,2.4049,1024,110
dsmem_loaded,12,0,1,1024,16384,0,0,42,2,2477981689,1030402208,151243.9996,62890.7598,2.4049,1024,111
dsmem_loaded,12,0,1,1024,16384,0,0,42,2,2478028231,1030421536,151246.8403,62891.9395,2.4049,1024,112
dsmem_loaded,12,0,1,1024,16384,0,0,42,2,2478002348,1030410784,151245.2605,62891.2832,2.4049,1024,113
dsmem_loaded,12,0,1,1024,16384,0,0,42,2,2477994095,1030407360,151244.7568,62891.0742,2.4049,1024,114
dsmem_loaded,12,0,1,1024,16384,0,0,42,2,2478017796,1030417216,151246.2034,62891.6758,2.4049,1024,115
dsmem_loaded,12,0,1,1024,16384,0,0,42,2,2478026875,1030420992,151246.7575,62891.9062,2.4049,1024,116
dsmem_loaded,12,0,1,1024,16384,0,0,42,2,2478002861,1030411008,151245.2918,62891.2969,2.4049,1024,117
dsmem_loaded,12,0,1,1024,16384,0,0,42,2,2477998647,1030409248,151245.0346,62891.1895,2.4049,1024,118
dsmem_loaded,12,0,1,1024,16384,0,0,42,2,2478022345,1030419104,151246.4810,62891.7910,2.4049,1024,119
dsmem_loaded,12,0,1,1024,16384,0,0,42,2,2478021848,1030418880,151246.4507,62891.7773,2.4049,1024,120
dsmem_loaded,12,0,1,1024,16384,0,0,42,2,2477984523,1030403360,151244.1725,62890.8301,2.4049,1024,121
dsmem_loaded,12,0,1,1024,16384,0,0,42,2,2477985359,1030403744,151244.2236,62890.8535,2.4049,1024,122
dsmem_loaded,12,0,1,1024,16384,0,0,42,2,2478022025,1030418976,151246.4615,62891.7832,2.4049,1024,123
dsmem_loaded,12,0,1,1024,16384,0,0,42,2,2477983688,1030403008,151244.1216,62890.8086,2.4049,1024,124
dsmem_loaded,12,0,1,1024,16384,0,0,42,2,2477981689,1030402240,151243.9996,62890.7617,2.4049,1024,125
dsmem_loaded,12,0,1,1024,16384,0,0,42,2,2477984019,1030403168,151244.1418,62890.8184,2.4049,1024,126
dsmem_loaded,12,0,1,1024,16384,0,0,42,2,2477983675,1030403008,151244.1208,62890.8086,2.4049,1024,127
dsmem_loaded,12,0,1,1024,16384,0,0,42,2,2478079540,1030442912,151249.9719,62893.2441,2.4049,1024,128
dsmem_loaded,12,0,1,1024,16384,0,0,42,2,2478092481,1030448256,151250.7618,62893.5703,2.4049,1024,129
dsmem_loaded,12,0,1,1024,16384,0,0,42,2,2478081565,1030443712,151250.0955,62893.2930,2.4049,1024,130
dsmem_loaded,12,0,1,1024,16384,0,0,42,2,2478092137,1030448160,151250.7408,62893.5645,2.4049,1024,131
dsmem_loaded,12,0,1,1024,16384,0,0,42,2,2478018638,1030417568,151246.2548,62891.6973,2.4049,1024,132
dsmem_loaded,12,0,1,1024,16384,0,0,42,2,2478017793,1030417216,151246.2032,62891.6758,2.4049,1024,133
dsmem_loaded,12,0,1,1024,16384,0,0,42,2,2477995948,1030408160,151244.8699,62891.1230,2.4049,1024,134
dsmem_loaded,12,0,1,1024,16384,0,0,42,2,2478018986,1030417728,151246.2760,62891.7070,2.4049,1024,135
dsmem_loaded,12,0,1,1024,16384,0,0,42,2,2478018478,1030417472,151246.2450,62891.6914,2.4049,1024,136
dsmem_loaded,12,0,1,1024,16384,0,0,42,2,2478004523,1030411680,151245.3932,62891.3379,2.4049,1024,137
dsmem_loaded,12,0,1,1024,16384,0,0,42,2,2478010753,1030414272,151245.7735,62891.4961,2.4049,1024,138
dsmem_loaded,12,0,1,1024,16384,0,0,42,2,2478004012,1030411488,151245.3621,62891.3262,2.4049,1024,139
dsmem_loaded,12,0,1,1024,16384,0,0,42,2,2477981689,1030402208,151243.9996,62890.7598,2.4049,1024,140
dsmem_loaded,12,0,1,1024,16384,0,0,42,2,2477981689,1030402208,151243.9996,62890.7598,2.4049,1024,141
dsmem_loaded,12,0,1,1024,16384,0,0,42,2,2477981690,1030402176,151243.9996,62890.7578,2.4049,1024,142
dsmem_loaded,12,0,1,1024,16384,0,0,42,2,2478022694,1030419232,151246.5023,62891.7988,2.4049,1024,143
dsmem_loaded,12,0,1,1024,16384,0,0,42,2,2478009228,1030413632,151245.6804,62891.4570,2.4049,1024,144
dsmem_loaded,12,0,1,1024,16384,0,0,42,2,2478002668,1030410912,151245.2800,62891.2910,2.4049,1024,145
dsmem_loaded,12,0,1,1024,16384,0,0,42,2,2477999477,1030409568,151245.0853,62891.2090,2.4049,1024,146
dsmem_loaded,12,0,1,1024,16384,0,0,42,2,2478003519,1030411264,151245.3320,62891.3125,2.4049,1024,147
dsmem_loaded,12,0,1,1024,16384,0,0,42,2,2478022529,1030419168,151246.4922,62891.7949,2.4049,1024,148
dsmem_loaded,12,0,1,1024,16384,0,0,42,2,2478003172,1030411104,151245.3108,62891.3027,2.4049,1024,149
dsmem_loaded,12,0,1,1024,16384,0,0,42,2,2477984359,1030403296,151244.1625,62890.8262,2.4049,1024,150
dsmem_loaded,12,0,1,1024,16384,0,0,42,2,2478002674,1030410912,151245.2804,62891.2910,2.4049,1024,151
dsmem_loaded,12,0,1,1024,16384,0,0,42,2,2478002672,1030410912,151245.2803,62891.2910,2.4049,1024,152
dsmem_loaded,12,0,1,1024,16384,0,0,42,2,2478002860,1030411008,151245.2917,62891.2969,2.4049,1024,153
dsmem_loaded,12,0,1,1024,16384,0,0,42,2,2477984032,1030403168,151244.1426,62890.8184,2.4049,1024,154
dsmem_loaded,12,0,1,1024,16384,0,0,42,2,2477984859,1030403488,151244.1931,62890.8379,2.4049,1024,155
dsmem_loaded,12,0,1,1024,16384,0,0,42,2,2477985197,1030403680,151244.2137,62890.8496,2.4049,1024,156
dsmem_loaded,12,0,1,1024,16384,0,0,42,2,2478002357,1030410752,151245.2610,62891.2812,2.4049,1024,157
dsmem_loaded,12,0,1,1024,16384,0,0,42,2,2477985200,1030403680,151244.2139,62890.8496,2.4049,1024,158
dsmem_loaded,12,0,1,1024,16384,0,0,42,2,2477981689,1030402208,151243.9996,62890.7598,2.4049,1024,159
dsmem_loaded,12,0,1,1024,16384,0,0,42,2,2477981690,1030402176,151243.9996,62890.7578,2.4049,1024,160
dsmem_loaded,12,0,1,1024,16384,0,0,42,2,2478114939,1030457600,151252.1325,62894.1406,2.4049,1024,161
dsmem_loaded,12,0,1,1024,16384,0,0,42,2,2477985193,1030403680,151244.2134,62890.8496,2.4049,1024,162
dsmem_loaded,12,0,1,1024,16384,0,0,42,2,2478050409,1030430784,151248.1939,62892.5039,2.4049,1024,163
dsmem_loaded,12,0,1,1024,16384,0,0,42,2,2478068768,1030438432,151249.3145,62892.9707,2.4049,1024,164
dsmem_loaded,12,0,1,1024,16384,0,0,42,2,2478091965,1030448096,151250.7303,62893.5605,2.4049,1024,165
dsmem_loaded,12,0,1,1024,16384,0,0,42,2,2478048779,1030430112,151248.0944,62892.4629,2.4049,1024,166
dsmem_loaded,12,0,1,1024,16384,0,0,42,2,2477999654,1030409632,151245.0961,62891.2129,2.4049,1024,167
dsmem_loaded,12,0,1,1024,16384,0,0,42,2,2478012249,1030414880,151245.8648,62891.5332,2.4049,1024,168
dsmem_loaded,12,0,1,1024,16384,0,0,42,2,2478018803,1030417600,151246.2648,62891.6992,2.4049,1024,169
dsmem_loaded,12,0,1,1024,16384,0,0,42,2,2478048237,1030429920,151248.0613,62892.4512,2.4049,1024,170
dsmem_loaded,12,0,1,1024,16384,0,0,42,2,2478082897,1030444288,151250.1768,62893.3281,2.4049,1024,171
dsmem_loaded,12,0,1,1024,16384,0,0,42,2,2478017810,1030417216,151246.2042,62891.6758,2.4049,1024,172
dsmem_loaded,12,0,1,1024,16384,0,0,42,2,2478010235,1030414080,151245.7419,62891.4844,2.4049,1024,173
dsmem_loaded,12,0,1,1024,16384,0,0,42,2,2477999149,1030409440,151245.0652,62891.2012,2.4049,1024,174
dsmem_loaded,12,0,1,1024,16384,0,0,42,2,2477984528,1030403392,151244.1729,62890.8320,2.4049,1024,175
dsmem_loaded,12,0,1,1024,16384,0,0,42,2,2477985379,1030403712,151244.2248,62890.8516,2.4049,1024,176
dsmem_loaded,12,0,1,1024,16384,0,0,42,2,2478013270,1030415328,151245.9271,62891.5605,2.4049,1024,177
dsmem_loaded,12,0,1,1024,16384,0,0,42,2,2477999978,1030409824,151245.1158,62891.2246,2.4049,1024,178
dsmem_loaded,12,0,1,1024,16384,0,0,42,2,2478005191,1030411968,151245.4340,62891.3555,2.4049,1024,179
dsmem_loaded,12,0,1,1024,16384,0,0,42,2,2477984204,1030403264,151244.1531,62890.8242,2.4049,1024,180
dsmem_loaded,12,0,1,1024,16384,0,0,42,2,2477983687,1030403040,151244.1215,62890.8105,2.4049,1024,181
dsmem_loaded,12,0,1,1024,16384,0,0,42,2,2478000988,1030410240,151245.1775,62891.2500,2.4049,1024,182
dsmem_loaded,12,0,1,1024,16384,0,0,42,2,2477985039,1030403584,151244.2040,62890.8438,2.4049,1024,183
dsmem_loaded,12,0,1,1024,16384,0,0,42,2,2477984858,1030403488,151244.1930,62890.8379,2.4049,1024,184
dsmem_loaded,12,0,1,1024,16384,0,0,42,2,2478021683,1030418816,151246.4406,62891.7734,2.4049,1024,185
dsmem_loaded,12,0,1,1024,16384,0,0,42,2,2477983848,1030403104,151244.1313,62890.8145,2.4049,1024,186
dsmem_loaded,12,0,1,1024,16384,0,0,42,2,2477981690,1030402176,151243.9996,62890.7578,2.4049,1024,187
dsmem_loaded,12,0,1,1024,16384,0,0,42,2,2477984701,1030403424,151244.1834,62890.8340,2.4049,1024,188
dsmem_loaded,12,0,1,1024,16384,0,0,42,2,2477981689,1030402208,151243.9996,62890.7598,2.4049,1024,189
dsmem_loaded,12,0,1,1024,16384,0,0,42,2,2477981689,1030402144,151243.9996,62890.7559,2.4049,1024,190
dsmem_loaded,12,0,1,1024,16384,0,0,42,2,2477985195,1030403616,151244.2136,62890.8457,2.4049,1024,191
dsmem_loaded,12,0,1,1024,16384,0,0,42,2,2478086262,1030445696,151250.3822,62893.4141,2.4049,1024,192
dsmem_loaded,12,0,1,1024,16384,0,0,42,2,2478101047,1030451808,151251.2846,62893.7871,2.4049,1024,193
dsmem_loaded,12,0,1,1024,16384,0,0,42,2,2478086932,1030445952,151250.4231,62893.4297,2.4049,1024,194
dsmem_loaded,12,0,1,1024,16384,0,0,42,2,2478059525,1030434560,151248.7503,62892.7344,2.4049,1024,195
dsmem_loaded,12,0,1,1024,16384,0,0,42,2,2478028046,1030421472,151246.8290,62891.9355,2.4049,1024,196
dsmem_loaded,12,0,1,1024,16384,0,0,42,2,2478008879,1030413472,151245.6591,62891.4473,2.4049,1024,197
dsmem_loaded,12,0,1,1024,16384,0,0,42,2,2478018314,1030417440,151246.2350,62891.6895,2.4049,1024,198
dsmem_loaded,12,0,1,1024,16384,0,0,42,2,2478053476,1030432096,151248.3811,62892.5840,2.4049,1024,199
dsmem_loaded,12,0,1,1024,16384,0,0,42,2,2478017631,1030417088,151246.1933,62891.6680,2.4049,1024,200
dsmem_loaded,12,0,1,1024,16384,0,0,42,2,2478033430,1030423712,151247.1576,62892.0723,2.4049,1024,201
dsmem_loaded,12,0,1,1024,16384,0,0,42,2,2478002501,1030410848,151245.2698,62891.2871,2.4049,1024,202
dsmem_loaded,12,0,1,1024,16384,0,0,42,2,2477981689,1030402176,151243.9996,62890.7578,2.4049,1024,203
dsmem_loaded,12,0,1,1024,16384,0,0,42,2,2478008717,1030413440,151245.6492,62891.4453,2.4049,1024,204
dsmem_loaded,12,0,1,1024,16384,0,0,42,2,2477981689,1030402240,151243.9996,62890.7617,2.4049,1024,205
dsmem_loaded,12,0,1,1024,16384,0,0,42,2,2478023339,1030419520,151246.5417,62891.8164,2.4049,1024,206
dsmem_loaded,12,0,1,1024,16384,0,0,42,2,2478006048,1030412320,151245.4863,62891.3770,2.4049,1024,207
dsmem_loaded,12,0,1,1024,16384,0,0,42,2,2478004528,1030411680,151245.3936,62891.3379,2.4049,1024,208
dsmem_loaded,12,0,1,1024,16384,0,0,42,2,2478009739,1030413856,151245.7116,62891.4707,2.4049,1024,209
dsmem_loaded,12,0,1,1024,16384,0,0,42,2,2477985699,1030403840,151244.2443,62890.8594,2.4049,1024,210
dsmem_loaded,12,0,1,1024,16384,0,0,42,2,2477994788,1030407616,151244.7991,62891.0898,2.4049,1024,211
dsmem_loaded,12,0,1,1024,16384,0,0,42,2,2478021690,1030418816,151246.4410,62891.7734,2.4049,1024,212
dsmem_loaded,12,0,1,1024,16384,0,0,42,2,2478004193,1030411584,151245.3731,62891.3320,2.4049,1024,213
dsmem_loaded,12,0,1,1024,16384,0,0,42,2,2478022189,1030419008,151246.4715,62891.7852,2.4049,1024,214
dsmem_loaded,12,0,1,1024,16384,0,0,42,2,2477994433,1030407488,151244.7774,62891.0820,2.4049,1024,215
dsmem_loaded,12,0,1,1024,16384,0,0,42,2,2477984707,1030403456,151244.1838,62890.8359,2.4049,1024,216
dsmem_loaded,12,0,1,1024,16384,0,0,42,2,2478003356,1030411200,151245.3220,62891.3086,2.4049,1024,217
dsmem_loaded,12,0,1,1024,16384,0,0,42,2,2477985035,1030403584,151244.2038,62890.8438,2.4049,1024,218
dsmem_loaded,12,0,1,1024,16384,0,0,42,2,2477985872,1030403936,151244.2549,62890.8652,2.4049,1024,219
dsmem_loaded,12,0,1,1024,16384,0,0,42,2,2477981689,1030402176,151243.9996,62890.7578,2.4049,1024,220
dsmem_loaded,12,0,1,1024,16384,0,0,42,2,2478003508,1030411232,151245.3313,62891.3105,2.4049,1024,221
dsmem_loaded,12,0,1,1024,16384,0,0,42,2,2477981689,1030402208,151243.9996,62890.7598,2.4049,1024,222
dsmem_loaded,12,0,1,1024,16384,0,0,42,2,2477983857,1030403072,151244.1319,62890.8125,2.4049,1024,223
dsmem_loaded,12,0,1,1024,16384,0,0,42,2,2478076340,1030441600,151249.7766,62893.1641,2.4049,1024,224
dsmem_loaded,12,0,1,1024,16384,0,0,42,2,2478085258,1030445280,151250.3209,62893.3887,2.4049,1024,225
dsmem_loaded,12,0,1,1024,16384,0,0,42,2,2478105596,1030453696,151251.5623,62893.9023,2.4049,1024,226
dsmem_loaded,12,0,1,1024,16384,0,0,42,2,2478085766,1030445472,151250.3519,62893.4004,2.4049,1024,227
dsmem_loaded,12,0,1,1024,16384,0,0,42,2,2478013930,1030415616,151245.9674,62891.5781,2.4049,1024,228
dsmem_loaded,12,0,1,1024,16384,0,0,42,2,2478017965,1030417312,151246.2137,62891.6816,2.4049,1024,229
dsmem_loaded,12,0,1,1024,16384,0,0,42,2,2478027544,1030421248,151246.7983,62891.9219,2.4049,1024,230
dsmem_loaded,12,0,1,1024,16384,0,0,42,2,2478013098,1030415264,151245.9166,62891.5566,2.4049,1024,231
dsmem_loaded,12,0,1,1024,16384,0,0,42,2,2478013599,1030415424,151245.9472,62891.5664,2.4049,1024,232
dsmem_loaded,12,0,1,1024,16384,0,0,42,2,2478004187,1030411520,151245.3727,62891.3281,2.4049,1024,233
dsmem_loaded,12,0,1,1024,16384,0,0,42,2,2478009055,1030413568,151245.6699,62891.4531,2.4049,1024,234
dsmem_loaded,12,0,1,1024,16384,0,0,42,2,2478013263,1030415328,151245.9267,62891.5605,2.4049,1024,235
dsmem_loaded,12,0,1,1024,16384,0,0,42,2,2477981689,1030402176,151243.9996,62890.7578,2.4049,1024,236
dsmem_loaded,12,0,1,1024,16384,0,0,42,2,2477981689,1030402176,151243.9996,62890.7578,2.4049,1024,237
dsmem_loaded,12,0,1,1024,16384,0,0,42,2,2478023527,1030419616,151246.5532,62891.8223,2.4049,1024,238
dsmem_loaded,12,0,1,1024,16384,0,0,42,2,2477981690,1030402176,151243.9996,62890.7578,2.4049,1024,239
dsmem_loaded,12,0,1,1024,16384,0,0,42,2,2478004013,1030411488,151245.3621,62891.3262,2.4049,1024,240
dsmem_loaded,12,0,1,1024,16384,0,0,42,2,2478003504,1030411264,151245.3311,62891.3125,2.4049,1024,241
dsmem_loaded,12,0,1,1024,16384,0,0,42,2,2478008550,1030413344,151245.6390,62891.4395,2.4049,1024,242
dsmem_loaded,12,0,1,1024,16384,0,0,42,2,2477999137,1030409440,151245.0645,62891.2012,2.4049,1024,243
dsmem_loaded,12,0,1,1024,16384,0,0,42,2,2478003691,1030411360,151245.3425,62891.3184,2.4049,1024,244
dsmem_loaded,12,0,1,1024,16384,0,0,42,2,2478003853,1030411424,151245.3524,62891.3223,2.4049,1024,245
dsmem_loaded,12,0,1,1024,16384,0,0,42,2,2478003016,1030411040,151245.3013,62891.2988,2.4049,1024,246
dsmem_loaded,12,0,1,1024,16384,0,0,42,2,2477984024,1030403168,151244.1421,62890.8184,2.4049,1024,247
dsmem_loaded,12,0,1,1024,16384,0,0,42,2,2478004193,1030411584,151245.3731,62891.3320,2.4049,1024,248
dsmem_loaded,12,0,1,1024,16384,0,0,42,2,2478004192,1030411552,151245.3730,62891.3301,2.4049,1024,249
dsmem_loaded,12,0,1,1024,16384,0,0,42,2,2477981689,1030402208,151243.9996,62890.7598,2.4049,1024,250
dsmem_loaded,12,0,1,1024,16384,0,0,42,2,2477985035,1030403552,151244.2038,62890.8418,2.4049,1024,251
dsmem_loaded,12,0,1,1024,16384,0,0,42,2,2478003017,1030411040,151245.3013,62891.2988,2.4049,1024,252
dsmem_loaded,12,0,1,1024,16384,0,0,42,2,2478002357,1030410752,151245.2610,62891.2812,2.4049,1024,253
dsmem_loaded,12,0,1,1024,16384,0,0,42,2,2477984182,1030403200,151244.1517,62890.8203,2.4049,1024,254
dsmem_loaded,12,0,1,1024,16384,0,0,42,2,2477984188,1030403232,151244.1521,62890.8223,2.4049,1024,255
dsmem_loaded,12,0,1,1024,16384,0,0,42,2,2478023004,1030419360,151246.5212,62891.8066,2.4049,1024,256
dsmem_loaded,12,0,1,1024,16384,0,0,42,2,2478012408,1030414976,151245.8745,62891.5391,2.4049,1024,257
dsmem_loaded,12,0,1,1024,16384,0,0,42,2,2478026864,1030420960,151246.7568,62891.9043,2.4049,1024,258
dsmem_loaded,12,0,1,1024,16384,0,0,42,2,2477983672,1030403040,151244.1206,62890.8105,2.4049,1024,259
dsmem_loaded,12,0,1,1024,16384,0,0,42,2,2478081050,1030443520,151250.0641,62893.2812,2.4049,1024,260
dsmem_loaded,12,0,1,1024,16384,0,0,42,2,2478083884,1030444704,151250.2371,62893.3535,2.4049,1024,261
dsmem_loaded,12,0,1,1024,16384,0,0,42,2,2478081214,1030443584,151250.0741,62893.2852,2.4049,1024,262
dsmem_loaded,12,0,1,1024,16384,0,0,42,2,2478066263,1030437376,151249.1616,62892.9062,2.4049,1024,263
dsmem_loaded,12,0,1,1024,16384,0,0,42,2,2478008895,1030413536,151245.6601,62891.4512,2.4049,1024,264
dsmem_loaded,12,0,1,1024,16384,0,0,42,2,2478041174,1030426944,151247.6302,62892.2695,2.4049,1024,265
dsmem_loaded,12,0,1,1024,16384,0,0,42,2,2478013093,1030415232,151245.9163,62891.5547,2.4049,1024,266
dsmem_loaded,12,0,1,1024,16384,0,0,42,2,2478064051,1030436480,151249.0266,62892.8516,2.4049,1024,267
dsmem_loaded,12,0,1,1024,16384,0,0,42,2,2477981690,1030402176,151243.9996,62890.7578,2.4049,1024,268
dsmem_loaded,12,0,1,1024,16384,0,0,42,2,2477981689,1030402208,151243.9996,62890.7598,2.4049,1024,269
dsmem_loaded,12,0,1,1024,16384,0,0,42,2,2477981690,1030402176,151243.9996,62890.7578,2.4049,1024,270
dsmem_loaded,12,0,1,1024,16384,0,0,42,2,2478008903,1030413536,151245.6606,62891.4512,2.4049,1024,271
dsmem_loaded,12,0,1,1024,16384,0,0,42,2,2477985704,1030403872,151244.2446,62890.8613,2.4049,1024,272
dsmem_loaded,12,0,1,1024,16384,0,0,42,2,2478013257,1030415328,151245.9263,62891.5605,2.4049,1024,273
dsmem_loaded,12,0,1,1024,16384,0,0,42,2,2477998298,1030409120,151245.0133,62891.1816,2.4049,1024,274
dsmem_loaded,12,0,1,1024,16384,0,0,42,2,2478008389,1030413280,151245.6292,62891.4355,2.4049,1024,275
dsmem_loaded,12,0,1,1024,16384,0,0,42,2,2477984870,1030403520,151244.1937,62890.8398,2.4049,1024,276
dsmem_loaded,12,0,1,1024,16384,0,0,42,2,2478002852,1030411008,151245.2913,62891.2969,2.4049,1024,277
dsmem_loaded,12,0,1,1024,16384,0,0,42,2,2477984017,1030403168,151244.1417,62890.8184,2.4049,1024,278
dsmem_loaded,12,0,1,1024,16384,0,0,42,2,2477997632,1030408800,151244.9727,62891.1621,2.4049,1024,279
dsmem_loaded,12,0,1,1024,16384,0,0,42,2,2477984868,1030403488,151244.1936,62890.8379,2.4049,1024,280
dsmem_loaded,12,0,1,1024,16384,0,0,42,2,2478002838,1030410976,151245.2904,62891.2949,2.4049,1024,281
dsmem_loaded,12,0,1,1024,16384,0,0,42,2,2477985368,1030403712,151244.2241,62890.8516,2.4049,1024,282
dsmem_loaded,12,0,1,1024,16384,0,0,42,2,2477984872,1030403520,151244.1938,62890.8398,2.4049,1024,283
dsmem_loaded,12,0,1,1024,16384,0,0,42,2,2477984019,1030403168,151244.1418,62890.8184,2.4049,1024,284
dsmem_loaded,12,0,1,1024,16384,0,0,42,2,2478003514,1030411232,151245.3317,62891.3105,2.4049,1024,285
dsmem_loaded,12,0,1,1024,16384,0,0,42,2,2477984530,1030403328,151244.1730,62890.8281,2.4049,1024,286
dsmem_loaded,12,0,1,1024,16384,0,0,42,2,2477981689,1030402144,151243.9996,62890.7559,2.4049,1024,287
dsmem_loaded,12,0,1,1024,16384,0,0,42,2,2478100552,1030451616,151251.2544,62893.7754,2.4049,1024,288
dsmem_loaded,12,0,1,1024,16384,0,0,42,2,2478090959,1030447616,151250.6689,62893.5312,2.4049,1024,289
dsmem_loaded,12,0,1,1024,16384,0,0,42,2,2478013764,1030415520,151245.9573,62891.5723,2.4049,1024,290
dsmem_loaded,12,0,1,1024,16384,0,0,42,2,2478017791,1030417248,151246.2031,62891.6777,2.4049,1024,291
dsmem_loaded,12,0,1,1024,16384,0,0,42,2,2478058462,1030434080,151248.6854,62892.7051,2.4049,1024,292
dsmem_loaded,12,0,1,1024,16384,0,0,42,2,2477998310,1030409120,151245.0140,62891.1816,2.4049,1024,293
dsmem_loaded,12,0,1,1024,16384,0,0,42,2,2478068090,1030438176,151249.2731,62892.9551,2.4049,1024,294
dsmem_loaded,12,0,1,1024,16384,0,0,42,2,2478069265,1030438656,151249.3448,62892.9844,2.4049,1024,295
dsmem_loaded,12,0,1,1024,16384,0,0,42,2,2478037131,1030425216,151247.3835,62892.1641,2.4049,1024,296
dsmem_loaded,12,0,1,1024,16384,0,0,42,2,2478007728,1030413056,151245.5889,62891.4219,2.4049,1024,297
dsmem_loaded,12,0,1,1024,16384,0,0,42,2,2478013600,1030415456,151245.9473,62891.5684,2.4049,1024,298
dsmem_loaded,12,0,1,1024,16384,0,0,42,2,2478009560,1030413760,151245.7007,62891.4648,2.4049,1024,299
dsmem_loaded,12,0,1,1024,16384,0,0,42,2,2477981689,1030402240,151243.9996,62890.7617,2.4049,1024,300
dsmem_loaded,12,0,1,1024,16384,0,0,42,2,2477981690,1030402144,151243.9996,62890.7559,2.4049,1024,301
dsmem_loaded,12,0,1,1024,16384,0,0,42,2,2478022007,1030418976,151246.4604,62891.7832,2.4049,1024,302
dsmem_loaded,12,0,1,1024,16384,0,0,42,2,2477981689,1030402208,151243.9996,62890.7598,2.4049,1024,303
dsmem_loaded,12,0,1,1024,16384,0,0,42,2,2478023507,1030419584,151246.5519,62891.8203,2.4049,1024,304
dsmem_loaded,12,0,1,1024,16384,0,0,42,2,2478000486,1030410016,151245.1469,62891.2363,2.4049,1024,305
dsmem_loaded,12,0,1,1024,16384,0,0,42,2,2478003509,1030411264,151245.3314,62891.3125,2.4049,1024,306
dsmem_loaded,12,0,1,1024,16384,0,0,42,2,2478003514,1030411264,151245.3317,62891.3125,2.4049,1024,307
dsmem_loaded,12,0,1,1024,16384,0,0,42,2,2478027062,1030421088,151246.7689,62891.9121,2.4049,1024,308
dsmem_loaded,12,0,1,1024,16384,0,0,42,2,2477984521,1030403360,151244.1724,62890.8301,2.4049,1024,309
dsmem_loaded,12,0,1,1024,16384,0,0,42,2,2477981689,1030402176,151243.9996,62890.7578,2.4049,1024,310
dsmem_loaded,12,0,1,1024,16384,0,0,42,2,2478009059,1030413568,151245.6701,62891.4531,2.4049,1024,311
dsmem_loaded,12,0,1,1024,16384,0,0,42,2,2478022024,1030418944,151246.4614,62891.7812,2.4049,1024,312
dsmem_loaded,12,0,1,1024,16384,0,0,42,2,2477984035,1030403168,151244.1428,62890.8184,2.4049,1024,313
dsmem_loaded,12,0,1,1024,16384,0,0,42,2,2477999318,1030409536,151245.0756,62891.2070,2.4049,1024,314
dsmem_loaded,12,0,1,1024,16384,0,0,42,2,2478002688,1030410912,151245.2812,62891.2910,2.4049,1024,315
dsmem_loaded,12,0,1,1024,16384,0,0,42,2,2477984522,1030403392,151244.1725,62890.8320,2.4049,1024,316
dsmem_loaded,12,0,1,1024,16384,0,0,42,2,2477984018,1030403168,151244.1417,62890.8184,2.4049,1024,317
dsmem_loaded,12,0,1,1024,16384,0,0,42,2,2477983366,1030402880,151244.1019,62890.8008,2.4049,1024,318
dsmem_loaded,12,0,1,1024,16384,0,0,42,2,2478002852,1030410976,151245.2913,62891.2949,2.4049,1024,319
dsmem_loaded,12,0,1,1024,16384,0,0,42,2,2478073638,1030440448,151249.6117,62893.0938,2.4049,1024,320
dsmem_loaded,12,0,1,1024,16384,0,0,42,2,2478074807,1030440928,151249.6830,62893.1230,2.4049,1024,321
dsmem_loaded,12,0,1,1024,16384,0,0,42,2,2478030437,1030422432,151246.9749,62891.9941,2.4049,1024,322
dsmem_loaded,12,0,1,1024,16384,0,0,42,2,2477981689,1030402240,151243.9996,62890.7617,2.4049,1024,323
dsmem_loaded,12,0,1,1024,16384,0,0,42,2,2478057491,1030433696,151248.6262,62892.6816,2.4049,1024,324
dsmem_loaded,12,0,1,1024,16384,0,0,42,2,2478060158,1030434784,151248.7889,62892.7480,2.4049,1024,325
dsmem_loaded,12,0,1,1024,16384,0,0,42,2,2478035976,1030424768,151247.3130,62892.1367,2.4049,1024,326
dsmem_loaded,12,0,1,1024,16384,0,0,42,2,2478083549,1030444544,151250.2166,62893.3438,2.4049,1024,327
dsmem_loaded,12,0,1,1024,16384,0,0,42,2,2478074778,1030440896,151249.6813,62893.1211,2.4049,1024,328
dsmem_loaded,12,0,1,1024,16384,0,0,42,2,2478051934,1030431424,151248.2870,62892.5430,2.4049,1024,329
dsmem_loaded,12,0,1,1024,16384,0,0,42,2,2477998642,1030409248,151245.0343,62891.1895,2.4049,1024,330
dsmem_loaded,12,0,1,1024,16384,0,0,42,2,2478051930,1030431360,151248.2867,62892.5391,2.4049,1024,331
dsmem_loaded,12,0,1,1024,16384,0,0,42,2,2477981689,1030402240,151243.9996,62890.7617,2.4049,1024,332
dsmem_loaded,12,0,1,1024,16384,0,0,42,2,2477981689,1030402240,151243.9996,62890.7617,2.4049,1024,333
dsmem_loaded,12,0,1,1024,16384,0,0,42,2,2477981689,1030402176,151243.9996,62890.7578,2.4049,1024,334
dsmem_loaded,12,0,1,1024,16384,0,0,42,2,2478050241,1030430688,151248.1837,62892.4980,2.4049,1024,335
dsmem_loaded,12,0,1,1024,16384,0,0,42,2,2478056279,1030433216,151248.5522,62892.6523,2.4049,1024,336
dsmem_loaded,12,0,1,1024,16384,0,0,42,2,2478035265,1030424480,151247.2696,62892.1191,2.4049,1024,337
dsmem_loaded,12,0,1,1024,16384,0,0,42,2,2477989564,1030405504,151244.4802,62890.9609,2.4049,1024,338
dsmem_loaded,12,0,1,1024,16384,0,0,42,2,2478054940,1030432640,151248.4705,62892.6172,2.4049,1024,339
dsmem_loaded,12,0,1,1024,16384,0,0,42,2,2478049570,1030430432,151248.1427,62892.4824,2.4049,1024,340
dsmem_loaded,12,0,1,1024,16384,0,0,42,2,2477983673,1030402976,151244.1207,62890.8066,2.4049,1024,341
dsmem_loaded,12,0,1,1024,16384,0,0,42,2,2477997794,1030408896,151244.9825,62891.1680,2.4049,1024,342
dsmem_loaded,12,0,1,1024,16384,0,0,42,2,2478039825,1030426368,151247.5479,62892.2344,2.4049,1024,343
dsmem_loaded,12,0,1,1024,16384,0,0,42,2,2477985199,1030403648,151244.2138,62890.8477,2.4049,1024,344
dsmem_loaded,12,0,1,1024,16384,0,0,42,2,2478036296,1030424928,151247.3325,62892.1465,2.4049,1024,345
dsmem_loaded,12,0,1,1024,16384,0,0,42,2,2477998127,1030409024,151245.0029,62891.1758,2.4049,1024,346
dsmem_loaded,12,0,1,1024,16384,0,0,42,2,2477984188,1030403200,151244.1521,62890.8203,2.4049,1024,347
dsmem_loaded,12,0,1,1024,16384,0,0,42,2,2477984877,1030403520,151244.1942,62890.8398,2.4049,1024,348
dsmem_loaded,12,0,1,1024,16384,0,0,42,2,2477984030,1030403136,151244.1425,62890.8164,2.4049,1024,349
dsmem_loaded,12,0,1,1024,16384,0,0,42,2,2477984521,1030403360,151244.1724,62890.8301,2.4049,1024,350
dsmem_loaded,12,0,1,1024,16384,0,0,42,2,2477984859,1030403520,151244.1931,62890.8398,2.4049,1024,351
dsmem_loaded,12,0,1,1024,16384,0,0,42,3,2477989581,1030405056,151244.4813,62890.9336,2.4049,1024,0
dsmem_loaded,12,0,1,1024,16384,0,0,42,3,2478067039,1030437312,151249.2089,62892.9023,2.4049,1024,1
dsmem_loaded,12,0,1,1024,16384,0,0,42,3,2478295439,1030532288,151263.1494,62898.6992,2.4049,1024,2
dsmem_loaded,12,0,1,1024,16384,0,0,42,3,2478189455,1030488224,151256.6806,62896.0098,2.4049,1024,3
dsmem_loaded,12,0,1,1024,16384,0,0,42,3,2478155634,1030474144,151254.6163,62895.1504,2.4049,1024,4
dsmem_loaded,12,0,1,1024,16384,0,0,42,3,2478162216,1030476864,151255.0181,62895.3164,2.4049,1024,5
dsmem_loaded,12,0,1,1024,16384,0,0,42,3,2477966391,1030395456,151243.0659,62890.3477,2.4049,1024,6
dsmem_loaded,12,0,1,1024,16384,0,0,42,3,2478205021,1030494688,151257.6307,62896.4043,2.4049,1024,7
dsmem_loaded,12,0,1,1024,16384,0,0,42,3,2477989076,1030404864,151244.4504,62890.9219,2.4049,1024,8
dsmem_loaded,12,0,1,1024,16384,0,0,42,3,2478164579,1030477856,151255.1623,62895.3770,2.4049,1024,9
dsmem_loaded,12,0,1,1024,16384,0,0,42,3,2478060668,1030434656,151248.8201,62892.7402,2.4049,1024,10
dsmem_loaded,12,0,1,1024,16384,0,0,42,3,2477934510,1030382208,151241.1200,62889.5391,2.4049,1024,11
dsmem_loaded,12,0,1,1024,16384,0,0,42,3,2478204885,1030494592,151257.6224,62896.3984,2.4049,1024,12
dsmem_loaded,12,0,1,1024,16384,0,0,42,3,2478008395,1030412928,151245.6296,62891.4141,2.4049,1024,13
dsmem_loaded,12,0,1,1024,16384,0,0,42,3,2478161006,1030476384,151254.9442,62895.2871,2.4049,1024,14
dsmem_loaded,12,0,1,1024,16384,0,0,42,3,2477976306,1030399552,151243.6710,62890.5977,2.4049,1024,15
dsmem_loaded,12,0,1,1024,16384,0,0,42,3,2478168388,1030479424,151255.3948,62895.4727,2.4049,1024,16
dsmem_loaded,12,0,1,1024,16384,0,0,42,3,2478007425,1030412512,151245.5704,62891.3887,2.4049,1024,17
dsmem_loaded,12,0,1,1024,16384,0,0,42,3,2477985721,1030403488,151244.2457,62890.8379,2.4049,1024,18
dsmem_loaded,12,0,1,1024,16384,0,0,42,3,2478194299,1030490208,151256.9763,62896.1309,2.4049,1024,19
dsmem_loaded,12,0,1,1024,16384,0,0,42,3,2478044919,1030428128,151247.8588,62892.3418,2.4049,1024,20
dsmem_loaded,12,0,1,1024,16384,0,0,42,3,2478169284,1030479808,151255.4495,62895.4961,2.4049,1024,21
dsmem_loaded,12,0,1,1024,16384,0,0,42,3,2478041030,1030426528,151247.6215,62892.2441,2.4049,1024,22
dsmem_loaded,12,0,1,1024,16384,0,0,42,3,2478033609,1030423360,151247.1685,62892.0508,2.4049,1024,23
dsmem_loaded,12,0,1,1024,16384,0,0,42,3,2478177775,1030483392,151255.9677,62895.7148,2.4049,1024,24
dsmem_loaded,12,0,1,1024,16384,0,0,42,3,2477991098,1030405664,151244.5739,62890.9707,2.4049,1024,25
dsmem_loaded,12,0,1,1024,16384,0,0,42,3,2478064358,1030436192,151249.0453,62892.8340,2.4049,1024,26
dsmem_loaded,12,0,1,1024,16384,0,0,42,3,2478145514,1030469920,151253.9987,62894.8926,2.4049,1024,27
dsmem_loaded,12,0,1,1024,16384,0,0,42,3,2478106516,1030453728,151251.6184,62893.9043,2.4049,1024,28
dsmem_loaded,12,0,1,1024,16384,0,0,42,3,2478028560,1030421280,151246.8604,62891.9238,2.4049,1024,29
dsmem_loaded,12,0,1,1024,16384,0,0,42,3,2478196461,1030491136,151257.1082,62896.1875,2.4049,1024,30
dsmem_loaded,12,0,1,1024,16384,0,0,42,3,2478145183,1030469792,151253.9785,62894.8848,2.4049,1024,31
dsmem_loaded,12,0,1,1024,16384,0,0,42,3,2478189557,1030488224,151256.6868,62896.0098,2.4049,1024,32
dsmem_loaded,12,0,1,1024,16384,0,0,42,3,2478166859,1030478816,151255.3015,62895.4355,2.4049,1024,33
dsmem_loaded,12,0,1,1024,16384,0,0,42,3,2478114870,1030457184,151252.1283,62894.1152,2.4049,1024,34
dsmem_loaded,12,0,1,1024,16384,0,0,42,3,2478199564,1030492416,151257.2976,62896.2656,2.4049,1024,35
dsmem_loaded,12,0,1,1024,16384,0,0,42,3,2478154415,1030473600,151254.5419,62895.1172,2.4049,1024,36
dsmem_loaded,12,0,1,1024,16384,0,0,42,3,2478192950,1030489632,151256.8939,62896.0957,2.4049,1024,37
dsmem_loaded,12,0,1,1024,16384,0,0,42,3,2478197608,1030491584,151257.1782,62896.2148,2.4049,1024,38
dsmem_loaded,12,0,1,1024,16384,0,0,42,3,2478042082,1030426880,151247.6857,62892.2656,2.4049,1024,39
dsmem_loaded,12,0,1,1024,16384,0,0,42,3,2478010165,1030413664,151245.7376,62891.4590,2.4049,1024,40
dsmem_loaded,12,0,1,1024,16384,0,0,42,3,2478072167,1030439456,151249.5219,62893.0332,2.4049,1024,41
dsmem_loaded,12,0,1,1024,16384,0,0,42,3,2478140243,1030467712,151253.6769,62894.7578,2.4049,1024,42
dsmem_loaded,12,0,1,1024,16384,0,0,42,3,2477971682,1030397632,151243.3888,62890.4805,2.4049,1024,43
dsmem_loaded,12,0,1,1024,16384,0,0,42,3,2478121083,1030459776,151252.5075,62894.2734,2.4049,1024,44
dsmem_loaded,12,0,1,1024,16384,0,0,42,3,2478192836,1030489632,151256.8870,62896.0957,2.4049,1024,45
dsmem_loaded,12,0,1,1024,16384,0,0,42,3,2478193162,1030489792,151256.9069,62896.1055,2.4049,1024,46
dsmem_loaded,12,0,1,1024,16384,0,0,42,3,2478141399,1030468224,151253.7475,62894.7891,2.4049,1024,47
dsmem_loaded,12,0,1,1024,16384,0,0,42,3,2478008836,1030413056,151245.6565,62891.4219,2.4049,1024,48
dsmem_loaded,12,0,1,1024,16384,0,0,42,3,2478071501,1030439104,151249.4813,62893.0117,2.4049,1024,49
dsmem_loaded,12,0,1,1024,16384,0,0,42,3,2478092513,1030447872,151250.7637,62893.5469,2.4049,1024,50
dsmem_loaded,12,0,1,1024,16384,0,0,42,3,2478044281,1030427808,151247.8199,62892.3223,2.4049,1024,51
dsmem_loaded,12,0,1,1024,16384,0,0,42,3,2478135027,1030465568,151253.3586,62894.6270,2.4049,1024,52
dsmem_loaded,12,0,1,1024,16384,0,0,42,3,2477987180,1030404064,151244.3347,62890.8730,2.4049,1024,53
dsmem_loaded,12,0,1,1024,16384,0,0,42,3,2478027647,1030420928,151246.8046,62891.9023,2.4049,1024,54
dsmem_loaded,12,0,1,1024,16384,0,0,42,3,2478119895,1030459264,151252.4350,62894.2422,2.4049,1024,55
dsmem_loaded,12,0,1,1024,16384,0,0,42,3,2478068153,1030437760,151249.2769,62892.9297,2.4049,1024,56
dsmem_loaded,12,0,1,1024,16384,0,0,42,3,2478048483,1030429568,151248.0764,62892.4297,2.4049,1024,57
dsmem_loaded,12,0,1,1024,16384,0,0,42,3,2478007685,1030412608,151245.5862,62891.3945,2.4049,1024,58
dsmem_loaded,12,0,1,1024,16384,0,0,42,3,2478154688,1030473760,151254.5586,62895.1270,2.4049,1024,59
dsmem_loaded,12,0,1,1024,16384,0,0,42,3,2478026166,1030420320,151246.7142,62891.8652,2.4049,1024,60
dsmem_loaded,12,0,1,1024,16384,0,0,42,3,2478102279,1030451968,151251.3598,62893.7969,2.4049,1024,61
dsmem_loaded,12,0,1,1024,16384,0,0,42,3,2478067631,1030437568,151249.2451,62892.9180,2.4049,1024,62
dsmem_loaded,12,0,1,1024,16384,0,0,42,3,2478026355,1030420384,151246.7258,62891.8691,2.4049,1024,63
dsmem_loaded,12,0,1,1024,16384,0,0,42,3,2478170304,1030480224,151255.5117,62895.5215,2.4049,1024,64
dsmem_loaded,12,0,1,1024,16384,0,0,42,3,2478061318,1030434912,151248.8597,62892.7559,2.4049,1024,65
dsmem_loaded,12,0,1,1024,16384,0,0,42,3,2478199244,1030492256,151257.2781,62896.2559,2.4049,1024,66
dsmem_loaded,12,0,1,1024,16384,0,0,42,3,2478192027,1030489280,151256.8376,62896.0742,2.4049,1024,67
dsmem_loaded,12,0,1,1024,16384,0,0,42,3,2478188094,1030487616,151256.5975,62895.9727,2.4049,1024,68
dsmem_loaded,12,0,1,1024,16384,0,0,42,3,2478202413,1030493568,151257.4715,62896.3359,2.4049,1024,69
dsmem_loaded,12,0,1,1024,16384,0,0,42,3,2478041985,1030426848,151247.6797,62892.2637,2.4049,1024,70
dsmem_loaded,12,0,1,1024,16384,0,0,42,3,2477966709,1030395584,151243.0853,62890.3555,2.4049,1024,71
dsmem_loaded,12,0,1,1024,16384,0,0,42,3,2478074581,1030440416,151249.6693,62893.0918,2.4049,1024,72
dsmem_loaded,12,0,1,1024,16384,0,0,42,3,2478027891,1030421056,151246.8195,62891.9102,2.4049,1024,73
dsmem_loaded,12,0,1,1024,16384,0,0,42,3,2478046202,1030428608,151247.9371,62892.3711,2.4049,1024,74
dsmem_loaded,12,0,1,1024,16384,0,0,42,3,2478061479,1030434976,151248.8696,62892.7598,2.4049,1024,75
dsmem_loaded,12,0,1,1024,16384,0,0,42,3,2478029249,1030421600,151246.9024,62891.9434,2.4049,1024,76
dsmem_loaded,12,0,1,1024,16384,0,0,42,3,2478236940,1030507968,151259.5789,62897.2148,2.4049,1024,77
dsmem_loaded,12,0,1,1024,16384,0,0,42,3,2478132914,1030464704,151253.2296,62894.5742,2.4049,1024,78
dsmem_loaded,12,0,1,1024,16384,0,0,42,3,2478079621,1030442496,151249.9769,62893.2188,2.4049,1024,79
dsmem_loaded,12,0,1,1024,16384,0,0,42,3,2478014108,1030415296,151245.9783,62891.5586,2.4049,1024,80
dsmem_loaded,12,0,1,1024,16384,0,0,42,3,2478027541,1030420864,151246.7982,62891.8984,2.4049,1024,81
dsmem_loaded,12,0,1,1024,16384,0,0,42,3,2478027710,1030420928,151246.8085,62891.9023,2.4049,1024,82
dsmem_loaded,12,0,1,1024,16384,0,0,42,3,2478079974,1030442688,151249.9984,62893.2305,2.4049,1024,83
dsmem_loaded,12,0,1,1024,16384,0,0,42,3,2478050374,1030430368,151248.1918,62892.4785,2.4049,1024,84
dsmem_loaded,12,0,1,1024,16384,0,0,42,3,2478046707,1030428832,151247.9680,62892.3848,2.4049,1024,85
dsmem_loaded,12,0,1,1024,16384,0,0,42,3,2478044043,1030427744,151247.8054,62892.3184,2.4049,1024,86
dsmem_loaded,12,0,1,1024,16384,0,0,42,3,2478000685,1030409696,151245.1590,62891.2168,2.4049,1024,87
dsmem_loaded,12,0,1,1024,16384,0,0,42,3,2478032573,1030422944,151247.1053,62892.0254,2.4049,1024,88
dsmem_loaded,12,0,1,1024,16384,0,0,42,3,2478008571,1030412992,151245.6403,62891.4180,2.4049,1024,89
dsmem_loaded,12,0,1,1024,16384,0,0,42,3,2478028726,1030421376,151246.8705,62891.9297,2.4049,1024,90
dsmem_loaded,12,0,1,1024,16384,0,0,42,3,2478061154,1030434816,151248.8497,62892.7500,2.4049,1024,91
dsmem_loaded,12,0,1,1024,16384,0,0,42,3,2478033765,1030423424,151247.1780,62892.0547,2.4049,1024,92
dsmem_loaded,12,0,1,1024,16384,0,0,42,3,2478024225,1030419488,151246.5958,62891.8145,2.4049,1024,93
dsmem_loaded,12,0,1,1024,16384,0,0,42,3,2478084862,1030444736,151250.2968,62893.3555,2.4049,1024,94
dsmem_loaded,12,0,1,1024,16384,0,0,42,3,2478099451,1030450816,151251.1872,62893.7266,2.4049,1024,95
dsmem_loaded,12,0,1,1024,16384,0,0,42,3,2478216271,1030499360,151258.3173,62896.6895,2.4049,1024,96
dsmem_loaded,12,0,1,1024,16384,0,0,42,3,2478167557,1030479072,151255.3441,62895.4512,2.4049,1024,97
dsmem_loaded,12,0,1,1024,16384,0,0,42,3,2478207071,1030495488,151257.7558,62896.4531,2.4049,1024,98
dsmem_loaded,12,0,1,1024,16384,0,0,42,3,2477963670,1030394304,151242.8998,62890.2773,2.4049,1024,99
dsmem_loaded,12,0,1,1024,16384,0,0,42,3,2478136783,1030466304,151253.4658,62894.6719,2.4049,1024,100
dsmem_loaded,12,0,1,1024,16384,0,0,42,3,2478184563,1030486176,151256.3820,62895.8848,2.4049,1024,101
dsmem_loaded,12,0,1,1024,16384,0,0,42,3,2478129536,1030463296,151253.0234,62894.4883,2.4049,1024,102
dsmem_loaded,12,0,1,1024,16384,0,0,42,3,2478153572,1030473312,151254.4905,62895.0996,2.4049,1024,103
dsmem_loaded,12,0,1,1024,16384,0,0,42,3,2478193960,1030490016,151256.9556,62896.1191,2.4049,1024,104
dsmem_loaded,12,0,1,1024,16384,0,0,42,3,2477993238,1030406624,151244.7045,62891.0293,2.4049,1024,105
dsmem_loaded,12,0,1,1024,16384,0,0,42,3,2477963481,1030394208,151242.8882,62890.2715,2.4049,1024,106
dsmem_loaded,12,0,1,1024,16384,0,0,42,3,2478132376,1030464416,151253.1968,62894.5566,2.4049,1024,107
dsmem_loaded,12,0,1,1024,16384,0,0,42,3,2477992564,1030406304,151244.6633,62891.0098,2.4049,1024,108
dsmem_loaded,12,0,1,1024,16384,0,0,42,3,2478207331,1030495648,151257.7717,62896.4629,2.4049,1024,109
dsmem_loaded,12,0,1,1024,16384,0,0,42,3,2478156550,1030474528,151254.6722,62895.1738,2.4049,1024,110
dsmem_loaded,12,0,1,1024,16384,0,0,42,3,2478098265,1030450272,151251.1148,62893.6934,2.4049,1024,111
dsmem_loaded,12,0,1,1024,16384,0,0,42,3,2477993403,1030406656,151244.7145,62891.0312,2.4049,1024,112
dsmem_loaded,12,0,1,1024,16384,0,0,42,3,2477992913,1030406464,151244.6846,62891.0195,2.4049,1024,113
dsmem_loaded,12,0,1,1024,16384,0,0,42,3,2478064817,1030436384,151249.0733,62892.8457,2.4049,1024,114
dsmem_loaded,12,0,1,1024,16384,0,0,42,3,2478079613,1030442528,151249.9764,62893.2207,2.4049,1024,115
dsmem_loaded,12,0,1,1024,16384,0,0,42,3,2477993574,1030406720,151244.7250,62891.0352,2.4049,1024,116
dsmem_loaded,12,0,1,1024,16384,0,0,42,3,2477971271,1030397472,151243.3637,62890.4707,2.4049,1024,117
dsmem_loaded,12,0,1,1024,16384,0,0,42,3,2478042305,1030427008,151247.6993,62892.2734,2.4049,1024,118
dsmem_loaded,12,0,1,1024,16384,0,0,42,3,2478188686,1030487904,151256.6337,62895.9902,2.4049,1024,119
dsmem_loaded,12,0,1,1024,16384,0,0,42,3,2478169857,1030480032,151255.4844,62895.5098,2.4049,1024,120
dsmem_loaded,12,0,1,1024,16384,0,0,42,3,2478094055,1030448512,151250.8578,62893.5859,2.4049,1024,121
dsmem_loaded,12,0,1,1024,16384,0,0,42,3,2478002014,1030410272,151245.2401,62891.2520,2.4049,1024,122
dsmem_loaded,12,0,1,1024,16384,0,0,42,3,2478019825,1030417664,151246.3272,62891.7031,2.4049,1024,123
dsmem_loaded,12,0,1,1024,16384,0,0,42,3,2478028555,1030421280,151246.8600,62891.9238,2.4049,1024,124
dsmem_loaded,12,0,1,1024,16384,0,0,42,3,2478031213,1030422400,151247.0223,62891.9922,2.4049,1024,125
dsmem_loaded,12,0,1,1024,16384,0,0,42,3,2478060457,1030434560,151248.8072,62892.7344,2.4049,1024,126
dsmem_loaded,12,0,1,1024,16384,0,0,42,3,2478077411,1030441632,151249.8420,62893.1660,2.4049,1024,127
dsmem_loaded,12,0,1,1024,16384,0,0,42,3,2478150722,1030472128,151254.3165,62895.0273,2.4049,1024,128
dsmem_loaded,12,0,1,1024,16384,0,0,42,3,2478160979,1030476384,151254.9426,62895.2871,2.4049,1024,129
dsmem_loaded,12,0,1,1024,16384,0,0,42,3,2478193644,1030489920,151256.9363,62896.1133,2.4049,1024,130
dsmem_loaded,12,0,1,1024,16384,0,0,42,3,2478196128,1030490944,151257.0879,62896.1758,2.4049,1024,131
dsmem_loaded,12,0,1,1024,16384,0,0,42,3,2478081414,1030443296,151250.0863,62893.2676,2.4049,1024,132
dsmem_loaded,12,0,1,1024,16384,0,0,42,3,2478199840,1030492480,151257.3145,62896.2695,2.4049,1024,133
dsmem_loaded,12,0,1,1024,16384,0,0,42,3,2478028685,1030421376,151246.8680,62891.9297,2.4049,1024,134
dsmem_loaded,12,0,1,1024,16384,0,0,42,3,2478176455,1030482816,151255.8871,62895.6797,2.4049,1024,135
dsmem_loaded,12,0,1,1024,16384,0,0,42,3,2478086810,1030445504,151250.4156,62893.4023,2.4049,1024,136
dsmem_loaded,12,0,1,1024,16384,0,0,42,3,2478039082,1030425664,151247.5026,62892.1914,2.4049,1024,137
dsmem_loaded,12,0,1,1024,16384,0,0,42,3,2478025152,1030419840,151246.6523,62891.8359,2.4049,1024,138
dsmem_loaded,12,0,1,1024,16384,0,0,42,3,2477913093,1030373248,151239.8128,62888.9922,2.4049,1024,139
dsmem_loaded,12,0,1,1024,16384,0,0,42,3,2478002842,1030410592,151245.2906,62891.2715,2.4049,1024,140
dsmem_loaded,12,0,1,1024,16384,0,0,42,3,2478058911,1030433920,151248.7128,62892.6953,2.4049,1024,141
dsmem_loaded,12,0,1,1024,16384,0,0,42,3,2477984505,1030402944,151244.1714,62890.8047,2.4049,1024,142
dsmem_loaded,12,0,1,1024,16384,0,0,42,3,2478168302,1030479424,151255.3895,62895.4727,2.4049,1024,143
dsmem_loaded,12,0,1,1024,16384,0,0,42,3,2478063464,1030435776,151248.9907,62892.8086,2.4049,1024,144
dsmem_loaded,12,0,1,1024,16384,0,0,42,3,2478082105,1030443552,151250.1285,62893.2832,2.4049,1024,145
dsmem_loaded,12,0,1,1024,16384,0,0,42,3,2478076383,1030441184,151249.7792,62893.1387,2.4049,1024,146
dsmem_loaded,12,0,1,1024,16384,0,0,42,3,2478048501,1030429568,151248.0775,62892.4297,2.4049,1024,147
dsmem_loaded,12,0,1,1024,16384,0,0,42,3,2478134531,1030465408,151253.3283,62894.6172,2.4049,1024,148
dsmem_loaded,12,0,1,1024,16384,0,0,42,3,2478038932,1030425600,151247.4934,62892.1875,2.4049,1024,149
dsmem_loaded,12,0,1,1024,16384,0,0,42,3,2478053879,1030431840,151248.4057,62892.5684,2.4049,1024,150
dsmem_loaded,12,0,1,1024,16384,0,0,42,3,2478010355,1030413728,151245.7492,62891.4629,2.4049,1024,151
dsmem_loaded,12,0,1,1024,16384,0,0,42,3,2478219597,1030500736,151258.5203,62896.7734,2.4049,1024,152
dsmem_loaded,12,0,1,1024,16384,0,0,42,3,2478040109,1030426080,151247.5652,62892.2168,2.4049,1024,153
dsmem_loaded,12,0,1,1024,16384,0,0,42,3,2478044633,1030427968,151247.8414,62892.3320,2.4049,1024,154
dsmem_loaded,12,0,1,1024,16384,0,0,42,3,2478030027,1030421888,151246.9499,62891.9609,2.4049,1024,155
dsmem_loaded,12,0,1,1024,16384,0,0,42,3,2478101933,1030451840,151251.3387,62893.7891,2.4049,1024,156
dsmem_loaded,12,0,1,1024,16384,0,0,42,3,2478017125,1030416544,151246.1624,62891.6348,2.4049,1024,157
dsmem_loaded,12,0,1,1024,16384,0,0,42,3,2478043449,1030427488,151247.7691,62892.3027,2.4049,1024,158
dsmem_loaded,12,0,1,1024,16384,0,0,42,3,2478067822,1030437600,151249.2567,62892.9199,2.4049,1024,159
dsmem_loaded,12,0,1,1024,16384,0,0,42,3,2478148915,1030471328,151254.2062,62894.9785,2.4049,1024,160
dsmem_loaded,12,0,1,1024,16384,0,0,42,3,2478134062,1030465184,151253.2997,62894.6035,2.4049,1024,161
dsmem_loaded,12,0,1,1024,16384,0,0,42,3,2478158660,1030475424,151254.8010,62895.2285,2.4049,1024,162
dsmem_loaded,12,0,1,1024,16384,0,0,42,3,2478118767,1030458784,151252.3661,62894.2129,2.4049,1024,163
dsmem_loaded,12,0,1,1024,16384,0,0,42,3,2478095057,1030448960,151250.9190,62893.6133,2.4049,1024,164
dsmem_loaded,12,0,1,1024,16384,0,0,42,3,2478208766,1030496224,151257.8593,62896.4980,2.4049,1024,165
dsmem_loaded,12,0,1,1024,16384,0,0,42,3,2478132089,1030464352,151253.1793,62894.5527,2.4049,1024,166
dsmem_loaded,12,0,1,1024,16384,0,0,42,3,2478204693,1030494528,151257.6107,62896.3945,2.4049,1024,167
dsmem_loaded,12,0,1,1024,16384,0,0,42,3,2478052049,1030431072,151248.2940,62892.5215,2.4049,1024,168
dsmem_loaded,12,0,1,1024,16384,0,0,42,3,2478047698,1030429248,151248.0284,62892.4102,2.4049,1024,169
dsmem_loaded,12,0,1,1024,16384,0,0,42,3,2478062636,1030435488,151248.9402,62892.7910,2.4049,1024,170
dsmem_loaded,12,0,1,1024,16384,0,0,42,3,2478071049,1030438976,151249.4537,62893.0039,2.4049,1024,171
dsmem_loaded,12,0,1,1024,16384,0,0,42,3,2478085490,1030444960,151250.3351,62893.3691,2.4049,1024,172
dsmem_loaded,12,0,1,1024,16384,0,0,42,3,2478179636,1030484096,151256.0813,62895.7578,2.4049,1024,173
dsmem_loaded,12,0,1,1024,16384,0,0,42,3,2478016951,1030416480,151246.1518,62891.6309,2.4049,1024,174
dsmem_loaded,12,0,1,1024,16384,0,0,42,3,2478157901,1030475104,151254.7547,62895.2090,2.4049,1024,175
dsmem_loaded,12,0,1,1024,16384,0,0,42,3,2478067855,1030437632,151249.2587,62892.9219,2.4049,1024,176
dsmem_loaded,12,0,1,1024,16384,0,0,42,3,2477993285,1030406624,151244.7073,62891.0293,2.4049,1024,177
dsmem_loaded,12,0,1,1024,16384,0,0,42,3,2478068347,1030437824,151249.2888,62892.9336,2.4049,1024,178
dsmem_loaded,12,0,1,1024,16384,0,0,42,3,2478006530,1030412096,151245.5157,62891.3633,2.4049,1024,179
dsmem_loaded,12,0,1,1024,16384,0,0,42,3,2478190045,1030488448,151256.7166,62896.0234,2.4049,1024,180
dsmem_loaded,12,0,1,1024,16384,0,0,42,3,2478147491,1030470784,151254.1193,62894.9453,2.4049,1024,181
dsmem_loaded,12,0,1,1024,16384,0,0,42,3,2478056938,1030433088,151248.5924,62892.6445,2.4049,1024,182
dsmem_loaded,12,0,1,1024,16384,0,0,42,3,2478124322,1030461120,151252.7052,62894.3555,2.4049,1024,183
dsmem_loaded,12,0,1,1024,16384,0,0,42,3,2478076425,1030441184,151249.7818,62893.1387,2.4049,1024,184
dsmem_loaded,12,0,1,1024,16384,0,0,42,3,2478090548,1030447104,151250.6438,62893.5000,2.4049,1024,185
dsmem_loaded,12,0,1,1024,16384,0,0,42,3,2478062455,1030435392,151248.9291,62892.7852,2.4049,1024,186
dsmem_loaded,12,0,1,1024,16384,0,0,42,3,2478080803,1030443040,151250.0490,62893.2520,2.4049,1024,187
dsmem_loaded,12,0,1,1024,16384,0,0,42,3,2478055642,1030432512,151248.5133,62892.6094,2.4049,1024,188
dsmem_loaded,12,0,1,1024,16384,0,0,42,3,2478052903,1030431456,151248.3461,62892.5449,2.4049,1024,189
dsmem_loaded,12,0,1,1024,16384,0,0,42,3,2478157443,1030474880,151254.7267,62895.1953,2.4049,1024,190
dsmem_loaded,12,0,1,1024,16384,0,0,42,3,2477966067,1030395296,151243.0461,62890.3379,2.4049,1024,191
dsmem_loaded,12,0,1,1024,16384,0,0,42,3,2478183143,1030485568,151256.2953,62895.8477,2.4049,1024,192
dsmem_loaded,12,0,1,1024,16384,0,0,42,3,2478189860,1030488384,151256.7053,62896.0195,2.4049,1024,193
dsmem_loaded,12,0,1,1024,16384,0,0,42,3,2478069945,1030438464,151249.3863,62892.9727,2.4049,1024,194
dsmem_loaded,12,0,1,1024,16384,0,0,42,3,2478166652,1030478752,151255.2888,62895.4316,2.4049,1024,195
dsmem_loaded,12,0,1,1024,16384,0,0,42,3,2478205999,1030495072,151257.6904,62896.4277,2.4049,1024,196
dsmem_loaded,12,0,1,1024,16384,0,0,42,3,2478065251,1030436544,151249.0998,62892.8555,2.4049,1024,197
dsmem_loaded,12,0,1,1024,16384,0,0,42,3,2477997208,1030408288,151244.9468,62891.1309,2.4049,1024,198
dsmem_loaded,12,0,1,1024,16384,0,0,42,3,2478162461,1030476992,151255.0330,62895.3242,2.4049,1024,199
dsmem_loaded,12,0,1,1024,16384,0,0,42,3,2478079201,1030442336,151249.9512,62893.2090,2.4049,1024,200
dsmem_loaded,12,0,1,1024,16384,0,0,42,3,2478056684,1030432992,151248.5769,62892.6387,2.4049,1024,201
dsmem_loaded,12,0,1,1024,16384,0,0,42,3,2478206294,1030495200,151257.7084,62896.4355,2.4049,1024,202
dsmem_loaded,12,0,1,1024,16384,0,0,42,3,2477988142,1030404448,151244.3934,62890.8965,2.4049,1024,203
dsmem_loaded,12,0,1,1024,16384,0,0,42,3,2478031823,1030422656,151247.0595,62892.0078,2.4049,1024,204
dsmem_loaded,12,0,1,1024,16384,0,0,42,3,2478137675,1030466688,151253.5202,62894.6953,2.4049,1024,205
dsmem_loaded,12,0,1,1024,16384,0,0,42,3,2478152321,1030472800,151254.4141,62895.0684,2.4049,1024,206
dsmem_loaded,12,0,1,1024,16384,0,0,42,3,2477987799,1030404352,151244.3725,62890.8906,2.4049,1024,207
dsmem_loaded,12,0,1,1024,16384,0,0,42,3,2478027295,1030420736,151246.7831,62891.8906,2.4049,1024,208
dsmem_loaded,12,0,1,1024,16384,0,0,42,3,2477998058,1030408576,151244.9987,62891.1484,2.4049,1024,209
dsmem_loaded,12,0,1,1024,16384,0,0,42,3,2478205602,1030494912,151257.6661,62896.4180,2.4049,1024,210
dsmem_loaded,12,0,1,1024,16384,0,0,42,3,2478159877,1030475904,151254.8753,62895.2578,2.4049,1024,211
dsmem_loaded,12,0,1,1024,16384,0,0,42,3,2477984795,1030403072,151244.1891,62890.8125,2.4049,1024,212
dsmem_loaded,12,0,1,1024,16384,0,0,42,3,2478013878,1030415200,151245.9642,62891.5527,2.4049,1024,213
dsmem_loaded,12,0,1,1024,16384,0,0,42,3,2478013555,1030415072,151245.9445,62891.5449,2.4049,1024,214
dsmem_loaded,12,0,1,1024,16384,0,0,42,3,2478022626,1030418816,151246.4982,62891.7734,2.4049,1024,215
dsmem_loaded,12,0,1,1024,16384,0,0,42,3,2478114156,1030456896,151252.0847,62894.0977,2.4049,1024,216
dsmem_loaded,12,0,1,1024,16384,0,0,42,3,2477998375,1030408736,151245.0180,62891.1582,2.4049,1024,217
dsmem_loaded,12,0,1,1024,16384,0,0,42,3,2478093823,1030448416,151250.8437,62893.5801,2.4049,1024,218
dsmem_loaded,12,0,1,1024,16384,0,0,42,3,2478122892,1030460512,151252.6179,62894.3184,2.4049,1024,219
dsmem_loaded,12,0,1,1024,16384,0,0,42,3,2477987276,1030404128,151244.3406,62890.8770,2.4049,1024,220
dsmem_loaded,12,0,1,1024,16384,0,0,42,3,2478054852,1030432224,151248.4651,62892.5918,2.4049,1024,221
dsmem_loaded,12,0,1,1024,16384,0,0,42,3,2478073659,1030440032,151249.6130,62893.0684,2.4049,1024,222
dsmem_loaded,12,0,1,1024,16384,0,0,42,3,2478113470,1030456640,151252.0428,62894.0820,2.4049,1024,223
dsmem_loaded,12,0,1,1024,16384,0,0,42,3,2478145009,1030469728,151253.9678,62894.8809,2.4049,1024,224
dsmem_loaded,12,0,1,1024,16384,0,0,42,3,2478198836,1030492064,151257.2532,62896.2441,2.4049,1024,225
dsmem_loaded,12,0,1,1024,16384,0,0,42,3,2478201183,1030493056,151257.3964,62896.3047,2.4049,1024,226
dsmem_loaded,12,0,1,1024,16384,0,0,42,3,2478164602,1030477824,151255.1637,62895.3750,2.4049,1024,227
dsmem_loaded,12,0,1,1024,16384,0,0,42,3,2478122625,1030460416,151252.6016,62894.3125,2.4049,1024,228
dsmem_loaded,12,0,1,1024,16384,0,0,42,3,2478080934,1030443104,151250.0570,62893.2559,2.4049,1024,229
dsmem_loaded,12,0,1,1024,16384,0,0,42,3,2477972058,1030397792,151243.4117,62890.4902,2.4049,1024,230
dsmem_loaded,12,0,1,1024,16384,0,0,42,3,2478150920,1030472160,151254.3286,62895.0293,2.4049,1024,231
dsmem_loaded,12,0,1,1024,16384,0,0,42,3,2478109344,1030454880,151251.7910,62893.9746,2.4049,1024,232
dsmem_loaded,12,0,1,1024,16384,0,0,42,3,2478070363,1030438656,151249.4118,62892.9844,2.4049,1024,233
dsmem_loaded,12,0,1,1024,16384,0,0,42,3,2478132041,1030464288,151253.1763,62894.5488,2.4049,1024,234
dsmem_loaded,12,0,1,1024,16384,0,0,42,3,2478118123,1030458528,151252.3268,62894.1973,2.4049,1024,235
dsmem_loaded,12,0,1,1024,16384,0,0,42,3,2478010378,1030413728,151245.7506,62891.4629,2.4049,1024,236
dsmem_loaded,12,0,1,1024,16384,0,0,42,3,2478255246,1030515584,151260.6962,62897.6797,2.4049,1024,237
dsmem_loaded,12,0,1,1024,16384,0,0,42,3,2478046186,1030428640,151247.9362,62892.3730,2.4049,1024,238
dsmem_loaded,12,0,1,1024,16384,0,0,42,3,2478061961,1030435168,151248.8990,62892.7715,2.4049,1024,239
dsmem_loaded,12,0,1,1024,16384,0,0,42,3,2478134379,1030465312,151253.3190,62894.6113,2.4049,1024,240
dsmem_loaded,12,0,1,1024,16384,0,0,42,3,2478071537,1030439168,151249.4835,62893.0156,2.4049,1024,241
dsmem_loaded,12,0,1,1024,16384,0,0,42,3,2478099076,1030450592,151251.1643,62893.7129,2.4049,1024,242
dsmem_loaded,12,0,1,1024,16384,0,0,42,3,2478056900,1030433056,151248.5901,62892.6426,2.4049,1024,243
dsmem_loaded,12,0,1,1024,16384,0,0,42,3,2478153700,1030473312,151254.4983,62895.0996,2.4049,1024,244
dsmem_loaded,12,0,1,1024,16384,0,0,42,3,2478091211,1030447360,151250.6843,62893.5156,2.4049,1024,245
dsmem_loaded,12,0,1,1024,16384,0,0,42,3,2478143440,1030469088,151253.8721,62894.8418,2.4049,1024,246
dsmem_loaded,12,0,1,1024,16384,0,0,42,3,2478042131,1030426944,151247.6887,62892.2695,2.4049,1024,247
dsmem_loaded,12,0,1,1024,16384,0,0,42,3,2478026555,1030420448,151246.7380,62891.8730,2.4049,1024,248
dsmem_loaded,12,0,1,1024,16384,0,0,42,3,2478015917,1030416000,151246.0887,62891.6016,2.4049,1024,249
dsmem_loaded,12,0,1,1024,16384,0,0,42,3,2478030557,1030422112,151246.9822,62891.9746,2.4049,1024,250
dsmem_loaded,12,0,1,1024,16384,0,0,42,3,2478042630,1030427136,151247.7191,62892.2812,2.4049,1024,251
dsmem_loaded,12,0,1,1024,16384,0,0,42,3,2478144446,1030469536,151253.9335,62894.8691,2.4049,1024,252
dsmem_loaded,12,0,1,1024,16384,0,0,42,3,2478051077,1030430688,151248.2347,62892.4980,2.4049,1024,253
dsmem_loaded,12,0,1,1024,16384,0,0,42,3,2478139586,1030467456,151253.6368,62894.7422,2.4049,1024,254
dsmem_loaded,12,0,1,1024,16384,0,0,42,3,2477983696,1030402624,151244.1221,62890.7852,2.4049,1024,255
dsmem_loaded,12,0,1,1024,16384,0,0,42,3,2478090380,1030446976,151250.6335,62893.4922,2.4049,1024,256
dsmem_loaded,12,0,1,1024,16384,0,0,42,3,2478174450,1030481984,151255.7648,62895.6289,2.4049,1024,257
dsmem_loaded,12,0,1,1024,16384,0,0,42,3,2478187597,1030487424,151256.5672,62895.9609,2.4049,1024,258
dsmem_loaded,12,0,1,1024,16384,0,0,42,3,2478182258,1030485184,151256.2413,62895.8242,2.4049,1024,259
dsmem_loaded,12,0,1,1024,16384,0,0,42,3,2478194832,1030490432,151257.0088,62896.1445,2.4049,1024,260
dsmem_loaded,12,0,1,1024,16384,0,0,42,3,2477910283,1030372096,151239.6413,62888.9219,2.4049,1024,261
dsmem_loaded,12,0,1,1024,16384,0,0,42,3,2478177390,1030483168,151255.9442,62895.7012,2.4049,1024,262
dsmem_loaded,12,0,1,1024,16384,0,0,42,3,2478211139,1030497184,151258.0041,62896.5566,2.4049,1024,263
dsmem_loaded,12,0,1,1024,16384,0,0,42,3,2477960667,1030393024,151242.7165,62890.1992,2.4049,1024,264
dsmem_loaded,12,0,1,1024,16384,0,0,42,3,2478180125,1030484352,151256.1111,62895.7734,2.4049,1024,265
dsmem_loaded,12,0,1,1024,16384,0,0,42,3,2478069888,1030438464,151249.3828,62892.9727,2.4049,1024,266
dsmem_loaded,12,0,1,1024,16384,0,0,42,3,2478090039,1030446848,151250.6127,62893.4844,2.4049,1024,267
dsmem_loaded,12,0,1,1024,16384,0,0,42,3,2478034293,1030423680,151247.2103,62892.0703,2.4049,1024,268
dsmem_loaded,12,0,1,1024,16384,0,0,42,3,2478047362,1030429088,151248.0079,62892.4004,2.4049,1024,269
dsmem_loaded,12,0,1,1024,16384,0,0,42,3,2478048194,1030429440,151248.0587,62892.4219,2.4049,1024,270
dsmem_loaded,12,0,1,1024,16384,0,0,42,3,2477962334,1030393760,151242.8182,62890.2441,2.4049,1024,271
dsmem_loaded,12,0,1,1024,16384,0,0,42,3,2478018637,1030417152,151246.2547,62891.6719,2.4049,1024,272
dsmem_loaded,12,0,1,1024,16384,0,0,42,3,2478084681,1030444608,151250.2857,62893.3477,2.4049,1024,273
dsmem_loaded,12,0,1,1024,16384,0,0,42,3,2478070891,1030438880,151249.4440,62892.9980,2.4049,1024,274
dsmem_loaded,12,0,1,1024,16384,0,0,42,3,2477999136,1030409024,151245.0645,62891.1758,2.4049,1024,275
dsmem_loaded,12,0,1,1024,16384,0,0,42,3,2478018316,1030417024,151246.2351,62891.6641,2.4049,1024,276
dsmem_loaded,12,0,1,1024,16384,0,0,42,3,2478045700,1030428416,151247.9065,62892.3594,2.4049,1024,277
dsmem_loaded,12,0,1,1024,16384,0,0,42,3,2478047198,1030429024,151247.9979,62892.3965,2.4049,1024,278
dsmem_loaded,12,0,1,1024,16384,0,0,42,3,2478113083,1030456448,151252.0192,62894.0703,2.4049,1024,279
dsmem_loaded,12,0,1,1024,16384,0,0,42,3,2478057279,1030433216,151248.6132,62892.6523,2.4049,1024,280
dsmem_loaded,12,0,1,1024,16384,0,0,42,3,2478047049,1030428992,151247.9888,62892.3945,2.4049,1024,281
dsmem_loaded,12,0,1,1024,16384,0,0,42,3,2478045186,1030428192,151247.8751,62892.3457,2.4049,1024,282
dsmem_loaded,12,0,1,1024,16384,0,0,42,3,2477996335,1030407872,151244.8935,62891.1055,2.4049,1024,283
dsmem_loaded,12,0,1,1024,16384,0,0,42,3,2478131740,1030464192,151253.1580,62894.5430,2.4049,1024,284
dsmem_loaded,12,0,1,1024,16384,0,0,42,3,2478124497,1030461216,151252.7159,62894.3613,2.4049,1024,285
dsmem_loaded,12,0,1,1024,16384,0,0,42,3,2478043707,1030427616,151247.7849,62892.3105,2.4049,1024,286
dsmem_loaded,12,0,1,1024,16384,0,0,42,3,2478095093,1030448960,151250.9212,62893.6133,2.4049,1024,287
dsmem_loaded,12,0,1,1024,16384,0,0,42,3,2478176889,1030483008,151255.9136,62895.6914,2.4049,1024,288
dsmem_loaded,12,0,1,1024,16384,0,0,42,3,2478180335,1030484448,151256.1240,62895.7793,2.4049,1024,289
dsmem_loaded,12,0,1,1024,16384,0,0,42,3,2477998535,1030408768,151245.0278,62891.1602,2.4049,1024,290
dsmem_loaded,12,0,1,1024,16384,0,0,42,3,2478032463,1030422912,151247.0986,62892.0234,2.4049,1024,291
dsmem_loaded,12,0,1,1024,16384,0,0,42,3,2478165319,1030478176,151255.2075,62895.3965,2.4049,1024,292
dsmem_loaded,12,0,1,1024,16384,0,0,42,3,2478206144,1030495104,151257.6992,62896.4297,2.4049,1024,293
dsmem_loaded,12,0,1,1024,16384,0,0,42,3,2478179250,1030483968,151256.0577,62895.7500,2.4049,1024,294
dsmem_loaded,12,0,1,1024,16384,0,0,42,3,2477996848,1030408096,151244.9248,62891.1191,2.4049,1024,295
dsmem_loaded,12,0,1,1024,16384,0,0,42,3,2478124773,1030461280,151252.7327,62894.3652,2.4049,1024,296
dsmem_loaded,12,0,1,1024,16384,0,0,42,3,2478130459,1030463680,151253.0798,62894.5117,2.4049,1024,297
dsmem_loaded,12,0,1,1024,16384,0,0,42,3,2478198116,1030491776,151257.2092,62896.2266,2.4049,1024,298
dsmem_loaded,12,0,1,1024,16384,0,0,42,3,2478179041,1030483840,151256.0450,62895.7422,2.4049,1024,299
dsmem_loaded,12,0,1,1024,16384,0,0,42,3,2478093481,1030448288,151250.8228,62893.5723,2.4049,1024,300
dsmem_loaded,12,0,1,1024,16384,0,0,42,3,2478065577,1030436640,151249.1197,62892.8613,2.4049,1024,301
dsmem_loaded,12,0,1,1024,16384,0,0,42,3,2478132276,1030464448,151253.1907,62894.5586,2.4049,1024,302
dsmem_loaded,12,0,1,1024,16384,0,0,42,3,2478226272,1030503520,151258.9277,62896.9434,2.4049,1024,303
dsmem_loaded,12,0,1,1024,16384,0,0,42,3,2477998207,1030408672,151245.0078,62891.1543,2.4049,1024,304
dsmem_loaded,12,0,1,1024,16384,0,0,42,3,2478036340,1030424512,151247.3352,62892.1211,2.4049,1024,305
dsmem_loaded,12,0,1,1024,16384,0,0,42,3,2478134844,1030465504,151253.3474,62894.6230,2.4049,1024,306
dsmem_loaded,12,0,1,1024,16384,0,0,42,3,2478074656,1030440448,151249.6738,62893.0938,2.4049,1024,307
dsmem_loaded,12,0,1,1024,16384,0,0,42,3,2478036003,1030424384,151247.3146,62892.1133,2.4049,1024,308
dsmem_loaded,12,0,1,1024,16384,0,0,42,3,2478033028,1030423168,151247.1331,62892.0391,2.4049,1024,309
dsmem_loaded,12,0,1,1024,16384,0,0,42,3,2478038359,1030425376,151247.4584,62892.1738,2.4049,1024,310
dsmem_loaded,12,0,1,1024,16384,0,0,42,3,2478093804,1030448416,151250.8425,62893.5801,2.4049,1024,311
dsmem_loaded,12,0,1,1024,16384,0,0,42,3,2477999041,1030408992,151245.0587,62891.1738,2.4049,1024,312
dsmem_loaded,12,0,1,1024,16384,0,0,42,3,2478037685,1030425088,151247.4173,62892.1562,2.4049,1024,313
dsmem_loaded,12,0,1,1024,16384,0,0,42,3,2477994874,1030407264,151244.8043,62891.0684,2.4049,1024,314
dsmem_loaded,12,0,1,1024,16384,0,0,42,3,2478015510,1030415872,151246.0638,62891.5938,2.4049,1024,315
dsmem_loaded,12,0,1,1024,16384,0,0,42,3,2477976396,1030399584,151243.6765,62890.5996,2.4049,1024,316
dsmem_loaded,12,0,1,1024,16384,0,0,42,3,2478037193,1030424864,151247.3873,62892.1426,2.4049,1024,317
dsmem_loaded,12,0,1,1024,16384,0,0,42,3,2478036014,1030424384,151247.3153,62892.1133,2.4049,1024,318
dsmem_loaded,12,0,1,1024,16384,0,0,42,3,2478033521,1030423360,151247.1631,62892.0508,2.4049,1024,319
dsmem_loaded,12,0,1,1024,16384,0,0,42,3,2478216496,1030499424,151258.3311,62896.6934,2.4049,1024,320
dsmem_loaded,12,0,1,1024,16384,0,0,42,3,2478085546,1030444992,151250.3385,62893.3711,2.4049,1024,321
dsmem_loaded,12,0,1,1024,16384,0,0,42,3,2478173837,1030481696,151255.7274,62895.6113,2.4049,1024,322
dsmem_loaded,12,0,1,1024,16384,0,0,42,3,2477982364,1030402112,151244.0408,62890.7539,2.4049,1024,323
dsmem_loaded,12,0,1,1024,16384,0,0,42,3,2478181240,1030484800,151256.1792,62895.8008,2.4049,1024,324
dsmem_loaded,12,0,1,1024,16384,0,0,42,3,2478058833,1030433888,151248.7081,62892.6934,2.4049,1024,325
dsmem_loaded,12,0,1,1024,16384,0,0,42,3,2477954497,1030390464,151242.3399,62890.0430,2.4049,1024,326
dsmem_loaded,12,0,1,1024,16384,0,0,42,3,2477984717,1030403008,151244.1844,62890.8086,2.4049,1024,327
dsmem_loaded,12,0,1,1024,16384,0,0,42,3,2478164107,1030477696,151255.1335,62895.3672,2.4049,1024,328
dsmem_loaded,12,0,1,1024,16384,0,0,42,3,2478181088,1030484736,151256.1699,62895.7969,2.4049,1024,329
dsmem_loaded,12,0,1,1024,16384,0,0,42,3,2478158515,1030475328,151254.7922,62895.2227,2.4049,1024,330
dsmem_loaded,12,0,1,1024,16384,0,0,42,3,2478230746,1030505376,151259.2008,62897.0566,2.4049,1024,331
dsmem_loaded,12,0,1,1024,16384,0,0,42,3,2478040006,1030426080,151247.5590,62892.2168,2.4049,1024,332
dsmem_loaded,12,0,1,1024,16384,0,0,42,3,2477943720,1030386048,151241.6821,62889.7734,2.4049,1024,333
dsmem_loaded,12,0,1,1024,16384,0,0,42,3,2478240506,1030509440,151259.7965,62897.3047,2.4049,1024,334
dsmem_loaded,12,0,1,1024,16384,0,0,42,3,2478183264,1030485632,151256.3027,62895.8516,2.4049,1024,335
dsmem_loaded,12,0,1,1024,16384,0,0,42,3,2478012621,1030414624,151245.8875,62891.5176,2.4049,1024,336
dsmem_loaded,12,0,1,1024,16384,0,0,42,3,2478032279,1030422816,151247.0873,62892.0176,2.4049,1024,337
dsmem_loaded,12,0,1,1024,16384,0,0,42,3,2478047392,1030429120,151248.0098,62892.4023,2.4049,1024,338
dsmem_loaded,12,0,1,1024,16384,0,0,42,3,2477984046,1030402784,151244.1434,62890.7949,2.4049,1024,339
dsmem_loaded,12,0,1,1024,16384,0,0,42,3,2477993625,1030406784,151244.7281,62891.0391,2.4049,1024,340
dsmem_loaded,12,0,1,1024,16384,0,0,42,3,2478041020,1030426496,151247.6208,62892.2422,2.4049,1024,341
dsmem_loaded,12,0,1,1024,16384,0,0,42,3,2478031617,1030422560,151247.0469,62892.0020,2.4049,1024,342
dsmem_loaded,12,0,1,1024,16384,0,0,42,3,2478136625,1030466240,151253.4561,62894.6680,2.4049,1024,343
dsmem_loaded,12,0,1,1024,16384,0,0,42,3,2478032613,1030422944,151247.1077,62892.0254,2.4049,1024,344
dsmem_loaded,12,0,1,1024,16384,0,0,42,3,2477942903,1030385664,151241.6323,62889.7500,2.4049,1024,345
dsmem_loaded,12,0,1,1024,16384,0,0,42,3,2477990137,1030405312,151244.5152,62890.9492,2.4049,1024,346
dsmem_loaded,12,0,1,1024,16384,0,0,42,3,2477980727,1030401408,151243.9409,62890.7109,2.4049,1024,347
dsmem_loaded,12,0,1,1024,16384,0,0,42,3,2478027601,1030420928,151246.8018,62891.9023,2.4049,1024,348
dsmem_loaded,12,0,1,1024,16384,0,0,42,3,2478020846,1030418112,151246.3895,62891.7305,2.4049,1024,349
dsmem_loaded,12,0,1,1024,16384,0,0,42,3,2478031107,1030422368,151247.0158,62891.9902,2.4049,1024,350
dsmem_loaded,12,0,1,1024,16384,0,0,42,3,2478099515,1030450816,151251.1911,62893.7266,2.4049,1024,351
dsmem_loaded,12,0,1,1024,16384,0,0,42,4,2477927879,1030379936,151240.7153,62889.4004,2.4049,1024,0
dsmem_loaded,12,0,1,1024,16384,0,0,42,4,2477948547,1030388512,151241.9767,62889.9238,2.4049,1024,1
dsmem_loaded,12,0,1,1024,16384,0,0,42,4,2477975459,1030399712,151243.6193,62890.6074,2.4049,1024,2
dsmem_loaded,12,0,1,1024,16384,0,0,42,4,2478032650,1030423456,151247.1100,62892.0566,2.4049,1024,3
dsmem_loaded,12,0,1,1024,16384,0,0,42,4,2478027738,1030421408,151246.8102,62891.9316,2.4049,1024,4
dsmem_loaded,12,0,1,1024,16384,0,0,42,4,2477999337,1030409600,151245.0767,62891.2109,2.4049,1024,5
dsmem_loaded,12,0,1,1024,16384,0,0,42,4,2478028615,1030421760,151246.8637,62891.9531,2.4049,1024,6
dsmem_loaded,12,0,1,1024,16384,0,0,42,4,2477972416,1030398432,151243.4336,62890.5293,2.4049,1024,7
dsmem_loaded,12,0,1,1024,16384,0,0,42,4,2477997287,1030408768,151244.9516,62891.1602,2.4049,1024,8
dsmem_loaded,12,0,1,1024,16384,0,0,42,4,2477947879,1030388224,151241.9360,62889.9062,2.4049,1024,9
dsmem_loaded,12,0,1,1024,16384,0,0,42,4,2477947537,1030388096,151241.9151,62889.8984,2.4049,1024,10
dsmem_loaded,12,0,1,1024,16384,0,0,42,4,2477942994,1030386240,151241.6378,62889.7852,2.4049,1024,11
dsmem_loaded,12,0,1,1024,16384,0,0,42,4,2477925881,1030379040,151240.5933,62889.3457,2.4049,1024,12
dsmem_loaded,12,0,1,1024,16384,0,0,42,4,2477938295,1030384256,151241.3510,62889.6641,2.4049,1024,13
dsmem_loaded,12,0,1,1024,16384,0,0,42,4,2477953583,1030390592,151242.2841,62890.0508,2.4049,1024,14
dsmem_loaded,12,0,1,1024,16384,0,0,42,4,2477953244,1030390432,151242.2634,62890.0410,2.4049,1024,15
dsmem_loaded,12,0,1,1024,16384,0,0,42,4,2477996771,1030408576,151244.9201,62891.1484,2.4049,1024,16
dsmem_loaded,12,0,1,1024,16384,0,0,42,4,2477939469,1030384704,151241.4227,62889.6914,2.4049,1024,17
dsmem_loaded,12,0,1,1024,16384,0,0,42,4,2477928874,1030380320,151240.7760,62889.4238,2.4049,1024,18
dsmem_loaded,12,0,1,1024,16384,0,0,42,4,2477953925,1030390752,151242.3050,62890.0605,2.4049,1024,19
dsmem_loaded,12,0,1,1024,16384,0,0,42,4,2477972075,1030398272,151243.4128,62890.5195,2.4049,1024,20
dsmem_loaded,12,0,1,1024,16384,0,0,42,4,2477928038,1030380000,151240.7250,62889.4043,2.4049,1024,21
dsmem_loaded,12,0,1,1024,16384,0,0,42,4,2477928221,1030380064,151240.7361,62889.4082,2.4049,1024,22
dsmem_loaded,12,0,1,1024,16384,0,0,42,4,2477966039,1030395776,151243.0444,62890.3672,2.4049,1024,23
dsmem_loaded,12,0,1,1024,16384,0,0,42,4,2477975432,1030399648,151243.6177,62890.6035,2.4049,1024,24
dsmem_loaded,12,0,1,1024,16384,0,0,42,4,2477928381,1030380096,151240.7459,62889.4102,2.4049,1024,25
dsmem_loaded,12,0,1,1024,16384,0,0,42,4,2477925881,1030379104,151240.5933,62889.3496,2.4049,1024,26
dsmem_loaded,12,0,1,1024,16384,0,0,42,4,2477927528,1030379776,151240.6938,62889.3906,2.4049,1024,27
dsmem_loaded,12,0,1,1024,16384,0,0,42,4,2477966879,1030396128,151243.0956,62890.3887,2.4049,1024,28
dsmem_loaded,12,0,1,1024,16384,0,0,42,4,2477925881,1030379104,151240.5933,62889.3496,2.4049,1024,29
dsmem_loaded,12,0,1,1024,16384,0,0,42,4,2477928555,1030380160,151240.7565,62889.4141,2.4049,1024,30
dsmem_loaded,12,0,1,1024,16384,0,0,42,4,2477925882,1030379072,151240.5934,62889.3477,2.4049,1024,31
dsmem_loaded,12,0,1,1024,16384,0,0,42,4,2478004059,1030411584,151245.3649,62891.3320,2.4049,1024,32
dsmem_loaded,12,0,1,1024,16384,0,0,42,4,2478027429,1030421312,151246.7913,62891.9258,2.4049,1024,33
dsmem_loaded,12,0,1,1024,16384,0,0,42,4,2478057272,1030433728,151248.6128,62892.6836,2.4049,1024,34
dsmem_loaded,12,0,1,1024,16384,0,0,42,4,2477952600,1030390208,151242.2241,62890.0273,2.4049,1024,35
dsmem_loaded,12,0,1,1024,16384,0,0,42,4,2478007571,1030413056,151245.5793,62891.4219,2.4049,1024,36
dsmem_loaded,12,0,1,1024,16384,0,0,42,4,2477984363,1030403424,151244.1628,62890.8340,2.4049,1024,37
dsmem_loaded,12,0,1,1024,16384,0,0,42,4,2478025718,1030420576,151246.6869,62891.8809,2.4049,1024,38
dsmem_loaded,12,0,1,1024,16384,0,0,42,4,2478012461,1030415072,151245.8777,62891.5449,2.4049,1024,39
dsmem_loaded,12,0,1,1024,16384,0,0,42,4,2477938635,1030384352,151241.3718,62889.6699,2.4049,1024,40
dsmem_loaded,12,0,1,1024,16384,0,0,42,4,2478028868,1030421888,151246.8792,62891.9609,2.4049,1024,41
dsmem_loaded,12,0,1,1024,16384,0,0,42,4,2477957125,1030392064,151242.5003,62890.1406,2.4049,1024,42
dsmem_loaded,12,0,1,1024,16384,0,0,42,4,2477947535,1030388096,151241.9150,62889.8984,2.4049,1024,43
dsmem_loaded,12,0,1,1024,16384,0,0,42,4,2477937962,1030384128,151241.3307,62889.6562,2.4049,1024,44
dsmem_loaded,12,0,1,1024,16384,0,0,42,4,2477946867,1030387808,151241.8742,62889.8809,2.4049,1024,45
dsmem_loaded,12,0,1,1024,16384,0,0,42,4,2477928204,1030380032,151240.7351,62889.4062,2.4049,1024,46
dsmem_loaded,12,0,1,1024,16384,0,0,42,4,2477929062,1030380416,151240.7875,62889.4297,2.4049,1024,47
dsmem_loaded,12,0,1,1024,16384,0,0,42,4,2477947194,1030387904,151241.8942,62889.8867,2.4049,1024,48
dsmem_loaded,12,0,1,1024,16384,0,0,42,4,2477953421,1030390560,151242.2742,62890.0488,2.4049,1024,49
dsmem_loaded,12,0,1,1024,16384,0,0,42,4,2477958615,1030392704,151242.5912,62890.1797,2.4049,1024,50
dsmem_loaded,12,0,1,1024,16384,0,0,42,4,2477942836,1030386144,151241.6282,62889.7793,2.4049,1024,51
dsmem_loaded,12,0,1,1024,16384,0,0,42,4,2477925881,1030379104,151240.5933,62889.3496,2.4049,1024,52
dsmem_loaded,12,0,1,1024,16384,0,0,42,4,2477928045,1030380000,151240.7254,62889.4043,2.4049,1024,53
dsmem_loaded,12,0,1,1024,16384,0,0,42,4,2477958964,1030392800,151242.6125,62890.1855,2.4049,1024,54
dsmem_loaded,12,0,1,1024,16384,0,0,42,4,2477925881,1030379072,151240.5933,62889.3477,2.4049,1024,55
dsmem_loaded,12,0,1,1024,16384,0,0,42,4,2477943170,1030386272,151241.6486,62889.7871,2.4049,1024,56
dsmem_loaded,12,0,1,1024,16384,0,0,42,4,2477949057,1030388704,151242.0079,62889.9355,2.4049,1024,57
dsmem_loaded,12,0,1,1024,16384,0,0,42,4,2477966542,1030396000,151243.0751,62890.3809,2.4049,1024,58
dsmem_loaded,12,0,1,1024,16384,0,0,42,4,2477944664,1030386880,151241.7397,62889.8242,2.4049,1024,59
dsmem_loaded,12,0,1,1024,16384,0,0,42,4,2477929062,1030380384,151240.7875,62889.4277,2.4049,1024,60
dsmem_loaded,12,0,1,1024,16384,0,0,42,4,2477925882,1030379104,151240.5934,62889.3496,2.4049,1024,61
dsmem_loaded,12,0,1,1024,16384,0,0,42,4,2477925881,1030379040,151240.5933,62889.3457,2.4049,1024,62
dsmem_loaded,12,0,1,1024,16384,0,0,42,4,2477928714,1030380256,151240.7662,62889.4199,2.4049,1024,63
dsmem_loaded,12,0,1,1024,16384,0,0,42,4,2478007422,1030412992,151245.5702,62891.4180,2.4049,1024,64
dsmem_loaded,12,0,1,1024,16384,0,0,42,4,2478022210,1030419136,151246.4728,62891.7930,2.4049,1024,65
dsmem_loaded,12,0,1,1024,16384,0,0,42,4,2478026263,1030420832,151246.7202,62891.8965,2.4049,1024,66
dsmem_loaded,12,0,1,1024,16384,0,0,42,4,2478026415,1030420896,151246.7294,62891.9004,2.4049,1024,67
dsmem_loaded,12,0,1,1024,16384,0,0,42,4,2477956797,1030391936,151242.4803,62890.1328,2.4049,1024,68
dsmem_loaded,12,0,1,1024,16384,0,0,42,4,2477981989,1030402432,151244.0179,62890.7734,2.4049,1024,69
dsmem_loaded,12,0,1,1024,16384,0,0,42,4,2477976111,1030399968,151243.6591,62890.6230,2.4049,1024,70
dsmem_loaded,12,0,1,1024,16384,0,0,42,4,2477961663,1030393952,151242.7773,62890.2559,2.4049,1024,71
dsmem_loaded,12,0,1,1024,16384,0,0,42,4,2477957125,1030392064,151242.5003,62890.1406,2.4049,1024,72
dsmem_loaded,12,0,1,1024,16384,0,0,42,4,2477993579,1030407264,151244.7253,62891.0684,2.4049,1024,73
dsmem_loaded,12,0,1,1024,16384,0,0,42,4,2477925881,1030379072,151240.5933,62889.3477,2.4049,1024,74
dsmem_loaded,12,0,1,1024,16384,0,0,42,4,2477986020,1030404064,151244.2639,62890.8730,2.4049,1024,75
dsmem_loaded,12,0,1,1024,16384,0,0,42,4,2477953239,1030390464,151242.2631,62890.0430,2.4049,1024,76
dsmem_loaded,12,0,1,1024,16384,0,0,42,4,2477925881,1030379072,151240.5933,62889.3477,2.4049,1024,77
dsmem_loaded,12,0,1,1024,16384,0,0,42,4,2477962813,1030394432,151242.8475,62890.2852,2.4049,1024,78
dsmem_loaded,12,0,1,1024,16384,0,0,42,4,2477949552,1030388928,151242.0381,62889.9492,2.4049,1024,79
dsmem_loaded,12,0,1,1024,16384,0,0,42,4,2477943340,1030386368,151241.6589,62889.7930,2.4049,1024,80
dsmem_loaded,12,0,1,1024,16384,0,0,42,4,2477986357,1030404224,151244.2845,62890.8828,2.4049,1024,81
dsmem_loaded,12,0,1,1024,16384,0,0,42,4,2477962662,1030394368,151242.8383,62890.2812,2.4049,1024,82
dsmem_loaded,12,0,1,1024,16384,0,0,42,4,2477948373,1030388448,151241.9661,62889.9199,2.4049,1024,83
dsmem_loaded,12,0,1,1024,16384,0,0,42,4,2477925882,1030379104,151240.5934,62889.3496,2.4049,1024,84
dsmem_loaded,12,0,1,1024,16384,0,0,42,4,2477952400,1030390112,151242.2119,62890.0215,2.4049,1024,85
dsmem_loaded,12,0,1,1024,16384,0,0,42,4,2477985335,1030403808,151244.2221,62890.8574,2.4049,1024,86
dsmem_loaded,12,0,1,1024,16384,0,0,42,4,2477928389,1030380128,151240.7464,62889.4121,2.4049,1024,87
dsmem_loaded,12,0,1,1024,16384,0,0,42,4,2477965850,1030395680,151243.0328,62890.3613,2.4049,1024,88
dsmem_loaded,12,0,1,1024,16384,0,0,42,4,2477966356,1030395904,151243.0637,62890.3750,2.4049,1024,89
dsmem_loaded,12,0,1,1024,16384,0,0,42,4,2477948874,1030388608,151241.9967,62889.9297,2.4049,1024,90
dsmem_loaded,12,0,1,1024,16384,0,0,42,4,2477928714,1030380224,151240.7662,62889.4180,2.4049,1024,91
dsmem_loaded,12,0,1,1024,16384,0,0,42,4,2477929389,1030380544,151240.8074,62889.4375,2.4049,1024,92
dsmem_loaded,12,0,1,1024,16384,0,0,42,4,2477927706,1030379840,151240.7047,62889.3945,2.4049,1024,93
dsmem_loaded,12,0,1,1024,16384,0,0,42,4,2477928049,1030380000,151240.7256,62889.4043,2.4049,1024,94
dsmem_loaded,12,0,1,1024,16384,0,0,42,4,2477925881,1030379104,151240.5933,62889.3496,2.4049,1024,95
dsmem_loaded,12,0,1,1024,16384,0,0,42,4,2478027431,1030421312,151246.7914,62891.9258,2.4049,1024,96
dsmem_loaded,12,0,1,1024,16384,0,0,42,4,2478008267,1030413344,151245.6218,62891.4395,2.4049,1024,97
dsmem_loaded,12,0,1,1024,16384,0,0,42,4,2477928208,1030380064,151240.7354,62889.4082,2.4049,1024,98
dsmem_loaded,12,0,1,1024,16384,0,0,42,4,2478013298,1030415424,151245.9288,62891.5664,2.4049,1024,99
dsmem_loaded,12,0,1,1024,16384,0,0,42,4,2477979326,1030401280,151243.8553,62890.7031,2.4049,1024,100
dsmem_loaded,12,0,1,1024,16384,0,0,42,4,2477974460,1030399264,151243.5583,62890.5801,2.4049,1024,101
dsmem_loaded,12,0,1,1024,16384,0,0,42,4,2478026726,1030420992,151246.7484,62891.9062,2.4049,1024,102
dsmem_loaded,12,0,1,1024,16384,0,0,42,4,2477951075,1030389536,151242.1310,62889.9863,2.4049,1024,103
dsmem_loaded,12,0,1,1024,16384,0,0,42,4,2477966703,1030396064,151243.0849,62890.3848,2.4049,1024,104
dsmem_loaded,12,0,1,1024,16384,0,0,42,4,2477943175,1030386240,151241.6489,62889.7852,2.4049,1024,105
dsmem_loaded,12,0,1,1024,16384,0,0,42,4,2478007214,1030412928,151245.5575,62891.4141,2.4049,1024,106
dsmem_loaded,12,0,1,1024,16384,0,0,42,4,2477966847,1030396128,151243.0937,62890.3887,2.4049,1024,107
dsmem_loaded,12,0,1,1024,16384,0,0,42,4,2478005847,1030412288,151245.4741,62891.3750,2.4049,1024,108
dsmem_loaded,12,0,1,1024,16384,0,0,42,4,2477929389,1030380544,151240.8074,62889.4375,2.4049,1024,109
dsmem_loaded,12,0,1,1024,16384,0,0,42,4,2478061491,1030435456,151248.8703,62892.7891,2.4049,1024,110
dsmem_loaded,12,0,1,1024,16384,0,0,42,4,2477944173,1030386688,151241.7098,62889.8125,2.4049,1024,111
dsmem_loaded,12,0,1,1024,16384,0,0,42,4,2477953092,1030390432,151242.2542,62890.0410,2.4049,1024,112
dsmem_loaded,12,0,1,1024,16384,0,0,42,4,2477947028,1030387872,151241.8840,62889.8848,2.4049,1024,113
dsmem_loaded,12,0,1,1024,16384,0,0,42,4,2477985845,1030404032,151244.2532,62890.8711,2.4049,1024,114
dsmem_loaded,12,0,1,1024,16384,0,0,42,4,2477927705,1030379808,151240.7047,62889.3926,2.4049,1024,115
dsmem_loaded,12,0,1,1024,16384,0,0,42,4,2477944006,1030386624,151241.6996,62889.8086,2.4049,1024,116
dsmem_loaded,12,0,1,1024,16384,0,0,42,4,2477929040,1030380384,151240.7861,62889.4277,2.4049,1024,117
dsmem_loaded,12,0,1,1024,16384,0,0,42,4,2477973239,1030398784,151243.4838,62890.5508,2.4049,1024,118
dsmem_loaded,12,0,1,1024,16384,0,0,42,4,2477942993,1030386208,151241.6378,62889.7832,2.4049,1024,119
dsmem_loaded,12,0,1,1024,16384,0,0,42,4,2477928722,1030380256,151240.7667,62889.4199,2.4049,1024,120
dsmem_loaded,12,0,1,1024,16384,0,0,42,4,2477927868,1030379904,151240.7146,62889.3984,2.4049,1024,121
dsmem_loaded,12,0,1,1024,16384,0,0,42,4,2477928392,1030380128,151240.7466,62889.4121,2.4049,1024,122
dsmem_loaded,12,0,1,1024,16384,0,0,42,4,2477949392,1030388864,151242.0283,62889.9453,2.4049,1024,123
dsmem_loaded,12,0,1,1024,16384,0,0,42,4,2477925882,1030379104,151240.5934,62889.3496,2.4049,1024,124
dsmem_loaded,12,0,1,1024,16384,0,0,42,4,2477925881,1030379104,151240.5933,62889.3496,2.4049,1024,125
dsmem_loaded,12,0,1,1024,16384,0,0,42,4,2477925881,1030379072,151240.5933,62889.3477,2.4049,1024,126
dsmem_loaded,12,0,1,1024,16384,0,0,42,4,2477925881,1030379104,151240.5933,62889.3496,2.4049,1024,127
dsmem_loaded,12,0,1,1024,16384,0,0,42,4,2477928541,1030380192,151240.7557,62889.4160,2.4049,1024,128
dsmem_loaded,12,0,1,1024,16384,0,0,42,4,2478057165,1030433696,151248.6063,62892.6816,2.4049,1024,129
dsmem_loaded,12,0,1,1024,16384,0,0,42,4,2477988072,1030404928,151244.3892,62890.9258,2.4049,1024,130
dsmem_loaded,12,0,1,1024,16384,0,0,42,4,2478016506,1030416736,151246.1246,62891.6465,2.4049,1024,131
dsmem_loaded,12,0,1,1024,16384,0,0,42,4,2478011457,1030414656,151245.8165,62891.5195,2.4049,1024,132
dsmem_loaded,12,0,1,1024,16384,0,0,42,4,2478047386,1030429632,151248.0094,62892.4336,2.4049,1024,133
dsmem_loaded,12,0,1,1024,16384,0,0,42,4,2477993458,1030407168,151244.7179,62891.0625,2.4049,1024,134
dsmem_loaded,12,0,1,1024,16384,0,0,42,4,2477980339,1030401728,151243.9172,62890.7305,2.4049,1024,135
dsmem_loaded,12,0,1,1024,16384,0,0,42,4,2477957457,1030392224,151242.5206,62890.1504,2.4049,1024,136
dsmem_loaded,12,0,1,1024,16384,0,0,42,4,2478010714,1030414336,151245.7711,62891.5000,2.4049,1024,137
dsmem_loaded,12,0,1,1024,16384,0,0,42,4,2477941647,1030385632,151241.5556,62889.7480,2.4049,1024,138
dsmem_loaded,12,0,1,1024,16384,0,0,42,4,2477945024,1030387040,151241.7617,62889.8340,2.4049,1024,139
dsmem_loaded,12,0,1,1024,16384,0,0,42,4,2477945694,1030387328,151241.8026,62889.8516,2.4049,1024,140
dsmem_loaded,12,0,1,1024,16384,0,0,42,4,2477928718,1030380224,151240.7665,62889.4180,2.4049,1024,141
dsmem_loaded,12,0,1,1024,16384,0,0,42,4,2477945175,1030387104,151241.7709,62889.8379,2.4049,1024,142
dsmem_loaded,12,0,1,1024,16384,0,0,42,4,2477947705,1030388160,151241.9254,62889.9023,2.4049,1024,143
dsmem_loaded,12,0,1,1024,16384,0,0,42,4,2477948540,1030388512,151241.9763,62889.9238,2.4049,1024,144
dsmem_loaded,12,0,1,1024,16384,0,0,42,4,2478005503,1030412160,151245.4531,62891.3672,2.4049,1024,145
dsmem_loaded,12,0,1,1024,16384,0,0,42,4,2477954762,1030391072,151242.3561,62890.0801,2.4049,1024,146
dsmem_loaded,12,0,1,1024,16384,0,0,42,4,2477941812,1030385728,151241.5657,62889.7539,2.4049,1024,147
dsmem_loaded,12,0,1,1024,16384,0,0,42,4,2477928211,1030380064,151240.7355,62889.4082,2.4049,1024,148
dsmem_loaded,12,0,1,1024,16384,0,0,42,4,2477925881,1030379040,151240.5933,62889.3457,2.4049,1024,149
dsmem_loaded,12,0,1,1024,16384,0,0,42,4,2477925881,1030379104,151240.5933,62889.3496,2.4049,1024,150
dsmem_loaded,12,0,1,1024,16384,0,0,42,4,2477928535,1030380192,151240.7553,62889.4160,2.4049,1024,151
dsmem_loaded,12,0,1,1024,16384,0,0,42,4,2477929388,1030380512,151240.8074,62889.4355,2.4049,1024,152
dsmem_loaded,12,0,1,1024,16384,0,0,42,4,2477928211,1030380064,151240.7355,62889.4082,2.4049,1024,153
dsmem_loaded,12,0,1,1024,16384,0,0,42,4,2477943320,1030386336,151241.6577,62889.7910,2.4049,1024,154
dsmem_loaded,12,0,1,1024,16384,0,0,42,4,2477929223,1030380480,151240.7973,62889.4336,2.4049,1024,155
dsmem_loaded,12,0,1,1024,16384,0,0,42,4,2477925881,1030379072,151240.5933,62889.3477,2.4049,1024,156
dsmem_loaded,12,0,1,1024,16384,0,0,42,4,2477928388,1030380160,151240.7463,62889.4141,2.4049,1024,157
dsmem_loaded,12,0,1,1024,16384,0,0,42,4,2477928391,1030380096,151240.7465,62889.4102,2.4049,1024,158
dsmem_loaded,12,0,1,1024,16384,0,0,42,4,2477925881,1030379072,151240.5933,62889.3477,2.4049,1024,159
dsmem_loaded,12,0,1,1024,16384,0,0,42,4,2477925881,1030379104,151240.5933,62889.3496,2.4049,1024,160
dsmem_loaded,12,0,1,1024,16384,0,0,42,4,2477967861,1030396512,151243.1556,62890.4121,2.4049,1024,161
dsmem_loaded,12,0,1,1024,16384,0,0,42,4,2477927539,1030379776,151240.6945,62889.3906,2.4049,1024,162
dsmem_loaded,12,0,1,1024,16384,0,0,42,4,2477982678,1030402720,151244.0599,62890.7910,2.4049,1024,163
dsmem_loaded,12,0,1,1024,16384,0,0,42,4,2478027092,1030421184,151246.7708,62891.9180,2.4049,1024,164
dsmem_loaded,12,0,1,1024,16384,0,0,42,4,2477956958,1030391968,151242.4901,62890.1348,2.4049,1024,165
dsmem_loaded,12,0,1,1024,16384,0,0,42,4,2477964525,1030395136,151242.9520,62890.3281,2.4049,1024,166
dsmem_loaded,12,0,1,1024,16384,0,0,42,4,2478023045,1030419488,151246.5237,62891.8145,2.4049,1024,167
dsmem_loaded,12,0,1,1024,16384,0,0,42,4,2477963344,1030394656,151242.8799,62890.2988,2.4049,1024,168
dsmem_loaded,12,0,1,1024,16384,0,0,42,4,2477959300,1030392992,151242.6331,62890.1973,2.4049,1024,169
dsmem_loaded,12,0,1,1024,16384,0,0,42,4,2478017170,1030417024,151246.1652,62891.6641,2.4049,1024,170
dsmem_loaded,12,0,1,1024,16384,0,0,42,4,2478012065,1030414912,151245.8536,62891.5352,2.4049,1024,171
dsmem_loaded,12,0,1,1024,16384,0,0,42,4,2477966009,1030395776,151243.0425,62890.3672,2.4049,1024,172
dsmem_loaded,12,0,1,1024,16384,0,0,42,4,2478007075,1030412864,151245.5490,62891.4102,2.4049,1024,173
dsmem_loaded,12,0,1,1024,16384,0,0,42,4,2477962668,1030394400,151242.8386,62890.2832,2.4049,1024,174
dsmem_loaded,12,0,1,1024,16384,0,0,42,4,2477929232,1030380480,151240.7979,62889.4336,2.4049,1024,175
dsmem_loaded,12,0,1,1024,16384,0,0,42,4,2477948719,1030388576,151241.9872,62889.9277,2.4049,1024,176
dsmem_loaded,12,0,1,1024,16384,0,0,42,4,2477952582,1030390176,151242.2230,62890.0254,2.4049,1024,177
dsmem_loaded,12,0,1,1024,16384,0,0,42,4,2477962159,1030394176,151242.8076,62890.2695,2.4049,1024,178
dsmem_loaded,12,0,1,1024,16384,0,0,42,4,2477947208,1030387968,151241.8950,62889.8906,2.4049,1024,179
dsmem_loaded,12,0,1,1024,16384,0,0,42,4,2477948722,1030388576,151241.9874,62889.9277,2.4049,1024,180
dsmem_loaded,12,0,1,1024,16384,0,0,42,4,2477943331,1030386336,151241.6584,62889.7910,2.4049,1024,181
dsmem_loaded,12,0,1,1024,16384,0,0,42,4,2477925881,1030379104,151240.5933,62889.3496,2.4049,1024,182
dsmem_loaded,12,0,1,1024,16384,0,0,42,4,2477972055,1030398304,151243.4116,62890.5215,2.4049,1024,183
dsmem_loaded,12,0,1,1024,16384,0,0,42,4,2477928714,1030380256,151240.7662,62889.4199,2.4049,1024,184
dsmem_loaded,12,0,1,1024,16384,0,0,42,4,2477929226,1030380480,151240.7975,62889.4336,2.4049,1024,185
dsmem_loaded,12,0,1,1024,16384,0,0,42,4,2477967022,1030396192,151243.1044,62890.3926,2.4049,1024,186
dsmem_loaded,12,0,1,1024,16384,0,0,42,4,2477967209,1030396256,151243.1158,62890.3965,2.4049,1024,187
dsmem_loaded,12,0,1,1024,16384,0,0,42,4,2477946868,1030387808,151241.8743,62889.8809,2.4049,1024,188
dsmem_loaded,12,0,1,1024,16384,0,0,42,4,2477925882,1030379104,151240.5934,62889.3496,2.4049,1024,189
dsmem_loaded,12,0,1,1024,16384,0,0,42,4,2477968026,1030396576,151243.1656,62890.4160,2.4049,1024,190
dsmem_loaded,12,0,1,1024,16384,0,0,42,4,2477925881,1030379072,151240.5933,62889.3477,2.4049,1024,191
dsmem_loaded,12,0,1,1024,16384,0,0,42,4,2478052577,1030431744,151248.3262,62892.5625,2.4049,1024,192
dsmem_loaded,12,0,1,1024,16384,0,0,42,4,2478033127,1030423680,151247.1391,62892.0703,2.4049,1024,193
dsmem_loaded,12,0,1,1024,16384,0,0,42,4,2477939126,1030384608,151241.4017,62889.6855,2.4049,1024,194
dsmem_loaded,12,0,1,1024,16384,0,0,42,4,2478024864,1030420288,151246.6348,62891.8633,2.4049,1024,195
dsmem_loaded,12,0,1,1024,16384,0,0,42,4,2478003383,1030411296,151245.3237,62891.3145,2.4049,1024,196
dsmem_loaded,12,0,1,1024,16384,0,0,42,4,2478021507,1030418880,151246.4299,62891.7773,2.4049,1024,197
dsmem_loaded,12,0,1,1024,16384,0,0,42,4,2478003048,1030411136,151245.3032,62891.3047,2.4049,1024,198
dsmem_loaded,12,0,1,1024,16384,0,0,42,4,2478017671,1030417248,151246.1957,62891.6777,2.4049,1024,199
dsmem_loaded,12,0,1,1024,16384,0,0,42,4,2477956955,1030392000,151242.4899,62890.1367,2.4049,1024,200
dsmem_loaded,12,0,1,1024,16384,0,0,42,4,2477925881,1030379072,151240.5933,62889.3477,2.4049,1024,201
dsmem_loaded,12,0,1,1024,16384,0,0,42,4,2477979999,1030401536,151243.8964,62890.7188,2.4049,1024,202
dsmem_loaded,12,0,1,1024,16384,0,0,42,4,2477993934,1030407424,151244.7469,62891.0781,2.4049,1024,203
dsmem_loaded,12,0,1,1024,16384,0,0,42,4,2477948041,1030388288,151241.9459,62889.9102,2.4049,1024,204
dsmem_loaded,12,0,1,1024,16384,0,0,42,4,2478000637,1030410176,151245.1561,62891.2461,2.4049,1024,205
dsmem_loaded,12,0,1,1024,16384,0,0,42,4,2477938129,1030384160,151241.3409,62889.6582,2.4049,1024,206
dsmem_loaded,12,0,1,1024,16384,0,0,42,4,2478020804,1030418528,151246.3870,62891.7559,2.4049,1024,207
dsmem_loaded,12,0,1,1024,16384,0,0,42,4,2477947879,1030388256,151241.9360,62889.9082,2.4049,1024,208
dsmem_loaded,12,0,1,1024,16384,0,0,42,4,2478006009,1030412384,151245.4839,62891.3809,2.4049,1024,209
dsmem_loaded,12,0,1,1024,16384,0,0,42,4,2477948043,1030388288,151241.9460,62889.9102,2.4049,1024,210
dsmem_loaded,12,0,1,1024,16384,0,0,42,4,2477967539,1030396416,151243.1359,62890.4062,2.4049,1024,211
dsmem_loaded,12,0,1,1024,16384,0,0,42,4,2477925882,1030379104,151240.5934,62889.3496,2.4049,1024,212
dsmem_loaded,12,0,1,1024,16384,0,0,42,4,2477929058,1030380384,151240.7872,62889.4277,2.4049,1024,213
dsmem_loaded,12,0,1,1024,16384,0,0,42,4,2477949057,1030388704,151242.0079,62889.9355,2.4049,1024,214
dsmem_loaded,12,0,1,1024,16384,0,0,42,4,2477928043,1030380000,151240.7253,62889.4043,2.4049,1024,215
dsmem_loaded,12,0,1,1024,16384,0,0,42,4,2477943503,1030386400,151241.6689,62889.7949,2.4049,1024,216
dsmem_loaded,12,0,1,1024,16384,0,0,42,4,2477927529,1030379744,151240.6939,62889.3887,2.4049,1024,217
dsmem_loaded,12,0,1,1024,16384,0,0,42,4,2477928712,1030380288,151240.7661,62889.4219,2.4049,1024,218
dsmem_loaded,12,0,1,1024,16384,0,0,42,4,2477928212,1030380064,151240.7356,62889.4082,2.4049,1024,219
dsmem_loaded,12,0,1,1024,16384,0,0,42,4,2477928047,1030379968,151240.7255,62889.4023,2.4049,1024,220
dsmem_loaded,12,0,1,1024,16384,0,0,42,4,2477927717,1030379840,151240.7054,62889.3945,2.4049,1024,221
dsmem_loaded,12,0,1,1024,16384,0,0,42,4,2477925881,1030379104,151240.5933,62889.3496,2.4049,1024,222
dsmem_loaded,12,0,1,1024,16384,0,0,42,4,2477925881,1030379104,151240.5933,62889.3496,2.4049,1024,223
dsmem_loaded,12,0,1,1024,16384,0,0,42,4,2478020533,1030418432,151246.3704,62891.7500,2.4049,1024,224
dsmem_loaded,12,0,1,1024,16384,0,0,42,4,2477993470,1030407200,151244.7186,62891.0645,2.4049,1024,225
dsmem_loaded,12,0,1,1024,16384,0,0,42,4,2478029445,1030422144,151246.9144,62891.9766,2.4049,1024,226
dsmem_loaded,12,0,1,1024,16384,0,0,42,4,2478044556,1030428448,151247.8367,62892.3613,2.4049,1024,227
dsmem_loaded,12,0,1,1024,16384,0,0,42,4,2477946036,1030387456,151241.8235,62889.8594,2.4049,1024,228
dsmem_loaded,12,0,1,1024,16384,0,0,42,4,2477992273,1030406656,151244.6456,62891.0312,2.4049,1024,229
dsmem_loaded,12,0,1,1024,16384,0,0,42,4,2477962160,1030394144,151242.8076,62890.2676,2.4049,1024,230
dsmem_loaded,12,0,1,1024,16384,0,0,42,4,2477999810,1030409856,151245.1056,62891.2266,2.4049,1024,231
dsmem_loaded,12,0,1,1024,16384,0,0,42,4,2477956444,1030391776,151242.4587,62890.1230,2.4049,1024,232
dsmem_loaded,12,0,1,1024,16384,0,0,42,4,2477925881,1030379040,151240.5933,62889.3457,2.4049,1024,233
dsmem_loaded,12,0,1,1024,16384,0,0,42,4,2477954597,1030391040,151242.3460,62890.0781,2.4049,1024,234
dsmem_loaded,12,0,1,1024,16384,0,0,42,4,2478009541,1030413888,151245.6995,62891.4727,2.4049,1024,235
dsmem_loaded,12,0,1,1024,16384,0,0,42,4,2477925881,1030379072,151240.5933,62889.3477,2.4049,1024,236
dsmem_loaded,12,0,1,1024,16384,0,0,42,4,2477955448,1030391360,151242.3979,62890.0977,2.4049,1024,237
dsmem_loaded,12,0,1,1024,16384,0,0,42,4,2477929894,1030380768,151240.8383,62889.4512,2.4049,1024,238
dsmem_loaded,12,0,1,1024,16384,0,0,42,4,2477928883,1030380352,151240.7766,62889.4258,2.4049,1024,239
dsmem_loaded,12,0,1,1024,16384,0,0,42,4,2477943994,1030386624,151241.6989,62889.8086,2.4049,1024,240
dsmem_loaded,12,0,1,1024,16384,0,0,42,4,2477938303,1030384256,151241.3515,62889.6641,2.4049,1024,241
dsmem_loaded,12,0,1,1024,16384,0,0,42,4,2477928046,1030379968,151240.7255,62889.4023,2.4049,1024,242
dsmem_loaded,12,0,1,1024,16384,0,0,42,4,2477977439,1030400512,151243.7402,62890.6562,2.4049,1024,243
dsmem_loaded,12,0,1,1024,16384,0,0,42,4,2477943666,1030386432,151241.6788,62889.7969,2.4049,1024,244
dsmem_loaded,12,0,1,1024,16384,0,0,42,4,2477944005,1030386624,151241.6995,62889.8086,2.4049,1024,245
dsmem_loaded,12,0,1,1024,16384,0,0,42,4,2477958470,1030392640,151242.5824,62890.1758,2.4049,1024,246
dsmem_loaded,12,0,1,1024,16384,0,0,42,4,2477925881,1030379072,151240.5933,62889.3477,2.4049,1024,247
dsmem_loaded,12,0,1,1024,16384,0,0,42,4,2477938956,1030384512,151241.3914,62889.6797,2.4049,1024,248
dsmem_loaded,12,0,1,1024,16384,0,0,42,4,2477939627,1030384800,151241.4323,62889.6973,2.4049,1024,249
dsmem_loaded,12,0,1,1024,16384,0,0,42,4,2477927199,1030379584,151240.6738,62889.3789,2.4049,1024,250
dsmem_loaded,12,0,1,1024,16384,0,0,42,4,2477977126,1030400352,151243.7211,62890.6465,2.4049,1024,251
dsmem_loaded,12,0,1,1024,16384,0,0,42,4,2477947213,1030387936,151241.8953,62889.8887,2.4049,1024,252
dsmem_loaded,12,0,1,1024,16384,0,0,42,4,2477929047,1030380416,151240.7866,62889.4297,2.4049,1024,253
dsmem_loaded,12,0,1,1024,16384,0,0,42,4,2477925881,1030379072,151240.5933,62889.3477,2.4049,1024,254
dsmem_loaded,12,0,1,1024,16384,0,0,42,4,2477965697,1030395648,151243.0235,62890.3594,2.4049,1024,255
dsmem_loaded,12,0,1,1024,16384,0,0,42,4,2478033994,1030424032,151247.1920,62892.0918,2.4049,1024,256
dsmem_loaded,12,0,1,1024,16384,0,0,42,4,2478002037,1030410752,151245.2415,62891.2812,2.4049,1024,257
dsmem_loaded,12,0,1,1024,16384,0,0,42,4,2478001688,1030410592,151245.2202,62891.2715,2.4049,1024,258
dsmem_loaded,12,0,1,1024,16384,0,0,42,4,2478049432,1030430464,151248.1343,62892.4844,2.4049,1024,259
dsmem_loaded,12,0,1,1024,16384,0,0,42,4,2477967208,1030396288,151243.1157,62890.3984,2.4049,1024,260
dsmem_loaded,12,0,1,1024,16384,0,0,42,4,2477947383,1030388032,151241.9057,62889.8945,2.4049,1024,261
dsmem_loaded,12,0,1,1024,16384,0,0,42,4,2477951745,1030389824,151242.1719,62890.0039,2.4049,1024,262
dsmem_loaded,12,0,1,1024,16384,0,0,42,4,2477996292,1030408352,151244.8909,62891.1348,2.4049,1024,263
dsmem_loaded,12,0,1,1024,16384,0,0,42,4,2477951893,1030389888,151242.1810,62890.0078,2.4049,1024,264
dsmem_loaded,12,0,1,1024,16384,0,0,42,4,2477956618,1030391872,151242.4694,62890.1289,2.4049,1024,265
dsmem_loaded,12,0,1,1024,16384,0,0,42,4,2477952425,1030390112,151242.2134,62890.0215,2.4049,1024,266
dsmem_loaded,12,0,1,1024,16384,0,0,42,4,2478033234,1030423712,151247.1456,62892.0723,2.4049,1024,267
dsmem_loaded,12,0,1,1024,16384,0,0,42,4,2477967369,1030396352,151243.1255,62890.4023,2.4049,1024,268
dsmem_loaded,12,0,1,1024,16384,0,0,42,4,2477961661,1030393920,151242.7772,62890.2539,2.4049,1024,269
dsmem_loaded,12,0,1,1024,16384,0,0,42,4,2477925881,1030379104,151240.5933,62889.3496,2.4049,1024,270
dsmem_loaded,12,0,1,1024,16384,0,0,42,4,2477977286,1030400416,151243.7308,62890.6504,2.4049,1024,271
dsmem_loaded,12,0,1,1024,16384,0,0,42,4,2477949228,1030388800,151242.0183,62889.9414,2.4049,1024,272
dsmem_loaded,12,0,1,1024,16384,0,0,42,4,2477943502,1030386400,151241.6688,62889.7949,2.4049,1024,273
dsmem_loaded,12,0,1,1024,16384,0,0,42,4,2477943676,1030386496,151241.6794,62889.8008,2.4049,1024,274
dsmem_loaded,12,0,1,1024,16384,0,0,42,4,2477958291,1030392576,151242.5715,62890.1719,2.4049,1024,275
dsmem_loaded,12,0,1,1024,16384,0,0,42,4,2477948045,1030388288,151241.9461,62889.9102,2.4049,1024,276
dsmem_loaded,12,0,1,1024,16384,0,0,42,4,2477943848,1030386560,151241.6899,62889.8047,2.4049,1024,277
dsmem_loaded,12,0,1,1024,16384,0,0,42,4,2477928553,1030380192,151240.7564,62889.4160,2.4049,1024,278
dsmem_loaded,12,0,1,1024,16384,0,0,42,4,2477966881,1030396128,151243.0958,62890.3887,2.4049,1024,279
dsmem_loaded,12,0,1,1024,16384,0,0,42,4,2477928043,1030379968,151240.7253,62889.4023,2.4049,1024,280
dsmem_loaded,12,0,1,1024,16384,0,0,42,4,2477928389,1030380128,151240.7464,62889.4121,2.4049,1024,281
dsmem_loaded,12,0,1,1024,16384,0,0,42,4,2477944014,1030386624,151241.7001,62889.8086,2.4049,1024,282
dsmem_loaded,12,0,1,1024,16384,0,0,42,4,2477928048,1030380000,151240.7256,62889.4043,2.4049,1024,283
dsmem_loaded,12,0,1,1024,16384,0,0,42,4,2477925882,1030379072,151240.5934,62889.3477,2.4049,1024,284
dsmem_loaded,12,0,1,1024,16384,0,0,42,4,2477925881,1030379072,151240.5933,62889.3477,2.4049,1024,285
dsmem_loaded,12,0,1,1024,16384,0,0,42,4,2477929562,1030380576,151240.8180,62889.4395,2.4049,1024,286
dsmem_loaded,12,0,1,1024,16384,0,0,42,4,2477925881,1030379040,151240.5933,62889.3457,2.4049,1024,287
dsmem_loaded,12,0,1,1024,16384,0,0,42,4,2478017677,1030417248,151246.1961,62891.6777,2.4049,1024,288
dsmem_loaded,12,0,1,1024,16384,0,0,42,4,2478028758,1030421856,151246.8724,62891.9590,2.4049,1024,289
dsmem_loaded,12,0,1,1024,16384,0,0,42,4,2477998336,1030409216,151245.0156,62891.1875,2.4049,1024,290
dsmem_loaded,12,0,1,1024,16384,0,0,42,4,2477960629,1030393536,151242.7142,62890.2305,2.4049,1024,291
dsmem_loaded,12,0,1,1024,16384,0,0,42,4,2478018324,1030417536,151246.2356,62891.6953,2.4049,1024,292
dsmem_loaded,12,0,1,1024,16384,0,0,42,4,2478014443,1030415904,151245.9987,62891.5957,2.4049,1024,293
dsmem_loaded,12,0,1,1024,16384,0,0,42,4,2477980501,1030401824,151243.9271,62890.7363,2.4049,1024,294
dsmem_loaded,12,0,1,1024,16384,0,0,42,4,2477992961,1030406976,151244.6876,62891.0508,2.4049,1024,295
dsmem_loaded,12,0,1,1024,16384,0,0,42,4,2478051403,1030431296,151248.2546,62892.5352,2.4049,1024,296
dsmem_loaded,12,0,1,1024,16384,0,0,42,4,2478013413,1030415456,151245.9359,62891.5684,2.4049,1024,297
dsmem_loaded,12,0,1,1024,16384,0,0,42,4,2477985185,1030403776,151244.2130,62890.8555,2.4049,1024,298
dsmem_loaded,12,0,1,1024,16384,0,0,42,4,2477952578,1030390176,151242.2228,62890.0254,2.4049,1024,299
dsmem_loaded,12,0,1,1024,16384,0,0,42,4,2477960470,1030393440,151242.7045,62890.2246,2.4049,1024,300
dsmem_loaded,12,0,1,1024,16384,0,0,42,4,2477929222,1030380448,151240.7972,62889.4316,2.4049,1024,301
dsmem_loaded,12,0,1,1024,16384,0,0,42,4,2477929051,1030380384,151240.7868,62889.4277,2.4049,1024,302
dsmem_loaded,12,0,1,1024,16384,0,0,42,4,2477953110,1030390400,151242.2552,62890.0391,2.4049,1024,303
dsmem_loaded,12,0,1,1024,16384,0,0,42,4,2477971393,1030398016,151243.3712,62890.5039,2.4049,1024,304
dsmem_loaded,12,0,1,1024,16384,0,0,42,4,2477955949,1030391552,151242.4285,62890.1094,2.4049,1024,305
dsmem_loaded,12,0,1,1024,16384,0,0,42,4,2477968031,1030396608,151243.1660,62890.4180,2.4049,1024,306
dsmem_loaded,12,0,1,1024,16384,0,0,42,4,2477943505,1030386400,151241.6690,62889.7949,2.4049,1024,307
dsmem_loaded,12,0,1,1024,16384,0,0,42,4,2477925882,1030379104,151240.5934,62889.3496,2.4049,1024,308
dsmem_loaded,12,0,1,1024,16384,0,0,42,4,2477928045,1030380000,151240.7254,62889.4043,2.4049,1024,309
dsmem_loaded,12,0,1,1024,16384,0,0,42,4,2477970879,1030397792,151243.3398,62890.4902,2.4049,1024,310
dsmem_loaded,12,0,1,1024,16384,0,0,42,4,2477938454,1030384320,151241.3607,62889.6680,2.4049,1024,311
dsmem_loaded,12,0,1,1024,16384,0,0,42,4,2477929212,1030380448,151240.7966,62889.4316,2.4049,1024,312
dsmem_loaded,12,0,1,1024,16384,0,0,42,4,2477928044,1030380000,151240.7253,62889.4043,2.4049,1024,313
dsmem_loaded,12,0,1,1024,16384,0,0,42,4,2477961305,1030393792,151242.7554,62890.2461,2.4049,1024,314
dsmem_loaded,12,0,1,1024,16384,0,0,42,4,2477929221,1030380480,151240.7972,62889.4336,2.4049,1024,315
dsmem_loaded,12,0,1,1024,16384,0,0,42,4,2477929229,1030380480,151240.7977,62889.4336,2.4049,1024,316
dsmem_loaded,12,0,1,1024,16384,0,0,42,4,2477925881,1030379072,151240.5933,62889.3477,2.4049,1024,317
dsmem_loaded,12,0,1,1024,16384,0,0,42,4,2477925881,1030379072,151240.5933,62889.3477,2.4049,1024,318
dsmem_loaded,12,0,1,1024,16384,0,0,42,4,2477925881,1030379040,151240.5933,62889.3457,2.4049,1024,319
dsmem_loaded,12,0,1,1024,16384,0,0,42,4,2478040374,1030426688,151247.5814,62892.2539,2.4049,1024,320
dsmem_loaded,12,0,1,1024,16384,0,0,42,4,2477967551,1030396416,151243.1367,62890.4062,2.4049,1024,321
dsmem_loaded,12,0,1,1024,16384,0,0,42,4,2478011118,1030414528,151245.7958,62891.5117,2.4049,1024,322
dsmem_loaded,12,0,1,1024,16384,0,0,42,4,2478026421,1030420896,151246.7298,62891.9004,2.4049,1024,323
dsmem_loaded,12,0,1,1024,16384,0,0,42,4,2478004351,1030411744,151245.3828,62891.3418,2.4049,1024,324
dsmem_loaded,12,0,1,1024,16384,0,0,42,4,2477972894,1030398624,151243.4628,62890.5410,2.4049,1024,325
dsmem_loaded,12,0,1,1024,16384,0,0,42,4,2477940317,1030385056,151241.4744,62889.7129,2.4049,1024,326
dsmem_loaded,12,0,1,1024,16384,0,0,42,4,2477975960,1030399904,151243.6499,62890.6191,2.4049,1024,327
dsmem_loaded,12,0,1,1024,16384,0,0,42,4,2478015601,1030416416,151246.0694,62891.6270,2.4049,1024,328
dsmem_loaded,12,0,1,1024,16384,0,0,42,4,2478002872,1030411072,151245.2925,62891.3008,2.4049,1024,329
dsmem_loaded,12,0,1,1024,16384,0,0,42,4,2477944174,1030386688,151241.7098,62889.8125,2.4049,1024,330
dsmem_loaded,12,0,1,1024,16384,0,0,42,4,2477988228,1030405024,151244.3987,62890.9316,2.4049,1024,331
dsmem_loaded,12,0,1,1024,16384,0,0,42,4,2478006173,1030412448,151245.4940,62891.3848,2.4049,1024,332
dsmem_loaded,12,0,1,1024,16384,0,0,42,4,2477972923,1030398656,151243.4645,62890.5430,2.4049,1024,333
dsmem_loaded,12,0,1,1024,16384,0,0,42,4,2477953754,1030390656,151242.2946,62890.0547,2.4049,1024,334
dsmem_loaded,12,0,1,1024,16384,0,0,42,4,2478001797,1030410624,151245.2269,62891.2734,2.4049,1024,335
dsmem_loaded,12,0,1,1024,16384,0,0,42,4,2477991398,1030406304,151244.5922,62891.0098,2.4049,1024,336
dsmem_loaded,12,0,1,1024,16384,0,0,42,4,2477962158,1030394176,151242.8075,62890.2695,2.4049,1024,337
dsmem_loaded,12,0,1,1024,16384,0,0,42,4,2477937800,1030384064,151241.3208,62889.6523,2.4049,1024,338
dsmem_loaded,12,0,1,1024,16384,0,0,42,4,2477947197,1030387936,151241.8943,62889.8887,2.4049,1024,339
dsmem_loaded,12,0,1,1024,16384,0,0,42,4,2477925881,1030379040,151240.5933,62889.3457,2.4049,1024,340
dsmem_loaded,12,0,1,1024,16384,0,0,42,4,2477925881,1030379072,151240.5933,62889.3477,2.4049,1024,341
dsmem_loaded,12,0,1,1024,16384,0,0,42,4,2477925881,1030379104,151240.5933,62889.3496,2.4049,1024,342
dsmem_loaded,12,0,1,1024,16384,0,0,42,4,2477944172,1030386720,151241.7097,62889.8145,2.4049,1024,343
dsmem_loaded,12,0,1,1024,16384,0,0,42,4,2477927874,1030379936,151240.7150,62889.4004,2.4049,1024,344
dsmem_loaded,12,0,1,1024,16384,0,0,42,4,2477929387,1030380544,151240.8073,62889.4375,2.4049,1024,345
dsmem_loaded,12,0,1,1024,16384,0,0,42,4,2477938618,1030384384,151241.3707,62889.6719,2.4049,1024,346
dsmem_loaded,12,0,1,1024,16384,0,0,42,4,2477927879,1030379936,151240.7153,62889.4004,2.4049,1024,347
dsmem_loaded,12,0,1,1024,16384,0,0,42,4,2477928047,1030380000,151240.7255,62889.4043,2.4049,1024,348
dsmem_loaded,12,0,1,1024,16384,0,0,42,4,2477926873,1030379488,151240.6539,62889.3730,2.4049,1024,349
dsmem_loaded,12,0,1,1024,16384,0,0,42,4,2477949214,1030388768,151242.0175,62889.9395,2.4049,1024,350
dsmem_loaded,12,0,1,1024,16384,0,0,42,4,2477925882,1030379072,151240.5934,62889.3477,2.4049,1024,351
dsmem_loaded,12,0,1,1024,16384,0,0,42,5,2478023302,1030417120,151246.5394,62891.6699,2.4049,1024,0
dsmem_loaded,12,0,1,1024,16384,0,0,42,5,2477959396,1030390592,151242.6389,62890.0508,2.4049,1024,1
dsmem_loaded,12,0,1,1024,16384,0,0,42,5,2478013885,1030413216,151245.9647,62891.4316,2.4049,1024,2
dsmem_loaded,12,0,1,1024,16384,0,0,42,5,2478051215,1030428768,151248.2431,62892.3809,2.4049,1024,3
dsmem_loaded,12,0,1,1024,16384,0,0,42,5,2477988325,1030402624,151244.4046,62890.7852,2.4049,1024,4
dsmem_loaded,12,0,1,1024,16384,0,0,42,5,2477964119,1030392544,151242.9272,62890.1699,2.4049,1024,5
dsmem_loaded,12,0,1,1024,16384,0,0,42,5,2477967648,1030394016,151243.1426,62890.2598,2.4049,1024,6
dsmem_loaded,12,0,1,1024,16384,0,0,42,5,2478015396,1030413856,151246.0569,62891.4707,2.4049,1024,7
dsmem_loaded,12,0,1,1024,16384,0,0,42,5,2477975210,1030397184,151243.6041,62890.4531,2.4049,1024,8
dsmem_loaded,12,0,1,1024,16384,0,0,42,5,2478018264,1030415040,151246.2319,62891.5430,2.4049,1024,9
dsmem_loaded,12,0,1,1024,16384,0,0,42,5,2477972864,1030396224,151243.4609,62890.3945,2.4049,1024,10
dsmem_loaded,12,0,1,1024,16384,0,0,42,5,2478026984,1030418720,151246.7642,62891.7676,2.4049,1024,11
dsmem_loaded,12,0,1,1024,16384,0,0,42,5,2477937913,1030381632,151241.3277,62889.5039,2.4049,1024,12
dsmem_loaded,12,0,1,1024,16384,0,0,42,5,2477937913,1030381632,151241.3277,62889.5039,2.4049,1024,13
dsmem_loaded,12,0,1,1024,16384,0,0,42,5,2477959223,1030390528,151242.6284,62890.0469,2.4049,1024,14
dsmem_loaded,12,0,1,1024,16384,0,0,42,5,2477937914,1030381632,151241.3278,62889.5039,2.4049,1024,15
dsmem_loaded,12,0,1,1024,16384,0,0,42,5,2477994529,1030405216,151244.7833,62890.9434,2.4049,1024,16
dsmem_loaded,12,0,1,1024,16384,0,0,42,5,2477965784,1030393248,151243.0288,62890.2129,2.4049,1024,17
dsmem_loaded,12,0,1,1024,16384,0,0,42,5,2477956876,1030389568,151242.4851,62889.9883,2.4049,1024,18
dsmem_loaded,12,0,1,1024,16384,0,0,42,5,2478020755,1030416096,151246.3840,62891.6074,2.4049,1024,19
dsmem_loaded,12,0,1,1024,16384,0,0,42,5,2477940584,1030382784,151241.4907,62889.5742,2.4049,1024,20
dsmem_loaded,12,0,1,1024,16384,0,0,42,5,2477956205,1030389248,151242.4442,62889.9688,2.4049,1024,21
dsmem_loaded,12,0,1,1024,16384,0,0,42,5,2477958223,1030390112,151242.5673,62890.0215,2.4049,1024,22
dsmem_loaded,12,0,1,1024,16384,0,0,42,5,2477940576,1030382752,151241.4902,62889.5723,2.4049,1024,23
dsmem_loaded,12,0,1,1024,16384,0,0,42,5,2477961399,1030391456,151242.7612,62890.1035,2.4049,1024,24
dsmem_loaded,12,0,1,1024,16384,0,0,42,5,2477959245,1030390496,151242.6297,62890.0449,2.4049,1024,25
dsmem_loaded,12,0,1,1024,16384,0,0,42,5,2477955866,1030389120,151242.4235,62889.9609,2.4049,1024,26
dsmem_loaded,12,0,1,1024,16384,0,0,42,5,2478003429,1030408928,151245.3265,62891.1699,2.4049,1024,27
dsmem_loaded,12,0,1,1024,16384,0,0,42,5,2477977721,1030398208,151243.7574,62890.5156,2.4049,1024,28
dsmem_loaded,12,0,1,1024,16384,0,0,42,5,2477957890,1030389984,151242.5470,62890.0137,2.4049,1024,29
dsmem_loaded,12,0,1,1024,16384,0,0,42,5,2477937913,1030381632,151241.3277,62889.5039,2.4049,1024,30
dsmem_loaded,12,0,1,1024,16384,0,0,42,5,2477940253,1030382624,151241.4705,62889.5645,2.4049,1024,31
dsmem_loaded,12,0,1,1024,16384,0,0,42,5,2478039122,1030423712,151247.5050,62892.0723,2.4049,1024,32
dsmem_loaded,12,0,1,1024,16384,0,0,42,5,2478029855,1030419872,151246.9394,62891.8379,2.4049,1024,33
dsmem_loaded,12,0,1,1024,16384,0,0,42,5,2478010694,1030411872,151245.7699,62891.3496,2.4049,1024,34
dsmem_loaded,12,0,1,1024,16384,0,0,42,5,2477988830,1030402848,151244.4354,62890.7988,2.4049,1024,35
dsmem_loaded,12,0,1,1024,16384,0,0,42,5,2478017407,1030414720,151246.1796,62891.5234,2.4049,1024,36
dsmem_loaded,12,0,1,1024,16384,0,0,42,5,2477988830,1030402848,151244.4354,62890.7988,2.4049,1024,37
dsmem_loaded,12,0,1,1024,16384,0,0,42,5,2477961929,1030391616,151242.7935,62890.1133,2.4049,1024,38
dsmem_loaded,12,0,1,1024,16384,0,0,42,5,2478024826,1030417760,151246.6324,62891.7090,2.4049,1024,39
dsmem_loaded,12,0,1,1024,16384,0,0,42,5,2478016225,1030414240,151246.1075,62891.4941,2.4049,1024,40
dsmem_loaded,12,0,1,1024,16384,0,0,42,5,2477973206,1030396320,151243.4818,62890.4004,2.4049,1024,41
dsmem_loaded,12,0,1,1024,16384,0,0,42,5,2477965298,1030393088,151242.9991,62890.2031,2.4049,1024,42
dsmem_loaded,12,0,1,1024,16384,0,0,42,5,2477955535,1030388992,151242.4033,62889.9531,2.4049,1024,43
dsmem_loaded,12,0,1,1024,16384,0,0,42,5,2477940906,1030382880,151241.5104,62889.5801,2.4049,1024,44
dsmem_loaded,12,0,1,1024,16384,0,0,42,5,2477941081,1030382976,151241.5211,62889.5859,2.4049,1024,45
dsmem_loaded,12,0,1,1024,16384,0,0,42,5,2477978739,1030398656,151243.8195,62890.5430,2.4049,1024,46
dsmem_loaded,12,0,1,1024,16384,0,0,42,5,2477937913,1030381632,151241.3277,62889.5039,2.4049,1024,47
dsmem_loaded,12,0,1,1024,16384,0,0,42,5,2477998063,1030406656,151244.9990,62891.0312,2.4049,1024,48
dsmem_loaded,12,0,1,1024,16384,0,0,42,5,2477973354,1030396416,151243.4908,62890.4062,2.4049,1024,49
dsmem_loaded,12,0,1,1024,16384,0,0,42,5,2477964275,1030392640,151242.9367,62890.1758,2.4049,1024,50
dsmem_loaded,12,0,1,1024,16384,0,0,42,5,2477955368,1030388960,151242.3931,62889.9512,2.4049,1024,51
dsmem_loaded,12,0,1,1024,16384,0,0,42,5,2478001590,1030408160,151245.2142,62891.1230,2.4049,1024,52
dsmem_loaded,12,0,1,1024,16384,0,0,42,5,2477937913,1030381664,151241.3277,62889.5059,2.4049,1024,53
dsmem_loaded,12,0,1,1024,16384,0,0,42,5,2477937913,1030381632,151241.3277,62889.5039,2.4049,1024,54
dsmem_loaded,12,0,1,1024,16384,0,0,42,5,2477955205,1030388832,151242.3831,62889.9434,2.4049,1024,55
dsmem_loaded,12,0,1,1024,16384,0,0,42,5,2477940745,1030382848,151241.5005,62889.5781,2.4049,1024,56
dsmem_loaded,12,0,1,1024,16384,0,0,42,5,2477978729,1030398656,151243.8189,62890.5430,2.4049,1024,57
dsmem_loaded,12,0,1,1024,16384,0,0,42,5,2477955537,1030388992,151242.4034,62889.9531,2.4049,1024,58
dsmem_loaded,12,0,1,1024,16384,0,0,42,5,2477959916,1030390816,151242.6707,62890.0645,2.4049,1024,59
dsmem_loaded,12,0,1,1024,16384,0,0,42,5,2477937914,1030381664,151241.3278,62889.5059,2.4049,1024,60
dsmem_loaded,12,0,1,1024,16384,0,0,42,5,2477978561,1030398560,151243.8087,62890.5371,2.4049,1024,61
dsmem_loaded,12,0,1,1024,16384,0,0,42,5,2477940747,1030382816,151241.5007,62889.5762,2.4049,1024,62
dsmem_loaded,12,0,1,1024,16384,0,0,42,5,2477958224,1030390080,151242.5674,62890.0195,2.4049,1024,63
dsmem_loaded,12,0,1,1024,16384,0,0,42,5,2477983122,1030400480,151244.0870,62890.6543,2.4049,1024,64
dsmem_loaded,12,0,1,1024,16384,0,0,42,5,2478031190,1030420480,151247.0209,62891.8750,2.4049,1024,65
dsmem_loaded,12,0,1,1024,16384,0,0,42,5,2478027680,1030418976,151246.8066,62891.7832,2.4049,1024,66
dsmem_loaded,12,0,1,1024,16384,0,0,42,5,2478023465,1030417216,151246.5494,62891.6758,2.4049,1024,67
dsmem_loaded,12,0,1,1024,16384,0,0,42,5,2478024490,1030417600,151246.6119,62891.6992,2.4049,1024,68
dsmem_loaded,12,0,1,1024,16384,0,0,42,5,2478023812,1030417376,151246.5706,62891.6855,2.4049,1024,69
dsmem_loaded,12,0,1,1024,16384,0,0,42,5,2477961583,1030391488,151242.7724,62890.1055,2.4049,1024,70
dsmem_loaded,12,0,1,1024,16384,0,0,42,5,2477992192,1030404256,151244.6406,62890.8848,2.4049,1024,71
dsmem_loaded,12,0,1,1024,16384,0,0,42,5,2477975553,1030397312,151243.6251,62890.4609,2.4049,1024,72
dsmem_loaded,12,0,1,1024,16384,0,0,42,5,2477998408,1030406848,151245.0200,62891.0430,2.4049,1024,73
dsmem_loaded,12,0,1,1024,16384,0,0,42,5,2477966645,1030393600,151243.0814,62890.2344,2.4049,1024,74
dsmem_loaded,12,0,1,1024,16384,0,0,42,5,2477975553,1030397312,151243.6251,62890.4609,2.4049,1024,75
dsmem_loaded,12,0,1,1024,16384,0,0,42,5,2477937913,1030381632,151241.3277,62889.5039,2.4049,1024,76
dsmem_loaded,12,0,1,1024,16384,0,0,42,5,2477937914,1030381664,151241.3278,62889.5059,2.4049,1024,77
dsmem_loaded,12,0,1,1024,16384,0,0,42,5,2477977716,1030398208,151243.7571,62890.5156,2.4049,1024,78
dsmem_loaded,12,0,1,1024,16384,0,0,42,5,2477937913,1030381632,151241.3277,62889.5039,2.4049,1024,79
dsmem_loaded,12,0,1,1024,16384,0,0,42,5,2477975716,1030397376,151243.6350,62890.4648,2.4049,1024,80
dsmem_loaded,12,0,1,1024,16384,0,0,42,5,2478002446,1030408480,151245.2665,62891.1426,2.4049,1024,81
dsmem_loaded,12,0,1,1024,16384,0,0,42,5,2477964946,1030392928,151242.9777,62890.1934,2.4049,1024,82
dsmem_loaded,12,0,1,1024,16384,0,0,42,5,2477973685,1030396544,151243.5110,62890.4141,2.4049,1024,83
dsmem_loaded,12,0,1,1024,16384,0,0,42,5,2477973358,1030396416,151243.4911,62890.4062,2.4049,1024,84
dsmem_loaded,12,0,1,1024,16384,0,0,42,5,2478002929,1030408704,151245.2960,62891.1562,2.4049,1024,85
dsmem_loaded,12,0,1,1024,16384,0,0,42,5,2477937913,1030381664,151241.3277,62889.5059,2.4049,1024,86
dsmem_loaded,12,0,1,1024,16384,0,0,42,5,2477977887,1030398304,151243.7675,62890.5215,2.4049,1024,87
dsmem_loaded,12,0,1,1024,16384,0,0,42,5,2477973358,1030396416,151243.4911,62890.4062,2.4049,1024,88
dsmem_loaded,12,0,1,1024,16384,0,0,42,5,2477940415,1030382720,151241.4804,62889.5703,2.4049,1024,89
dsmem_loaded,12,0,1,1024,16384,0,0,42,5,2477953686,1030388224,151242.2904,62889.9062,2.4049,1024,90
dsmem_loaded,12,0,1,1024,16384,0,0,42,5,2477978393,1030398528,151243.7984,62890.5352,2.4049,1024,91
dsmem_loaded,12,0,1,1024,16384,0,0,42,5,2477939745,1030382432,151241.4395,62889.5527,2.4049,1024,92
dsmem_loaded,12,0,1,1024,16384,0,0,42,5,2477941078,1030382944,151241.5209,62889.5840,2.4049,1024,93
dsmem_loaded,12,0,1,1024,16384,0,0,42,5,2477941252,1030383008,151241.5315,62889.5879,2.4049,1024,94
dsmem_loaded,12,0,1,1024,16384,0,0,42,5,2477940752,1030382848,151241.5010,62889.5781,2.4049,1024,95
dsmem_loaded,12,0,1,1024,16384,0,0,42,5,2478032906,1030421152,151247.1256,62891.9160,2.4049,1024,96
dsmem_loaded,12,0,1,1024,16384,0,0,42,5,2477987144,1030402144,151244.3325,62890.7559,2.4049,1024,97
dsmem_loaded,12,0,1,1024,16384,0,0,42,5,2478038603,1030423488,151247.4733,62892.0586,2.4049,1024,98
dsmem_loaded,12,0,1,1024,16384,0,0,42,5,2477937913,1030381632,151241.3277,62889.5039,2.4049,1024,99
dsmem_loaded,12,0,1,1024,16384,0,0,42,5,2478012199,1030412576,151245.8618,62891.3926,2.4049,1024,100
dsmem_loaded,12,0,1,1024,16384,0,0,42,5,2478015075,1030413728,151246.0373,62891.4629,2.4049,1024,101
dsmem_loaded,12,0,1,1024,16384,0,0,42,5,2478026149,1030418368,151246.7132,62891.7461,2.4049,1024,102
dsmem_loaded,12,0,1,1024,16384,0,0,42,5,2477958556,1030390240,151242.5876,62890.0293,2.4049,1024,103
dsmem_loaded,12,0,1,1024,16384,0,0,42,5,2477993191,1030404672,151244.7016,62890.9102,2.4049,1024,104
dsmem_loaded,12,0,1,1024,16384,0,0,42,5,2477987655,1030402368,151244.3637,62890.7695,2.4049,1024,105
dsmem_loaded,12,0,1,1024,16384,0,0,42,5,2478001950,1030408288,151245.2362,62891.1309,2.4049,1024,106
dsmem_loaded,12,0,1,1024,16384,0,0,42,5,2477995914,1030405760,151244.8678,62890.9766,2.4049,1024,107
dsmem_loaded,12,0,1,1024,16384,0,0,42,5,2477937914,1030381664,151241.3278,62889.5059,2.4049,1024,108
dsmem_loaded,12,0,1,1024,16384,0,0,42,5,2478016907,1030414496,151246.1491,62891.5098,2.4049,1024,109
dsmem_loaded,12,0,1,1024,16384,0,0,42,5,2477937914,1030381632,151241.3278,62889.5039,2.4049,1024,110
dsmem_loaded,12,0,1,1024,16384,0,0,42,5,2477964632,1030392768,151242.9585,62890.1836,2.4049,1024,111
dsmem_loaded,12,0,1,1024,16384,0,0,42,5,2478013530,1030413120,151245.9430,62891.4258,2.4049,1024,112
dsmem_loaded,12,0,1,1024,16384,0,0,42,5,2477958572,1030390272,151242.5886,62890.0312,2.4049,1024,113
dsmem_loaded,12,0,1,1024,16384,0,0,42,5,2478011181,1030412096,151245.7996,62891.3633,2.4049,1024,114
dsmem_loaded,12,0,1,1024,16384,0,0,42,5,2477964634,1030392768,151242.9586,62890.1836,2.4049,1024,115
dsmem_loaded,12,0,1,1024,16384,0,0,42,5,2477941251,1030383040,151241.5314,62889.5898,2.4049,1024,116
dsmem_loaded,12,0,1,1024,16384,0,0,42,5,2477940072,1030382560,151241.4595,62889.5605,2.4049,1024,117
dsmem_loaded,12,0,1,1024,16384,0,0,42,5,2477940244,1030382656,151241.4700,62889.5664,2.4049,1024,118
dsmem_loaded,12,0,1,1024,16384,0,0,42,5,2477960417,1030391008,151242.7012,62890.0762,2.4049,1024,119
dsmem_loaded,12,0,1,1024,16384,0,0,42,5,2477940581,1030382816,151241.4905,62889.5762,2.4049,1024,120
dsmem_loaded,12,0,1,1024,16384,0,0,42,5,2477955206,1030388864,151242.3832,62889.9453,2.4049,1024,121
dsmem_loaded,12,0,1,1024,16384,0,0,42,5,2477996711,1030406112,151244.9164,62890.9980,2.4049,1024,122
dsmem_loaded,12,0,1,1024,16384,0,0,42,5,2477955369,1030388928,151242.3931,62889.9492,2.4049,1024,123
dsmem_loaded,12,0,1,1024,16384,0,0,42,5,2477978067,1030398368,151243.7785,62890.5254,2.4049,1024,124
dsmem_loaded,12,0,1,1024,16384,0,0,42,5,2477937913,1030381632,151241.3277,62889.5039,2.4049,1024,125
dsmem_loaded,12,0,1,1024,16384,0,0,42,5,2477941585,1030383168,151241.5518,62889.5977,2.4049,1024,126
dsmem_loaded,12,0,1,1024,16384,0,0,42,5,2477960073,1030390912,151242.6802,62890.0703,2.4049,1024,127
dsmem_loaded,12,0,1,1024,16384,0,0,42,5,2478019439,1030415552,151246.3036,62891.5742,2.4049,1024,128
dsmem_loaded,12,0,1,1024,16384,0,0,42,5,2478029525,1030419712,151246.9193,62891.8281,2.4049,1024,129
dsmem_loaded,12,0,1,1024,16384,0,0,42,5,2477969331,1030394720,151243.2453,62890.3027,2.4049,1024,130
dsmem_loaded,12,0,1,1024,16384,0,0,42,5,2478019256,1030415488,151246.2925,62891.5703,2.4049,1024,131
dsmem_loaded,12,0,1,1024,16384,0,0,42,5,2477992031,1030404160,151244.6308,62890.8789,2.4049,1024,132
dsmem_loaded,12,0,1,1024,16384,0,0,42,5,2478002629,1030408608,151245.2776,62891.1504,2.4049,1024,133
dsmem_loaded,12,0,1,1024,16384,0,0,42,5,2478018607,1030415232,151246.2529,62891.5547,2.4049,1024,134
dsmem_loaded,12,0,1,1024,16384,0,0,42,5,2478016402,1030414336,151246.1183,62891.5000,2.4049,1024,135
dsmem_loaded,12,0,1,1024,16384,0,0,42,5,2478001955,1030408288,151245.2365,62891.1309,2.4049,1024,136
dsmem_loaded,12,0,1,1024,16384,0,0,42,5,2478021438,1030416416,151246.4257,62891.6270,2.4049,1024,137
dsmem_loaded,12,0,1,1024,16384,0,0,42,5,2477959410,1030390592,151242.6398,62890.0508,2.4049,1024,138
dsmem_loaded,12,0,1,1024,16384,0,0,42,5,2478030347,1030420096,151246.9694,62891.8516,2.4049,1024,139
dsmem_loaded,12,0,1,1024,16384,0,0,42,5,2477937913,1030381664,151241.3277,62889.5059,2.4049,1024,140
dsmem_loaded,12,0,1,1024,16384,0,0,42,5,2477937914,1030381632,151241.3278,62889.5039,2.4049,1024,141
dsmem_loaded,12,0,1,1024,16384,0,0,42,5,2477958077,1030390048,151242.5584,62890.0176,2.4049,1024,142
dsmem_loaded,12,0,1,1024,16384,0,0,42,5,2477937914,1030381664,151241.3278,62889.5059,2.4049,1024,143
dsmem_loaded,12,0,1,1024,16384,0,0,42,5,2477978238,1030398432,151243.7889,62890.5293,2.4049,1024,144
dsmem_loaded,12,0,1,1024,16384,0,0,42,5,2478011846,1030412384,151245.8402,62891.3809,2.4049,1024,145
dsmem_loaded,12,0,1,1024,16384,0,0,42,5,2477950319,1030386848,151242.0849,62889.8223,2.4049,1024,146
dsmem_loaded,12,0,1,1024,16384,0,0,42,5,2478016560,1030414368,151246.1279,62891.5020,2.4049,1024,147
dsmem_loaded,12,0,1,1024,16384,0,0,42,5,2477941255,1030383072,151241.5317,62889.5918,2.4049,1024,148
dsmem_loaded,12,0,1,1024,16384,0,0,42,5,2477997725,1030406560,151244.9783,62891.0254,2.4049,1024,149
dsmem_loaded,12,0,1,1024,16384,0,0,42,5,2477973692,1030396576,151243.5115,62890.4160,2.4049,1024,150
dsmem_loaded,12,0,1,1024,16384,0,0,42,5,2478002424,1030408512,151245.2651,62891.1445,2.4049,1024,151
dsmem_loaded,12,0,1,1024,16384,0,0,42,5,2477983271,1030400512,151244.0961,62890.6562,2.4049,1024,152
dsmem_loaded,12,0,1,1024,16384,0,0,42,5,2477940930,1030382944,151241.5118,62889.5840,2.4049,1024,153
dsmem_loaded,12,0,1,1024,16384,0,0,42,5,2477940419,1030382720,151241.4807,62889.5703,2.4049,1024,154
dsmem_loaded,12,0,1,1024,16384,0,0,42,5,2477939574,1030382368,151241.4291,62889.5488,2.4049,1024,155
dsmem_loaded,12,0,1,1024,16384,0,0,42,5,2477973345,1030396416,151243.4903,62890.4062,2.4049,1024,156
dsmem_loaded,12,0,1,1024,16384,0,0,42,5,2477939233,1030382208,151241.4083,62889.5391,2.4049,1024,157
dsmem_loaded,12,0,1,1024,16384,0,0,42,5,2477937913,1030381696,151241.3277,62889.5078,2.4049,1024,158
dsmem_loaded,12,0,1,1024,16384,0,0,42,5,2477940588,1030382784,151241.4910,62889.5742,2.4049,1024,159
dsmem_loaded,12,0,1,1024,16384,0,0,42,5,2478029686,1030419840,151246.9291,62891.8359,2.4049,1024,160
dsmem_loaded,12,0,1,1024,16384,0,0,42,5,2478012543,1030412672,151245.8828,62891.3984,2.4049,1024,161
dsmem_loaded,12,0,1,1024,16384,0,0,42,5,2477996895,1030406176,151244.9277,62891.0020,2.4049,1024,162
dsmem_loaded,12,0,1,1024,16384,0,0,42,5,2478011516,1030412288,151245.8201,62891.3750,2.4049,1024,163
dsmem_loaded,12,0,1,1024,16384,0,0,42,5,2478015730,1030414048,151246.0773,62891.4824,2.4049,1024,164
dsmem_loaded,12,0,1,1024,16384,0,0,42,5,2478039118,1030423712,151247.5048,62892.0723,2.4049,1024,165
dsmem_loaded,12,0,1,1024,16384,0,0,42,5,2478005332,1030409664,151245.4426,62891.2148,2.4049,1024,166
dsmem_loaded,12,0,1,1024,16384,0,0,42,5,2478024823,1030417760,151246.6323,62891.7090,2.4049,1024,167
dsmem_loaded,12,0,1,1024,16384,0,0,42,5,2478020917,1030416192,151246.3939,62891.6133,2.4049,1024,168
dsmem_loaded,12,0,1,1024,16384,0,0,42,5,2478025817,1030418240,151246.6929,62891.7383,2.4049,1024,169
dsmem_loaded,12,0,1,1024,16384,0,0,42,5,2477951333,1030387232,151242.1468,62889.8457,2.4049,1024,170
dsmem_loaded,12,0,1,1024,16384,0,0,42,5,2477984290,1030400960,151244.1583,62890.6836,2.4049,1024,171
dsmem_loaded,12,0,1,1024,16384,0,0,42,5,2478016392,1030414272,151246.1177,62891.4961,2.4049,1024,172
dsmem_loaded,12,0,1,1024,16384,0,0,42,5,2477937913,1030381632,151241.3277,62889.5039,2.4049,1024,173
dsmem_loaded,12,0,1,1024,16384,0,0,42,5,2477941088,1030382944,151241.5215,62889.5840,2.4049,1024,174
dsmem_loaded,12,0,1,1024,16384,0,0,42,5,2477937913,1030381664,151241.3277,62889.5059,2.4049,1024,175
dsmem_loaded,12,0,1,1024,16384,0,0,42,5,2477997540,1030406464,151244.9670,62891.0195,2.4049,1024,176
dsmem_loaded,12,0,1,1024,16384,0,0,42,5,2478018235,1030415072,151246.2302,62891.5449,2.4049,1024,177
dsmem_loaded,12,0,1,1024,16384,0,0,42,5,2477959412,1030390592,151242.6399,62890.0508,2.4049,1024,178
dsmem_loaded,12,0,1,1024,16384,0,0,42,5,2477976891,1030397856,151243.7067,62890.4941,2.4049,1024,179
dsmem_loaded,12,0,1,1024,16384,0,0,42,5,2477940076,1030382528,151241.4597,62889.5586,2.4049,1024,180
dsmem_loaded,12,0,1,1024,16384,0,0,42,5,2478001929,1030408288,151245.2349,62891.1309,2.4049,1024,181
dsmem_loaded,12,0,1,1024,16384,0,0,42,5,2477937913,1030381696,151241.3277,62889.5078,2.4049,1024,182
dsmem_loaded,12,0,1,1024,16384,0,0,42,5,2478001080,1030407936,151245.1831,62891.1094,2.4049,1024,183
dsmem_loaded,12,0,1,1024,16384,0,0,42,5,2477940570,1030382784,151241.4899,62889.5742,2.4049,1024,184
dsmem_loaded,12,0,1,1024,16384,0,0,42,5,2477940749,1030382848,151241.5008,62889.5781,2.4049,1024,185
dsmem_loaded,12,0,1,1024,16384,0,0,42,5,2477949484,1030386496,151242.0339,62889.8008,2.4049,1024,186
dsmem_loaded,12,0,1,1024,16384,0,0,42,5,2477954875,1030388704,151242.3630,62889.9355,2.4049,1024,187
dsmem_loaded,12,0,1,1024,16384,0,0,42,5,2477937914,1030381632,151241.3278,62889.5039,2.4049,1024,188
dsmem_loaded,12,0,1,1024,16384,0,0,42,5,2477940409,1030382688,151241.4800,62889.5684,2.4049,1024,189
dsmem_loaded,12,0,1,1024,16384,0,0,42,5,2477940919,1030382912,151241.5112,62889.5820,2.4049,1024,190
dsmem_loaded,12,0,1,1024,16384,0,0,42,5,2477940586,1030382784,151241.4908,62889.5742,2.4049,1024,191
dsmem_loaded,12,0,1,1024,16384,0,0,42,5,2478037941,1030423232,151247.4329,62892.0430,2.4049,1024,192
dsmem_loaded,12,0,1,1024,16384,0,0,42,5,2477939237,1030382208,151241.4085,62889.5391,2.4049,1024,193
dsmem_loaded,12,0,1,1024,16384,0,0,42,5,2478008841,1030411168,151245.6568,62891.3066,2.4049,1024,194
dsmem_loaded,12,0,1,1024,16384,0,0,42,5,2478006152,1030410016,151245.4927,62891.2363,2.4049,1024,195
dsmem_loaded,12,0,1,1024,16384,0,0,42,5,2478019249,1030415520,151246.2921,62891.5723,2.4049,1024,196
dsmem_loaded,12,0,1,1024,16384,0,0,42,5,2478018592,1030415200,151246.2520,62891.5527,2.4049,1024,197
dsmem_loaded,12,0,1,1024,16384,0,0,42,5,2477992350,1030404288,151244.6503,62890.8867,2.4049,1024,198
dsmem_loaded,12,0,1,1024,16384,0,0,42,5,2477972869,1030396192,151243.4612,62890.3926,2.4049,1024,199
dsmem_loaded,12,0,1,1024,16384,0,0,42,5,2477987142,1030402112,151244.3324,62890.7539,2.4049,1024,200
dsmem_loaded,12,0,1,1024,16384,0,0,42,5,2478010357,1030411776,151245.7493,62891.3438,2.4049,1024,201
dsmem_loaded,12,0,1,1024,16384,0,0,42,5,2478018774,1030415296,151246.2631,62891.5586,2.4049,1024,202
dsmem_loaded,12,0,1,1024,16384,0,0,42,5,2477955532,1030388960,151242.4031,62889.9512,2.4049,1024,203
dsmem_loaded,12,0,1,1024,16384,0,0,42,5,2477937913,1030381664,151241.3277,62889.5059,2.4049,1024,204
dsmem_loaded,12,0,1,1024,16384,0,0,42,5,2478024139,1030417536,151246.5905,62891.6953,2.4049,1024,205
dsmem_loaded,12,0,1,1024,16384,0,0,42,5,2477939733,1030382432,151241.4388,62889.5527,2.4049,1024,206
dsmem_loaded,12,0,1,1024,16384,0,0,42,5,2477937913,1030381664,151241.3277,62889.5059,2.4049,1024,207
dsmem_loaded,12,0,1,1024,16384,0,0,42,5,2477968492,1030394400,151243.1941,62890.2832,2.4049,1024,208
dsmem_loaded,12,0,1,1024,16384,0,0,42,5,2478012185,1030412512,151245.8609,62891.3887,2.4049,1024,209
dsmem_loaded,12,0,1,1024,16384,0,0,42,5,2477993008,1030404576,151244.6904,62890.9043,2.4049,1024,210
dsmem_loaded,12,0,1,1024,16384,0,0,42,5,2477955040,1030388800,151242.3730,62889.9414,2.4049,1024,211
dsmem_loaded,12,0,1,1024,16384,0,0,42,5,2477988801,1030402848,151244.4337,62890.7988,2.4049,1024,212
dsmem_loaded,12,0,1,1024,16384,0,0,42,5,2477998383,1030406816,151245.0185,62891.0410,2.4049,1024,213
dsmem_loaded,12,0,1,1024,16384,0,0,42,5,2477994358,1030405152,151244.7728,62890.9395,2.4049,1024,214
dsmem_loaded,12,0,1,1024,16384,0,0,42,5,2477954867,1030388736,151242.3625,62889.9375,2.4049,1024,215
dsmem_loaded,12,0,1,1024,16384,0,0,42,5,2477979899,1030399104,151243.8903,62890.5703,2.4049,1024,216
dsmem_loaded,12,0,1,1024,16384,0,0,42,5,2477940744,1030382848,151241.5005,62889.5781,2.4049,1024,217
dsmem_loaded,12,0,1,1024,16384,0,0,42,5,2477937914,1030381632,151241.3278,62889.5039,2.4049,1024,218
dsmem_loaded,12,0,1,1024,16384,0,0,42,5,2477941590,1030383168,151241.5521,62889.5977,2.4049,1024,219
dsmem_loaded,12,0,1,1024,16384,0,0,42,5,2477939569,1030382336,151241.4288,62889.5469,2.4049,1024,220
dsmem_loaded,12,0,1,1024,16384,0,0,42,5,2477937914,1030381664,151241.3278,62889.5059,2.4049,1024,221
dsmem_loaded,12,0,1,1024,16384,0,0,42,5,2477940418,1030382720,151241.4806,62889.5703,2.4049,1024,222
dsmem_loaded,12,0,1,1024,16384,0,0,42,5,2477941583,1030383200,151241.5517,62889.5996,2.4049,1024,223
dsmem_loaded,12,0,1,1024,16384,0,0,42,5,2478039628,1030423968,151247.5359,62892.0879,2.4049,1024,224
dsmem_loaded,12,0,1,1024,16384,0,0,42,5,2478011364,1030412192,151245.8108,62891.3691,2.4049,1024,225
dsmem_loaded,12,0,1,1024,16384,0,0,42,5,2477940235,1030382592,151241.4694,62889.5625,2.4049,1024,226
dsmem_loaded,12,0,1,1024,16384,0,0,42,5,2478008330,1030410912,151245.6256,62891.2910,2.4049,1024,227
dsmem_loaded,12,0,1,1024,16384,0,0,42,5,2478060438,1030432576,151248.8060,62892.6133,2.4049,1024,228
dsmem_loaded,12,0,1,1024,16384,0,0,42,5,2477969328,1030394752,151243.2451,62890.3047,2.4049,1024,229
dsmem_loaded,12,0,1,1024,16384,0,0,42,5,2478020934,1030416192,151246.3949,62891.6133,2.4049,1024,230
dsmem_loaded,12,0,1,1024,16384,0,0,42,5,2478014558,1030413504,151246.0057,62891.4492,2.4049,1024,231
dsmem_loaded,12,0,1,1024,16384,0,0,42,5,2477937913,1030381664,151241.3277,62889.5059,2.4049,1024,232
dsmem_loaded,12,0,1,1024,16384,0,0,42,5,2477981090,1030399584,151243.9630,62890.5996,2.4049,1024,233
dsmem_loaded,12,0,1,1024,16384,0,0,42,5,2478034234,1030421728,151247.2067,62891.9512,2.4049,1024,234
dsmem_loaded,12,0,1,1024,16384,0,0,42,5,2478021459,1030416384,151246.4269,62891.6250,2.4049,1024,235
dsmem_loaded,12,0,1,1024,16384,0,0,42,5,2478006139,1030410080,151245.4919,62891.2402,2.4049,1024,236
dsmem_loaded,12,0,1,1024,16384,0,0,42,5,2477937913,1030381696,151241.3277,62889.5078,2.4049,1024,237
dsmem_loaded,12,0,1,1024,16384,0,0,42,5,2478006817,1030410304,151245.5333,62891.2539,2.4049,1024,238
dsmem_loaded,12,0,1,1024,16384,0,0,42,5,2477937913,1030381632,151241.3277,62889.5039,2.4049,1024,239
dsmem_loaded,12,0,1,1024,16384,0,0,42,5,2477941088,1030382944,151241.5215,62889.5840,2.4049,1024,240
dsmem_loaded,12,0,1,1024,16384,0,0,42,5,2477950661,1030386944,151242.1058,62889.8281,2.4049,1024,241
dsmem_loaded,12,0,1,1024,16384,0,0,42,5,2478013038,1030412896,151245.9130,62891.4121,2.4049,1024,242
dsmem_loaded,12,0,1,1024,16384,0,0,42,5,2477993362,1030404736,151244.7120,62890.9141,2.4049,1024,243
dsmem_loaded,12,0,1,1024,16384,0,0,42,5,2477941088,1030383008,151241.5215,62889.5879,2.4049,1024,244
dsmem_loaded,12,0,1,1024,16384,0,0,42,5,2477955058,1030388768,151242.3741,62889.9395,2.4049,1024,245
dsmem_loaded,12,0,1,1024,16384,0,0,42,5,2477939239,1030382176,151241.4086,62889.5371,2.4049,1024,246
dsmem_loaded,12,0,1,1024,16384,0,0,42,5,2477997904,1030406592,151244.9893,62891.0273,2.4049,1024,247
dsmem_loaded,12,0,1,1024,16384,0,0,42,5,2477940077,1030382560,151241.4598,62889.5605,2.4049,1024,248
dsmem_loaded,12,0,1,1024,16384,0,0,42,5,2477945795,1030384960,151241.8088,62889.7070,2.4049,1024,249
dsmem_loaded,12,0,1,1024,16384,0,0,42,5,2477940570,1030382784,151241.4899,62889.5742,2.4049,1024,250
dsmem_loaded,12,0,1,1024,16384,0,0,42,5,2477939902,1030382464,151241.4491,62889.5547,2.4049,1024,251
dsmem_loaded,12,0,1,1024,16384,0,0,42,5,2477941414,1030383104,151241.5414,62889.5938,2.4049,1024,252
dsmem_loaded,12,0,1,1024,16384,0,0,42,5,2477950833,1030387040,151242.1163,62889.8340,2.4049,1024,253
dsmem_loaded,12,0,1,1024,16384,0,0,42,5,2477937914,1030381632,151241.3278,62889.5039,2.4049,1024,254
dsmem_loaded,12,0,1,1024,16384,0,0,42,5,2477941419,1030383136,151241.5417,62889.5957,2.4049,1024,255
dsmem_loaded,12,0,1,1024,16384,0,0,42,5,2477995237,1030405472,151244.8265,62890.9590,2.4049,1024,256
dsmem_loaded,12,0,1,1024,16384,0,0,42,5,2477937914,1030381632,151241.3278,62889.5039,2.4049,1024,257
dsmem_loaded,12,0,1,1024,16384,0,0,42,5,2478056089,1030430784,151248.5406,62892.5039,2.4049,1024,258
dsmem_loaded,12,0,1,1024,16384,0,0,42,5,2477937913,1030381664,151241.3277,62889.5059,2.4049,1024,259
dsmem_loaded,12,0,1,1024,16384,0,0,42,5,2478000946,1030407872,151245.1749,62891.1055,2.4049,1024,260
dsmem_loaded,12,0,1,1024,16384,0,0,42,5,2478010025,1030411680,151245.7291,62891.3379,2.4049,1024,261
dsmem_loaded,12,0,1,1024,16384,0,0,42,5,2478038755,1030423616,151247.4826,62892.0664,2.4049,1024,262
dsmem_loaded,12,0,1,1024,16384,0,0,42,5,2477999945,1030407456,151245.1138,62891.0801,2.4049,1024,263
dsmem_loaded,12,0,1,1024,16384,0,0,42,5,2477949831,1030386624,151242.0551,62889.8086,2.4049,1024,264
dsmem_loaded,12,0,1,1024,16384,0,0,42,5,2478024653,1030417728,151246.6219,62891.7070,2.4049,1024,265
dsmem_loaded,12,0,1,1024,16384,0,0,42,5,2478016393,1030414272,151246.1177,62891.4961,2.4049,1024,266
dsmem_loaded,12,0,1,1024,16384,0,0,42,5,2477959901,1030390816,151242.6697,62890.0645,2.4049,1024,267
dsmem_loaded,12,0,1,1024,16384,0,0,42,5,2477937913,1030381664,151241.3277,62889.5059,2.4049,1024,268
dsmem_loaded,12,0,1,1024,16384,0,0,42,5,2477992365,1030404320,151244.6512,62890.8887,2.4049,1024,269
dsmem_loaded,12,0,1,1024,16384,0,0,42,5,2478016725,1030414432,151246.1380,62891.5059,2.4049,1024,270
dsmem_loaded,12,0,1,1024,16384,0,0,42,5,2477959428,1030390592,151242.6409,62890.0508,2.4049,1024,271
dsmem_loaded,12,0,1,1024,16384,0,0,42,5,2477959262,1030390528,151242.6307,62890.0469,2.4049,1024,272
dsmem_loaded,12,0,1,1024,16384,0,0,42,5,2477998406,1030406816,151245.0199,62891.0410,2.4049,1024,273
dsmem_loaded,12,0,1,1024,16384,0,0,42,5,2477941908,1030383360,151241.5715,62889.6094,2.4049,1024,274
dsmem_loaded,12,0,1,1024,16384,0,0,42,5,2477958909,1030390400,151242.6092,62890.0391,2.4049,1024,275
dsmem_loaded,12,0,1,1024,16384,0,0,42,5,2477949319,1030386432,151242.0239,62889.7969,2.4049,1024,276
dsmem_loaded,12,0,1,1024,16384,0,0,42,5,2478002261,1030408448,151245.2552,62891.1406,2.4049,1024,277
dsmem_loaded,12,0,1,1024,16384,0,0,42,5,2477940245,1030382592,151241.4700,62889.5625,2.4049,1024,278
dsmem_loaded,12,0,1,1024,16384,0,0,42,5,2477950994,1030387104,151242.1261,62889.8379,2.4049,1024,279
dsmem_loaded,12,0,1,1024,16384,0,0,42,5,2477951012,1030387104,151242.1272,62889.8379,2.4049,1024,280
dsmem_loaded,12,0,1,1024,16384,0,0,42,5,2477941764,1030383264,151241.5627,62889.6035,2.4049,1024,281
dsmem_loaded,12,0,1,1024,16384,0,0,42,5,2477940915,1030382880,151241.5109,62889.5801,2.4049,1024,282
dsmem_loaded,12,0,1,1024,16384,0,0,42,5,2477956890,1030389536,151242.4860,62889.9863,2.4049,1024,283
dsmem_loaded,12,0,1,1024,16384,0,0,42,5,2477940579,1030382752,151241.4904,62889.5723,2.4049,1024,284
dsmem_loaded,12,0,1,1024,16384,0,0,42,5,2477940585,1030382752,151241.4908,62889.5723,2.4049,1024,285
dsmem_loaded,12,0,1,1024,16384,0,0,42,5,2477937913,1030381696,151241.3277,62889.5078,2.4049,1024,286
dsmem_loaded,12,0,1,1024,16384,0,0,42,5,2477959055,1030390464,151242.6181,62890.0430,2.4049,1024,287
dsmem_loaded,12,0,1,1024,16384,0,0,42,5,2477937913,1030381632,151241.3277,62889.5039,2.4049,1024,288
dsmem_loaded,12,0,1,1024,16384,0,0,42,5,2478035595,1030422240,151247.2897,62891.9824,2.4049,1024,289
dsmem_loaded,12,0,1,1024,16384,0,0,42,5,2478034247,1030421728,151247.2075,62891.9512,2.4049,1024,290
dsmem_loaded,12,0,1,1024,16384,0,0,42,5,2478011031,1030412064,151245.7905,62891.3613,2.4049,1024,291
dsmem_loaded,12,0,1,1024,16384,0,0,42,5,2477988492,1030402720,151244.4148,62890.7910,2.4049,1024,292
dsmem_loaded,12,0,1,1024,16384,0,0,42,5,2478022294,1030416800,151246.4779,62891.6504,2.4049,1024,293
dsmem_loaded,12,0,1,1024,16384,0,0,42,5,2478011025,1030412096,151245.7901,62891.3633,2.4049,1024,294
dsmem_loaded,12,0,1,1024,16384,0,0,42,5,2477968987,1030394560,151243.2243,62890.2930,2.4049,1024,295
dsmem_loaded,12,0,1,1024,16384,0,0,42,5,2478006833,1030410336,151245.5342,62891.2559,2.4049,1024,296
dsmem_loaded,12,0,1,1024,16384,0,0,42,5,2478001614,1030408160,151245.2157,62891.1230,2.4049,1024,297
dsmem_loaded,12,0,1,1024,16384,0,0,42,5,2477993706,1030404864,151244.7330,62890.9219,2.4049,1024,298
dsmem_loaded,12,0,1,1024,16384,0,0,42,5,2477959572,1030390656,151242.6497,62890.0547,2.4049,1024,299
dsmem_loaded,12,0,1,1024,16384,0,0,42,5,2477982779,1030400352,151244.0661,62890.6465,2.4049,1024,300
dsmem_loaded,12,0,1,1024,16384,0,0,42,5,2477940580,1030382784,151241.4905,62889.5742,2.4049,1024,301
dsmem_loaded,12,0,1,1024,16384,0,0,42,5,2477941258,1030383072,151241.5319,62889.5918,2.4049,1024,302
dsmem_loaded,12,0,1,1024,16384,0,0,42,5,2477937913,1030381696,151241.3277,62889.5078,2.4049,1024,303
dsmem_loaded,12,0,1,1024,16384,0,0,42,5,2477983962,1030400800,151244.1383,62890.6738,2.4049,1024,304
dsmem_loaded,12,0,1,1024,16384,0,0,42,5,2478013195,1030412928,151245.9225,62891.4141,2.4049,1024,305
dsmem_loaded,12,0,1,1024,16384,0,0,42,5,2477992518,1030404352,151244.6605,62890.8906,2.4049,1024,306
dsmem_loaded,12,0,1,1024,16384,0,0,42,5,2477959423,1030390592,151242.6406,62890.0508,2.4049,1024,307
dsmem_loaded,12,0,1,1024,16384,0,0,42,5,2477989498,1030403136,151244.4762,62890.8164,2.4049,1024,308
dsmem_loaded,12,0,1,1024,16384,0,0,42,5,2477940412,1030382688,151241.4802,62889.5684,2.4049,1024,309
dsmem_loaded,12,0,1,1024,16384,0,0,42,5,2477941253,1030383040,151241.5316,62889.5898,2.4049,1024,310
dsmem_loaded,12,0,1,1024,16384,0,0,42,5,2477950668,1030387008,151242.1062,62889.8320,2.4049,1024,311
dsmem_loaded,12,0,1,1024,16384,0,0,42,5,2477978412,1030398528,151243.7996,62890.5352,2.4049,1024,312
dsmem_loaded,12,0,1,1024,16384,0,0,42,5,2477998220,1030406752,151245.0085,62891.0371,2.4049,1024,313
dsmem_loaded,12,0,1,1024,16384,0,0,42,5,2477998389,1030406816,151245.0189,62891.0410,2.4049,1024,314
dsmem_loaded,12,0,1,1024,16384,0,0,42,5,2477956542,1030389408,151242.4647,62889.9785,2.4049,1024,315
dsmem_loaded,12,0,1,1024,16384,0,0,42,5,2477940245,1030382624,151241.4700,62889.5645,2.4049,1024,316
dsmem_loaded,12,0,1,1024,16384,0,0,42,5,2477937914,1030381632,151241.3278,62889.5039,2.4049,1024,317
dsmem_loaded,12,0,1,1024,16384,0,0,42,5,2477937914,1030381664,151241.3278,62889.5059,2.4049,1024,318
dsmem_loaded,12,0,1,1024,16384,0,0,42,5,2477959237,1030390528,151242.6292,62890.0469,2.4049,1024,319
dsmem_loaded,12,0,1,1024,16384,0,0,42,5,2477991029,1030403744,151244.5696,62890.8535,2.4049,1024,320
dsmem_loaded,12,0,1,1024,16384,0,0,42,5,2478036733,1030422752,151247.3592,62892.0137,2.4049,1024,321
dsmem_loaded,12,0,1,1024,16384,0,0,42,5,2478035090,1030422048,151247.2589,62891.9707,2.4049,1024,322
dsmem_loaded,12,0,1,1024,16384,0,0,42,5,2477954206,1030388448,151242.3221,62889.9199,2.4049,1024,323
dsmem_loaded,12,0,1,1024,16384,0,0,42,5,2477951160,1030387168,151242.1362,62889.8418,2.4049,1024,324
dsmem_loaded,12,0,1,1024,16384,0,0,42,5,2478047696,1030427296,151248.0283,62892.2910,2.4049,1024,325
dsmem_loaded,12,0,1,1024,16384,0,0,42,5,2478058079,1030431616,151248.6620,62892.5547,2.4049,1024,326
dsmem_loaded,12,0,1,1024,16384,0,0,42,5,2478014564,1030413504,151246.0061,62891.4492,2.4049,1024,327
dsmem_loaded,12,0,1,1024,16384,0,0,42,5,2477959739,1030390752,151242.6599,62890.0605,2.4049,1024,328
dsmem_loaded,12,0,1,1024,16384,0,0,42,5,2478010681,1030411904,151245.7691,62891.3516,2.4049,1024,329
dsmem_loaded,12,0,1,1024,16384,0,0,42,5,2478004790,1030409472,151245.4095,62891.2031,2.4049,1024,330
dsmem_loaded,12,0,1,1024,16384,0,0,42,5,2477984295,1030400928,151244.1586,62890.6816,2.4049,1024,331
dsmem_loaded,12,0,1,1024,16384,0,0,42,5,2477937913,1030381664,151241.3277,62889.5059,2.4049,1024,332
dsmem_loaded,12,0,1,1024,16384,0,0,42,5,2477940078,1030382528,151241.4598,62889.5586,2.4049,1024,333
dsmem_loaded,12,0,1,1024,16384,0,0,42,5,2477937913,1030381664,151241.3277,62889.5059,2.4049,1024,334
dsmem_loaded,12,0,1,1024,16384,0,0,42,5,2477937913,1030381664,151241.3277,62889.5059,2.4049,1024,335
dsmem_loaded,12,0,1,1024,16384,0,0,42,5,2477945457,1030384768,151241.7881,62889.6953,2.4049,1024,336
dsmem_loaded,12,0,1,1024,16384,0,0,42,5,2478016050,1030414144,151246.0968,62891.4883,2.4049,1024,337
dsmem_loaded,12,0,1,1024,16384,0,0,42,5,2478025971,1030418272,151246.7023,62891.7402,2.4049,1024,338
dsmem_loaded,12,0,1,1024,16384,0,0,42,5,2477963269,1030392192,151242.8753,62890.1484,2.4049,1024,339
dsmem_loaded,12,0,1,1024,16384,0,0,42,5,2477948985,1030386272,151242.0035,62889.7871,2.4049,1024,340
dsmem_loaded,12,0,1,1024,16384,0,0,42,5,2477940911,1030382944,151241.5107,62889.5840,2.4049,1024,341
dsmem_loaded,12,0,1,1024,16384,0,0,42,5,2477940927,1030382944,151241.5117,62889.5840,2.4049,1024,342
dsmem_loaded,12,0,1,1024,16384,0,0,42,5,2477953529,1030388128,151242.2808,62889.9004,2.4049,1024,343
dsmem_loaded,12,0,1,1024,16384,0,0,42,5,2477955373,1030388928,151242.3934,62889.9492,2.4049,1024,344
dsmem_loaded,12,0,1,1024,16384,0,0,42,5,2477940752,1030382816,151241.5010,62889.5762,2.4049,1024,345
dsmem_loaded,12,0,1,1024,16384,0,0,42,5,2477940917,1030382912,151241.5110,62889.5820,2.4049,1024,346
dsmem_loaded,12,0,1,1024,16384,0,0,42,5,2477955699,1030389056,151242.4133,62889.9570,2.4049,1024,347
dsmem_loaded,12,0,1,1024,16384,0,0,42,5,2477955717,1030389056,151242.4144,62889.9570,2.4049,1024,348
dsmem_loaded,12,0,1,1024,16384,0,0,42,5,2477937913,1030381696,151241.3277,62889.5078,2.4049,1024,349
dsmem_loaded,12,0,1,1024,16384,0,0,42,5,2477940933,1030382880,151241.5120,62889.5801,2.4049,1024,350
dsmem_loaded,12,0,1,1024,16384,0,0,42,5,2477961087,1030391296,151242.7421,62890.0938,2.4049,1024,351
dsmem_loaded,12,0,1,1024,16384,0,0,42,6,2478511457,1030618432,151276.3340,62903.9570,2.4049,1024,0
dsmem_loaded,12,0,1,1024,16384,0,0,42,6,2478581769,1030647680,151280.6255,62905.7422,2.4049,1024,1
dsmem_loaded,12,0,1,1024,16384,0,0,42,6,2478595874,1030653568,151281.4865,62906.1016,2.4049,1024,2
dsmem_loaded,12,0,1,1024,16384,0,0,42,6,2478605625,1030657632,151282.0816,62906.3496,2.4049,1024,3
dsmem_loaded,12,0,1,1024,16384,0,0,42,6,2478527644,1030625184,151277.3220,62904.3691,2.4049,1024,4
dsmem_loaded,12,0,1,1024,16384,0,0,42,6,2478594709,1030653056,151281.4153,62906.0703,2.4049,1024,5
dsmem_loaded,12,0,1,1024,16384,0,0,42,6,2478596723,1030653920,151281.5383,62906.1230,2.4049,1024,6
dsmem_loaded,12,0,1,1024,16384,0,0,42,6,2478607665,1030658464,151282.2061,62906.4004,2.4049,1024,7
dsmem_loaded,12,0,1,1024,16384,0,0,42,6,2478624293,1030665376,151283.2210,62906.8223,2.4049,1024,8
dsmem_loaded,12,0,1,1024,16384,0,0,42,6,2478549086,1030634080,151278.6307,62904.9121,2.4049,1024,9
dsmem_loaded,12,0,1,1024,16384,0,0,42,6,2478548139,1030633664,151278.5729,62904.8867,2.4049,1024,10
dsmem_loaded,12,0,1,1024,16384,0,0,42,6,2478492951,1030610784,151275.2045,62903.4902,2.4049,1024,11
dsmem_loaded,12,0,1,1024,16384,0,0,42,6,2478478348,1030604640,151274.3132,62903.1152,2.4049,1024,12
dsmem_loaded,12,0,1,1024,16384,0,0,42,6,2478617567,1030662560,151282.8105,62906.6504,2.4049,1024,13
dsmem_loaded,12,0,1,1024,16384,0,0,42,6,2478548932,1030634016,151278.6213,62904.9082,2.4049,1024,14
dsmem_loaded,12,0,1,1024,16384,0,0,42,6,2478680734,1030688800,151286.6659,62908.2520,2.4049,1024,15
dsmem_loaded,12,0,1,1024,16384,0,0,42,6,2478554008,1030636096,151278.9312,62905.0352,2.4049,1024,16
dsmem_loaded,12,0,1,1024,16384,0,0,42,6,2478553678,1030635968,151278.9110,62905.0273,2.4049,1024,17
dsmem_loaded,12,0,1,1024,16384,0,0,42,6,2478376225,1030562176,151268.0801,62900.5234,2.4049,1024,18
dsmem_loaded,12,0,1,1024,16384,0,0,42,6,2478440211,1030588800,151271.9855,62902.1484,2.4049,1024,19
dsmem_loaded,12,0,1,1024,16384,0,0,42,6,2478547247,1030633312,151278.5185,62904.8652,2.4049,1024,20
dsmem_loaded,12,0,1,1024,16384,0,0,42,6,2478423289,1030581728,151270.9527,62901.7168,2.4049,1024,21
dsmem_loaded,12,0,1,1024,16384,0,0,42,6,2478491114,1030609984,151275.0924,62903.4414,2.4049,1024,22
dsmem_loaded,12,0,1,1024,16384,0,0,42,6,2478459029,1030596608,151273.1341,62902.6250,2.4049,1024,23
dsmem_loaded,12,0,1,1024,16384,0,0,42,6,2478399580,1030571904,151269.5056,62901.1172,2.4049,1024,24
dsmem_loaded,12,0,1,1024,16384,0,0,42,6,2478464885,1030599040,151273.4915,62902.7734,2.4049,1024,25
dsmem_loaded,12,0,1,1024,16384,0,0,42,6,2478436516,1030587232,151271.7600,62902.0527,2.4049,1024,26
dsmem_loaded,12,0,1,1024,16384,0,0,42,6,2478381097,1030564224,151268.3775,62900.6484,2.4049,1024,27
dsmem_loaded,12,0,1,1024,16384,0,0,42,6,2478460040,1030597024,151273.1958,62902.6504,2.4049,1024,28
dsmem_loaded,12,0,1,1024,16384,0,0,42,6,2478426765,1030583232,151271.1649,62901.8086,2.4049,1024,29
dsmem_loaded,12,0,1,1024,16384,0,0,42,6,2478530086,1030626144,151277.4711,62904.4277,2.4049,1024,30
dsmem_loaded,12,0,1,1024,16384,0,0,42,6,2478530287,1030626240,151277.4833,62904.4336,2.4049,1024,31
dsmem_loaded,12,0,1,1024,16384,0,0,42,6,2478538671,1030629728,151277.9951,62904.6465,2.4049,1024,32
dsmem_loaded,12,0,1,1024,16384,0,0,42,6,2478492305,1030610464,151275.1651,62903.4707,2.4049,1024,33
dsmem_loaded,12,0,1,1024,16384,0,0,42,6,2478543430,1030631712,151278.2855,62904.7676,2.4049,1024,34
dsmem_loaded,12,0,1,1024,16384,0,0,42,6,2478658390,1030679552,151285.3021,62907.6875,2.4049,1024,35
dsmem_loaded,12,0,1,1024,16384,0,0,42,6,2478538890,1030629824,151278.0084,62904.6523,2.4049,1024,36
dsmem_loaded,12,0,1,1024,16384,0,0,42,6,2478612329,1030660416,151282.4908,62906.5195,2.4049,1024,37
dsmem_loaded,12,0,1,1024,16384,0,0,42,6,2478638298,1030671168,151284.0758,62907.1758,2.4049,1024,38
dsmem_loaded,12,0,1,1024,16384,0,0,42,6,2478582418,1030647936,151280.6652,62905.7578,2.4049,1024,39
dsmem_loaded,12,0,1,1024,16384,0,0,42,6,2478604438,1030657120,151282.0092,62906.3184,2.4049,1024,40
dsmem_loaded,12,0,1,1024,16384,0,0,42,6,2478622599,1030664672,151283.1176,62906.7793,2.4049,1024,41
dsmem_loaded,12,0,1,1024,16384,0,0,42,6,2478610657,1030659680,151282.3887,62906.4746,2.4049,1024,42
dsmem_loaded,12,0,1,1024,16384,0,0,42,6,2478581077,1030647360,151280.5833,62905.7227,2.4049,1024,43
dsmem_loaded,12,0,1,1024,16384,0,0,42,6,2478515975,1030620288,151276.6098,62904.0703,2.4049,1024,44
dsmem_loaded,12,0,1,1024,16384,0,0,42,6,2478487080,1030608256,151274.8462,62903.3359,2.4049,1024,45
dsmem_loaded,12,0,1,1024,16384,0,0,42,6,2478496473,1030612192,151275.4195,62903.5762,2.4049,1024,46
dsmem_loaded,12,0,1,1024,16384,0,0,42,6,2478573940,1030644416,151280.1477,62905.5430,2.4049,1024,47
dsmem_loaded,12,0,1,1024,16384,0,0,42,6,2478634092,1030669408,151283.8191,62907.0684,2.4049,1024,48
dsmem_loaded,12,0,1,1024,16384,0,0,42,6,2478515625,1030620160,151276.5884,62904.0625,2.4049,1024,49
dsmem_loaded,12,0,1,1024,16384,0,0,42,6,2478500177,1030613728,151275.6456,62903.6699,2.4049,1024,50
dsmem_loaded,12,0,1,1024,16384,0,0,42,6,2478483024,1030606624,151274.5986,62903.2363,2.4049,1024,51
dsmem_loaded,12,0,1,1024,16384,0,0,42,6,2478521838,1030622720,151276.9677,62904.2188,2.4049,1024,52
dsmem_loaded,12,0,1,1024,16384,0,0,42,6,2478582337,1030647904,151280.6602,62905.7559,2.4049,1024,53
dsmem_loaded,12,0,1,1024,16384,0,0,42,6,2478436707,1030587360,151271.7717,62902.0605,2.4049,1024,54
dsmem_loaded,12,0,1,1024,16384,0,0,42,6,2478382936,1030564992,151268.4897,62900.6953,2.4049,1024,55
dsmem_loaded,12,0,1,1024,16384,0,0,42,6,2478366581,1030558208,151267.4915,62900.2812,2.4049,1024,56
dsmem_loaded,12,0,1,1024,16384,0,0,42,6,2478492107,1030610368,151275.1530,62903.4648,2.4049,1024,57
dsmem_loaded,12,0,1,1024,16384,0,0,42,6,2478457508,1030595968,151273.0413,62902.5859,2.4049,1024,58
dsmem_loaded,12,0,1,1024,16384,0,0,42,6,2478386255,1030566336,151268.6923,62900.7773,2.4049,1024,59
dsmem_loaded,12,0,1,1024,16384,0,0,42,6,2478382922,1030564992,151268.4889,62900.6953,2.4049,1024,60
dsmem_loaded,12,0,1,1024,16384,0,0,42,6,2478427464,1030583488,151271.2075,62901.8242,2.4049,1024,61
dsmem_loaded,12,0,1,1024,16384,0,0,42,6,2478621195,1030664032,151283.0319,62906.7402,2.4049,1024,62
dsmem_loaded,12,0,1,1024,16384,0,0,42,6,2478444918,1030590720,151272.2728,62902.2656,2.4049,1024,63
dsmem_loaded,12,0,1,1024,16384,0,0,42,6,2478542947,1030631488,151278.2560,62904.7539,2.4049,1024,64
dsmem_loaded,12,0,1,1024,16384,0,0,42,6,2478573710,1030644320,151280.1337,62905.5371,2.4049,1024,65
dsmem_loaded,12,0,1,1024,16384,0,0,42,6,2478626655,1030666304,151283.3652,62906.8789,2.4049,1024,66
dsmem_loaded,12,0,1,1024,16384,0,0,42,6,2478628891,1030667296,151283.5016,62906.9395,2.4049,1024,67
dsmem_loaded,12,0,1,1024,16384,0,0,42,6,2478570685,1030643072,151279.9490,62905.4609,2.4049,1024,68
dsmem_loaded,12,0,1,1024,16384,0,0,42,6,2478642663,1030673024,151284.3422,62907.2891,2.4049,1024,69
dsmem_loaded,12,0,1,1024,16384,0,0,42,6,2478585129,1030649088,151280.8306,62905.8281,2.4049,1024,70
dsmem_loaded,12,0,1,1024,16384,0,0,42,6,2478604464,1030657120,151282.0107,62906.3184,2.4049,1024,71
dsmem_loaded,12,0,1,1024,16384,0,0,42,6,2478588823,1030650624,151281.0561,62905.9219,2.4049,1024,72
dsmem_loaded,12,0,1,1024,16384,0,0,42,6,2478506241,1030616288,151276.0157,62903.8262,2.4049,1024,73
dsmem_loaded,12,0,1,1024,16384,0,0,42,6,2478568089,1030641984,151279.7906,62905.3945,2.4049,1024,74
dsmem_loaded,12,0,1,1024,16384,0,0,42,6,2478575877,1030645216,151280.2659,62905.5918,2.4049,1024,75
dsmem_loaded,12,0,1,1024,16384,0,0,42,6,2478573451,1030644192,151280.1179,62905.5293,2.4049,1024,76
dsmem_loaded,12,0,1,1024,16384,0,0,42,6,2478548937,1030634016,151278.6216,62904.9082,2.4049,1024,77
dsmem_loaded,12,0,1,1024,16384,0,0,42,6,2478662949,1030681440,151285.5804,62907.8027,2.4049,1024,78
dsmem_loaded,12,0,1,1024,16384,0,0,42,6,2478597488,1030654176,151281.5850,62906.1387,2.4049,1024,79
dsmem_loaded,12,0,1,1024,16384,0,0,42,6,2478583459,1030648384,151280.7287,62905.7852,2.4049,1024,80
dsmem_loaded,12,0,1,1024,16384,0,0,42,6,2478493975,1030611168,151275.2670,62903.5137,2.4049,1024,81
dsmem_loaded,12,0,1,1024,16384,0,0,42,6,2478497830,1030612736,151275.5023,62903.6094,2.4049,1024,82
dsmem_loaded,12,0,1,1024,16384,0,0,42,6,2478492112,1030610400,151275.1533,62903.4668,2.4049,1024,83
dsmem_loaded,12,0,1,1024,16384,0,0,42,6,2478495495,1030611776,151275.3598,62903.5508,2.4049,1024,84
dsmem_loaded,12,0,1,1024,16384,0,0,42,6,2478496836,1030612320,151275.4417,62903.5840,2.4049,1024,85
dsmem_loaded,12,0,1,1024,16384,0,0,42,6,2478433824,1030586144,151271.5957,62901.9863,2.4049,1024,86
dsmem_loaded,12,0,1,1024,16384,0,0,42,6,2478409622,1030576096,151270.1185,62901.3730,2.4049,1024,87
dsmem_loaded,12,0,1,1024,16384,0,0,42,6,2478359252,1030555136,151267.0442,62900.0938,2.4049,1024,88
dsmem_loaded,12,0,1,1024,16384,0,0,42,6,2478432853,1030585760,151271.5364,62901.9629,2.4049,1024,89
dsmem_loaded,12,0,1,1024,16384,0,0,42,6,2478545710,1030632672,151278.4247,62904.8262,2.4049,1024,90
dsmem_loaded,12,0,1,1024,16384,0,0,42,6,2478407486,1030575200,151269.9882,62901.3184,2.4049,1024,91
dsmem_loaded,12,0,1,1024,16384,0,0,42,6,2478457851,1030596096,151273.0622,62902.5938,2.4049,1024,92
dsmem_loaded,12,0,1,1024,16384,0,0,42,6,2478492294,1030610464,151275.1644,62903.4707,2.4049,1024,93
dsmem_loaded,12,0,1,1024,16384,0,0,42,6,2478430670,1030584800,151271.4032,62901.9043,2.4049,1024,94
dsmem_loaded,12,0,1,1024,16384,0,0,42,6,2478468110,1030600384,151273.6884,62902.8555,2.4049,1024,95
dsmem_loaded,12,0,1,1024,16384,0,0,42,6,2478620419,1030663744,151282.9846,62906.7227,2.4049,1024,96
dsmem_loaded,12,0,1,1024,16384,0,0,42,6,2478627465,1030666720,151283.4146,62906.9043,2.4049,1024,97
dsmem_loaded,12,0,1,1024,16384,0,0,42,6,2478580569,1030647168,151280.5523,62905.7109,2.4049,1024,98
dsmem_loaded,12,0,1,1024,16384,0,0,42,6,2478589482,1030650880,151281.0963,62905.9375,2.4049,1024,99
dsmem_loaded,12,0,1,1024,16384,0,0,42,6,2478638885,1030671456,151284.1116,62907.1934,2.4049,1024,100
dsmem_loaded,12,0,1,1024,16384,0,0,42,6,2478590158,1030651168,151281.1376,62905.9551,2.4049,1024,101
dsmem_loaded,12,0,1,1024,16384,0,0,42,6,2478533344,1030627552,151277.6699,62904.5137,2.4049,1024,102
dsmem_loaded,12,0,1,1024,16384,0,0,42,6,2478585784,1030649312,151280.8706,62905.8418,2.4049,1024,103
dsmem_loaded,12,0,1,1024,16384,0,0,42,6,2478529272,1030625856,151277.4214,62904.4102,2.4049,1024,104
dsmem_loaded,12,0,1,1024,16384,0,0,42,6,2478648821,1030675552,151284.7181,62907.4434,2.4049,1024,105
dsmem_loaded,12,0,1,1024,16384,0,0,42,6,2478585969,1030649408,151280.8819,62905.8477,2.4049,1024,106
dsmem_loaded,12,0,1,1024,16384,0,0,42,6,2478511481,1030618432,151276.3355,62903.9570,2.4049,1024,107
dsmem_loaded,12,0,1,1024,16384,0,0,42,6,2478568255,1030642016,151279.8007,62905.3965,2.4049,1024,108
dsmem_loaded,12,0,1,1024,16384,0,0,42,6,2478492947,1030610720,151275.2043,62903.4863,2.4049,1024,109
dsmem_loaded,12,0,1,1024,16384,0,0,42,6,2478535114,1030628224,151277.7780,62904.5547,2.4049,1024,110
dsmem_loaded,12,0,1,1024,16384,0,0,42,6,2478442238,1030589664,151272.1093,62902.2012,2.4049,1024,111
dsmem_loaded,12,0,1,1024,16384,0,0,42,6,2478414813,1030578240,151270.4354,62901.5039,2.4049,1024,112
dsmem_loaded,12,0,1,1024,16384,0,0,42,6,2478506562,1030616416,151276.0353,62903.8340,2.4049,1024,113
dsmem_loaded,12,0,1,1024,16384,0,0,42,6,2478557198,1030637440,151279.1259,62905.1172,2.4049,1024,114
dsmem_loaded,12,0,1,1024,16384,0,0,42,6,2478492276,1030610432,151275.1633,62903.4688,2.4049,1024,115
dsmem_loaded,12,0,1,1024,16384,0,0,42,6,2478549593,1030634304,151278.6617,62904.9258,2.4049,1024,116
dsmem_loaded,12,0,1,1024,16384,0,0,42,6,2478416006,1030578720,151270.5082,62901.5332,2.4049,1024,117
dsmem_loaded,12,0,1,1024,16384,0,0,42,6,2478365616,1030557792,151267.4326,62900.2559,2.4049,1024,118
dsmem_loaded,12,0,1,1024,16384,0,0,42,6,2478510261,1030617952,151276.2610,62903.9277,2.4049,1024,119
dsmem_loaded,12,0,1,1024,16384,0,0,42,6,2478393362,1030569312,151269.1261,62900.9590,2.4049,1024,120
dsmem_loaded,12,0,1,1024,16384,0,0,42,6,2478413991,1030577888,151270.3852,62901.4824,2.4049,1024,121
dsmem_loaded,12,0,1,1024,16384,0,0,42,6,2478515472,1030620096,151276.5791,62904.0586,2.4049,1024,122
dsmem_loaded,12,0,1,1024,16384,0,0,42,6,2478425904,1030582848,151271.1123,62901.7852,2.4049,1024,123
dsmem_loaded,12,0,1,1024,16384,0,0,42,6,2478472791,1030602336,151273.9741,62902.9746,2.4049,1024,124
dsmem_loaded,12,0,1,1024,16384,0,0,42,6,2478413353,1030577632,151270.3463,62901.4668,2.4049,1024,125
dsmem_loaded,12,0,1,1024,16384,0,0,42,6,2478424752,1030582336,151271.0420,62901.7539,2.4049,1024,126
dsmem_loaded,12,0,1,1024,16384,0,0,42,6,2478586924,1030649792,151280.9402,62905.8711,2.4049,1024,127
dsmem_loaded,12,0,1,1024,16384,0,0,42,6,2478564157,1030640352,151279.5506,62905.2949,2.4049,1024,128
dsmem_loaded,12,0,1,1024,16384,0,0,42,6,2478598789,1030654752,151281.6644,62906.1738,2.4049,1024,129
dsmem_loaded,12,0,1,1024,16384,0,0,42,6,2478569890,1030642752,151279.9005,62905.4414,2.4049,1024,130
dsmem_loaded,12,0,1,1024,16384,0,0,42,6,2478431057,1030584960,151271.4268,62901.9141,2.4049,1024,131
dsmem_loaded,12,0,1,1024,16384,0,0,42,6,2478568708,1030642240,151279.8284,62905.4102,2.4049,1024,132
dsmem_loaded,12,0,1,1024,16384,0,0,42,6,2478598283,1030654528,151281.6335,62906.1602,2.4049,1024,133
dsmem_loaded,12,0,1,1024,16384,0,0,42,6,2478608200,1030658688,151282.2388,62906.4141,2.4049,1024,134
dsmem_loaded,12,0,1,1024,16384,0,0,42,6,2478607019,1030658208,151282.1667,62906.3848,2.4049,1024,135
dsmem_loaded,12,0,1,1024,16384,0,0,42,6,2478528186,1030625408,151277.3551,62904.3828,2.4049,1024,136
dsmem_loaded,12,0,1,1024,16384,0,0,42,6,2478586024,1030649440,151280.8853,62905.8496,2.4049,1024,137
dsmem_loaded,12,0,1,1024,16384,0,0,42,6,2478552709,1030635552,151278.8519,62905.0020,2.4049,1024,138
dsmem_loaded,12,0,1,1024,16384,0,0,42,6,2478626693,1030666368,151283.3675,62906.8828,2.4049,1024,139
dsmem_loaded,12,0,1,1024,16384,0,0,42,6,2478449482,1030592640,151272.5514,62902.3828,2.4049,1024,140
dsmem_loaded,12,0,1,1024,16384,0,0,42,6,2478334757,1030544960,151265.5491,62899.4727,2.4049,1024,141
dsmem_loaded,12,0,1,1024,16384,0,0,42,6,2478602406,1030656288,151281.8851,62906.2676,2.4049,1024,142
dsmem_loaded,12,0,1,1024,16384,0,0,42,6,2478636104,1030670272,151283.9419,62907.1211,2.4049,1024,143
dsmem_loaded,12,0,1,1024,16384,0,0,42,6,2478597608,1030654240,151281.5923,62906.1426,2.4049,1024,144
dsmem_loaded,12,0,1,1024,16384,0,0,42,6,2478376399,1030562304,151268.0908,62900.5312,2.4049,1024,145
dsmem_loaded,12,0,1,1024,16384,0,0,42,6,2478516037,1030620352,151276.6136,62904.0742,2.4049,1024,146
dsmem_loaded,12,0,1,1024,16384,0,0,42,6,2478557921,1030637696,151279.1700,62905.1328,2.4049,1024,147
dsmem_loaded,12,0,1,1024,16384,0,0,42,6,2478372529,1030560672,151267.8546,62900.4316,2.4049,1024,148
dsmem_loaded,12,0,1,1024,16384,0,0,42,6,2478530163,1030626176,151277.4758,62904.4297,2.4049,1024,149
dsmem_loaded,12,0,1,1024,16384,0,0,42,6,2478550332,1030634560,151278.7068,62904.9414,2.4049,1024,150
dsmem_loaded,12,0,1,1024,16384,0,0,42,6,2478473361,1030602560,151274.0089,62902.9883,2.4049,1024,151
dsmem_loaded,12,0,1,1024,16384,0,0,42,6,2478369037,1030559200,151267.6414,62900.3418,2.4049,1024,152
dsmem_loaded,12,0,1,1024,16384,0,0,42,6,2478496206,1030612096,151275.4032,62903.5703,2.4049,1024,153
dsmem_loaded,12,0,1,1024,16384,0,0,42,6,2478459413,1030596768,151273.1575,62902.6348,2.4049,1024,154
dsmem_loaded,12,0,1,1024,16384,0,0,42,6,2478525447,1030624256,151277.1879,62904.3125,2.4049,1024,155
dsmem_loaded,12,0,1,1024,16384,0,0,42,6,2478511506,1030618400,151276.3370,62903.9551,2.4049,1024,156
dsmem_loaded,12,0,1,1024,16384,0,0,42,6,2478454525,1030594720,151272.8592,62902.5098,2.4049,1024,157
dsmem_loaded,12,0,1,1024,16384,0,0,42,6,2478456089,1030595392,151272.9547,62902.5508,2.4049,1024,158
dsmem_loaded,12,0,1,1024,16384,0,0,42,6,2478512659,1030618912,151276.4074,62903.9863,2.4049,1024,159
dsmem_loaded,12,0,1,1024,16384,0,0,42,6,2478563932,1030640224,151279.5369,62905.2871,2.4049,1024,160
dsmem_loaded,12,0,1,1024,16384,0,0,42,6,2478517697,1030621024,151276.7149,62904.1152,2.4049,1024,161
dsmem_loaded,12,0,1,1024,16384,0,0,42,6,2478608992,1030659008,151282.2871,62906.4336,2.4049,1024,162
dsmem_loaded,12,0,1,1024,16384,0,0,42,6,2478628971,1030667328,151283.5065,62906.9414,2.4049,1024,163
dsmem_loaded,12,0,1,1024,16384,0,0,42,6,2478575354,1030645024,151280.2340,62905.5801,2.4049,1024,164
dsmem_loaded,12,0,1,1024,16384,0,0,42,6,2478600256,1030655392,151281.7539,62906.2129,2.4049,1024,165
dsmem_loaded,12,0,1,1024,16384,0,0,42,6,2478577552,1030645888,151280.3682,62905.6328,2.4049,1024,166
dsmem_loaded,12,0,1,1024,16384,0,0,42,6,2478583443,1030648352,151280.7277,62905.7832,2.4049,1024,167
dsmem_loaded,12,0,1,1024,16384,0,0,42,6,2478615375,1030661696,151282.6767,62906.5977,2.4049,1024,168
dsmem_loaded,12,0,1,1024,16384,0,0,42,6,2478462034,1030597856,151273.3175,62902.7012,2.4049,1024,169
dsmem_loaded,12,0,1,1024,16384,0,0,42,6,2478652686,1030677184,151284.9540,62907.5430,2.4049,1024,170
dsmem_loaded,12,0,1,1024,16384,0,0,42,6,2478359728,1030555328,151267.0732,62900.1055,2.4049,1024,171
dsmem_loaded,12,0,1,1024,16384,0,0,42,6,2478539486,1030630080,151278.0448,62904.6680,2.4049,1024,172
dsmem_loaded,12,0,1,1024,16384,0,0,42,6,2478619232,1030663264,151282.9121,62906.6934,2.4049,1024,173
dsmem_loaded,12,0,1,1024,16384,0,0,42,6,2478587039,1030649856,151280.9472,62905.8750,2.4049,1024,174
dsmem_loaded,12,0,1,1024,16384,0,0,42,6,2478457174,1030595840,151273.0209,62902.5781,2.4049,1024,175
dsmem_loaded,12,0,1,1024,16384,0,0,42,6,2478605615,1030657568,151282.0810,62906.3457,2.4049,1024,176
dsmem_loaded,12,0,1,1024,16384,0,0,42,6,2478497987,1030612864,151275.5119,62903.6172,2.4049,1024,177
dsmem_loaded,12,0,1,1024,16384,0,0,42,6,2478495803,1030611904,151275.3786,62903.5586,2.4049,1024,178
dsmem_loaded,12,0,1,1024,16384,0,0,42,6,2478525725,1030624384,151277.2049,62904.3203,2.4049,1024,179
dsmem_loaded,12,0,1,1024,16384,0,0,42,6,2478432634,1030585632,151271.5231,62901.9551,2.4049,1024,180
dsmem_loaded,12,0,1,1024,16384,0,0,42,6,2478500510,1030613856,151275.6659,62903.6777,2.4049,1024,181
dsmem_loaded,12,0,1,1024,16384,0,0,42,6,2478458017,1030596160,151273.0723,62902.5977,2.4049,1024,182
dsmem_loaded,12,0,1,1024,16384,0,0,42,6,2478590734,1030651392,151281.1727,62905.9688,2.4049,1024,183
dsmem_loaded,12,0,1,1024,16384,0,0,42,6,2478375314,1030561824,151268.0245,62900.5020,2.4049,1024,184
dsmem_loaded,12,0,1,1024,16384,0,0,42,6,2478444725,1030590688,151272.2610,62902.2637,2.4049,1024,185
dsmem_loaded,12,0,1,1024,16384,0,0,42,6,2478456334,1030595488,151272.9696,62902.5566,2.4049,1024,186
dsmem_loaded,12,0,1,1024,16384,0,0,42,6,2478519854,1030621920,151276.8466,62904.1699,2.4049,1024,187
dsmem_loaded,12,0,1,1024,16384,0,0,42,6,2478374358,1030561408,151267.9662,62900.4766,2.4049,1024,188
dsmem_loaded,12,0,1,1024,16384,0,0,42,6,2478402587,1030573152,151269.6891,62901.1934,2.4049,1024,189
dsmem_loaded,12,0,1,1024,16384,0,0,42,6,2478397723,1030571136,151269.3923,62901.0703,2.4049,1024,190
dsmem_loaded,12,0,1,1024,16384,0,0,42,6,2478520365,1030622112,151276.8777,62904.1816,2.4049,1024,191
dsmem_loaded,12,0,1,1024,16384,0,0,42,6,2478614678,1030661344,151282.6342,62906.5762,2.4049,1024,192
dsmem_loaded,12,0,1,1024,16384,0,0,42,6,2478633388,1030669184,151283.7761,62907.0547,2.4049,1024,193
dsmem_loaded,12,0,1,1024,16384,0,0,42,6,2478604484,1030657152,151282.0120,62906.3203,2.4049,1024,194
dsmem_loaded,12,0,1,1024,16384,0,0,42,6,2478580794,1030647264,151280.5660,62905.7168,2.4049,1024,195
dsmem_loaded,12,0,1,1024,16384,0,0,42,6,2478555407,1030636672,151279.0165,62905.0703,2.4049,1024,196
dsmem_loaded,12,0,1,1024,16384,0,0,42,6,2478357226,1030554304,151266.9205,62900.0430,2.4049,1024,197
dsmem_loaded,12,0,1,1024,16384,0,0,42,6,2478623480,1030665056,151283.1714,62906.8027,2.4049,1024,198
dsmem_loaded,12,0,1,1024,16384,0,0,42,6,2478554576,1030636352,151278.9658,62905.0508,2.4049,1024,199
dsmem_loaded,12,0,1,1024,16384,0,0,42,6,2478628349,1030667072,151283.4686,62906.9258,2.4049,1024,200
dsmem_loaded,12,0,1,1024,16384,0,0,42,6,2478591876,1030651872,151281.2424,62905.9980,2.4049,1024,201
dsmem_loaded,12,0,1,1024,16384,0,0,42,6,2478568513,1030642176,151279.8165,62905.4062,2.4049,1024,202
dsmem_loaded,12,0,1,1024,16384,0,0,42,6,2478547797,1030633536,151278.5521,62904.8789,2.4049,1024,203
dsmem_loaded,12,0,1,1024,16384,0,0,42,6,2478578605,1030646368,151280.4324,62905.6621,2.4049,1024,204
dsmem_loaded,12,0,1,1024,16384,0,0,42,6,2478472320,1030602144,151273.9453,62902.9629,2.4049,1024,205
dsmem_loaded,12,0,1,1024,16384,0,0,42,6,2478372005,1030560448,151267.8226,62900.4180,2.4049,1024,206
dsmem_loaded,12,0,1,1024,16384,0,0,42,6,2478539027,1030629888,151278.0168,62904.6562,2.4049,1024,207
dsmem_loaded,12,0,1,1024,16384,0,0,42,6,2478383295,1030565120,151268.5117,62900.7031,2.4049,1024,208
dsmem_loaded,12,0,1,1024,16384,0,0,42,6,2478355736,1030553696,151266.8296,62900.0059,2.4049,1024,209
dsmem_loaded,12,0,1,1024,16384,0,0,42,6,2478409826,1030576160,151270.1310,62901.3770,2.4049,1024,210
dsmem_loaded,12,0,1,1024,16384,0,0,42,6,2478504451,1030615520,151275.9064,62903.7793,2.4049,1024,211
dsmem_loaded,12,0,1,1024,16384,0,0,42,6,2478543082,1030631584,151278.2643,62904.7598,2.4049,1024,212
dsmem_loaded,12,0,1,1024,16384,0,0,42,6,2478626847,1030666400,151283.3769,62906.8848,2.4049,1024,213
dsmem_loaded,12,0,1,1024,16384,0,0,42,6,2478568298,1030642048,151279.8033,62905.3984,2.4049,1024,214
dsmem_loaded,12,0,1,1024,16384,0,0,42,6,2478497025,1030612448,151275.4532,62903.5918,2.4049,1024,215
dsmem_loaded,12,0,1,1024,16384,0,0,42,6,2478539045,1030629888,151278.0179,62904.6562,2.4049,1024,216
dsmem_loaded,12,0,1,1024,16384,0,0,42,6,2478506284,1030616288,151276.0183,62903.8262,2.4049,1024,217
dsmem_loaded,12,0,1,1024,16384,0,0,42,6,2478388524,1030567296,151268.8308,62900.8359,2.4049,1024,218
dsmem_loaded,12,0,1,1024,16384,0,0,42,6,2478426330,1030583040,151271.1383,62901.7969,2.4049,1024,219
dsmem_loaded,12,0,1,1024,16384,0,0,42,6,2478481081,1030605760,151274.4800,62903.1836,2.4049,1024,220
dsmem_loaded,12,0,1,1024,16384,0,0,42,6,2478528635,1030625568,151277.3825,62904.3926,2.4049,1024,221
dsmem_loaded,12,0,1,1024,16384,0,0,42,6,2478548440,1030633792,151278.5913,62904.8945,2.4049,1024,222
dsmem_loaded,12,0,1,1024,16384,0,0,42,6,2478539387,1030630016,151278.0388,62904.6641,2.4049,1024,223
dsmem_loaded,12,0,1,1024,16384,0,0,42,6,2478628998,1030667360,151283.5082,62906.9434,2.4049,1024,224
dsmem_loaded,12,0,1,1024,16384,0,0,42,6,2478633709,1030669312,151283.7957,62907.0625,2.4049,1024,225
dsmem_loaded,12,0,1,1024,16384,0,0,42,6,2478402521,1030573120,151269.6851,62901.1914,2.4049,1024,226
dsmem_loaded,12,0,1,1024,16384,0,0,42,6,2478618919,1030663136,151282.8930,62906.6855,2.4049,1024,227
dsmem_loaded,12,0,1,1024,16384,0,0,42,6,2478576391,1030645408,151280.2973,62905.6035,2.4049,1024,228
dsmem_loaded,12,0,1,1024,16384,0,0,42,6,2478652868,1030677248,151284.9651,62907.5469,2.4049,1024,229
dsmem_loaded,12,0,1,1024,16384,0,0,42,6,2478577376,1030645856,151280.3574,62905.6309,2.4049,1024,230
dsmem_loaded,12,0,1,1024,16384,0,0,42,6,2478609843,1030659360,151282.3391,62906.4551,2.4049,1024,231
dsmem_loaded,12,0,1,1024,16384,0,0,42,6,2478405076,1030574176,151269.8411,62901.2559,2.4049,1024,232
dsmem_loaded,12,0,1,1024,16384,0,0,42,6,2478506251,1030616256,151276.0163,62903.8242,2.4049,1024,233
dsmem_loaded,12,0,1,1024,16384,0,0,42,6,2478568324,1030642080,151279.8049,62905.4004,2.4049,1024,234
dsmem_loaded,12,0,1,1024,16384,0,0,42,6,2478575389,1030645024,151280.2361,62905.5801,2.4049,1024,235
dsmem_loaded,12,0,1,1024,16384,0,0,42,6,2478609925,1030659360,151282.3441,62906.4551,2.4049,1024,236
dsmem_loaded,12,0,1,1024,16384,0,0,42,6,2478582691,1030648096,151280.6818,62905.7676,2.4049,1024,237
dsmem_loaded,12,0,1,1024,16384,0,0,42,6,2478543705,1030631808,151278.3023,62904.7734,2.4049,1024,238
dsmem_loaded,12,0,1,1024,16384,0,0,42,6,2478486246,1030607936,151274.7953,62903.3164,2.4049,1024,239
dsmem_loaded,12,0,1,1024,16384,0,0,42,6,2478535999,1030628640,151277.8320,62904.5801,2.4049,1024,240
dsmem_loaded,12,0,1,1024,16384,0,0,42,6,2478543908,1030631904,151278.3147,62904.7793,2.4049,1024,241
dsmem_loaded,12,0,1,1024,16384,0,0,42,6,2478570166,1030642848,151279.9174,62905.4473,2.4049,1024,242
dsmem_loaded,12,0,1,1024,16384,0,0,42,6,2478515480,1030620096,151276.5796,62904.0586,2.4049,1024,243
dsmem_loaded,12,0,1,1024,16384,0,0,42,6,2478440249,1030588800,151271.9879,62902.1484,2.4049,1024,244
dsmem_loaded,12,0,1,1024,16384,0,0,42,6,2478449993,1030592896,151272.5826,62902.3984,2.4049,1024,245
dsmem_loaded,12,0,1,1024,16384,0,0,42,6,2478534194,1030627904,151277.7218,62904.5352,2.4049,1024,246
dsmem_loaded,12,0,1,1024,16384,0,0,42,6,2478486418,1030608032,151274.8058,62903.3223,2.4049,1024,247
dsmem_loaded,12,0,1,1024,16384,0,0,42,6,2478496837,1030612384,151275.4417,62903.5879,2.4049,1024,248
dsmem_loaded,12,0,1,1024,16384,0,0,42,6,2478433999,1030586176,151271.6064,62901.9883,2.4049,1024,249
dsmem_loaded,12,0,1,1024,16384,0,0,42,6,2478429605,1030584384,151271.3382,62901.8789,2.4049,1024,250
dsmem_loaded,12,0,1,1024,16384,0,0,42,6,2478426145,1030582912,151271.1270,62901.7891,2.4049,1024,251
dsmem_loaded,12,0,1,1024,16384,0,0,42,6,2478441902,1030589472,151272.0887,62902.1895,2.4049,1024,252
dsmem_loaded,12,0,1,1024,16384,0,0,42,6,2478471137,1030601632,151273.8731,62902.9316,2.4049,1024,253
dsmem_loaded,12,0,1,1024,16384,0,0,42,6,2478388306,1030567232,151268.8175,62900.8320,2.4049,1024,254
dsmem_loaded,12,0,1,1024,16384,0,0,42,6,2478552793,1030635616,151278.8570,62905.0059,2.4049,1024,255
dsmem_loaded,12,0,1,1024,16384,0,0,42,6,2478626421,1030666240,151283.3509,62906.8750,2.4049,1024,256
dsmem_loaded,12,0,1,1024,16384,0,0,42,6,2478531069,1030626624,151277.5311,62904.4570,2.4049,1024,257
dsmem_loaded,12,0,1,1024,16384,0,0,42,6,2478553405,1030635872,151278.8943,62905.0215,2.4049,1024,258
dsmem_loaded,12,0,1,1024,16384,0,0,42,6,2478625575,1030665920,151283.2993,62906.8555,2.4049,1024,259
dsmem_loaded,12,0,1,1024,16384,0,0,42,6,2478632454,1030668768,151283.7191,62907.0293,2.4049,1024,260
dsmem_loaded,12,0,1,1024,16384,0,0,42,6,2478558508,1030637984,151279.2058,62905.1504,2.4049,1024,261
dsmem_loaded,12,0,1,1024,16384,0,0,42,6,2478509420,1030617568,151276.2097,62903.9043,2.4049,1024,262
dsmem_loaded,12,0,1,1024,16384,0,0,42,6,2478404857,1030574112,151269.8277,62901.2520,2.4049,1024,263
dsmem_loaded,12,0,1,1024,16384,0,0,42,6,2478501469,1030614304,151275.7244,62903.7051,2.4049,1024,264
dsmem_loaded,12,0,1,1024,16384,0,0,42,6,2478514292,1030619616,151276.5071,62904.0293,2.4049,1024,265
dsmem_loaded,12,0,1,1024,16384,0,0,42,6,2478547749,1030633504,151278.5491,62904.8770,2.4049,1024,266
dsmem_loaded,12,0,1,1024,16384,0,0,42,6,2478643561,1030673376,151284.3970,62907.3105,2.4049,1024,267
dsmem_loaded,12,0,1,1024,16384,0,0,42,6,2478421537,1030581024,151270.8458,62901.6738,2.4049,1024,268
dsmem_loaded,12,0,1,1024,16384,0,0,42,6,2478643231,1030673216,151284.3769,62907.3008,2.4049,1024,269
dsmem_loaded,12,0,1,1024,16384,0,0,42,6,2478575152,1030644896,151280.2217,62905.5723,2.4049,1024,270
dsmem_loaded,12,0,1,1024,16384,0,0,42,6,2478641873,1030672640,151284.2940,62907.2656,2.4049,1024,271
dsmem_loaded,12,0,1,1024,16384,0,0,42,6,2478405876,1030574496,151269.8899,62901.2754,2.4049,1024,272
dsmem_loaded,12,0,1,1024,16384,0,0,42,6,2478492565,1030610560,151275.1810,62903.4766,2.4049,1024,273
dsmem_loaded,12,0,1,1024,16384,0,0,42,6,2478514294,1030619616,151276.5072,62904.0293,2.4049,1024,274
dsmem_loaded,12,0,1,1024,16384,0,0,42,6,2478548555,1030633856,151278.5983,62904.8984,2.4049,1024,275
dsmem_loaded,12,0,1,1024,16384,0,0,42,6,2478515934,1030620320,151276.6073,62904.0723,2.4049,1024,276
dsmem_loaded,12,0,1,1024,16384,0,0,42,6,2478416831,1030579072,151270.5585,62901.5547,2.4049,1024,277
dsmem_loaded,12,0,1,1024,16384,0,0,42,6,2478580868,1030647296,151280.5706,62905.7188,2.4049,1024,278
dsmem_loaded,12,0,1,1024,16384,0,0,42,6,2478567182,1030641600,151279.7352,62905.3711,2.4049,1024,279
dsmem_loaded,12,0,1,1024,16384,0,0,42,6,2478424365,1030582208,151271.0184,62901.7461,2.4049,1024,280
dsmem_loaded,12,0,1,1024,16384,0,0,42,6,2478510408,1030617952,151276.2700,62903.9277,2.4049,1024,281
dsmem_loaded,12,0,1,1024,16384,0,0,42,6,2478370277,1030559744,151267.7171,62900.3750,2.4049,1024,282
dsmem_loaded,12,0,1,1024,16384,0,0,42,6,2478422676,1030581504,151270.9153,62901.7031,2.4049,1024,283
dsmem_loaded,12,0,1,1024,16384,0,0,42,6,2478554730,1030636416,151278.9752,62905.0547,2.4049,1024,284
dsmem_loaded,12,0,1,1024,16384,0,0,42,6,2478495761,1030611904,151275.3760,62903.5586,2.4049,1024,285
dsmem_loaded,12,0,1,1024,16384,0,0,42,6,2478468201,1030600416,151273.6939,62902.8574,2.4049,1024,286
dsmem_loaded,12,0,1,1024,16384,0,0,42,6,2478460505,1030597248,151273.2242,62902.6641,2.4049,1024,287
dsmem_loaded,12,0,1,1024,16384,0,0,42,6,2478596210,1030653696,151281.5070,62906.1094,2.4049,1024,288
dsmem_loaded,12,0,1,1024,16384,0,0,42,6,2478515708,1030620192,151276.5935,62904.0645,2.4049,1024,289
dsmem_loaded,12,0,1,1024,16384,0,0,42,6,2478577036,1030645696,151280.3367,62905.6211,2.4049,1024,290
dsmem_loaded,12,0,1,1024,16384,0,0,42,6,2478560718,1030638880,151279.3407,62905.2051,2.4049,1024,291
dsmem_loaded,12,0,1,1024,16384,0,0,42,6,2478588141,1030650336,151281.0145,62905.9043,2.4049,1024,292
dsmem_loaded,12,0,1,1024,16384,0,0,42,6,2478490964,1030609888,151275.0833,62903.4355,2.4049,1024,293
dsmem_loaded,12,0,1,1024,16384,0,0,42,6,2478604611,1030657152,151282.0197,62906.3203,2.4049,1024,294
dsmem_loaded,12,0,1,1024,16384,0,0,42,6,2478497325,1030612576,151275.4715,62903.5996,2.4049,1024,295
dsmem_loaded,12,0,1,1024,16384,0,0,42,6,2478604787,1030657248,151282.0305,62906.3262,2.4049,1024,296
dsmem_loaded,12,0,1,1024,16384,0,0,42,6,2478601586,1030655904,151281.8351,62906.2441,2.4049,1024,297
dsmem_loaded,12,0,1,1024,16384,0,0,42,6,2478581594,1030647584,151280.6149,62905.7363,2.4049,1024,298
dsmem_loaded,12,0,1,1024,16384,0,0,42,6,2478632683,1030668864,151283.7331,62907.0352,2.4049,1024,299
dsmem_loaded,12,0,1,1024,16384,0,0,42,6,2478570580,1030643008,151279.9426,62905.4570,2.4049,1024,300
dsmem_loaded,12,0,1,1024,16384,0,0,42,6,2478560150,1030638688,151279.3060,62905.1934,2.4049,1024,301
dsmem_loaded,12,0,1,1024,16384,0,0,42,6,2478596038,1030653600,151281.4965,62906.1035,2.4049,1024,302
dsmem_loaded,12,0,1,1024,16384,0,0,42,6,2478499184,1030613312,151275.5850,62903.6445,2.4049,1024,303
dsmem_loaded,12,0,1,1024,16384,0,0,42,6,2478475133,1030603296,151274.1170,62903.0332,2.4049,1024,304
dsmem_loaded,12,0,1,1024,16384,0,0,42,6,2478595691,1030653440,151281.4753,62906.0938,2.4049,1024,305
dsmem_loaded,12,0,1,1024,16384,0,0,42,6,2478504045,1030615328,151275.8817,62903.7676,2.4049,1024,306
dsmem_loaded,12,0,1,1024,16384,0,0,42,6,2478380915,1030564160,151268.3664,62900.6445,2.4049,1024,307
dsmem_loaded,12,0,1,1024,16384,0,0,42,6,2478416495,1030578944,151270.5380,62901.5469,2.4049,1024,308
dsmem_loaded,12,0,1,1024,16384,0,0,42,6,2478368596,1030559008,151267.6145,62900.3301,2.4049,1024,309
dsmem_loaded,12,0,1,1024,16384,0,0,42,6,2478440541,1030588896,151272.0057,62902.1543,2.4049,1024,310
dsmem_loaded,12,0,1,1024,16384,0,0,42,6,2478440537,1030588896,151272.0054,62902.1543,2.4049,1024,311
dsmem_loaded,12,0,1,1024,16384,0,0,42,6,2478416677,1030578976,151270.5491,62901.5488,2.4049,1024,312
dsmem_loaded,12,0,1,1024,16384,0,0,42,6,2478484210,1030607072,151274.6710,62903.2637,2.4049,1024,313
dsmem_loaded,12,0,1,1024,16384,0,0,42,6,2478441197,1030589216,151272.0457,62902.1738,2.4049,1024,314
dsmem_loaded,12,0,1,1024,16384,0,0,42,6,2478570597,1030643040,151279.9437,62905.4590,2.4049,1024,315
dsmem_loaded,12,0,1,1024,16384,0,0,42,6,2478414369,1030578048,151270.4083,62901.4922,2.4049,1024,316
dsmem_loaded,12,0,1,1024,16384,0,0,42,6,2478385629,1030566112,151268.6541,62900.7637,2.4049,1024,317
dsmem_loaded,12,0,1,1024,16384,0,0,42,6,2478438033,1030587872,151271.8526,62902.0918,2.4049,1024,318
dsmem_loaded,12,0,1,1024,16384,0,0,42,6,2478479333,1030605088,151274.3734,62903.1426,2.4049,1024,319
dsmem_loaded,12,0,1,1024,16384,0,0,42,6,2478612071,1030660288,151282.4750,62906.5117,2.4049,1024,320
dsmem_loaded,12,0,1,1024,16384,0,0,42,6,2478597782,1030654336,151281.6029,62906.1484,2.4049,1024,321
dsmem_loaded,12,0,1,1024,16384,0,0,42,6,2478563869,1030640224,151279.5330,62905.2871,2.4049,1024,322
dsmem_loaded,12,0,1,1024,16384,0,0,42,6,2478539457,1030630048,151278.0430,62904.6660,2.4049,1024,323
dsmem_loaded,12,0,1,1024,16384,0,0,42,6,2478544000,1030631936,151278.3203,62904.7812,2.4049,1024,324
dsmem_loaded,12,0,1,1024,16384,0,0,42,6,2478461082,1030597472,151273.2594,62902.6777,2.4049,1024,325
dsmem_loaded,12,0,1,1024,16384,0,0,42,6,2478611896,1030660192,151282.4644,62906.5059,2.4049,1024,326
dsmem_loaded,12,0,1,1024,16384,0,0,42,6,2478597484,1030654240,151281.5847,62906.1426,2.4049,1024,327
dsmem_loaded,12,0,1,1024,16384,0,0,42,6,2478603338,1030656640,151281.9420,62906.2891,2.4049,1024,328
dsmem_loaded,12,0,1,1024,16384,0,0,42,6,2478464764,1030599008,151273.4841,62902.7715,2.4049,1024,329
dsmem_loaded,12,0,1,1024,16384,0,0,42,6,2478573234,1030644128,151280.1046,62905.5254,2.4049,1024,330
dsmem_loaded,12,0,1,1024,16384,0,0,42,6,2478608534,1030658784,151282.2592,62906.4199,2.4049,1024,331
dsmem_loaded,12,0,1,1024,16384,0,0,42,6,2478564741,1030640576,151279.5862,62905.3086,2.4049,1024,332
dsmem_loaded,12,0,1,1024,16384,0,0,42,6,2478593673,1030652640,151281.3521,62906.0449,2.4049,1024,333
dsmem_loaded,12,0,1,1024,16384,0,0,42,6,2478596769,1030653888,151281.5411,62906.1211,2.4049,1024,334
dsmem_loaded,12,0,1,1024,16384,0,0,42,6,2478564754,1030640576,151279.5870,62905.3086,2.4049,1024,335
dsmem_loaded,12,0,1,1024,16384,0,0,42,6,2478353248,1030552672,151266.6777,62899.9434,2.4049,1024,336
dsmem_loaded,12,0,1,1024,16384,0,0,42,6,2478553873,1030636064,151278.9229,62905.0332,2.4049,1024,337
dsmem_loaded,12,0,1,1024,16384,0,0,42,6,2478412860,1030577408,151270.3162,62901.4531,2.4049,1024,338
dsmem_loaded,12,0,1,1024,16384,0,0,42,6,2478473848,1030602752,151274.0386,62903.0000,2.4049,1024,339
dsmem_loaded,12,0,1,1024,16384,0,0,42,6,2478493518,1030610976,151275.2391,62903.5020,2.4049,1024,340
dsmem_loaded,12,0,1,1024,16384,0,0,42,6,2478411693,1030576928,151270.2449,62901.4238,2.4049,1024,341
dsmem_loaded,12,0,1,1024,16384,0,0,42,6,2478450334,1030592992,151272.6034,62902.4043,2.4049,1024,342
dsmem_loaded,12,0,1,1024,16384,0,0,42,6,2478601462,1030655840,151281.8275,62906.2402,2.4049,1024,343
dsmem_loaded,12,0,1,1024,16384,0,0,42,6,2478410853,1030576576,151270.1937,62901.4023,2.4049,1024,344
dsmem_loaded,12,0,1,1024,16384,0,0,42,6,2478506284,1030616256,151276.0183,62903.8242,2.4049,1024,345
dsmem_loaded,12,0,1,1024,16384,0,0,42,6,2478391855,1030568704,151269.0341,62900.9219,2.4049,1024,346
dsmem_loaded,12,0,1,1024,16384,0,0,42,6,2478390048,1030567968,151268.9238,62900.8770,2.4049,1024,347
dsmem_loaded,12,0,1,1024,16384,0,0,42,6,2478513357,1030619200,151276.4500,62904.0039,2.4049,1024,348
dsmem_loaded,12,0,1,1024,16384,0,0,42,6,2478449853,1030592832,151272.5740,62902.3945,2.4049,1024,349
dsmem_loaded,12,0,1,1024,16384,0,0,42,6,2478390882,1030568288,151268.9747,62900.8965,2.4049,1024,350
dsmem_loaded,12,0,1,1024,16384,0,0,42,6,2478450338,1030592992,151272.6036,62902.4043,2.4049,1024,351
dsmem_loaded,12,0,1,1024,16384,0,0,42,7,2478008814,1030410432,151245.6552,62891.2617,2.4049,1024,0
dsmem_loaded,12,0,1,1024,16384,0,0,42,7,2478016872,1030413824,151246.1470,62891.4688,2.4049,1024,1
dsmem_loaded,12,0,1,1024,16384,0,0,42,7,2477920377,1030373664,151240.2574,62889.0176,2.4049,1024,2
dsmem_loaded,12,0,1,1024,16384,0,0,42,7,2478007465,1030409856,151245.5728,62891.2266,2.4049,1024,3
dsmem_loaded,12,0,1,1024,16384,0,0,42,7,2477947252,1030384832,151241.8977,62889.6992,2.4049,1024,4
dsmem_loaded,12,0,1,1024,16384,0,0,42,7,2477954990,1030388032,151242.3700,62889.8945,2.4049,1024,5
dsmem_loaded,12,0,1,1024,16384,0,0,42,7,2478034516,1030421120,151247.2239,62891.9141,2.4049,1024,6
dsmem_loaded,12,0,1,1024,16384,0,0,42,7,2477950447,1030386112,151242.0927,62889.7773,2.4049,1024,7
dsmem_loaded,12,0,1,1024,16384,0,0,42,7,2477942882,1030383072,151241.6310,62889.5918,2.4049,1024,8
dsmem_loaded,12,0,1,1024,16384,0,0,42,7,2477944046,1030383520,151241.7020,62889.6191,2.4049,1024,9
dsmem_loaded,12,0,1,1024,16384,0,0,42,7,2477990270,1030402752,151244.5233,62890.7930,2.4049,1024,10
dsmem_loaded,12,0,1,1024,16384,0,0,42,7,2477943380,1030383232,151241.6614,62889.6016,2.4049,1024,11
dsmem_loaded,12,0,1,1024,16384,0,0,42,7,2477951274,1030386496,151242.1432,62889.8008,2.4049,1024,12
dsmem_loaded,12,0,1,1024,16384,0,0,42,7,2477942707,1030382976,151241.6203,62889.5859,2.4049,1024,13
dsmem_loaded,12,0,1,1024,16384,0,0,42,7,2477923880,1030375136,151240.4712,62889.1074,2.4049,1024,14
dsmem_loaded,12,0,1,1024,16384,0,0,42,7,2477961872,1030390976,151242.7900,62890.0742,2.4049,1024,15
dsmem_loaded,12,0,1,1024,16384,0,0,42,7,2477943201,1030383200,151241.6505,62889.5996,2.4049,1024,16
dsmem_loaded,12,0,1,1024,16384,0,0,42,7,2477942036,1030382720,151241.5793,62889.5703,2.4049,1024,17
dsmem_loaded,12,0,1,1024,16384,0,0,42,7,2477966227,1030392736,151243.0558,62890.1816,2.4049,1024,18
dsmem_loaded,12,0,1,1024,16384,0,0,42,7,2477943708,1030383392,151241.6814,62889.6113,2.4049,1024,19
dsmem_loaded,12,0,1,1024,16384,0,0,42,7,2477942704,1030383008,151241.6201,62889.5879,2.4049,1024,20
dsmem_loaded,12,0,1,1024,16384,0,0,42,7,2477961542,1030390816,151242.7699,62890.0645,2.4049,1024,21
dsmem_loaded,12,0,1,1024,16384,0,0,42,7,2477962037,1030391008,151242.8001,62890.0762,2.4049,1024,22
dsmem_loaded,12,0,1,1024,16384,0,0,42,7,2477941689,1030382560,151241.5582,62889.5605,2.4049,1024,23
dsmem_loaded,12,0,1,1024,16384,0,0,42,7,2477920377,1030373696,151240.2574,62889.0195,2.4049,1024,24
dsmem_loaded,12,0,1,1024,16384,0,0,42,7,2477920377,1030373696,151240.2574,62889.0195,2.4049,1024,25
dsmem_loaded,12,0,1,1024,16384,0,0,42,7,2477966735,1030392960,151243.0869,62890.1953,2.4049,1024,26
dsmem_loaded,12,0,1,1024,16384,0,0,42,7,2477923548,1030375008,151240.4509,62889.0996,2.4049,1024,27
dsmem_loaded,12,0,1,1024,16384,0,0,42,7,2477937164,1030380672,151241.2820,62889.4453,2.4049,1024,28
dsmem_loaded,12,0,1,1024,16384,0,0,42,7,2477924057,1030375232,151240.4820,62889.1133,2.4049,1024,29
dsmem_loaded,12,0,1,1024,16384,0,0,42,7,2477961208,1030390688,151242.7495,62890.0566,2.4049,1024,30
dsmem_loaded,12,0,1,1024,16384,0,0,42,7,2477920377,1030373696,151240.2574,62889.0195,2.4049,1024,31
dsmem_loaded,12,0,1,1024,16384,0,0,42,7,2477933291,1030379040,151241.0456,62889.3457,2.4049,1024,32
dsmem_loaded,12,0,1,1024,16384,0,0,42,7,2477997528,1030405696,151244.9663,62890.9727,2.4049,1024,33
dsmem_loaded,12,0,1,1024,16384,0,0,42,7,2478007953,1030410048,151245.6026,62891.2383,2.4049,1024,34
dsmem_loaded,12,0,1,1024,16384,0,0,42,7,2478033470,1030420672,151247.1600,62891.8867,2.4049,1024,35
dsmem_loaded,12,0,1,1024,16384,0,0,42,7,2477977196,1030397312,151243.7253,62890.4609,2.4049,1024,36
dsmem_loaded,12,0,1,1024,16384,0,0,42,7,2477980033,1030398464,151243.8985,62890.5312,2.4049,1024,37
dsmem_loaded,12,0,1,1024,16384,0,0,42,7,2477972966,1030395552,151243.4672,62890.3535,2.4049,1024,38
dsmem_loaded,12,0,1,1024,16384,0,0,42,7,2477994313,1030404384,151244.7701,62890.8926,2.4049,1024,39
dsmem_loaded,12,0,1,1024,16384,0,0,42,7,2477959545,1030389952,151242.6480,62890.0117,2.4049,1024,40
dsmem_loaded,12,0,1,1024,16384,0,0,42,7,2477920377,1030373728,151240.2574,62889.0215,2.4049,1024,41
dsmem_loaded,12,0,1,1024,16384,0,0,42,7,2477985895,1030400928,151244.2563,62890.6816,2.4049,1024,42
dsmem_loaded,12,0,1,1024,16384,0,0,42,7,2477995462,1030404896,151244.8402,62890.9238,2.4049,1024,43
dsmem_loaded,12,0,1,1024,16384,0,0,42,7,2477952139,1030386880,151242.1960,62889.8242,2.4049,1024,44
dsmem_loaded,12,0,1,1024,16384,0,0,42,7,2477966565,1030392864,151243.0765,62890.1895,2.4049,1024,45
dsmem_loaded,12,0,1,1024,16384,0,0,42,7,2477999010,1030406432,151245.0568,62891.0176,2.4049,1024,46
dsmem_loaded,12,0,1,1024,16384,0,0,42,7,2477922364,1030374496,151240.3787,62889.0684,2.4049,1024,47
dsmem_loaded,12,0,1,1024,16384,0,0,42,7,2477928924,1030377216,151240.7791,62889.2344,2.4049,1024,48
dsmem_loaded,12,0,1,1024,16384,0,0,42,7,2477972954,1030395584,151243.4664,62890.3555,2.4049,1024,49
dsmem_loaded,12,0,1,1024,16384,0,0,42,7,2477922877,1030374752,151240.4100,62889.0840,2.4049,1024,50
dsmem_loaded,12,0,1,1024,16384,0,0,42,7,2478000342,1030406944,151245.1381,62891.0488,2.4049,1024,51
dsmem_loaded,12,0,1,1024,16384,0,0,42,7,2477933965,1030379360,151241.0867,62889.3652,2.4049,1024,52
dsmem_loaded,12,0,1,1024,16384,0,0,42,7,2477923391,1030374944,151240.4413,62889.0957,2.4049,1024,53
dsmem_loaded,12,0,1,1024,16384,0,0,42,7,2477943544,1030383328,151241.6714,62889.6074,2.4049,1024,54
dsmem_loaded,12,0,1,1024,16384,0,0,42,7,2477920377,1030373696,151240.2574,62889.0195,2.4049,1024,55
dsmem_loaded,12,0,1,1024,16384,0,0,42,7,2477920377,1030373696,151240.2574,62889.0195,2.4049,1024,56
dsmem_loaded,12,0,1,1024,16384,0,0,42,7,2477971613,1030395008,151243.3846,62890.3203,2.4049,1024,57
dsmem_loaded,12,0,1,1024,16384,0,0,42,7,2477937662,1030380896,151241.3124,62889.4590,2.4049,1024,58
dsmem_loaded,12,0,1,1024,16384,0,0,42,7,2477923373,1030374944,151240.4402,62889.0957,2.4049,1024,59
dsmem_loaded,12,0,1,1024,16384,0,0,42,7,2477937839,1030380960,151241.3232,62889.4629,2.4049,1024,60
dsmem_loaded,12,0,1,1024,16384,0,0,42,7,2477960529,1030390400,151242.7081,62890.0391,2.4049,1024,61
dsmem_loaded,12,0,1,1024,16384,0,0,42,7,2477920377,1030373664,151240.2574,62889.0176,2.4049,1024,62
dsmem_loaded,12,0,1,1024,16384,0,0,42,7,2477924063,1030375232,151240.4824,62889.1133,2.4049,1024,63
dsmem_loaded,12,0,1,1024,16384,0,0,42,7,2478046615,1030426144,151247.9623,62892.2207,2.4049,1024,64
dsmem_loaded,12,0,1,1024,16384,0,0,42,7,2477962041,1030391008,151242.8004,62890.0762,2.4049,1024,65
dsmem_loaded,12,0,1,1024,16384,0,0,42,7,2478002930,1030408032,151245.2960,62891.1152,2.4049,1024,66
dsmem_loaded,12,0,1,1024,16384,0,0,42,7,2478002734,1030407936,151245.2841,62891.1094,2.4049,1024,67
dsmem_loaded,12,0,1,1024,16384,0,0,42,7,2477990100,1030402656,151244.5129,62890.7871,2.4049,1024,68
dsmem_loaded,12,0,1,1024,16384,0,0,42,7,2478013012,1030412160,151245.9114,62891.3672,2.4049,1024,69
dsmem_loaded,12,0,1,1024,16384,0,0,42,7,2477947245,1030384832,151241.8973,62889.6992,2.4049,1024,70
dsmem_loaded,12,0,1,1024,16384,0,0,42,7,2477946583,1030384576,151241.8569,62889.6836,2.4049,1024,71
dsmem_loaded,12,0,1,1024,16384,0,0,42,7,2478002862,1030407968,151245.2919,62891.1113,2.4049,1024,72
dsmem_loaded,12,0,1,1024,16384,0,0,42,7,2477951449,1030386592,151242.1539,62889.8066,2.4049,1024,73
dsmem_loaded,12,0,1,1024,16384,0,0,42,7,2477947249,1030384832,151241.8975,62889.6992,2.4049,1024,74
dsmem_loaded,12,0,1,1024,16384,0,0,42,7,2477923033,1030374816,151240.4195,62889.0879,2.4049,1024,75
dsmem_loaded,12,0,1,1024,16384,0,0,42,7,2478003374,1030408224,151245.3231,62891.1270,2.4049,1024,76
dsmem_loaded,12,0,1,1024,16384,0,0,42,7,2477961217,1030390688,151242.7501,62890.0566,2.4049,1024,77
dsmem_loaded,12,0,1,1024,16384,0,0,42,7,2477920377,1030373696,151240.2574,62889.0195,2.4049,1024,78
dsmem_loaded,12,0,1,1024,16384,0,0,42,7,2477947597,1030384992,151241.9188,62889.7090,2.4049,1024,79
dsmem_loaded,12,0,1,1024,16384,0,0,42,7,2477952463,1030387072,151242.2158,62889.8359,2.4049,1024,80
dsmem_loaded,12,0,1,1024,16384,0,0,42,7,2477945562,1030384192,151241.7946,62889.6602,2.4049,1024,81
dsmem_loaded,12,0,1,1024,16384,0,0,42,7,2477936310,1030380320,151241.2299,62889.4238,2.4049,1024,82
dsmem_loaded,12,0,1,1024,16384,0,0,42,7,2477937160,1030380640,151241.2817,62889.4434,2.4049,1024,83
dsmem_loaded,12,0,1,1024,16384,0,0,42,7,2477941707,1030382560,151241.5593,62889.5605,2.4049,1024,84
dsmem_loaded,12,0,1,1024,16384,0,0,42,7,2477938510,1030381248,151241.3641,62889.4805,2.4049,1024,85
dsmem_loaded,12,0,1,1024,16384,0,0,42,7,2477937163,1030380672,151241.2819,62889.4453,2.4049,1024,86
dsmem_loaded,12,0,1,1024,16384,0,0,42,7,2477924211,1030375296,151240.4914,62889.1172,2.4049,1024,87
dsmem_loaded,12,0,1,1024,16384,0,0,42,7,2477922036,1030374336,151240.3586,62889.0586,2.4049,1024,88
dsmem_loaded,12,0,1,1024,16384,0,0,42,7,2477921706,1030374240,151240.3385,62889.0527,2.4049,1024,89
dsmem_loaded,12,0,1,1024,16384,0,0,42,7,2477924046,1030375232,151240.4813,62889.1133,2.4049,1024,90
dsmem_loaded,12,0,1,1024,16384,0,0,42,7,2477922709,1030374656,151240.3997,62889.0781,2.4049,1024,91
dsmem_loaded,12,0,1,1024,16384,0,0,42,7,2477920377,1030373664,151240.2574,62889.0176,2.4049,1024,92
dsmem_loaded,12,0,1,1024,16384,0,0,42,7,2477920377,1030373696,151240.2574,62889.0195,2.4049,1024,93
dsmem_loaded,12,0,1,1024,16384,0,0,42,7,2477922379,1030374528,151240.3796,62889.0703,2.4049,1024,94
dsmem_loaded,12,0,1,1024,16384,0,0,42,7,2477920377,1030373664,151240.2574,62889.0176,2.4049,1024,95
dsmem_loaded,12,0,1,1024,16384,0,0,42,7,2478002921,1030408000,151245.2955,62891.1133,2.4049,1024,96
dsmem_loaded,12,0,1,1024,16384,0,0,42,7,2478025774,1030417504,151246.6903,62891.6934,2.4049,1024,97
dsmem_loaded,12,0,1,1024,16384,0,0,42,7,2478012177,1030411872,151245.8604,62891.3496,2.4049,1024,98
dsmem_loaded,12,0,1,1024,16384,0,0,42,7,2478030809,1030419584,151246.9976,62891.8203,2.4049,1024,99
dsmem_loaded,12,0,1,1024,16384,0,0,42,7,2477964730,1030392064,151242.9645,62890.1406,2.4049,1024,100
dsmem_loaded,12,0,1,1024,16384,0,0,42,7,2477972628,1030395392,151243.4465,62890.3438,2.4049,1024,101
dsmem_loaded,12,0,1,1024,16384,0,0,42,7,2477960039,1030390144,151242.6782,62890.0234,2.4049,1024,102
dsmem_loaded,12,0,1,1024,16384,0,0,42,7,2477990447,1030402816,151244.5341,62890.7969,2.4049,1024,103
dsmem_loaded,12,0,1,1024,16384,0,0,42,7,2477952284,1030386912,151242.2048,62889.8262,2.4049,1024,104
dsmem_loaded,12,0,1,1024,16384,0,0,42,7,2477942717,1030383008,151241.6209,62889.5879,2.4049,1024,105
dsmem_loaded,12,0,1,1024,16384,0,0,42,7,2477943220,1030383168,151241.6516,62889.5977,2.4049,1024,106
dsmem_loaded,12,0,1,1024,16384,0,0,42,7,2477923046,1030374816,151240.4203,62889.0879,2.4049,1024,107
dsmem_loaded,12,0,1,1024,16384,0,0,42,7,2477923549,1030375040,151240.4510,62889.1016,2.4049,1024,108
dsmem_loaded,12,0,1,1024,16384,0,0,42,7,2477971117,1030394816,151243.3543,62890.3086,2.4049,1024,109
dsmem_loaded,12,0,1,1024,16384,0,0,42,7,2477923719,1030375104,151240.4614,62889.1055,2.4049,1024,110
dsmem_loaded,12,0,1,1024,16384,0,0,42,7,2477975990,1030396800,151243.6517,62890.4297,2.4049,1024,111
dsmem_loaded,12,0,1,1024,16384,0,0,42,7,2477939006,1030381472,151241.3944,62889.4941,2.4049,1024,112
dsmem_loaded,12,0,1,1024,16384,0,0,42,7,2477952622,1030387072,151242.2255,62889.8359,2.4049,1024,113
dsmem_loaded,12,0,1,1024,16384,0,0,42,7,2477932453,1030378720,151240.9944,62889.3262,2.4049,1024,114
dsmem_loaded,12,0,1,1024,16384,0,0,42,7,2477966743,1030392992,151243.0873,62890.1973,2.4049,1024,115
dsmem_loaded,12,0,1,1024,16384,0,0,42,7,2477923387,1030374944,151240.4411,62889.0957,2.4049,1024,116
dsmem_loaded,12,0,1,1024,16384,0,0,42,7,2477923047,1030374784,151240.4203,62889.0859,2.4049,1024,117
dsmem_loaded,12,0,1,1024,16384,0,0,42,7,2477920377,1030373696,151240.2574,62889.0195,2.4049,1024,118
dsmem_loaded,12,0,1,1024,16384,0,0,42,7,2477965742,1030392576,151243.0262,62890.1719,2.4049,1024,119
dsmem_loaded,12,0,1,1024,16384,0,0,42,7,2477920377,1030373696,151240.2574,62889.0195,2.4049,1024,120
dsmem_loaded,12,0,1,1024,16384,0,0,42,7,2477943200,1030383200,151241.6504,62889.5996,2.4049,1024,121
dsmem_loaded,12,0,1,1024,16384,0,0,42,7,2477933466,1030379136,151241.0563,62889.3516,2.4049,1024,122
dsmem_loaded,12,0,1,1024,16384,0,0,42,7,2477962218,1030391104,151242.8112,62890.0820,2.4049,1024,123
dsmem_loaded,12,0,1,1024,16384,0,0,42,7,2477923554,1030375008,151240.4513,62889.0996,2.4049,1024,124
dsmem_loaded,12,0,1,1024,16384,0,0,42,7,2477920377,1030373664,151240.2574,62889.0176,2.4049,1024,125
dsmem_loaded,12,0,1,1024,16384,0,0,42,7,2477922382,1030374528,151240.3798,62889.0703,2.4049,1024,126
dsmem_loaded,12,0,1,1024,16384,0,0,42,7,2477920377,1030373664,151240.2574,62889.0176,2.4049,1024,127
dsmem_loaded,12,0,1,1024,16384,0,0,42,7,2477974811,1030396352,151243.5798,62890.4023,2.4049,1024,128
dsmem_loaded,12,0,1,1024,16384,0,0,42,7,2478046471,1030426112,151247.9536,62892.2188,2.4049,1024,129
dsmem_loaded,12,0,1,1024,16384,0,0,42,7,2478003257,1030408160,151245.3160,62891.1230,2.4049,1024,130
dsmem_loaded,12,0,1,1024,16384,0,0,42,7,2478014021,1030412608,151245.9730,62891.3945,2.4049,1024,131
dsmem_loaded,12,0,1,1024,16384,0,0,42,7,2478018051,1030414304,151246.2189,62891.4980,2.4049,1024,132
dsmem_loaded,12,0,1,1024,16384,0,0,42,7,2477987076,1030401408,151244.3284,62890.7109,2.4049,1024,133
dsmem_loaded,12,0,1,1024,16384,0,0,42,7,2477942206,1030382752,151241.5897,62889.5723,2.4049,1024,134
dsmem_loaded,12,0,1,1024,16384,0,0,42,7,2477952288,1030386944,151242.2051,62889.8281,2.4049,1024,135
dsmem_loaded,12,0,1,1024,16384,0,0,42,7,2477953116,1030387264,151242.2556,62889.8477,2.4049,1024,136
dsmem_loaded,12,0,1,1024,16384,0,0,42,7,2478005059,1030408864,151245.4260,62891.1660,2.4049,1024,137
dsmem_loaded,12,0,1,1024,16384,0,0,42,7,2477923053,1030374816,151240.4207,62889.0879,2.4049,1024,138
dsmem_loaded,12,0,1,1024,16384,0,0,42,7,2477948249,1030385248,151241.9586,62889.7246,2.4049,1024,139
dsmem_loaded,12,0,1,1024,16384,0,0,42,7,2477942880,1030383040,151241.6309,62889.5898,2.4049,1024,140
dsmem_loaded,12,0,1,1024,16384,0,0,42,7,2477920377,1030373696,151240.2574,62889.0195,2.4049,1024,141
dsmem_loaded,12,0,1,1024,16384,0,0,42,7,2477948759,1030385472,151241.9897,62889.7383,2.4049,1024,142
dsmem_loaded,12,0,1,1024,16384,0,0,42,7,2477940861,1030382240,151241.5076,62889.5410,2.4049,1024,143
dsmem_loaded,12,0,1,1024,16384,0,0,42,7,2477942214,1030382816,151241.5902,62889.5762,2.4049,1024,144
dsmem_loaded,12,0,1,1024,16384,0,0,42,7,2477966069,1030392704,151243.0462,62890.1797,2.4049,1024,145
dsmem_loaded,12,0,1,1024,16384,0,0,42,7,2477937997,1030381024,151241.3328,62889.4668,2.4049,1024,146
dsmem_loaded,12,0,1,1024,16384,0,0,42,7,2477961036,1030390592,151242.7390,62890.0508,2.4049,1024,147
dsmem_loaded,12,0,1,1024,16384,0,0,42,7,2477922540,1030374592,151240.3894,62889.0742,2.4049,1024,148
dsmem_loaded,12,0,1,1024,16384,0,0,42,7,2477988926,1030402208,151244.4413,62890.7598,2.4049,1024,149
dsmem_loaded,12,0,1,1024,16384,0,0,42,7,2477923713,1030375104,151240.4610,62889.1055,2.4049,1024,150
dsmem_loaded,12,0,1,1024,16384,0,0,42,7,2477924889,1030375584,151240.5328,62889.1348,2.4049,1024,151
dsmem_loaded,12,0,1,1024,16384,0,0,42,7,2477923548,1030375008,151240.4509,62889.0996,2.4049,1024,152
dsmem_loaded,12,0,1,1024,16384,0,0,42,7,2477942720,1030382976,151241.6211,62889.5859,2.4049,1024,153
dsmem_loaded,12,0,1,1024,16384,0,0,42,7,2477920377,1030373696,151240.2574,62889.0195,2.4049,1024,154
dsmem_loaded,12,0,1,1024,16384,0,0,42,7,2477942213,1030382752,151241.5901,62889.5723,2.4049,1024,155
dsmem_loaded,12,0,1,1024,16384,0,0,42,7,2477920377,1030373696,151240.2574,62889.0195,2.4049,1024,156
dsmem_loaded,12,0,1,1024,16384,0,0,42,7,2477922720,1030374656,151240.4004,62889.0781,2.4049,1024,157
dsmem_loaded,12,0,1,1024,16384,0,0,42,7,2477938171,1030381088,151241.3434,62889.4707,2.4049,1024,158
dsmem_loaded,12,0,1,1024,16384,0,0,42,7,2477920377,1030373696,151240.2574,62889.0195,2.4049,1024,159
dsmem_loaded,12,0,1,1024,16384,0,0,42,7,2477997698,1030405824,151244.9767,62890.9805,2.4049,1024,160
dsmem_loaded,12,0,1,1024,16384,0,0,42,7,2478047269,1030426432,151248.0023,62892.2383,2.4049,1024,161
dsmem_loaded,12,0,1,1024,16384,0,0,42,7,2478014833,1030412928,151246.0225,62891.4141,2.4049,1024,162
dsmem_loaded,12,0,1,1024,16384,0,0,42,7,2477997875,1030405952,151244.9875,62890.9883,2.4049,1024,163
dsmem_loaded,12,0,1,1024,16384,0,0,42,7,2477989122,1030402240,151244.4532,62890.7617,2.4049,1024,164
dsmem_loaded,12,0,1,1024,16384,0,0,42,7,2478014814,1030412960,151246.0214,62891.4160,2.4049,1024,165
dsmem_loaded,12,0,1,1024,16384,0,0,42,7,2477957824,1030389216,151242.5430,62889.9668,2.4049,1024,166
dsmem_loaded,12,0,1,1024,16384,0,0,42,7,2477989298,1030402336,151244.4640,62890.7676,2.4049,1024,167
dsmem_loaded,12,0,1,1024,16384,0,0,42,7,2477942211,1030382720,151241.5900,62889.5703,2.4049,1024,168
dsmem_loaded,12,0,1,1024,16384,0,0,42,7,2478003888,1030408416,151245.3545,62891.1387,2.4049,1024,169
dsmem_loaded,12,0,1,1024,16384,0,0,42,7,2477980047,1030398464,151243.8994,62890.5312,2.4049,1024,170
dsmem_loaded,12,0,1,1024,16384,0,0,42,7,2477920377,1030373696,151240.2574,62889.0195,2.4049,1024,171
dsmem_loaded,12,0,1,1024,16384,0,0,42,7,2477923553,1030375008,151240.4512,62889.0996,2.4049,1024,172
dsmem_loaded,12,0,1,1024,16384,0,0,42,7,2478007910,1030410112,151245.6000,62891.2422,2.4049,1024,173
dsmem_loaded,12,0,1,1024,16384,0,0,42,7,2477937155,1030380672,151241.2814,62889.4453,2.4049,1024,174
dsmem_loaded,12,0,1,1024,16384,0,0,42,7,2477994850,1030404608,151244.8029,62890.9062,2.4049,1024,175
dsmem_loaded,12,0,1,1024,16384,0,0,42,7,2477938669,1030381312,151241.3738,62889.4844,2.4049,1024,176
dsmem_loaded,12,0,1,1024,16384,0,0,42,7,2477950618,1030386272,151242.1031,62889.7871,2.4049,1024,177
dsmem_loaded,12,0,1,1024,16384,0,0,42,7,2477936488,1030380416,151241.2407,62889.4297,2.4049,1024,178
dsmem_loaded,12,0,1,1024,16384,0,0,42,7,2477930434,1030377888,151240.8712,62889.2754,2.4049,1024,179
dsmem_loaded,12,0,1,1024,16384,0,0,42,7,2477923053,1030374784,151240.4207,62889.0859,2.4049,1024,180
dsmem_loaded,12,0,1,1024,16384,0,0,42,7,2477942028,1030382720,151241.5789,62889.5703,2.4049,1024,181
dsmem_loaded,12,0,1,1024,16384,0,0,42,7,2477922879,1030374752,151240.4101,62889.0840,2.4049,1024,182
dsmem_loaded,12,0,1,1024,16384,0,0,42,7,2477931948,1030378528,151240.9636,62889.3145,2.4049,1024,183
dsmem_loaded,12,0,1,1024,16384,0,0,42,7,2477920377,1030373696,151240.2574,62889.0195,2.4049,1024,184
dsmem_loaded,12,0,1,1024,16384,0,0,42,7,2477923539,1030375008,151240.4504,62889.0996,2.4049,1024,185
dsmem_loaded,12,0,1,1024,16384,0,0,42,7,2477937504,1030380832,151241.3027,62889.4551,2.4049,1024,186
dsmem_loaded,12,0,1,1024,16384,0,0,42,7,2477937661,1030380896,151241.3123,62889.4590,2.4049,1024,187
dsmem_loaded,12,0,1,1024,16384,0,0,42,7,2477922543,1030374592,151240.3896,62889.0742,2.4049,1024,188
dsmem_loaded,12,0,1,1024,16384,0,0,42,7,2477920377,1030373728,151240.2574,62889.0215,2.4049,1024,189
dsmem_loaded,12,0,1,1024,16384,0,0,42,7,2477920377,1030373696,151240.2574,62889.0195,2.4049,1024,190
dsmem_loaded,12,0,1,1024,16384,0,0,42,7,2477937663,1030380896,151241.3124,62889.4590,2.4049,1024,191
dsmem_loaded,12,0,1,1024,16384,0,0,42,7,2478048490,1030426944,151248.0768,62892.2695,2.4049,1024,192
dsmem_loaded,12,0,1,1024,16384,0,0,42,7,2478002253,1030407744,151245.2547,62891.0977,2.4049,1024,193
dsmem_loaded,12,0,1,1024,16384,0,0,42,7,2477936995,1030380544,151241.2717,62889.4375,2.4049,1024,194
dsmem_loaded,12,0,1,1024,16384,0,0,42,7,2478011985,1030411744,151245.8487,62891.3418,2.4049,1024,195
dsmem_loaded,12,0,1,1024,16384,0,0,42,7,2478023199,1030416448,151246.5331,62891.6289,2.4049,1024,196
dsmem_loaded,12,0,1,1024,16384,0,0,42,7,2477937659,1030380864,151241.3122,62889.4570,2.4049,1024,197
dsmem_loaded,12,0,1,1024,16384,0,0,42,7,2477993346,1030404064,151244.7111,62890.8730,2.4049,1024,198
dsmem_loaded,12,0,1,1024,16384,0,0,42,7,2477955810,1030388416,151242.4200,62889.9180,2.4049,1024,199
dsmem_loaded,12,0,1,1024,16384,0,0,42,7,2477980704,1030398784,151243.9395,62890.5508,2.4049,1024,200
dsmem_loaded,12,0,1,1024,16384,0,0,42,7,2478002258,1030407744,151245.2550,62891.0977,2.4049,1024,201
dsmem_loaded,12,0,1,1024,16384,0,0,42,7,2478003078,1030408064,151245.3051,62891.1172,2.4049,1024,202
dsmem_loaded,12,0,1,1024,16384,0,0,42,7,2477952957,1030387264,151242.2459,62889.8477,2.4049,1024,203
dsmem_loaded,12,0,1,1024,16384,0,0,42,7,2477979840,1030398368,151243.8867,62890.5254,2.4049,1024,204
dsmem_loaded,12,0,1,1024,16384,0,0,42,7,2477922214,1030374464,151240.3695,62889.0664,2.4049,1024,205
dsmem_loaded,12,0,1,1024,16384,0,0,42,7,2477941538,1030382464,151241.5490,62889.5547,2.4049,1024,206
dsmem_loaded,12,0,1,1024,16384,0,0,42,7,2477942886,1030383072,151241.6312,62889.5918,2.4049,1024,207
dsmem_loaded,12,0,1,1024,16384,0,0,42,7,2477923554,1030375008,151240.4513,62889.0996,2.4049,1024,208
dsmem_loaded,12,0,1,1024,16384,0,0,42,7,2477956831,1030388800,151242.4824,62889.9414,2.4049,1024,209
dsmem_loaded,12,0,1,1024,16384,0,0,42,7,2477938325,1030381152,151241.3528,62889.4746,2.4049,1024,210
dsmem_loaded,12,0,1,1024,16384,0,0,42,7,2477953295,1030387424,151242.2665,62889.8574,2.4049,1024,211
dsmem_loaded,12,0,1,1024,16384,0,0,42,7,2477922543,1030374560,151240.3896,62889.0723,2.4049,1024,212
dsmem_loaded,12,0,1,1024,16384,0,0,42,7,2477938839,1030381376,151241.3842,62889.4883,2.4049,1024,213
dsmem_loaded,12,0,1,1024,16384,0,0,42,7,2477922873,1030374752,151240.4097,62889.0840,2.4049,1024,214
dsmem_loaded,12,0,1,1024,16384,0,0,42,7,2477920377,1030373664,151240.2574,62889.0176,2.4049,1024,215
dsmem_loaded,12,0,1,1024,16384,0,0,42,7,2477961210,1030390688,151242.7496,62890.0566,2.4049,1024,216
dsmem_loaded,12,0,1,1024,16384,0,0,42,7,2477920377,1030373696,151240.2574,62889.0195,2.4049,1024,217
dsmem_loaded,12,0,1,1024,16384,0,0,42,7,2477923044,1030374816,151240.4202,62889.0879,2.4049,1024,218
dsmem_loaded,12,0,1,1024,16384,0,0,42,7,2477942036,1030382688,151241.5793,62889.5684,2.4049,1024,219
dsmem_loaded,12,0,1,1024,16384,0,0,42,7,2477920377,1030373696,151240.2574,62889.0195,2.4049,1024,220
dsmem_loaded,12,0,1,1024,16384,0,0,42,7,2477923381,1030374944,151240.4407,62889.0957,2.4049,1024,221
dsmem_loaded,12,0,1,1024,16384,0,0,42,7,2477920377,1030373696,151240.2574,62889.0195,2.4049,1024,222
dsmem_loaded,12,0,1,1024,16384,0,0,42,7,2477942371,1030382880,151241.5998,62889.5801,2.4049,1024,223
dsmem_loaded,12,0,1,1024,16384,0,0,42,7,2478031320,1030419808,151247.0288,62891.8340,2.4049,1024,224
dsmem_loaded,12,0,1,1024,16384,0,0,42,7,2478030822,1030419584,151246.9984,62891.8203,2.4049,1024,225
dsmem_loaded,12,0,1,1024,16384,0,0,42,7,2478005458,1030409088,151245.4503,62891.1797,2.4049,1024,226
dsmem_loaded,12,0,1,1024,16384,0,0,42,7,2477920377,1030373696,151240.2574,62889.0195,2.4049,1024,227
dsmem_loaded,12,0,1,1024,16384,0,0,42,7,2477974979,1030396352,151243.5900,62890.4023,2.4049,1024,228
dsmem_loaded,12,0,1,1024,16384,0,0,42,7,2477971615,1030394976,151243.3847,62890.3184,2.4049,1024,229
dsmem_loaded,12,0,1,1024,16384,0,0,42,7,2477943037,1030383072,151241.6404,62889.5918,2.4049,1024,230
dsmem_loaded,12,0,1,1024,16384,0,0,42,7,2478006969,1030409696,151245.5425,62891.2168,2.4049,1024,231
dsmem_loaded,12,0,1,1024,16384,0,0,42,7,2477950604,1030386304,151242.1023,62889.7891,2.4049,1024,232
dsmem_loaded,12,0,1,1024,16384,0,0,42,7,2477941858,1030382624,151241.5685,62889.5645,2.4049,1024,233
dsmem_loaded,12,0,1,1024,16384,0,0,42,7,2478002261,1030407712,151245.2552,62891.0957,2.4049,1024,234
dsmem_loaded,12,0,1,1024,16384,0,0,42,7,2477952467,1030386976,151242.2160,62889.8301,2.4049,1024,235
dsmem_loaded,12,0,1,1024,16384,0,0,42,7,2477961364,1030390784,151242.7590,62890.0625,2.4049,1024,236
dsmem_loaded,12,0,1,1024,16384,0,0,42,7,2477980184,1030398592,151243.9077,62890.5391,2.4049,1024,237
dsmem_loaded,12,0,1,1024,16384,0,0,42,7,2477920377,1030373696,151240.2574,62889.0195,2.4049,1024,238
dsmem_loaded,12,0,1,1024,16384,0,0,42,7,2477946909,1030384704,151241.8768,62889.6914,2.4049,1024,239
dsmem_loaded,12,0,1,1024,16384,0,0,42,7,2477970779,1030394656,151243.3337,62890.2988,2.4049,1024,240
dsmem_loaded,12,0,1,1024,16384,0,0,42,7,2477923377,1030374912,151240.4405,62889.0938,2.4049,1024,241
dsmem_loaded,12,0,1,1024,16384,0,0,42,7,2477946230,1030384448,151241.8353,62889.6758,2.4049,1024,242
dsmem_loaded,12,0,1,1024,16384,0,0,42,7,2477936489,1030380416,151241.2408,62889.4297,2.4049,1024,243
dsmem_loaded,12,0,1,1024,16384,0,0,42,7,2477923887,1030375136,151240.4716,62889.1074,2.4049,1024,244
dsmem_loaded,12,0,1,1024,16384,0,0,42,7,2477920377,1030373632,151240.2574,62889.0156,2.4049,1024,245
dsmem_loaded,12,0,1,1024,16384,0,0,42,7,2477923723,1030375072,151240.4616,62889.1035,2.4049,1024,246
dsmem_loaded,12,0,1,1024,16384,0,0,42,7,2477923542,1030375008,151240.4506,62889.0996,2.4049,1024,247
dsmem_loaded,12,0,1,1024,16384,0,0,42,7,2477922211,1030374464,151240.3693,62889.0664,2.4049,1024,248
dsmem_loaded,12,0,1,1024,16384,0,0,42,7,2477921369,1030374112,151240.3179,62889.0449,2.4049,1024,249
dsmem_loaded,12,0,1,1024,16384,0,0,42,7,2477936324,1030380320,151241.2307,62889.4238,2.4049,1024,250
dsmem_loaded,12,0,1,1024,16384,0,0,42,7,2477923036,1030374784,151240.4197,62889.0859,2.4049,1024,251
dsmem_loaded,12,0,1,1024,16384,0,0,42,7,2477920377,1030373664,151240.2574,62889.0176,2.4049,1024,252
dsmem_loaded,12,0,1,1024,16384,0,0,42,7,2477924555,1030375456,151240.5124,62889.1270,2.4049,1024,253
dsmem_loaded,12,0,1,1024,16384,0,0,42,7,2477922883,1030374752,151240.4103,62889.0840,2.4049,1024,254
dsmem_loaded,12,0,1,1024,16384,0,0,42,7,2477922375,1030374560,151240.3793,62889.0723,2.4049,1024,255
dsmem_loaded,12,0,1,1024,16384,0,0,42,7,2478014295,1030412704,151245.9897,62891.4004,2.4049,1024,256
dsmem_loaded,12,0,1,1024,16384,0,0,42,7,2477998035,1030406016,151244.9973,62890.9922,2.4049,1024,257
dsmem_loaded,12,0,1,1024,16384,0,0,42,7,2477979687,1030398400,151243.8774,62890.5273,2.4049,1024,258
dsmem_loaded,12,0,1,1024,16384,0,0,42,7,2477992509,1030403680,151244.6600,62890.8496,2.4049,1024,259
dsmem_loaded,12,0,1,1024,16384,0,0,42,7,2478026597,1030417824,151246.7405,62891.7129,2.4049,1024,260
dsmem_loaded,12,0,1,1024,16384,0,0,42,7,2477952793,1030387136,151242.2359,62889.8398,2.4049,1024,261
dsmem_loaded,12,0,1,1024,16384,0,0,42,7,2477956822,1030388832,151242.4818,62889.9434,2.4049,1024,262
dsmem_loaded,12,0,1,1024,16384,0,0,42,7,2477982406,1030399456,151244.0433,62890.5918,2.4049,1024,263
dsmem_loaded,12,0,1,1024,16384,0,0,42,7,2477952117,1030386912,151242.1946,62889.8262,2.4049,1024,264
dsmem_loaded,12,0,1,1024,16384,0,0,42,7,2477920377,1030373696,151240.2574,62889.0195,2.4049,1024,265
dsmem_loaded,12,0,1,1024,16384,0,0,42,7,2478006938,1030409632,151245.5406,62891.2129,2.4049,1024,266
dsmem_loaded,12,0,1,1024,16384,0,0,42,7,2477947759,1030385056,151241.9286,62889.7129,2.4049,1024,267
dsmem_loaded,12,0,1,1024,16384,0,0,42,7,2477924551,1030375392,151240.5121,62889.1230,2.4049,1024,268
dsmem_loaded,12,0,1,1024,16384,0,0,42,7,2478002095,1030407648,151245.2451,62891.0918,2.4049,1024,269
dsmem_loaded,12,0,1,1024,16384,0,0,42,7,2477952625,1030387136,151242.2256,62889.8398,2.4049,1024,270
dsmem_loaded,12,0,1,1024,16384,0,0,42,7,2477936841,1030380512,151241.2623,62889.4355,2.4049,1024,271
dsmem_loaded,12,0,1,1024,16384,0,0,42,7,2477971290,1030394880,151243.3649,62890.3125,2.4049,1024,272
dsmem_loaded,12,0,1,1024,16384,0,0,42,7,2477932292,1030378656,151240.9846,62889.3223,2.4049,1024,273
dsmem_loaded,12,0,1,1024,16384,0,0,42,7,2477921363,1030374112,151240.3176,62889.0449,2.4049,1024,274
dsmem_loaded,12,0,1,1024,16384,0,0,42,7,2477932459,1030378720,151240.9948,62889.3262,2.4049,1024,275
dsmem_loaded,12,0,1,1024,16384,0,0,42,7,2477920377,1030373696,151240.2574,62889.0195,2.4049,1024,276
dsmem_loaded,12,0,1,1024,16384,0,0,42,7,2477932621,1030378784,151241.0047,62889.3301,2.4049,1024,277
dsmem_loaded,12,0,1,1024,16384,0,0,42,7,2477952122,1030386912,151242.1949,62889.8262,2.4049,1024,278
dsmem_loaded,12,0,1,1024,16384,0,0,42,7,2477932956,1030378912,151241.0251,62889.3379,2.4049,1024,279
dsmem_loaded,12,0,1,1024,16384,0,0,42,7,2477971284,1030394880,151243.3645,62890.3125,2.4049,1024,280
dsmem_loaded,12,0,1,1024,16384,0,0,42,7,2477933645,1030379200,151241.0672,62889.3555,2.4049,1024,281
dsmem_loaded,12,0,1,1024,16384,0,0,42,7,2477923048,1030374784,151240.4204,62889.0859,2.4049,1024,282
dsmem_loaded,12,0,1,1024,16384,0,0,42,7,2477922034,1030374368,151240.3585,62889.0605,2.4049,1024,283
dsmem_loaded,12,0,1,1024,16384,0,0,42,7,2477960180,1030390272,151242.6868,62890.0312,2.4049,1024,284
dsmem_loaded,12,0,1,1024,16384,0,0,42,7,2477922376,1030374528,151240.3794,62889.0703,2.4049,1024,285
dsmem_loaded,12,0,1,1024,16384,0,0,42,7,2477920377,1030373664,151240.2574,62889.0176,2.4049,1024,286
dsmem_loaded,12,0,1,1024,16384,0,0,42,7,2477920377,1030373696,151240.2574,62889.0195,2.4049,1024,287
dsmem_loaded,12,0,1,1024,16384,0,0,42,7,2477920377,1030373696,151240.2574,62889.0195,2.4049,1024,288
dsmem_loaded,12,0,1,1024,16384,0,0,42,7,2477957495,1030389088,151242.5229,62889.9590,2.4049,1024,289
dsmem_loaded,12,0,1,1024,16384,0,0,42,7,2478000076,1030406848,151245.1218,62891.0430,2.4049,1024,290
dsmem_loaded,12,0,1,1024,16384,0,0,42,7,2477995316,1030404864,151244.8313,62890.9219,2.4049,1024,291
dsmem_loaded,12,0,1,1024,16384,0,0,42,7,2478012503,1030411968,151245.8803,62891.3555,2.4049,1024,292
dsmem_loaded,12,0,1,1024,16384,0,0,42,7,2477948411,1030385376,151241.9684,62889.7324,2.4049,1024,293
dsmem_loaded,12,0,1,1024,16384,0,0,42,7,2478002934,1030408000,151245.2963,62891.1133,2.4049,1024,294
dsmem_loaded,12,0,1,1024,16384,0,0,42,7,2478021919,1030415872,151246.4550,62891.5938,2.4049,1024,295
dsmem_loaded,12,0,1,1024,16384,0,0,42,7,2477971127,1030394752,151243.3549,62890.3047,2.4049,1024,296
dsmem_loaded,12,0,1,1024,16384,0,0,42,7,2478022426,1030416064,151246.4860,62891.6055,2.4049,1024,297
dsmem_loaded,12,0,1,1024,16384,0,0,42,7,2477932448,1030378656,151240.9941,62889.3223,2.4049,1024,298
dsmem_loaded,12,0,1,1024,16384,0,0,42,7,2477922868,1030374720,151240.4094,62889.0820,2.4049,1024,299
dsmem_loaded,12,0,1,1024,16384,0,0,42,7,2477972612,1030395392,151243.4456,62890.3438,2.4049,1024,300
dsmem_loaded,12,0,1,1024,16384,0,0,42,7,2477945726,1030384256,151241.8046,62889.6641,2.4049,1024,301
dsmem_loaded,12,0,1,1024,16384,0,0,42,7,2477920377,1030373696,151240.2574,62889.0195,2.4049,1024,302
dsmem_loaded,12,0,1,1024,16384,0,0,42,7,2477957160,1030388928,151242.5024,62889.9492,2.4049,1024,303
dsmem_loaded,12,0,1,1024,16384,0,0,42,7,2477967412,1030393248,151243.1282,62890.2129,2.4049,1024,304
dsmem_loaded,12,0,1,1024,16384,0,0,42,7,2477941704,1030382560,151241.5591,62889.5605,2.4049,1024,305
dsmem_loaded,12,0,1,1024,16384,0,0,42,7,2477942529,1030382880,151241.6094,62889.5801,2.4049,1024,306
dsmem_loaded,12,0,1,1024,16384,0,0,42,7,2477937659,1030380896,151241.3122,62889.4590,2.4049,1024,307
dsmem_loaded,12,0,1,1024,16384,0,0,42,7,2477971287,1030394912,151243.3647,62890.3145,2.4049,1024,308
dsmem_loaded,12,0,1,1024,16384,0,0,42,7,2477960692,1030390496,151242.7180,62890.0449,2.4049,1024,309
dsmem_loaded,12,0,1,1024,16384,0,0,42,7,2477922540,1030374592,151240.3894,62889.0742,2.4049,1024,310
dsmem_loaded,12,0,1,1024,16384,0,0,42,7,2477981204,1030399040,151243.9700,62890.5664,2.4049,1024,311
dsmem_loaded,12,0,1,1024,16384,0,0,42,7,2477960873,1030390560,151242.7291,62890.0488,2.4049,1024,312
dsmem_loaded,12,0,1,1024,16384,0,0,42,7,2477923380,1030374944,151240.4407,62889.0957,2.4049,1024,313
dsmem_loaded,12,0,1,1024,16384,0,0,42,7,2477933462,1030379136,151241.0560,62889.3516,2.4049,1024,314
dsmem_loaded,12,0,1,1024,16384,0,0,42,7,2477923537,1030375040,151240.4503,62889.1016,2.4049,1024,315
dsmem_loaded,12,0,1,1024,16384,0,0,42,7,2477923718,1030375072,151240.4613,62889.1035,2.4049,1024,316
dsmem_loaded,12,0,1,1024,16384,0,0,42,7,2477920377,1030373632,151240.2574,62889.0156,2.4049,1024,317
dsmem_loaded,12,0,1,1024,16384,0,0,42,7,2477922702,1030374656,151240.3993,62889.0781,2.4049,1024,318
dsmem_loaded,12,0,1,1024,16384,0,0,42,7,2477920377,1030373664,151240.2574,62889.0176,2.4049,1024,319
dsmem_loaded,12,0,1,1024,16384,0,0,42,7,2477956312,1030388640,151242.4507,62889.9316,2.4049,1024,320
dsmem_loaded,12,0,1,1024,16384,0,0,42,7,2478021083,1030415552,151246.4040,62891.5742,2.4049,1024,321
dsmem_loaded,12,0,1,1024,16384,0,0,42,7,2478020391,1030415296,151246.3618,62891.5586,2.4049,1024,322
dsmem_loaded,12,0,1,1024,16384,0,0,42,7,2478032174,1030420160,151247.0809,62891.8555,2.4049,1024,323
dsmem_loaded,12,0,1,1024,16384,0,0,42,7,2478030306,1030419360,151246.9669,62891.8066,2.4049,1024,324
dsmem_loaded,12,0,1,1024,16384,0,0,42,7,2477955990,1030388480,151242.4310,62889.9219,2.4049,1024,325
dsmem_loaded,12,0,1,1024,16384,0,0,42,7,2477956826,1030388800,151242.4821,62889.9414,2.4049,1024,326
dsmem_loaded,12,0,1,1024,16384,0,0,42,7,2477936998,1030380576,151241.2719,62889.4395,2.4049,1024,327
dsmem_loaded,12,0,1,1024,16384,0,0,42,7,2477971957,1030395104,151243.4056,62890.3262,2.4049,1024,328
dsmem_loaded,12,0,1,1024,16384,0,0,42,7,2477947242,1030384832,151241.8971,62889.6992,2.4049,1024,329
dsmem_loaded,12,0,1,1024,16384,0,0,42,7,2477956150,1030388544,151242.4408,62889.9258,2.4049,1024,330
dsmem_loaded,12,0,1,1024,16384,0,0,42,7,2477946567,1030384544,151241.8559,62889.6816,2.4049,1024,331
dsmem_loaded,12,0,1,1024,16384,0,0,42,7,2477956646,1030388768,151242.4711,62889.9395,2.4049,1024,332
dsmem_loaded,12,0,1,1024,16384,0,0,42,7,2477962376,1030391200,151242.8208,62890.0879,2.4049,1024,333
dsmem_loaded,12,0,1,1024,16384,0,0,42,7,2477920377,1030373696,151240.2574,62889.0195,2.4049,1024,334
dsmem_loaded,12,0,1,1024,16384,0,0,42,7,2477937663,1030380896,151241.3124,62889.4590,2.4049,1024,335
dsmem_loaded,12,0,1,1024,16384,0,0,42,7,2477962034,1030391040,151242.7999,62890.0781,2.4049,1024,336
dsmem_loaded,12,0,1,1024,16384,0,0,42,7,2477947917,1030385152,151241.9383,62889.7188,2.4049,1024,337
dsmem_loaded,12,0,1,1024,16384,0,0,42,7,2477947415,1030384960,151241.9077,62889.7070,2.4049,1024,338
dsmem_loaded,12,0,1,1024,16384,0,0,42,7,2477922873,1030374720,151240.4097,62889.0820,2.4049,1024,339
dsmem_loaded,12,0,1,1024,16384,0,0,42,7,2477923032,1030374816,151240.4194,62889.0879,2.4049,1024,340
dsmem_loaded,12,0,1,1024,16384,0,0,42,7,2477943039,1030383136,151241.6406,62889.5957,2.4049,1024,341
dsmem_loaded,12,0,1,1024,16384,0,0,42,7,2477942527,1030382912,151241.6093,62889.5820,2.4049,1024,342
dsmem_loaded,12,0,1,1024,16384,0,0,42,7,2477924228,1030375296,151240.4924,62889.1172,2.4049,1024,343
dsmem_loaded,12,0,1,1024,16384,0,0,42,7,2477961377,1030390752,151242.7598,62890.0605,2.4049,1024,344
dsmem_loaded,12,0,1,1024,16384,0,0,42,7,2477922197,1030374464,151240.3685,62889.0664,2.4049,1024,345
dsmem_loaded,12,0,1,1024,16384,0,0,42,7,2477943217,1030383200,151241.6514,62889.5996,2.4049,1024,346
dsmem_loaded,12,0,1,1024,16384,0,0,42,7,2477922877,1030374752,151240.4100,62889.0840,2.4049,1024,347
dsmem_loaded,12,0,1,1024,16384,0,0,42,7,2477920377,1030373664,151240.2574,62889.0176,2.4049,1024,348
dsmem_loaded,12,0,1,1024,16384,0,0,42,7,2477920377,1030373664,151240.2574,62889.0176,2.4049,1024,349
dsmem_loaded,12,0,1,1024,16384,0,0,42,7,2477942041,1030382688,151241.5797,62889.5684,2.4049,1024,350
dsmem_loaded,12,0,1,1024,16384,0,0,42,7,2477920377,1030373696,151240.2574,62889.0195,2.4049,1024,351
dsmem_loaded,12,0,1,1024,16384,0,0,42,8,2478111443,1030453152,151251.9191,62893.8691,2.4049,1024,0
dsmem_loaded,12,0,1,1024,16384,0,0,42,8,2478116330,1030455200,151252.2174,62893.9941,2.4049,1024,1
dsmem_loaded,12,0,1,1024,16384,0,0,42,8,2478116144,1030455104,151252.2061,62893.9883,2.4049,1024,2
dsmem_loaded,12,0,1,1024,16384,0,0,42,8,2478102192,1030449312,151251.3545,62893.6348,2.4049,1024,3
dsmem_loaded,12,0,1,1024,16384,0,0,42,8,2478038438,1030422784,151247.4633,62892.0156,2.4049,1024,4
dsmem_loaded,12,0,1,1024,16384,0,0,42,8,2478042295,1030424416,151247.6987,62892.1152,2.4049,1024,5
dsmem_loaded,12,0,1,1024,16384,0,0,42,8,2478041813,1030424192,151247.6693,62892.1016,2.4049,1024,6
dsmem_loaded,12,0,1,1024,16384,0,0,42,8,2478034077,1030420992,151247.1971,62891.9062,2.4049,1024,7
dsmem_loaded,12,0,1,1024,16384,0,0,42,8,2478030184,1030419392,151246.9595,62891.8086,2.4049,1024,8
dsmem_loaded,12,0,1,1024,16384,0,0,42,8,2478029359,1030419040,151246.9091,62891.7871,2.4049,1024,9
dsmem_loaded,12,0,1,1024,16384,0,0,42,8,2478007033,1030409696,151245.5464,62891.2168,2.4049,1024,10
dsmem_loaded,12,0,1,1024,16384,0,0,42,8,2478048361,1030426944,151248.0689,62892.2695,2.4049,1024,11
dsmem_loaded,12,0,1,1024,16384,0,0,42,8,2478007033,1030409728,151245.5464,62891.2188,2.4049,1024,12
dsmem_loaded,12,0,1,1024,16384,0,0,42,8,2478028020,1030418464,151246.8274,62891.7520,2.4049,1024,13
dsmem_loaded,12,0,1,1024,16384,0,0,42,8,2478029348,1030419040,151246.9084,62891.7871,2.4049,1024,14
dsmem_loaded,12,0,1,1024,16384,0,0,42,8,2478038770,1030422944,151247.4835,62892.0254,2.4049,1024,15
dsmem_loaded,12,0,1,1024,16384,0,0,42,8,2478028687,1030418784,151246.8681,62891.7715,2.4049,1024,16
dsmem_loaded,12,0,1,1024,16384,0,0,42,8,2478028847,1030418816,151246.8779,62891.7734,2.4049,1024,17
dsmem_loaded,12,0,1,1024,16384,0,0,42,8,2478028359,1030418592,151246.8481,62891.7598,2.4049,1024,18
dsmem_loaded,12,0,1,1024,16384,0,0,42,8,2478028694,1030418784,151246.8685,62891.7715,2.4049,1024,19
dsmem_loaded,12,0,1,1024,16384,0,0,42,8,2478048183,1030426880,151248.0580,62892.2656,2.4049,1024,20
dsmem_loaded,12,0,1,1024,16384,0,0,42,8,2478047854,1030426720,151248.0380,62892.2559,2.4049,1024,21
dsmem_loaded,12,0,1,1024,16384,0,0,42,8,2478028848,1030418816,151246.8779,62891.7734,2.4049,1024,22
dsmem_loaded,12,0,1,1024,16384,0,0,42,8,2478029026,1030418880,151246.8888,62891.7773,2.4049,1024,23
dsmem_loaded,12,0,1,1024,16384,0,0,42,8,2478009693,1030410848,151245.7088,62891.2871,2.4049,1024,24
dsmem_loaded,12,0,1,1024,16384,0,0,42,8,2478009524,1030410784,151245.6985,62891.2832,2.4049,1024,25
dsmem_loaded,12,0,1,1024,16384,0,0,42,8,2478029013,1030418880,151246.8880,62891.7773,2.4049,1024,26
dsmem_loaded,12,0,1,1024,16384,0,0,42,8,2478009866,1030410912,151245.7194,62891.2910,2.4049,1024,27
dsmem_loaded,12,0,1,1024,16384,0,0,42,8,2478029540,1030419104,151246.9202,62891.7910,2.4049,1024,28
dsmem_loaded,12,0,1,1024,16384,0,0,42,8,2478007033,1030409728,151245.5464,62891.2188,2.4049,1024,29
dsmem_loaded,12,0,1,1024,16384,0,0,42,8,2478028873,1030418816,151246.8795,62891.7734,2.4049,1024,30
dsmem_loaded,12,0,1,1024,16384,0,0,42,8,2478007033,1030409728,151245.5464,62891.2188,2.4049,1024,31
dsmem_loaded,12,0,1,1024,16384,0,0,42,8,2478107734,1030451616,151251.6927,62893.7754,2.4049,1024,32
dsmem_loaded,12,0,1,1024,16384,0,0,42,8,2478110950,1030452960,151251.8890,62893.8574,2.4049,1024,33
dsmem_loaded,12,0,1,1024,16384,0,0,42,8,2478101518,1030449056,151251.3134,62893.6191,2.4049,1024,34
dsmem_loaded,12,0,1,1024,16384,0,0,42,8,2478111622,1030453216,151251.9301,62893.8730,2.4049,1024,35
dsmem_loaded,12,0,1,1024,16384,0,0,42,8,2478053564,1030429088,151248.3865,62892.4004,2.4049,1024,36
dsmem_loaded,12,0,1,1024,16384,0,0,42,8,2478044155,1030425184,151247.8122,62892.1621,2.4049,1024,37
dsmem_loaded,12,0,1,1024,16384,0,0,42,8,2478039621,1030423296,151247.5355,62892.0469,2.4049,1024,38
dsmem_loaded,12,0,1,1024,16384,0,0,42,8,2478038947,1030423008,151247.4943,62892.0293,2.4049,1024,39
dsmem_loaded,12,0,1,1024,16384,0,0,42,8,2478033057,1030420576,151247.1348,62891.8809,2.4049,1024,40
dsmem_loaded,12,0,1,1024,16384,0,0,42,8,2478028682,1030418752,151246.8678,62891.7695,2.4049,1024,41
dsmem_loaded,12,0,1,1024,16384,0,0,42,8,2478038434,1030422816,151247.4630,62892.0176,2.4049,1024,42
dsmem_loaded,12,0,1,1024,16384,0,0,42,8,2478038603,1030422880,151247.4733,62892.0215,2.4049,1024,43
dsmem_loaded,12,0,1,1024,16384,0,0,42,8,2478047509,1030426560,151248.0169,62892.2461,2.4049,1024,44
dsmem_loaded,12,0,1,1024,16384,0,0,42,8,2478007033,1030409696,151245.5464,62891.2168,2.4049,1024,45
dsmem_loaded,12,0,1,1024,16384,0,0,42,8,2478048013,1030426784,151248.0477,62892.2598,2.4049,1024,46
dsmem_loaded,12,0,1,1024,16384,0,0,42,8,2478007033,1030409728,151245.5464,62891.2188,2.4049,1024,47
dsmem_loaded,12,0,1,1024,16384,0,0,42,8,2478034745,1030421248,151247.2379,62891.9219,2.4049,1024,48
dsmem_loaded,12,0,1,1024,16384,0,0,42,8,2478029522,1030419104,151246.9191,62891.7910,2.4049,1024,49
dsmem_loaded,12,0,1,1024,16384,0,0,42,8,2478010041,1030411008,151245.7300,62891.2969,2.4049,1024,50
dsmem_loaded,12,0,1,1024,16384,0,0,42,8,2478023644,1030416672,151246.5603,62891.6426,2.4049,1024,51
dsmem_loaded,12,0,1,1024,16384,0,0,42,8,2478029188,1030418976,151246.8987,62891.7832,2.4049,1024,52
dsmem_loaded,12,0,1,1024,16384,0,0,42,8,2478046844,1030426304,151247.9763,62892.2305,2.4049,1024,53
dsmem_loaded,12,0,1,1024,16384,0,0,42,8,2478007033,1030409760,151245.5464,62891.2207,2.4049,1024,54
dsmem_loaded,12,0,1,1024,16384,0,0,42,8,2478009867,1030410912,151245.7194,62891.2910,2.4049,1024,55
dsmem_loaded,12,0,1,1024,16384,0,0,42,8,2478009015,1030410592,151245.6674,62891.2715,2.4049,1024,56
dsmem_loaded,12,0,1,1024,16384,0,0,42,8,2478010205,1030411072,151245.7401,62891.3008,2.4049,1024,57
dsmem_loaded,12,0,1,1024,16384,0,0,42,8,2478028689,1030418752,151246.8682,62891.7695,2.4049,1024,58
dsmem_loaded,12,0,1,1024,16384,0,0,42,8,2478009541,1030410784,151245.6995,62891.2832,2.4049,1024,59
dsmem_loaded,12,0,1,1024,16384,0,0,42,8,2478007033,1030409728,151245.5464,62891.2188,2.4049,1024,60
dsmem_loaded,12,0,1,1024,16384,0,0,42,8,2478029197,1030418944,151246.8992,62891.7812,2.4049,1024,61
dsmem_loaded,12,0,1,1024,16384,0,0,42,8,2478029042,1030418912,151246.8898,62891.7793,2.4049,1024,62
dsmem_loaded,12,0,1,1024,16384,0,0,42,8,2478010537,1030411168,151245.7603,62891.3066,2.4049,1024,63
dsmem_loaded,12,0,1,1024,16384,0,0,42,8,2478029037,1030418880,151246.8895,62891.7773,2.4049,1024,64
dsmem_loaded,12,0,1,1024,16384,0,0,42,8,2478107400,1030451456,151251.6724,62893.7656,2.4049,1024,65
dsmem_loaded,12,0,1,1024,16384,0,0,42,8,2478107406,1030451488,151251.6727,62893.7676,2.4049,1024,66
dsmem_loaded,12,0,1,1024,16384,0,0,42,8,2478108409,1030451904,151251.7339,62893.7930,2.4049,1024,67
dsmem_loaded,12,0,1,1024,16384,0,0,42,8,2478114465,1030454432,151252.1036,62893.9473,2.4049,1024,68
dsmem_loaded,12,0,1,1024,16384,0,0,42,8,2478054564,1030429504,151248.4475,62892.4258,2.4049,1024,69
dsmem_loaded,12,0,1,1024,16384,0,0,42,8,2478037779,1030422528,151247.4230,62892.0000,2.4049,1024,70
dsmem_loaded,12,0,1,1024,16384,0,0,42,8,2478038949,1030423008,151247.4944,62892.0293,2.4049,1024,71
dsmem_loaded,12,0,1,1024,16384,0,0,42,8,2478043325,1030424832,151247.7615,62892.1406,2.4049,1024,72
dsmem_loaded,12,0,1,1024,16384,0,0,42,8,2478035061,1030421440,151247.2571,62891.9336,2.4049,1024,73
dsmem_loaded,12,0,1,1024,16384,0,0,42,8,2478039787,1030423328,151247.5456,62892.0488,2.4049,1024,74
dsmem_loaded,12,0,1,1024,16384,0,0,42,8,2478039268,1030423136,151247.5139,62892.0371,2.4049,1024,75
dsmem_loaded,12,0,1,1024,16384,0,0,42,8,2478029693,1030419200,151246.9295,62891.7969,2.4049,1024,76
dsmem_loaded,12,0,1,1024,16384,0,0,42,8,2478007033,1030409760,151245.5464,62891.2207,2.4049,1024,77
dsmem_loaded,12,0,1,1024,16384,0,0,42,8,2478007033,1030409728,151245.5464,62891.2188,2.4049,1024,78
dsmem_loaded,12,0,1,1024,16384,0,0,42,8,2478007033,1030409728,151245.5464,62891.2188,2.4049,1024,79
dsmem_loaded,12,0,1,1024,16384,0,0,42,8,2478029013,1030418880,151246.8880,62891.7773,2.4049,1024,80
dsmem_loaded,12,0,1,1024,16384,0,0,42,8,2478033898,1030420896,151247.1862,62891.9004,2.4049,1024,81
dsmem_loaded,12,0,1,1024,16384,0,0,42,8,2478025502,1030417440,151246.6737,62891.6895,2.4049,1024,82
dsmem_loaded,12,0,1,1024,16384,0,0,42,8,2478029703,1030419168,151246.9301,62891.7949,2.4049,1024,83
dsmem_loaded,12,0,1,1024,16384,0,0,42,8,2478048200,1030426848,151248.0591,62892.2637,2.4049,1024,84
dsmem_loaded,12,0,1,1024,16384,0,0,42,8,2478046832,1030426304,151247.9756,62892.2305,2.4049,1024,85
dsmem_loaded,12,0,1,1024,16384,0,0,42,8,2478010042,1030411008,151245.7301,62891.2969,2.4049,1024,86
dsmem_loaded,12,0,1,1024,16384,0,0,42,8,2478030036,1030419264,151246.9504,62891.8008,2.4049,1024,87
dsmem_loaded,12,0,1,1024,16384,0,0,42,8,2478009033,1030410592,151245.6685,62891.2715,2.4049,1024,88
dsmem_loaded,12,0,1,1024,16384,0,0,42,8,2478009867,1030410912,151245.7194,62891.2910,2.4049,1024,89
dsmem_loaded,12,0,1,1024,16384,0,0,42,8,2478009540,1030410784,151245.6995,62891.2832,2.4049,1024,90
dsmem_loaded,12,0,1,1024,16384,0,0,42,8,2478028522,1030418688,151246.8580,62891.7656,2.4049,1024,91
dsmem_loaded,12,0,1,1024,16384,0,0,42,8,2478007033,1030409728,151245.5464,62891.2188,2.4049,1024,92
dsmem_loaded,12,0,1,1024,16384,0,0,42,8,2478028528,1030418656,151246.8584,62891.7637,2.4049,1024,93
dsmem_loaded,12,0,1,1024,16384,0,0,42,8,2478009197,1030410656,151245.6785,62891.2754,2.4049,1024,94
dsmem_loaded,12,0,1,1024,16384,0,0,42,8,2478028527,1030418688,151246.8583,62891.7656,2.4049,1024,95
dsmem_loaded,12,0,1,1024,16384,0,0,42,8,2478116643,1030455296,151252.2365,62894.0000,2.4049,1024,96
dsmem_loaded,12,0,1,1024,16384,0,0,42,8,2478093464,1030445632,151250.8218,62893.4102,2.4049,1024,97
dsmem_loaded,12,0,1,1024,16384,0,0,42,8,2478102192,1030449312,151251.3545,62893.6348,2.4049,1024,98
dsmem_loaded,12,0,1,1024,16384,0,0,42,8,2478032729,1030420416,151247.1148,62891.8711,2.4049,1024,99
dsmem_loaded,12,0,1,1024,16384,0,0,42,8,2478064822,1030433760,151249.0736,62892.6855,2.4049,1024,100
dsmem_loaded,12,0,1,1024,16384,0,0,42,8,2478032901,1030420480,151247.1253,62891.8750,2.4049,1024,101
dsmem_loaded,12,0,1,1024,16384,0,0,42,8,2478056274,1030430208,151248.5519,62892.4688,2.4049,1024,102
dsmem_loaded,12,0,1,1024,16384,0,0,42,8,2478097987,1030447552,151251.0978,62893.5273,2.4049,1024,103
dsmem_loaded,12,0,1,1024,16384,0,0,42,8,2478037772,1030422528,151247.4226,62892.0000,2.4049,1024,104
dsmem_loaded,12,0,1,1024,16384,0,0,42,8,2478042809,1030424608,151247.7300,62892.1270,2.4049,1024,105
dsmem_loaded,12,0,1,1024,16384,0,0,42,8,2478023639,1030416640,151246.5600,62891.6406,2.4049,1024,106
dsmem_loaded,12,0,1,1024,16384,0,0,42,8,2478093791,1030445792,151250.8417,62893.4199,2.4049,1024,107
dsmem_loaded,12,0,1,1024,16384,0,0,42,8,2478029193,1030418944,151246.8990,62891.7812,2.4049,1024,108
dsmem_loaded,12,0,1,1024,16384,0,0,42,8,2478009196,1030410624,151245.6785,62891.2734,2.4049,1024,109
dsmem_loaded,12,0,1,1024,16384,0,0,42,8,2478010875,1030411328,151245.7809,62891.3164,2.4049,1024,110
dsmem_loaded,12,0,1,1024,16384,0,0,42,8,2478007033,1030409728,151245.5464,62891.2188,2.4049,1024,111
dsmem_loaded,12,0,1,1024,16384,0,0,42,8,2478039109,1030423072,151247.5042,62892.0332,2.4049,1024,112
dsmem_loaded,12,0,1,1024,16384,0,0,42,8,2478009711,1030410880,151245.7099,62891.2891,2.4049,1024,113
dsmem_loaded,12,0,1,1024,16384,0,0,42,8,2478019616,1030415008,151246.3145,62891.5410,2.4049,1024,114
dsmem_loaded,12,0,1,1024,16384,0,0,42,8,2478033043,1030420576,151247.1340,62891.8809,2.4049,1024,115
dsmem_loaded,12,0,1,1024,16384,0,0,42,8,2478029868,1030419168,151246.9402,62891.7949,2.4049,1024,116
dsmem_loaded,12,0,1,1024,16384,0,0,42,8,2478010541,1030411200,151245.7606,62891.3086,2.4049,1024,117
dsmem_loaded,12,0,1,1024,16384,0,0,42,8,2478010024,1030410976,151245.7290,62891.2949,2.4049,1024,118
dsmem_loaded,12,0,1,1024,16384,0,0,42,8,2478009533,1030410816,151245.6990,62891.2852,2.4049,1024,119
dsmem_loaded,12,0,1,1024,16384,0,0,42,8,2478029693,1030419200,151246.9295,62891.7969,2.4049,1024,120
dsmem_loaded,12,0,1,1024,16384,0,0,42,8,2478007033,1030409728,151245.5464,62891.2188,2.4049,1024,121
dsmem_loaded,12,0,1,1024,16384,0,0,42,8,2478009550,1030410784,151245.7001,62891.2832,2.4049,1024,122
dsmem_loaded,12,0,1,1024,16384,0,0,42,8,2478024167,1030416864,151246.5922,62891.6543,2.4049,1024,123
dsmem_loaded,12,0,1,1024,16384,0,0,42,8,2478007033,1030409760,151245.5464,62891.2207,2.4049,1024,124
dsmem_loaded,12,0,1,1024,16384,0,0,42,8,2478009702,1030410848,151245.7094,62891.2871,2.4049,1024,125
dsmem_loaded,12,0,1,1024,16384,0,0,42,8,2478007033,1030409760,151245.5464,62891.2207,2.4049,1024,126
dsmem_loaded,12,0,1,1024,16384,0,0,42,8,2478010540,1030411200,151245.7605,62891.3086,2.4049,1024,127
dsmem_loaded,12,0,1,1024,16384,0,0,42,8,2478009353,1030410720,151245.6880,62891.2793,2.4049,1024,128
dsmem_loaded,12,0,1,1024,16384,0,0,42,8,2478122545,1030457792,151252.5967,62894.1523,2.4049,1024,129
dsmem_loaded,12,0,1,1024,16384,0,0,42,8,2478081669,1030440768,151250.1019,62893.1133,2.4049,1024,130
dsmem_loaded,12,0,1,1024,16384,0,0,42,8,2478113777,1030454112,151252.0616,62893.9277,2.4049,1024,131
dsmem_loaded,12,0,1,1024,16384,0,0,42,8,2478088591,1030443616,151250.5244,62893.2871,2.4049,1024,132
dsmem_loaded,12,0,1,1024,16384,0,0,42,8,2478057763,1030430848,151248.6428,62892.5078,2.4049,1024,133
dsmem_loaded,12,0,1,1024,16384,0,0,42,8,2478060649,1030432032,151248.8189,62892.5801,2.4049,1024,134
dsmem_loaded,12,0,1,1024,16384,0,0,42,8,2478043652,1030424960,151247.7815,62892.1484,2.4049,1024,135
dsmem_loaded,12,0,1,1024,16384,0,0,42,8,2478088905,1030443776,151250.5435,62893.2969,2.4049,1024,136
dsmem_loaded,12,0,1,1024,16384,0,0,42,8,2478037584,1030422464,151247.4111,62891.9961,2.4049,1024,137
dsmem_loaded,12,0,1,1024,16384,0,0,42,8,2478065362,1030433984,151249.1066,62892.6992,2.4049,1024,138
dsmem_loaded,12,0,1,1024,16384,0,0,42,8,2478067507,1030434880,151249.2375,62892.7539,2.4049,1024,139
dsmem_loaded,12,0,1,1024,16384,0,0,42,8,2478014729,1030412960,151246.0162,62891.4160,2.4049,1024,140
dsmem_loaded,12,0,1,1024,16384,0,0,42,8,2478038278,1030422720,151247.4535,62892.0117,2.4049,1024,141
dsmem_loaded,12,0,1,1024,16384,0,0,42,8,2478007033,1030409728,151245.5464,62891.2188,2.4049,1024,142
dsmem_loaded,12,0,1,1024,16384,0,0,42,8,2478028691,1030418720,151246.8683,62891.7676,2.4049,1024,143
dsmem_loaded,12,0,1,1024,16384,0,0,42,8,2478019786,1030415072,151246.3248,62891.5449,2.4049,1024,144
dsmem_loaded,12,0,1,1024,16384,0,0,42,8,2478029877,1030419264,151246.9407,62891.8008,2.4049,1024,145
dsmem_loaded,12,0,1,1024,16384,0,0,42,8,2478014069,1030412704,151245.9759,62891.4004,2.4049,1024,146
dsmem_loaded,12,0,1,1024,16384,0,0,42,8,2478039944,1030423392,151247.5552,62892.0527,2.4049,1024,147
dsmem_loaded,12,0,1,1024,16384,0,0,42,8,2478018777,1030414592,151246.2632,62891.5156,2.4049,1024,148
dsmem_loaded,12,0,1,1024,16384,0,0,42,8,2478028193,1030418560,151246.8380,62891.7578,2.4049,1024,149
dsmem_loaded,12,0,1,1024,16384,0,0,42,8,2478018767,1030414592,151246.2626,62891.5156,2.4049,1024,150
dsmem_loaded,12,0,1,1024,16384,0,0,42,8,2478028690,1030418752,151246.8683,62891.7695,2.4049,1024,151
dsmem_loaded,12,0,1,1024,16384,0,0,42,8,2478011211,1030411488,151245.8015,62891.3262,2.4049,1024,152
dsmem_loaded,12,0,1,1024,16384,0,0,42,8,2478029031,1030418880,151246.8891,62891.7773,2.4049,1024,153
dsmem_loaded,12,0,1,1024,16384,0,0,42,8,2478025160,1030417280,151246.6528,62891.6797,2.4049,1024,154
dsmem_loaded,12,0,1,1024,16384,0,0,42,8,2478029849,1030419200,151246.9390,62891.7969,2.4049,1024,155
dsmem_loaded,12,0,1,1024,16384,0,0,42,8,2478007033,1030409728,151245.5464,62891.2188,2.4049,1024,156
dsmem_loaded,12,0,1,1024,16384,0,0,42,8,2478007033,1030409760,151245.5464,62891.2207,2.4049,1024,157
dsmem_loaded,12,0,1,1024,16384,0,0,42,8,2478011046,1030411424,151245.7914,62891.3223,2.4049,1024,158
dsmem_loaded,12,0,1,1024,16384,0,0,42,8,2478007033,1030409760,151245.5464,62891.2207,2.4049,1024,159
dsmem_loaded,12,0,1,1024,16384,0,0,42,8,2478056591,1030430336,151248.5712,62892.4766,2.4049,1024,160
dsmem_loaded,12,0,1,1024,16384,0,0,42,8,2478112449,1030453568,151251.9805,62893.8945,2.4049,1024,161
dsmem_loaded,12,0,1,1024,16384,0,0,42,8,2478087724,1030443264,151250.4714,62893.2656,2.4049,1024,162
dsmem_loaded,12,0,1,1024,16384,0,0,42,8,2478044148,1030425184,151247.8118,62892.1621,2.4049,1024,163
dsmem_loaded,12,0,1,1024,16384,0,0,42,8,2478033395,1030420672,151247.1555,62891.8867,2.4049,1024,164
dsmem_loaded,12,0,1,1024,16384,0,0,42,8,2478041458,1030424032,151247.6476,62892.0918,2.4049,1024,165
dsmem_loaded,12,0,1,1024,16384,0,0,42,8,2478085389,1030442304,151250.3289,62893.2070,2.4049,1024,166
dsmem_loaded,12,0,1,1024,16384,0,0,42,8,2478102692,1030449504,151251.3850,62893.6465,2.4049,1024,167
dsmem_loaded,12,0,1,1024,16384,0,0,42,8,2478130427,1030461056,151253.0778,62894.3516,2.4049,1024,168
dsmem_loaded,12,0,1,1024,16384,0,0,42,8,2478030205,1030419392,151246.9608,62891.8086,2.4049,1024,169
dsmem_loaded,12,0,1,1024,16384,0,0,42,8,2478025167,1030417280,151246.6533,62891.6797,2.4049,1024,170
dsmem_loaded,12,0,1,1024,16384,0,0,42,8,2478034220,1030421088,151247.2058,62891.9121,2.4049,1024,171
dsmem_loaded,12,0,1,1024,16384,0,0,42,8,2478007033,1030409728,151245.5464,62891.2188,2.4049,1024,172
dsmem_loaded,12,0,1,1024,16384,0,0,42,8,2478007033,1030409696,151245.5464,62891.2168,2.4049,1024,173
dsmem_loaded,12,0,1,1024,16384,0,0,42,8,2478007033,1030409760,151245.5464,62891.2207,2.4049,1024,174
dsmem_loaded,12,0,1,1024,16384,0,0,42,8,2478007033,1030409728,151245.5464,62891.2188,2.4049,1024,175
dsmem_loaded,12,0,1,1024,16384,0,0,42,8,2478027686,1030418336,151246.8070,62891.7441,2.4049,1024,176
dsmem_loaded,12,0,1,1024,16384,0,0,42,8,2478028032,1030418464,151246.8281,62891.7520,2.4049,1024,177
dsmem_loaded,12,0,1,1024,16384,0,0,42,8,2478028686,1030418752,151246.8680,62891.7695,2.4049,1024,178
dsmem_loaded,12,0,1,1024,16384,0,0,42,8,2478032565,1030420352,151247.1048,62891.8672,2.4049,1024,179
dsmem_loaded,12,0,1,1024,16384,0,0,42,8,2478027340,1030418208,151246.7859,62891.7363,2.4049,1024,180
dsmem_loaded,12,0,1,1024,16384,0,0,42,8,2478046845,1030426304,151247.9764,62892.2305,2.4049,1024,181
dsmem_loaded,12,0,1,1024,16384,0,0,42,8,2478009196,1030410656,151245.6785,62891.2754,2.4049,1024,182
dsmem_loaded,12,0,1,1024,16384,0,0,42,8,2478047171,1030426432,151247.9963,62892.2383,2.4049,1024,183
dsmem_loaded,12,0,1,1024,16384,0,0,42,8,2478028180,1030418560,151246.8372,62891.7578,2.4049,1024,184
dsmem_loaded,12,0,1,1024,16384,0,0,42,8,2478027851,1030418400,151246.8171,62891.7480,2.4049,1024,185
dsmem_loaded,12,0,1,1024,16384,0,0,42,8,2478019609,1030414976,151246.3140,62891.5391,2.4049,1024,186
dsmem_loaded,12,0,1,1024,16384,0,0,42,8,2478028848,1030418816,151246.8779,62891.7734,2.4049,1024,187
dsmem_loaded,12,0,1,1024,16384,0,0,42,8,2478029703,1030419136,151246.9301,62891.7930,2.4049,1024,188
dsmem_loaded,12,0,1,1024,16384,0,0,42,8,2478009377,1030410720,151245.6895,62891.2793,2.4049,1024,189
dsmem_loaded,12,0,1,1024,16384,0,0,42,8,2478010034,1030410976,151245.7296,62891.2949,2.4049,1024,190
dsmem_loaded,12,0,1,1024,16384,0,0,42,8,2478008370,1030410304,151245.6281,62891.2539,2.4049,1024,191
dsmem_loaded,12,0,1,1024,16384,0,0,42,8,2478007033,1030409728,151245.5464,62891.2188,2.4049,1024,192
dsmem_loaded,12,0,1,1024,16384,0,0,42,8,2478007033,1030409760,151245.5464,62891.2207,2.4049,1024,193
dsmem_loaded,12,0,1,1024,16384,0,0,42,8,2478028843,1030418816,151246.8776,62891.7734,2.4049,1024,194
dsmem_loaded,12,0,1,1024,16384,0,0,42,8,2478108089,1030451744,151251.7144,62893.7832,2.4049,1024,195
dsmem_loaded,12,0,1,1024,16384,0,0,42,8,2478111945,1030453376,151251.9498,62893.8828,2.4049,1024,196
dsmem_loaded,12,0,1,1024,16384,0,0,42,8,2478092789,1030445376,151250.7806,62893.3945,2.4049,1024,197
dsmem_loaded,12,0,1,1024,16384,0,0,42,8,2478112284,1030453504,151251.9705,62893.8906,2.4049,1024,198
dsmem_loaded,12,0,1,1024,16384,0,0,42,8,2478055097,1030429728,151248.4800,62892.4395,2.4049,1024,199
dsmem_loaded,12,0,1,1024,16384,0,0,42,8,2478043329,1030424832,151247.7618,62892.1406,2.4049,1024,200
dsmem_loaded,12,0,1,1024,16384,0,0,42,8,2478033572,1030420768,151247.1663,62891.8926,2.4049,1024,201
dsmem_loaded,12,0,1,1024,16384,0,0,42,8,2478039782,1030423360,151247.5453,62892.0508,2.4049,1024,202
dsmem_loaded,12,0,1,1024,16384,0,0,42,8,2478038769,1030422944,151247.4835,62892.0254,2.4049,1024,203
dsmem_loaded,12,0,1,1024,16384,0,0,42,8,2478039268,1030423168,151247.5139,62892.0391,2.4049,1024,204
dsmem_loaded,12,0,1,1024,16384,0,0,42,8,2478038258,1030422688,151247.4523,62892.0098,2.4049,1024,205
dsmem_loaded,12,0,1,1024,16384,0,0,42,8,2478058422,1030431136,151248.6830,62892.5254,2.4049,1024,206
dsmem_loaded,12,0,1,1024,16384,0,0,42,8,2478010213,1030411072,151245.7405,62891.3008,2.4049,1024,207
dsmem_loaded,12,0,1,1024,16384,0,0,42,8,2478029872,1030419232,151246.9404,62891.7988,2.4049,1024,208
dsmem_loaded,12,0,1,1024,16384,0,0,42,8,2478010537,1030411200,151245.7603,62891.3086,2.4049,1024,209
dsmem_loaded,12,0,1,1024,16384,0,0,42,8,2478038265,1030422720,151247.4527,62892.0117,2.4049,1024,210
dsmem_loaded,12,0,1,1024,16384,0,0,42,8,2478025323,1030417376,151246.6628,62891.6855,2.4049,1024,211
dsmem_loaded,12,0,1,1024,16384,0,0,42,8,2478028515,1030418720,151246.8576,62891.7676,2.4049,1024,212
dsmem_loaded,12,0,1,1024,16384,0,0,42,8,2478024993,1030417248,151246.6426,62891.6777,2.4049,1024,213
dsmem_loaded,12,0,1,1024,16384,0,0,42,8,2478028016,1030418432,151246.8271,62891.7500,2.4049,1024,214
dsmem_loaded,12,0,1,1024,16384,0,0,42,8,2478007033,1030409728,151245.5464,62891.2188,2.4049,1024,215
dsmem_loaded,12,0,1,1024,16384,0,0,42,8,2478028855,1030418816,151246.8784,62891.7734,2.4049,1024,216
dsmem_loaded,12,0,1,1024,16384,0,0,42,8,2478008683,1030410432,151245.6472,62891.2617,2.4049,1024,217
dsmem_loaded,12,0,1,1024,16384,0,0,42,8,2478028864,1030418816,151246.8789,62891.7734,2.4049,1024,218
dsmem_loaded,12,0,1,1024,16384,0,0,42,8,2478010215,1030411040,151245.7407,62891.2988,2.4049,1024,219
dsmem_loaded,12,0,1,1024,16384,0,0,42,8,2478029376,1030419008,151246.9102,62891.7852,2.4049,1024,220
dsmem_loaded,12,0,1,1024,16384,0,0,42,8,2478009531,1030410784,151245.6989,62891.2832,2.4049,1024,221
dsmem_loaded,12,0,1,1024,16384,0,0,42,8,2478007033,1030409728,151245.5464,62891.2188,2.4049,1024,222
dsmem_loaded,12,0,1,1024,16384,0,0,42,8,2478010033,1030410976,151245.7296,62891.2949,2.4049,1024,223
dsmem_loaded,12,0,1,1024,16384,0,0,42,8,2478101863,1030449152,151251.3344,62893.6250,2.4049,1024,224
dsmem_loaded,12,0,1,1024,16384,0,0,42,8,2478112284,1030453504,151251.9705,62893.8906,2.4049,1024,225
dsmem_loaded,12,0,1,1024,16384,0,0,42,8,2478115138,1030454688,151252.1447,62893.9629,2.4049,1024,226
dsmem_loaded,12,0,1,1024,16384,0,0,42,8,2478115474,1030454848,151252.1652,62893.9727,2.4049,1024,227
dsmem_loaded,12,0,1,1024,16384,0,0,42,8,2478032378,1030420256,151247.0934,62891.8613,2.4049,1024,228
dsmem_loaded,12,0,1,1024,16384,0,0,42,8,2478068549,1030435328,151249.3011,62892.7812,2.4049,1024,229
dsmem_loaded,12,0,1,1024,16384,0,0,42,8,2478058087,1030430976,151248.6625,62892.5156,2.4049,1024,230
dsmem_loaded,12,0,1,1024,16384,0,0,42,8,2478042318,1030424416,151247.7001,62892.1152,2.4049,1024,231
dsmem_loaded,12,0,1,1024,16384,0,0,42,8,2478007033,1030409728,151245.5464,62891.2188,2.4049,1024,232
dsmem_loaded,12,0,1,1024,16384,0,0,42,8,2478019942,1030415136,151246.3344,62891.5488,2.4049,1024,233
dsmem_loaded,12,0,1,1024,16384,0,0,42,8,2478047694,1030426624,151248.0282,62892.2500,2.4049,1024,234
dsmem_loaded,12,0,1,1024,16384,0,0,42,8,2478039779,1030423392,151247.5451,62892.0527,2.4049,1024,235
dsmem_loaded,12,0,1,1024,16384,0,0,42,8,2478037076,1030422208,151247.3801,62891.9805,2.4049,1024,236
dsmem_loaded,12,0,1,1024,16384,0,0,42,8,2478007033,1030409728,151245.5464,62891.2188,2.4049,1024,237
dsmem_loaded,12,0,1,1024,16384,0,0,42,8,2478038770,1030422976,151247.4835,62892.0273,2.4049,1024,238
dsmem_loaded,12,0,1,1024,16384,0,0,42,8,2478047348,1030426528,151248.0071,62892.2441,2.4049,1024,239
dsmem_loaded,12,0,1,1024,16384,0,0,42,8,2478024824,1030417152,151246.6323,62891.6719,2.4049,1024,240
dsmem_loaded,12,0,1,1024,16384,0,0,42,8,2478026158,1030417728,151246.7137,62891.7070,2.4049,1024,241
dsmem_loaded,12,0,1,1024,16384,0,0,42,8,2478039114,1030423072,151247.5045,62892.0332,2.4049,1024,242
dsmem_loaded,12,0,1,1024,16384,0,0,42,8,2478028871,1030418816,151246.8793,62891.7734,2.4049,1024,243
dsmem_loaded,12,0,1,1024,16384,0,0,42,8,2478009870,1030410912,151245.7196,62891.2910,2.4049,1024,244
dsmem_loaded,12,0,1,1024,16384,0,0,42,8,2478010195,1030411040,151245.7394,62891.2988,2.4049,1024,245
dsmem_loaded,12,0,1,1024,16384,0,0,42,8,2478028533,1030418720,151246.8587,62891.7676,2.4049,1024,246
dsmem_loaded,12,0,1,1024,16384,0,0,42,8,2478007033,1030409728,151245.5464,62891.2188,2.4049,1024,247
dsmem_loaded,12,0,1,1024,16384,0,0,42,8,2478010047,1030410976,151245.7304,62891.2949,2.4049,1024,248
dsmem_loaded,12,0,1,1024,16384,0,0,42,8,2478009524,1030410752,151245.6985,62891.2812,2.4049,1024,249
dsmem_loaded,12,0,1,1024,16384,0,0,42,8,2478010203,1030411040,151245.7399,62891.2988,2.4049,1024,250
dsmem_loaded,12,0,1,1024,16384,0,0,42,8,2478028685,1030418752,151246.8680,62891.7695,2.4049,1024,251
dsmem_loaded,12,0,1,1024,16384,0,0,42,8,2478009702,1030410848,151245.7094,62891.2871,2.4049,1024,252
dsmem_loaded,12,0,1,1024,16384,0,0,42,8,2478009545,1030410784,151245.6998,62891.2832,2.4049,1024,253
dsmem_loaded,12,0,1,1024,16384,0,0,42,8,2478007033,1030409728,151245.5464,62891.2188,2.4049,1024,254
dsmem_loaded,12,0,1,1024,16384,0,0,42,8,2478009354,1030410720,151245.6881,62891.2793,2.4049,1024,255
dsmem_loaded,12,0,1,1024,16384,0,0,42,8,2478080672,1030440320,151250.0410,62893.0859,2.4049,1024,256
dsmem_loaded,12,0,1,1024,16384,0,0,42,8,2478137485,1030464000,151253.5086,62894.5312,2.4049,1024,257
dsmem_loaded,12,0,1,1024,16384,0,0,42,8,2478007033,1030409760,151245.5464,62891.2207,2.4049,1024,258
dsmem_loaded,12,0,1,1024,16384,0,0,42,8,2478108255,1030451840,151251.7245,62893.7891,2.4049,1024,259
dsmem_loaded,12,0,1,1024,16384,0,0,42,8,2478070075,1030435968,151249.3942,62892.8203,2.4049,1024,260
dsmem_loaded,12,0,1,1024,16384,0,0,42,8,2478007033,1030409728,151245.5464,62891.2188,2.4049,1024,261
dsmem_loaded,12,0,1,1024,16384,0,0,42,8,2478106570,1030451104,151251.6217,62893.7441,2.4049,1024,262
dsmem_loaded,12,0,1,1024,16384,0,0,42,8,2478059463,1030431552,151248.7465,62892.5508,2.4049,1024,263
dsmem_loaded,12,0,1,1024,16384,0,0,42,8,2478028851,1030418816,151246.8781,62891.7734,2.4049,1024,264
dsmem_loaded,12,0,1,1024,16384,0,0,42,8,2478047175,1030426464,151247.9965,62892.2402,2.4049,1024,265
dsmem_loaded,12,0,1,1024,16384,0,0,42,8,2478052086,1030428448,151248.2963,62892.3613,2.4049,1024,266
dsmem_loaded,12,0,1,1024,16384,0,0,42,8,2478042966,1030424704,151247.7396,62892.1328,2.4049,1024,267
dsmem_loaded,12,0,1,1024,16384,0,0,42,8,2478007033,1030409728,151245.5464,62891.2188,2.4049,1024,268
dsmem_loaded,12,0,1,1024,16384,0,0,42,8,2478037086,1030422240,151247.3807,62891.9824,2.4049,1024,269
dsmem_loaded,12,0,1,1024,16384,0,0,42,8,2478074939,1030437984,151249.6911,62892.9434,2.4049,1024,270
dsmem_loaded,12,0,1,1024,16384,0,0,42,8,2478007033,1030409696,151245.5464,62891.2168,2.4049,1024,271
dsmem_loaded,12,0,1,1024,16384,0,0,42,8,2478034222,1030421088,151247.2059,62891.9121,2.4049,1024,272
dsmem_loaded,12,0,1,1024,16384,0,0,42,8,2478037941,1030422560,151247.4329,62892.0020,2.4049,1024,273
dsmem_loaded,12,0,1,1024,16384,0,0,42,8,2478028188,1030418528,151246.8376,62891.7559,2.4049,1024,274
dsmem_loaded,12,0,1,1024,16384,0,0,42,8,2478009017,1030410560,151245.6675,62891.2695,2.4049,1024,275
dsmem_loaded,12,0,1,1024,16384,0,0,42,8,2478009197,1030410656,151245.6785,62891.2754,2.4049,1024,276
dsmem_loaded,12,0,1,1024,16384,0,0,42,8,2478028027,1030418496,151246.8278,62891.7539,2.4049,1024,277
dsmem_loaded,12,0,1,1024,16384,0,0,42,8,2478019619,1030415008,151246.3146,62891.5410,2.4049,1024,278
dsmem_loaded,12,0,1,1024,16384,0,0,42,8,2478011054,1030411424,151245.7919,62891.3223,2.4049,1024,279
dsmem_loaded,12,0,1,1024,16384,0,0,42,8,2478023153,1030416448,151246.5303,62891.6289,2.4049,1024,280
dsmem_loaded,12,0,1,1024,16384,0,0,42,8,2478030035,1030419264,151246.9504,62891.8008,2.4049,1024,281
dsmem_loaded,12,0,1,1024,16384,0,0,42,8,2478022808,1030416288,151246.5093,62891.6191,2.4049,1024,282
dsmem_loaded,12,0,1,1024,16384,0,0,42,8,2478010195,1030411040,151245.7394,62891.2988,2.4049,1024,283
dsmem_loaded,12,0,1,1024,16384,0,0,42,8,2478010208,1030411072,151245.7402,62891.3008,2.4049,1024,284
dsmem_loaded,12,0,1,1024,16384,0,0,42,8,2478029855,1030419232,151246.9394,62891.7988,2.4049,1024,285
dsmem_loaded,12,0,1,1024,16384,0,0,42,8,2478009869,1030410944,151245.7195,62891.2930,2.4049,1024,286
dsmem_loaded,12,0,1,1024,16384,0,0,42,8,2478009029,1030410592,151245.6683,62891.2715,2.4049,1024,287
dsmem_loaded,12,0,1,1024,16384,0,0,42,8,2478116321,1030455200,151252.2169,62893.9941,2.4049,1024,288
dsmem_loaded,12,0,1,1024,16384,0,0,42,8,2478111285,1030453088,151251.9095,62893.8652,2.4049,1024,289
dsmem_loaded,12,0,1,1024,16384,0,0,42,8,2478028860,1030418848,151246.8787,62891.7754,2.4049,1024,290
dsmem_loaded,12,0,1,1024,16384,0,0,42,8,2478007033,1030409728,151245.5464,62891.2188,2.4049,1024,291
dsmem_loaded,12,0,1,1024,16384,0,0,42,8,2478029193,1030418976,151246.8990,62891.7832,2.4049,1024,292
dsmem_loaded,12,0,1,1024,16384,0,0,42,8,2478037614,1030422464,151247.4130,62891.9961,2.4049,1024,293
dsmem_loaded,12,0,1,1024,16384,0,0,42,8,2478115659,1030454912,151252.1765,62893.9766,2.4049,1024,294
dsmem_loaded,12,0,1,1024,16384,0,0,42,8,2478102027,1030449216,151251.3444,62893.6289,2.4049,1024,295
dsmem_loaded,12,0,1,1024,16384,0,0,42,8,2478042469,1030424448,151247.7093,62892.1172,2.4049,1024,296
dsmem_loaded,12,0,1,1024,16384,0,0,42,8,2478028847,1030418816,151246.8779,62891.7734,2.4049,1024,297
dsmem_loaded,12,0,1,1024,16384,0,0,42,8,2478040973,1030423840,151247.6180,62892.0801,2.4049,1024,298
dsmem_loaded,12,0,1,1024,16384,0,0,42,8,2478033738,1030420832,151247.1764,62891.8965,2.4049,1024,299
dsmem_loaded,12,0,1,1024,16384,0,0,42,8,2478007033,1030409696,151245.5464,62891.2168,2.4049,1024,300
dsmem_loaded,12,0,1,1024,16384,0,0,42,8,2478007033,1030409728,151245.5464,62891.2188,2.4049,1024,301
dsmem_loaded,12,0,1,1024,16384,0,0,42,8,2478007033,1030409728,151245.5464,62891.2188,2.4049,1024,302
dsmem_loaded,12,0,1,1024,16384,0,0,42,8,2478038607,1030422848,151247.4736,62892.0195,2.4049,1024,303
dsmem_loaded,12,0,1,1024,16384,0,0,42,8,2478028363,1030418624,151246.8483,62891.7617,2.4049,1024,304
dsmem_loaded,12,0,1,1024,16384,0,0,42,8,2478029034,1030418880,151246.8893,62891.7773,2.4049,1024,305
dsmem_loaded,12,0,1,1024,16384,0,0,42,8,2478028678,1030418720,151246.8676,62891.7676,2.4049,1024,306
dsmem_loaded,12,0,1,1024,16384,0,0,42,8,2478029704,1030419200,151246.9302,62891.7969,2.4049,1024,307
dsmem_loaded,12,0,1,1024,16384,0,0,42,8,2478029356,1030419008,151246.9089,62891.7852,2.4049,1024,308
dsmem_loaded,12,0,1,1024,16384,0,0,42,8,2478028172,1030418560,151246.8367,62891.7578,2.4049,1024,309
dsmem_loaded,12,0,1,1024,16384,0,0,42,8,2478048692,1030427072,151248.0891,62892.2773,2.4049,1024,310
dsmem_loaded,12,0,1,1024,16384,0,0,42,8,2478028518,1030418656,151246.8578,62891.7637,2.4049,1024,311
dsmem_loaded,12,0,1,1024,16384,0,0,42,8,2478029365,1030419040,151246.9095,62891.7871,2.4049,1024,312
dsmem_loaded,12,0,1,1024,16384,0,0,42,8,2478029043,1030418880,151246.8898,62891.7773,2.4049,1024,313
dsmem_loaded,12,0,1,1024,16384,0,0,42,8,2478009032,1030410592,151245.6685,62891.2715,2.4049,1024,314
dsmem_loaded,12,0,1,1024,16384,0,0,42,8,2478028687,1030418752,151246.8681,62891.7695,2.4049,1024,315
dsmem_loaded,12,0,1,1024,16384,0,0,42,8,2478029548,1030419104,151246.9207,62891.7910,2.4049,1024,316
dsmem_loaded,12,0,1,1024,16384,0,0,42,8,2478029540,1030419072,151246.9202,62891.7891,2.4049,1024,317
dsmem_loaded,12,0,1,1024,16384,0,0,42,8,2478028858,1030418816,151246.8785,62891.7734,2.4049,1024,318
dsmem_loaded,12,0,1,1024,16384,0,0,42,8,2478028524,1030418688,151246.8582,62891.7656,2.4049,1024,319
dsmem_loaded,12,0,1,1024,16384,0,0,42,8,2478102036,1030449216,151251.3450,62893.6289,2.4049,1024,320
dsmem_loaded,12,0,1,1024,16384,0,0,42,8,2478043318,1030424832,151247.7611,62892.1406,2.4049,1024,321
dsmem_loaded,12,0,1,1024,16384,0,0,42,8,2478111625,1030453248,151251.9302,62893.8750,2.4049,1024,322
dsmem_loaded,12,0,1,1024,16384,0,0,42,8,2478043141,1030424768,151247.7503,62892.1367,2.4049,1024,323
dsmem_loaded,12,0,1,1024,16384,0,0,42,8,2478035077,1030421376,151247.2581,62891.9297,2.4049,1024,324
dsmem_loaded,12,0,1,1024,16384,0,0,42,8,2478028691,1030418784,151246.8683,62891.7715,2.4049,1024,325
dsmem_loaded,12,0,1,1024,16384,0,0,42,8,2478038624,1030422848,151247.4746,62892.0195,2.4049,1024,326
dsmem_loaded,12,0,1,1024,16384,0,0,42,8,2478116313,1030455168,151252.2164,62893.9922,2.4049,1024,327
dsmem_loaded,12,0,1,1024,16384,0,0,42,8,2478037258,1030422272,151247.3912,62891.9844,2.4049,1024,328
dsmem_loaded,12,0,1,1024,16384,0,0,42,8,2478116659,1030455328,151252.2375,62894.0020,2.4049,1024,329
dsmem_loaded,12,0,1,1024,16384,0,0,42,8,2478029007,1030418880,151246.8876,62891.7773,2.4049,1024,330
dsmem_loaded,12,0,1,1024,16384,0,0,42,8,2478029191,1030418976,151246.8989,62891.7832,2.4049,1024,331
dsmem_loaded,12,0,1,1024,16384,0,0,42,8,2478007033,1030409728,151245.5464,62891.2188,2.4049,1024,332
dsmem_loaded,12,0,1,1024,16384,0,0,42,8,2478007033,1030409728,151245.5464,62891.2188,2.4049,1024,333
dsmem_loaded,12,0,1,1024,16384,0,0,42,8,2478029527,1030419104,151246.9194,62891.7910,2.4049,1024,334
dsmem_loaded,12,0,1,1024,16384,0,0,42,8,2478007033,1030409696,151245.5464,62891.2168,2.4049,1024,335
dsmem_loaded,12,0,1,1024,16384,0,0,42,8,2478029525,1030419104,151246.9193,62891.7910,2.4049,1024,336
dsmem_loaded,12,0,1,1024,16384,0,0,42,8,2478028871,1030418816,151246.8793,62891.7734,2.4049,1024,337
dsmem_loaded,12,0,1,1024,16384,0,0,42,8,2478028196,1030418528,151246.8381,62891.7559,2.4049,1024,338
dsmem_loaded,12,0,1,1024,16384,0,0,42,8,2478028872,1030418816,151246.8794,62891.7734,2.4049,1024,339
dsmem_loaded,12,0,1,1024,16384,0,0,42,8,2478028531,1030418720,151246.8586,62891.7676,2.4049,1024,340
dsmem_loaded,12,0,1,1024,16384,0,0,42,8,2478029190,1030418944,151246.8988,62891.7812,2.4049,1024,341
dsmem_loaded,12,0,1,1024,16384,0,0,42,8,2478047693,1030426688,151248.0281,62892.2539,2.4049,1024,342
dsmem_loaded,12,0,1,1024,16384,0,0,42,8,2478029011,1030418880,151246.8879,62891.7773,2.4049,1024,343
dsmem_loaded,12,0,1,1024,16384,0,0,42,8,2478029192,1030418976,151246.8989,62891.7832,2.4049,1024,344
dsmem_loaded,12,0,1,1024,16384,0,0,42,8,2478028177,1030418560,151246.8370,62891.7578,2.4049,1024,345
dsmem_loaded,12,0,1,1024,16384,0,0,42,8,2478010030,1030410976,151245.7294,62891.2949,2.4049,1024,346
dsmem_loaded,12,0,1,1024,16384,0,0,42,8,2478028695,1030418784,151246.8686,62891.7715,2.4049,1024,347
dsmem_loaded,12,0,1,1024,16384,0,0,42,8,2478028697,1030418720,151246.8687,62891.7676,2.4049,1024,348
dsmem_loaded,12,0,1,1024,16384,0,0,42,8,2478028354,1030418592,151246.8478,62891.7598,2.4049,1024,349
dsmem_loaded,12,0,1,1024,16384,0,0,42,8,2478007033,1030409728,151245.5464,62891.2188,2.4049,1024,350
dsmem_loaded,12,0,1,1024,16384,0,0,42,8,2478028366,1030418624,151246.8485,62891.7617,2.4049,1024,351
dsmem_loaded,12,0,1,1024,16384,0,0,42,9,2478092817,1030446752,151250.7823,62893.4785,2.4049,1024,0
dsmem_loaded,12,0,1,1024,16384,0,0,42,9,2478077851,1030440544,151249.8688,62893.0996,2.4049,1024,1
dsmem_loaded,12,0,1,1024,16384,0,0,42,9,2478116691,1030456672,151252.2394,62894.0840,2.4049,1024,2
dsmem_loaded,12,0,1,1024,16384,0,0,42,9,2478090993,1030446048,151250.6710,62893.4355,2.4049,1024,3
dsmem_loaded,12,0,1,1024,16384,0,0,42,9,2478100912,1030450176,151251.2764,62893.6875,2.4049,1024,4
dsmem_loaded,12,0,1,1024,16384,0,0,42,9,2478095707,1030447968,151250.9587,62893.5527,2.4049,1024,5
dsmem_loaded,12,0,1,1024,16384,0,0,42,9,2478099404,1030449536,151251.1843,62893.6484,2.4049,1024,6
dsmem_loaded,12,0,1,1024,16384,0,0,42,9,2478049592,1030428800,151248.1440,62892.3828,2.4049,1024,7
dsmem_loaded,12,0,1,1024,16384,0,0,42,9,2478043384,1030426208,151247.7651,62892.2246,2.4049,1024,8
dsmem_loaded,12,0,1,1024,16384,0,0,42,9,2478040700,1030425088,151247.6013,62892.1562,2.4049,1024,9
dsmem_loaded,12,0,1,1024,16384,0,0,42,9,2478043729,1030426368,151247.7862,62892.2344,2.4049,1024,10
dsmem_loaded,12,0,1,1024,16384,0,0,42,9,2478082355,1030442400,151250.1437,62893.2129,2.4049,1024,11
dsmem_loaded,12,0,1,1024,16384,0,0,42,9,2478008441,1030411712,151245.6324,62891.3398,2.4049,1024,12
dsmem_loaded,12,0,1,1024,16384,0,0,42,9,2478008441,1030411680,151245.6324,62891.3379,2.4049,1024,13
dsmem_loaded,12,0,1,1024,16384,0,0,42,9,2478011117,1030412768,151245.7957,62891.4043,2.4049,1024,14
dsmem_loaded,12,0,1,1024,16384,0,0,42,9,2478057524,1030432096,151248.6282,62892.5840,2.4049,1024,15
dsmem_loaded,12,0,1,1024,16384,0,0,42,9,2478064727,1030435104,151249.0678,62892.7676,2.4049,1024,16
dsmem_loaded,12,0,1,1024,16384,0,0,42,9,2478050615,1030429216,151248.2065,62892.4082,2.4049,1024,17
dsmem_loaded,12,0,1,1024,16384,0,0,42,9,2478035302,1030422848,151247.2719,62892.0195,2.4049,1024,18
dsmem_loaded,12,0,1,1024,16384,0,0,42,9,2478031278,1030421152,151247.0262,62891.9160,2.4049,1024,19
dsmem_loaded,12,0,1,1024,16384,0,0,42,9,2478011108,1030412768,151245.7952,62891.4043,2.4049,1024,20
dsmem_loaded,12,0,1,1024,16384,0,0,42,9,2478067751,1030436320,151249.2524,62892.8418,2.4049,1024,21
dsmem_loaded,12,0,1,1024,16384,0,0,42,9,2478041013,1030425216,151247.6204,62892.1641,2.4049,1024,22
dsmem_loaded,12,0,1,1024,16384,0,0,42,9,2478011278,1030412832,151245.8055,62891.4082,2.4049,1024,23
dsmem_loaded,12,0,1,1024,16384,0,0,42,9,2478011784,1030413056,151245.8364,62891.4219,2.4049,1024,24
dsmem_loaded,12,0,1,1024,16384,0,0,42,9,2478010771,1030412640,151245.7746,62891.3965,2.4049,1024,25
dsmem_loaded,12,0,1,1024,16384,0,0,42,9,2478048587,1030428352,151248.0827,62892.3555,2.4049,1024,26
dsmem_loaded,12,0,1,1024,16384,0,0,42,9,2478029758,1030420544,151246.9335,62891.8789,2.4049,1024,27
dsmem_loaded,12,0,1,1024,16384,0,0,42,9,2478063207,1030434432,151248.9750,62892.7266,2.4049,1024,28
dsmem_loaded,12,0,1,1024,16384,0,0,42,9,2478030106,1030420704,151246.9547,62891.8887,2.4049,1024,29
dsmem_loaded,12,0,1,1024,16384,0,0,42,9,2478008441,1030411648,151245.6324,62891.3359,2.4049,1024,30
dsmem_loaded,12,0,1,1024,16384,0,0,42,9,2478008441,1030411712,151245.6324,62891.3398,2.4049,1024,31
dsmem_loaded,12,0,1,1024,16384,0,0,42,9,2478088641,1030445024,151250.5274,62893.3730,2.4049,1024,32
dsmem_loaded,12,0,1,1024,16384,0,0,42,9,2478100253,1030449888,151251.2361,62893.6699,2.4049,1024,33
dsmem_loaded,12,0,1,1024,16384,0,0,42,9,2478100027,1030449760,151251.2224,62893.6621,2.4049,1024,34
dsmem_loaded,12,0,1,1024,16384,0,0,42,9,2478093514,1030447104,151250.8248,62893.5000,2.4049,1024,35
dsmem_loaded,12,0,1,1024,16384,0,0,42,9,2478057361,1030432032,151248.6182,62892.5801,2.4049,1024,36
dsmem_loaded,12,0,1,1024,16384,0,0,42,9,2478057858,1030432256,151248.6486,62892.5938,2.4049,1024,37
dsmem_loaded,12,0,1,1024,16384,0,0,42,9,2478043885,1030426432,151247.7957,62892.2383,2.4049,1024,38
dsmem_loaded,12,0,1,1024,16384,0,0,42,9,2478071640,1030437920,151249.4897,62892.9395,2.4049,1024,39
dsmem_loaded,12,0,1,1024,16384,0,0,42,9,2478012274,1030413248,151245.8663,62891.4336,2.4049,1024,40
dsmem_loaded,12,0,1,1024,16384,0,0,42,9,2478076518,1030439968,151249.7875,62893.0645,2.4049,1024,41
dsmem_loaded,12,0,1,1024,16384,0,0,42,9,2478080059,1030441504,151250.0036,62893.1582,2.4049,1024,42
dsmem_loaded,12,0,1,1024,16384,0,0,42,9,2478063036,1030434368,151248.9646,62892.7227,2.4049,1024,43
dsmem_loaded,12,0,1,1024,16384,0,0,42,9,2478057323,1030431968,151248.6159,62892.5762,2.4049,1024,44
dsmem_loaded,12,0,1,1024,16384,0,0,42,9,2478011436,1030412896,151245.8152,62891.4121,2.4049,1024,45
dsmem_loaded,12,0,1,1024,16384,0,0,42,9,2478026895,1030419328,151246.7587,62891.8047,2.4049,1024,46
dsmem_loaded,12,0,1,1024,16384,0,0,42,9,2478008441,1030411712,151245.6324,62891.3398,2.4049,1024,47
dsmem_loaded,12,0,1,1024,16384,0,0,42,9,2478049932,1030428928,151248.1648,62892.3906,2.4049,1024,48
dsmem_loaded,12,0,1,1024,16384,0,0,42,9,2478053296,1030430336,151248.3701,62892.4766,2.4049,1024,49
dsmem_loaded,12,0,1,1024,16384,0,0,42,9,2478030112,1030420704,151246.9551,62891.8887,2.4049,1024,50
dsmem_loaded,12,0,1,1024,16384,0,0,42,9,2478063042,1030434400,151248.9650,62892.7246,2.4049,1024,51
dsmem_loaded,12,0,1,1024,16384,0,0,42,9,2478049589,1030428800,151248.1439,62892.3828,2.4049,1024,52
dsmem_loaded,12,0,1,1024,16384,0,0,42,9,2478058663,1030432576,151248.6977,62892.6133,2.4049,1024,53
dsmem_loaded,12,0,1,1024,16384,0,0,42,9,2478012278,1030413248,151245.8666,62891.4336,2.4049,1024,54
dsmem_loaded,12,0,1,1024,16384,0,0,42,9,2478010600,1030412576,151245.7642,62891.3926,2.4049,1024,55
dsmem_loaded,12,0,1,1024,16384,0,0,42,9,2478049272,1030428640,151248.1245,62892.3730,2.4049,1024,56
dsmem_loaded,12,0,1,1024,16384,0,0,42,9,2478050440,1030429152,151248.1958,62892.4043,2.4049,1024,57
dsmem_loaded,12,0,1,1024,16384,0,0,42,9,2478050268,1030429056,151248.1853,62892.3984,2.4049,1024,58
dsmem_loaded,12,0,1,1024,16384,0,0,42,9,2478011950,1030413120,151245.8466,62891.4258,2.4049,1024,59
dsmem_loaded,12,0,1,1024,16384,0,0,42,9,2478008441,1030411648,151245.6324,62891.3359,2.4049,1024,60
dsmem_loaded,12,0,1,1024,16384,0,0,42,9,2478008441,1030411648,151245.6324,62891.3359,2.4049,1024,61
dsmem_loaded,12,0,1,1024,16384,0,0,42,9,2478008441,1030411680,151245.6324,62891.3379,2.4049,1024,62
dsmem_loaded,12,0,1,1024,16384,0,0,42,9,2478064046,1030434784,151249.0262,62892.7480,2.4049,1024,63
dsmem_loaded,12,0,1,1024,16384,0,0,42,9,2478089645,1030445472,151250.5887,62893.4004,2.4049,1024,64
dsmem_loaded,12,0,1,1024,16384,0,0,42,9,2478096207,1030448192,151250.9892,62893.5664,2.4049,1024,65
dsmem_loaded,12,0,1,1024,16384,0,0,42,9,2478098897,1030449312,151251.1534,62893.6348,2.4049,1024,66
dsmem_loaded,12,0,1,1024,16384,0,0,42,9,2478056338,1030431584,151248.5558,62892.5527,2.4049,1024,67
dsmem_loaded,12,0,1,1024,16384,0,0,42,9,2478056357,1030431616,151248.5569,62892.5547,2.4049,1024,68
dsmem_loaded,12,0,1,1024,16384,0,0,42,9,2478039852,1030424768,151247.5496,62892.1367,2.4049,1024,69
dsmem_loaded,12,0,1,1024,16384,0,0,42,9,2478072978,1030438496,151249.5714,62892.9746,2.4049,1024,70
dsmem_loaded,12,0,1,1024,16384,0,0,42,9,2478059360,1030432832,151248.7402,62892.6289,2.4049,1024,71
dsmem_loaded,12,0,1,1024,16384,0,0,42,9,2478071292,1030437792,151249.4685,62892.9316,2.4049,1024,72
dsmem_loaded,12,0,1,1024,16384,0,0,42,9,2478052648,1030430048,151248.3306,62892.4590,2.4049,1024,73
dsmem_loaded,12,0,1,1024,16384,0,0,42,9,2478082375,1030442400,151250.1450,62893.2129,2.4049,1024,74
dsmem_loaded,12,0,1,1024,16384,0,0,42,9,2478091173,1030446112,151250.6819,62893.4395,2.4049,1024,75
dsmem_loaded,12,0,1,1024,16384,0,0,42,9,2478091607,1030446240,151250.7084,62893.4473,2.4049,1024,76
dsmem_loaded,12,0,1,1024,16384,0,0,42,9,2478065230,1030435296,151249.0985,62892.7793,2.4049,1024,77
dsmem_loaded,12,0,1,1024,16384,0,0,42,9,2478076647,1030440000,151249.7953,62893.0664,2.4049,1024,78
dsmem_loaded,12,0,1,1024,16384,0,0,42,9,2478008442,1030411648,151245.6324,62891.3359,2.4049,1024,79
dsmem_loaded,12,0,1,1024,16384,0,0,42,9,2478040852,1030425152,151247.6106,62892.1602,2.4049,1024,80
dsmem_loaded,12,0,1,1024,16384,0,0,42,9,2478040503,1030425024,151247.5893,62892.1523,2.4049,1024,81
dsmem_loaded,12,0,1,1024,16384,0,0,42,9,2478039861,1030424768,151247.5501,62892.1367,2.4049,1024,82
dsmem_loaded,12,0,1,1024,16384,0,0,42,9,2478049080,1030428576,151248.1128,62892.3691,2.4049,1024,83
dsmem_loaded,12,0,1,1024,16384,0,0,42,9,2478008442,1030411648,151245.6324,62891.3359,2.4049,1024,84
dsmem_loaded,12,0,1,1024,16384,0,0,42,9,2478008442,1030411648,151245.6324,62891.3359,2.4049,1024,85
dsmem_loaded,12,0,1,1024,16384,0,0,42,9,2478011950,1030413120,151245.8466,62891.4258,2.4049,1024,86
dsmem_loaded,12,0,1,1024,16384,0,0,42,9,2478011109,1030412800,151245.7952,62891.4062,2.4049,1024,87
dsmem_loaded,12,0,1,1024,16384,0,0,42,9,2478030440,1030420864,151246.9751,62891.8984,2.4049,1024,88
dsmem_loaded,12,0,1,1024,16384,0,0,42,9,2478025052,1030418592,151246.6462,62891.7598,2.4049,1024,89
dsmem_loaded,12,0,1,1024,16384,0,0,42,9,2478010424,1030412512,151245.7534,62891.3887,2.4049,1024,90
dsmem_loaded,12,0,1,1024,16384,0,0,42,9,2478050941,1030429376,151248.2264,62892.4180,2.4049,1024,91
dsmem_loaded,12,0,1,1024,16384,0,0,42,9,2478010934,1030412704,151245.7845,62891.4004,2.4049,1024,92
dsmem_loaded,12,0,1,1024,16384,0,0,42,9,2478011440,1030412896,151245.8154,62891.4121,2.4049,1024,93
dsmem_loaded,12,0,1,1024,16384,0,0,42,9,2478008441,1030411712,151245.6324,62891.3398,2.4049,1024,94
dsmem_loaded,12,0,1,1024,16384,0,0,42,9,2478045232,1030426976,151247.8779,62892.2715,2.4049,1024,95
dsmem_loaded,12,0,1,1024,16384,0,0,42,9,2478081076,1030441888,151250.0657,62893.1816,2.4049,1024,96
dsmem_loaded,12,0,1,1024,16384,0,0,42,9,2478116208,1030456544,151252.2100,62894.0762,2.4049,1024,97
dsmem_loaded,12,0,1,1024,16384,0,0,42,9,2478095529,1030447904,151250.9478,62893.5488,2.4049,1024,98
dsmem_loaded,12,0,1,1024,16384,0,0,42,9,2478083092,1030442752,151250.1887,62893.2344,2.4049,1024,99
dsmem_loaded,12,0,1,1024,16384,0,0,42,9,2478075860,1030439712,151249.7473,62893.0488,2.4049,1024,100
dsmem_loaded,12,0,1,1024,16384,0,0,42,9,2478080561,1030441664,151250.0342,62893.1680,2.4049,1024,101
dsmem_loaded,12,0,1,1024,16384,0,0,42,9,2478076514,1030439968,151249.7872,62893.0645,2.4049,1024,102
dsmem_loaded,12,0,1,1024,16384,0,0,42,9,2478052956,1030430176,151248.3494,62892.4668,2.4049,1024,103
dsmem_loaded,12,0,1,1024,16384,0,0,42,9,2478060183,1030433184,151248.7905,62892.6504,2.4049,1024,104
dsmem_loaded,12,0,1,1024,16384,0,0,42,9,2478063710,1030434624,151249.0057,62892.7383,2.4049,1024,105
dsmem_loaded,12,0,1,1024,16384,0,0,42,9,2478091476,1030446208,151250.7004,62893.4453,2.4049,1024,106
dsmem_loaded,12,0,1,1024,16384,0,0,42,9,2478026745,1030419296,151246.7496,62891.8027,2.4049,1024,107
dsmem_loaded,12,0,1,1024,16384,0,0,42,9,2478008441,1030411680,151245.6324,62891.3379,2.4049,1024,108
dsmem_loaded,12,0,1,1024,16384,0,0,42,9,2478008441,1030411680,151245.6324,62891.3379,2.4049,1024,109
dsmem_loaded,12,0,1,1024,16384,0,0,42,9,2478010769,1030412640,151245.7745,62891.3965,2.4049,1024,110
dsmem_loaded,12,0,1,1024,16384,0,0,42,9,2478008442,1030411680,151245.6324,62891.3379,2.4049,1024,111
dsmem_loaded,12,0,1,1024,16384,0,0,42,9,2478067936,1030436416,151249.2637,62892.8477,2.4049,1024,112
dsmem_loaded,12,0,1,1024,16384,0,0,42,9,2478059500,1030432896,151248.7488,62892.6328,2.4049,1024,113
dsmem_loaded,12,0,1,1024,16384,0,0,42,9,2478082878,1030442624,151250.1757,62893.2266,2.4049,1024,114
dsmem_loaded,12,0,1,1024,16384,0,0,42,9,2478039545,1030424608,151247.5308,62892.1270,2.4049,1024,115
dsmem_loaded,12,0,1,1024,16384,0,0,42,9,2478073296,1030438656,151249.5908,62892.9844,2.4049,1024,116
dsmem_loaded,12,0,1,1024,16384,0,0,42,9,2478010768,1030412640,151245.7744,62891.3965,2.4049,1024,117
dsmem_loaded,12,0,1,1024,16384,0,0,42,9,2478010113,1030412352,151245.7344,62891.3789,2.4049,1024,118
dsmem_loaded,12,0,1,1024,16384,0,0,42,9,2478030089,1030420704,151246.9537,62891.8887,2.4049,1024,119
dsmem_loaded,12,0,1,1024,16384,0,0,42,9,2478011096,1030412736,151245.7944,62891.4023,2.4049,1024,120
dsmem_loaded,12,0,1,1024,16384,0,0,42,9,2478064232,1030434848,151249.0376,62892.7520,2.4049,1024,121
dsmem_loaded,12,0,1,1024,16384,0,0,42,9,2478068244,1030436512,151249.2825,62892.8535,2.4049,1024,122
dsmem_loaded,12,0,1,1024,16384,0,0,42,9,2478015315,1030414560,151246.0519,62891.5137,2.4049,1024,123
dsmem_loaded,12,0,1,1024,16384,0,0,42,9,2478010772,1030412608,151245.7747,62891.3945,2.4049,1024,124
dsmem_loaded,12,0,1,1024,16384,0,0,42,9,2478010606,1030412544,151245.7645,62891.3906,2.4049,1024,125
dsmem_loaded,12,0,1,1024,16384,0,0,42,9,2478008441,1030411680,151245.6324,62891.3379,2.4049,1024,126
dsmem_loaded,12,0,1,1024,16384,0,0,42,9,2478030607,1030420864,151246.9853,62891.8984,2.4049,1024,127
dsmem_loaded,12,0,1,1024,16384,0,0,42,9,2478098566,1030449184,151251.1332,62893.6270,2.4049,1024,128
dsmem_loaded,12,0,1,1024,16384,0,0,42,9,2478008441,1030411680,151245.6324,62891.3379,2.4049,1024,129
dsmem_loaded,12,0,1,1024,16384,0,0,42,9,2478089149,1030445280,151250.5584,62893.3887,2.4049,1024,130
dsmem_loaded,12,0,1,1024,16384,0,0,42,9,2478089799,1030445568,151250.5981,62893.4062,2.4049,1024,131
dsmem_loaded,12,0,1,1024,16384,0,0,42,9,2478071467,1030437856,151249.4792,62892.9355,2.4049,1024,132
dsmem_loaded,12,0,1,1024,16384,0,0,42,9,2478094875,1030447616,151250.9079,62893.5312,2.4049,1024,133
dsmem_loaded,12,0,1,1024,16384,0,0,42,9,2478056671,1030431744,151248.5761,62892.5625,2.4049,1024,134
dsmem_loaded,12,0,1,1024,16384,0,0,42,9,2478074998,1030439328,151249.6947,62893.0254,2.4049,1024,135
dsmem_loaded,12,0,1,1024,16384,0,0,42,9,2478008441,1030411680,151245.6324,62891.3379,2.4049,1024,136
dsmem_loaded,12,0,1,1024,16384,0,0,42,9,2478055328,1030431200,151248.4941,62892.5293,2.4049,1024,137
dsmem_loaded,12,0,1,1024,16384,0,0,42,9,2478059009,1030432672,151248.7188,62892.6191,2.4049,1024,138
dsmem_loaded,12,0,1,1024,16384,0,0,42,9,2478064896,1030435136,151249.0781,62892.7695,2.4049,1024,139
dsmem_loaded,12,0,1,1024,16384,0,0,42,9,2478063893,1030434720,151249.0169,62892.7441,2.4049,1024,140
dsmem_loaded,12,0,1,1024,16384,0,0,42,9,2478063055,1030434368,151248.9658,62892.7227,2.4049,1024,141
dsmem_loaded,12,0,1,1024,16384,0,0,42,9,2478011950,1030413120,151245.8466,62891.4258,2.4049,1024,142
dsmem_loaded,12,0,1,1024,16384,0,0,42,9,2478008441,1030411712,151245.6324,62891.3398,2.4049,1024,143
dsmem_loaded,12,0,1,1024,16384,0,0,42,9,2478066071,1030435680,151249.1498,62892.8027,2.4049,1024,144
dsmem_loaded,12,0,1,1024,16384,0,0,42,9,2478097500,1030448704,151251.0681,62893.5977,2.4049,1024,145
dsmem_loaded,12,0,1,1024,16384,0,0,42,9,2478050944,1030429376,151248.2266,62892.4180,2.4049,1024,146
dsmem_loaded,12,0,1,1024,16384,0,0,42,9,2478066070,1030435648,151249.1498,62892.8008,2.4049,1024,147
dsmem_loaded,12,0,1,1024,16384,0,0,42,9,2478065390,1030435360,151249.1083,62892.7832,2.4049,1024,148
dsmem_loaded,12,0,1,1024,16384,0,0,42,9,2478041518,1030425408,151247.6512,62892.1758,2.4049,1024,149
dsmem_loaded,12,0,1,1024,16384,0,0,42,9,2478050946,1030429376,151248.2267,62892.4180,2.4049,1024,150
dsmem_loaded,12,0,1,1024,16384,0,0,42,9,2478011786,1030413056,151245.8365,62891.4219,2.4049,1024,151
dsmem_loaded,12,0,1,1024,16384,0,0,42,9,2478011277,1030412832,151245.8055,62891.4082,2.4049,1024,152
dsmem_loaded,12,0,1,1024,16384,0,0,42,9,2478030451,1030420864,151246.9758,62891.8984,2.4049,1024,153
dsmem_loaded,12,0,1,1024,16384,0,0,42,9,2478049930,1030428960,151248.1647,62892.3926,2.4049,1024,154
dsmem_loaded,12,0,1,1024,16384,0,0,42,9,2478065554,1030435392,151249.1183,62892.7852,2.4049,1024,155
dsmem_loaded,12,0,1,1024,16384,0,0,42,9,2478011785,1030413024,151245.8365,62891.4199,2.4049,1024,156
dsmem_loaded,12,0,1,1024,16384,0,0,42,9,2478011284,1030412832,151245.8059,62891.4082,2.4049,1024,157
dsmem_loaded,12,0,1,1024,16384,0,0,42,9,2478008441,1030411648,151245.6324,62891.3359,2.4049,1024,158
dsmem_loaded,12,0,1,1024,16384,0,0,42,9,2478010938,1030412704,151245.7848,62891.4004,2.4049,1024,159
dsmem_loaded,12,0,1,1024,16384,0,0,42,9,2478063045,1030434336,151248.9651,62892.7207,2.4049,1024,160
dsmem_loaded,12,0,1,1024,16384,0,0,42,9,2478100584,1030450016,151251.2563,62893.6777,2.4049,1024,161
dsmem_loaded,12,0,1,1024,16384,0,0,42,9,2478008441,1030411680,151245.6324,62891.3379,2.4049,1024,162
dsmem_loaded,12,0,1,1024,16384,0,0,42,9,2478074667,1030439200,151249.6745,62893.0176,2.4049,1024,163
dsmem_loaded,12,0,1,1024,16384,0,0,42,9,2478089307,1030445344,151250.5681,62893.3926,2.4049,1024,164
dsmem_loaded,12,0,1,1024,16384,0,0,42,9,2478059877,1030433088,151248.7718,62892.6445,2.4049,1024,165
dsmem_loaded,12,0,1,1024,16384,0,0,42,9,2478049290,1030428672,151248.1256,62892.3750,2.4049,1024,166
dsmem_loaded,12,0,1,1024,16384,0,0,42,9,2478103939,1030451424,151251.4611,62893.7637,2.4049,1024,167
dsmem_loaded,12,0,1,1024,16384,0,0,42,9,2478058699,1030432544,151248.6999,62892.6113,2.4049,1024,168
dsmem_loaded,12,0,1,1024,16384,0,0,42,9,2478064581,1030434976,151249.0589,62892.7598,2.4049,1024,169
dsmem_loaded,12,0,1,1024,16384,0,0,42,9,2478084769,1030443424,151250.2911,62893.2754,2.4049,1024,170
dsmem_loaded,12,0,1,1024,16384,0,0,42,9,2478081023,1030441824,151250.0624,62893.1777,2.4049,1024,171
dsmem_loaded,12,0,1,1024,16384,0,0,42,9,2478008441,1030411680,151245.6324,62891.3379,2.4049,1024,172
dsmem_loaded,12,0,1,1024,16384,0,0,42,9,2478008441,1030411680,151245.6324,62891.3379,2.4049,1024,173
dsmem_loaded,12,0,1,1024,16384,0,0,42,9,2478059007,1030432672,151248.7187,62892.6191,2.4049,1024,174
dsmem_loaded,12,0,1,1024,16384,0,0,42,9,2478008441,1030411680,151245.6324,62891.3379,2.4049,1024,175
dsmem_loaded,12,0,1,1024,16384,0,0,42,9,2478045237,1030426976,151247.8782,62892.2715,2.4049,1024,176
dsmem_loaded,12,0,1,1024,16384,0,0,42,9,2478072115,1030438176,151249.5187,62892.9551,2.4049,1024,177
dsmem_loaded,12,0,1,1024,16384,0,0,42,9,2478049926,1030428928,151248.1644,62892.3906,2.4049,1024,178
dsmem_loaded,12,0,1,1024,16384,0,0,42,9,2478045217,1030426976,151247.8770,62892.2715,2.4049,1024,179
dsmem_loaded,12,0,1,1024,16384,0,0,42,9,2478067248,1030436160,151249.2217,62892.8320,2.4049,1024,180
dsmem_loaded,12,0,1,1024,16384,0,0,42,9,2478011278,1030412864,151245.8055,62891.4102,2.4049,1024,181
dsmem_loaded,12,0,1,1024,16384,0,0,42,9,2478048424,1030428320,151248.0728,62892.3535,2.4049,1024,182
dsmem_loaded,12,0,1,1024,16384,0,0,42,9,2478010940,1030412704,151245.7849,62891.4004,2.4049,1024,183
dsmem_loaded,12,0,1,1024,16384,0,0,42,9,2478029262,1030420352,151246.9032,62891.8672,2.4049,1024,184
dsmem_loaded,12,0,1,1024,16384,0,0,42,9,2478077490,1030440352,151249.8468,62893.0879,2.4049,1024,185
dsmem_loaded,12,0,1,1024,16384,0,0,42,9,2478048260,1030428256,151248.0627,62892.3496,2.4049,1024,186
dsmem_loaded,12,0,1,1024,16384,0,0,42,9,2478063374,1030434496,151248.9852,62892.7305,2.4049,1024,187
dsmem_loaded,12,0,1,1024,16384,0,0,42,9,2478011948,1030413120,151245.8464,62891.4258,2.4049,1024,188
dsmem_loaded,12,0,1,1024,16384,0,0,42,9,2478010604,1030412608,151245.7644,62891.3945,2.4049,1024,189
dsmem_loaded,12,0,1,1024,16384,0,0,42,9,2478011771,1030413056,151245.8356,62891.4219,2.4049,1024,190
dsmem_loaded,12,0,1,1024,16384,0,0,42,9,2478011605,1030412992,151245.8255,62891.4180,2.4049,1024,191
dsmem_loaded,12,0,1,1024,16384,0,0,42,9,2478083075,1030442720,151250.1877,62893.2324,2.4049,1024,192
dsmem_loaded,12,0,1,1024,16384,0,0,42,9,2478010424,1030412480,151245.7534,62891.3867,2.4049,1024,193
dsmem_loaded,12,0,1,1024,16384,0,0,42,9,2478124583,1030459968,151252.7211,62894.2852,2.4049,1024,194
dsmem_loaded,12,0,1,1024,16384,0,0,42,9,2478086109,1030444000,151250.3729,62893.3105,2.4049,1024,195
dsmem_loaded,12,0,1,1024,16384,0,0,42,9,2478064551,1030435040,151249.0571,62892.7637,2.4049,1024,196
dsmem_loaded,12,0,1,1024,16384,0,0,42,9,2478108990,1030453536,151251.7694,62893.8926,2.4049,1024,197
dsmem_loaded,12,0,1,1024,16384,0,0,42,9,2478034466,1030422464,151247.2208,62891.9961,2.4049,1024,198
dsmem_loaded,12,0,1,1024,16384,0,0,42,9,2478040725,1030425088,151247.6028,62892.1562,2.4049,1024,199
dsmem_loaded,12,0,1,1024,16384,0,0,42,9,2478104101,1030451456,151251.4710,62893.7656,2.4049,1024,200
dsmem_loaded,12,0,1,1024,16384,0,0,42,9,2478074822,1030439264,151249.6840,62893.0215,2.4049,1024,201
dsmem_loaded,12,0,1,1024,16384,0,0,42,9,2478081062,1030441888,151250.0648,62893.1816,2.4049,1024,202
dsmem_loaded,12,0,1,1024,16384,0,0,42,9,2478030610,1030420896,151246.9855,62891.9004,2.4049,1024,203
dsmem_loaded,12,0,1,1024,16384,0,0,42,9,2478010766,1030412640,151245.7743,62891.3965,2.4049,1024,204
dsmem_loaded,12,0,1,1024,16384,0,0,42,9,2478091312,1030446112,151250.6904,62893.4395,2.4049,1024,205
dsmem_loaded,12,0,1,1024,16384,0,0,42,9,2478034805,1030422656,151247.2415,62892.0078,2.4049,1024,206
dsmem_loaded,12,0,1,1024,16384,0,0,42,9,2478008441,1030411648,151245.6324,62891.3359,2.4049,1024,207
dsmem_loaded,12,0,1,1024,16384,0,0,42,9,2478064061,1030434784,151249.0272,62892.7480,2.4049,1024,208
dsmem_loaded,12,0,1,1024,16384,0,0,42,9,2478084053,1030443104,151250.2474,62893.2559,2.4049,1024,209
dsmem_loaded,12,0,1,1024,16384,0,0,42,9,2478040174,1030424864,151247.5692,62892.1426,2.4049,1024,210
dsmem_loaded,12,0,1,1024,16384,0,0,42,9,2478029260,1030420352,151246.9031,62891.8672,2.4049,1024,211
dsmem_loaded,12,0,1,1024,16384,0,0,42,9,2478011783,1030413056,151245.8364,62891.4219,2.4049,1024,212
dsmem_loaded,12,0,1,1024,16384,0,0,42,9,2478012109,1030413184,151245.8563,62891.4297,2.4049,1024,213
dsmem_loaded,12,0,1,1024,16384,0,0,42,9,2478010953,1030412704,151245.7857,62891.4004,2.4049,1024,214
dsmem_loaded,12,0,1,1024,16384,0,0,42,9,2478020871,1030416864,151246.3911,62891.6543,2.4049,1024,215
dsmem_loaded,12,0,1,1024,16384,0,0,42,9,2478008441,1030411680,151245.6324,62891.3379,2.4049,1024,216
dsmem_loaded,12,0,1,1024,16384,0,0,42,9,2478068083,1030436480,151249.2726,62892.8516,2.4049,1024,217
dsmem_loaded,12,0,1,1024,16384,0,0,42,9,2478049261,1030428640,151248.1238,62892.3730,2.4049,1024,218
dsmem_loaded,12,0,1,1024,16384,0,0,42,9,2478026577,1030419264,151246.7393,62891.8008,2.4049,1024,219
dsmem_loaded,12,0,1,1024,16384,0,0,42,9,2478068263,1030436512,151249.2836,62892.8535,2.4049,1024,220
dsmem_loaded,12,0,1,1024,16384,0,0,42,9,2478008441,1030411712,151245.6324,62891.3398,2.4049,1024,221
dsmem_loaded,12,0,1,1024,16384,0,0,42,9,2478008441,1030411680,151245.6324,62891.3379,2.4049,1024,222
dsmem_loaded,12,0,1,1024,16384,0,0,42,9,2478030270,1030420736,151246.9647,62891.8906,2.4049,1024,223
dsmem_loaded,12,0,1,1024,16384,0,0,42,9,2478101082,1030450240,151251.2867,62893.6914,2.4049,1024,224
dsmem_loaded,12,0,1,1024,16384,0,0,42,9,2478115028,1030456000,151252.1379,62894.0430,2.4049,1024,225
dsmem_loaded,12,0,1,1024,16384,0,0,42,9,2478031113,1030421088,151247.0162,62891.9121,2.4049,1024,226
dsmem_loaded,12,0,1,1024,16384,0,0,42,9,2478062387,1030434144,151248.9250,62892.7090,2.4049,1024,227
dsmem_loaded,12,0,1,1024,16384,0,0,42,9,2478111144,1030454368,151251.9009,62893.9434,2.4049,1024,228
dsmem_loaded,12,0,1,1024,16384,0,0,42,9,2478087098,1030444384,151250.4332,62893.3340,2.4049,1024,229
dsmem_loaded,12,0,1,1024,16384,0,0,42,9,2478082251,1030442400,151250.1374,62893.2129,2.4049,1024,230
dsmem_loaded,12,0,1,1024,16384,0,0,42,9,2478089652,1030445472,151250.5891,62893.4004,2.4049,1024,231
dsmem_loaded,12,0,1,1024,16384,0,0,42,9,2478071983,1030438080,151249.5107,62892.9492,2.4049,1024,232
dsmem_loaded,12,0,1,1024,16384,0,0,42,9,2478099188,1030449408,151251.1711,62893.6406,2.4049,1024,233
dsmem_loaded,12,0,1,1024,16384,0,0,42,9,2478038877,1030424352,151247.4901,62892.1113,2.4049,1024,234
dsmem_loaded,12,0,1,1024,16384,0,0,42,9,2478073301,1030438624,151249.5911,62892.9824,2.4049,1024,235
dsmem_loaded,12,0,1,1024,16384,0,0,42,9,2478008441,1030411712,151245.6324,62891.3398,2.4049,1024,236
dsmem_loaded,12,0,1,1024,16384,0,0,42,9,2478008441,1030411712,151245.6324,62891.3398,2.4049,1024,237
dsmem_loaded,12,0,1,1024,16384,0,0,42,9,2478008441,1030411680,151245.6324,62891.3379,2.4049,1024,238
dsmem_loaded,12,0,1,1024,16384,0,0,42,9,2478011605,1030412992,151245.8255,62891.4180,2.4049,1024,239
dsmem_loaded,12,0,1,1024,16384,0,0,42,9,2478064566,1030435008,151249.0580,62892.7617,2.4049,1024,240
dsmem_loaded,12,0,1,1024,16384,0,0,42,9,2478105400,1030452000,151251.5503,62893.7988,2.4049,1024,241
dsmem_loaded,12,0,1,1024,16384,0,0,42,9,2478031112,1030421120,151247.0161,62891.9141,2.4049,1024,242
dsmem_loaded,12,0,1,1024,16384,0,0,42,9,2478047416,1030427872,151248.0112,62892.3262,2.4049,1024,243
dsmem_loaded,12,0,1,1024,16384,0,0,42,9,2478067738,1030436320,151249.2516,62892.8418,2.4049,1024,244
dsmem_loaded,12,0,1,1024,16384,0,0,42,9,2478052114,1030429856,151248.2980,62892.4473,2.4049,1024,245
dsmem_loaded,12,0,1,1024,16384,0,0,42,9,2478024399,1030418336,151246.6064,62891.7441,2.4049,1024,246
dsmem_loaded,12,0,1,1024,16384,0,0,42,9,2478008442,1030411680,151245.6324,62891.3379,2.4049,1024,247
dsmem_loaded,12,0,1,1024,16384,0,0,42,9,2478010602,1030412544,151245.7643,62891.3906,2.4049,1024,248
dsmem_loaded,12,0,1,1024,16384,0,0,42,9,2478011276,1030412832,151245.8054,62891.4082,2.4049,1024,249
dsmem_loaded,12,0,1,1024,16384,0,0,42,9,2478020361,1030416640,151246.3599,62891.6406,2.4049,1024,250
dsmem_loaded,12,0,1,1024,16384,0,0,42,9,2478053121,1030430240,151248.3594,62892.4707,2.4049,1024,251
dsmem_loaded,12,0,1,1024,16384,0,0,42,9,2478010952,1030412704,151245.7856,62891.4004,2.4049,1024,252
dsmem_loaded,12,0,1,1024,16384,0,0,42,9,2478011113,1030412768,151245.7955,62891.4043,2.4049,1024,253
dsmem_loaded,12,0,1,1024,16384,0,0,42,9,2478029771,1030420544,151246.9343,62891.8789,2.4049,1024,254
dsmem_loaded,12,0,1,1024,16384,0,0,42,9,2478043212,1030426112,151247.7546,62892.2188,2.4049,1024,255
dsmem_loaded,12,0,1,1024,16384,0,0,42,9,2478095833,1030448032,151250.9664,62893.5566,2.4049,1024,256
dsmem_loaded,12,0,1,1024,16384,0,0,42,9,2478090838,1030445952,151250.6615,62893.4297,2.4049,1024,257
dsmem_loaded,12,0,1,1024,16384,0,0,42,9,2478104265,1030451520,151251.4810,62893.7695,2.4049,1024,258
dsmem_loaded,12,0,1,1024,16384,0,0,42,9,2478081063,1030441888,151250.0649,62893.1816,2.4049,1024,259
dsmem_loaded,12,0,1,1024,16384,0,0,42,9,2478025904,1030418944,151246.6982,62891.7812,2.4049,1024,260
dsmem_loaded,12,0,1,1024,16384,0,0,42,9,2478081713,1030442144,151250.1046,62893.1973,2.4049,1024,261
dsmem_loaded,12,0,1,1024,16384,0,0,42,9,2478085924,1030443904,151250.3616,62893.3047,2.4049,1024,262
dsmem_loaded,12,0,1,1024,16384,0,0,42,9,2478038519,1030424192,151247.4682,62892.1016,2.4049,1024,263
dsmem_loaded,12,0,1,1024,16384,0,0,42,9,2478095207,1030447776,151250.9282,62893.5410,2.4049,1024,264
dsmem_loaded,12,0,1,1024,16384,0,0,42,9,2478063207,1030434464,151248.9750,62892.7285,2.4049,1024,265
dsmem_loaded,12,0,1,1024,16384,0,0,42,9,2478090776,1030445888,151250.6577,62893.4258,2.4049,1024,266
dsmem_loaded,12,0,1,1024,16384,0,0,42,9,2478026737,1030419264,151246.7491,62891.8008,2.4049,1024,267
dsmem_loaded,12,0,1,1024,16384,0,0,42,9,2478008441,1030411648,151245.6324,62891.3359,2.4049,1024,268
dsmem_loaded,12,0,1,1024,16384,0,0,42,9,2478008441,1030411712,151245.6324,62891.3398,2.4049,1024,269
dsmem_loaded,12,0,1,1024,16384,0,0,42,9,2478012114,1030413184,151245.8566,62891.4297,2.4049,1024,270
dsmem_loaded,12,0,1,1024,16384,0,0,42,9,2478008441,1030411680,151245.6324,62891.3379,2.4049,1024,271
dsmem_loaded,12,0,1,1024,16384,0,0,42,9,2478086579,1030444160,151250.4016,62893.3203,2.4049,1024,272
dsmem_loaded,12,0,1,1024,16384,0,0,42,9,2478010786,1030412640,151245.7755,62891.3965,2.4049,1024,273
dsmem_loaded,12,0,1,1024,16384,0,0,42,9,2478087744,1030444672,151250.4727,62893.3516,2.4049,1024,274
dsmem_loaded,12,0,1,1024,16384,0,0,42,9,2478021688,1030417152,151246.4409,62891.6719,2.4049,1024,275
dsmem_loaded,12,0,1,1024,16384,0,0,42,9,2478015652,1030414656,151246.0725,62891.5195,2.4049,1024,276
dsmem_loaded,12,0,1,1024,16384,0,0,42,9,2478067575,1030436288,151249.2416,62892.8398,2.4049,1024,277
dsmem_loaded,12,0,1,1024,16384,0,0,42,9,2478067920,1030436416,151249.2627,62892.8477,2.4049,1024,278
dsmem_loaded,12,0,1,1024,16384,0,0,42,9,2478025892,1030418944,151246.6975,62891.7812,2.4049,1024,279
dsmem_loaded,12,0,1,1024,16384,0,0,42,9,2478025744,1030418880,151246.6885,62891.7773,2.4049,1024,280
dsmem_loaded,12,0,1,1024,16384,0,0,42,9,2478073461,1030438720,151249.6009,62892.9883,2.4049,1024,281
dsmem_loaded,12,0,1,1024,16384,0,0,42,9,2478010771,1030412608,151245.7746,62891.3945,2.4049,1024,282
dsmem_loaded,12,0,1,1024,16384,0,0,42,9,2478029613,1030420480,151246.9246,62891.8750,2.4049,1024,283
dsmem_loaded,12,0,1,1024,16384,0,0,42,9,2478010957,1030412704,151245.7859,62891.4004,2.4049,1024,284
dsmem_loaded,12,0,1,1024,16384,0,0,42,9,2478011276,1030412864,151245.8054,62891.4102,2.4049,1024,285
dsmem_loaded,12,0,1,1024,16384,0,0,42,9,2478008441,1030411744,151245.6324,62891.3418,2.4049,1024,286
dsmem_loaded,12,0,1,1024,16384,0,0,42,9,2478031102,1030421120,151247.0155,62891.9141,2.4049,1024,287
dsmem_loaded,12,0,1,1024,16384,0,0,42,9,2478062239,1030434048,151248.9160,62892.7031,2.4049,1024,288
dsmem_loaded,12,0,1,1024,16384,0,0,42,9,2478091825,1030446336,151250.7217,62893.4531,2.4049,1024,289
dsmem_loaded,12,0,1,1024,16384,0,0,42,9,2478008441,1030411680,151245.6324,62891.3379,2.4049,1024,290
dsmem_loaded,12,0,1,1024,16384,0,0,42,9,2478011606,1030412992,151245.8256,62891.4180,2.4049,1024,291
dsmem_loaded,12,0,1,1024,16384,0,0,42,9,2478048295,1030428256,151248.0649,62892.3496,2.4049,1024,292
dsmem_loaded,12,0,1,1024,16384,0,0,42,9,2478088133,1030444832,151250.4964,62893.3613,2.4049,1024,293
dsmem_loaded,12,0,1,1024,16384,0,0,42,9,2478107805,1030452992,151251.6971,62893.8594,2.4049,1024,294
dsmem_loaded,12,0,1,1024,16384,0,0,42,9,2478098888,1030449312,151251.1528,62893.6348,2.4049,1024,295
dsmem_loaded,12,0,1,1024,16384,0,0,42,9,2478030946,1030421024,151247.0060,62891.9082,2.4049,1024,296
dsmem_loaded,12,0,1,1024,16384,0,0,42,9,2478077839,1030440512,151249.8681,62893.0977,2.4049,1024,297
dsmem_loaded,12,0,1,1024,16384,0,0,42,9,2478091305,1030446144,151250.6900,62893.4414,2.4049,1024,298
dsmem_loaded,12,0,1,1024,16384,0,0,42,9,2478106110,1030452288,151251.5936,62893.8164,2.4049,1024,299
dsmem_loaded,12,0,1,1024,16384,0,0,42,9,2478008441,1030411680,151245.6324,62891.3379,2.4049,1024,300
dsmem_loaded,12,0,1,1024,16384,0,0,42,9,2478008441,1030411680,151245.6324,62891.3379,2.4049,1024,301
dsmem_loaded,12,0,1,1024,16384,0,0,42,9,2478096341,1030448224,151250.9974,62893.5684,2.4049,1024,302
dsmem_loaded,12,0,1,1024,16384,0,0,42,9,2478082587,1030442528,151250.1579,62893.2207,2.4049,1024,303
dsmem_loaded,12,0,1,1024,16384,0,0,42,9,2478015481,1030414592,151246.0621,62891.5156,2.4049,1024,304
dsmem_loaded,12,0,1,1024,16384,0,0,42,9,2478083211,1030442784,151250.1960,62893.2363,2.4049,1024,305
dsmem_loaded,12,0,1,1024,16384,0,0,42,9,2478011784,1030413056,151245.8364,62891.4219,2.4049,1024,306
dsmem_loaded,12,0,1,1024,16384,0,0,42,9,2478091629,1030446272,151250.7098,62893.4492,2.4049,1024,307
dsmem_loaded,12,0,1,1024,16384,0,0,42,9,2478026237,1030419104,151246.7186,62891.7910,2.4049,1024,308
dsmem_loaded,12,0,1,1024,16384,0,0,42,9,2478011948,1030413152,151245.8464,62891.4277,2.4049,1024,309
dsmem_loaded,12,0,1,1024,16384,0,0,42,9,2478012109,1030413184,151245.8563,62891.4297,2.4049,1024,310
dsmem_loaded,12,0,1,1024,16384,0,0,42,9,2478067406,1030436192,151249.2313,62892.8340,2.4049,1024,311
dsmem_loaded,12,0,1,1024,16384,0,0,42,9,2478019863,1030416448,151246.3295,62891.6289,2.4049,1024,312
dsmem_loaded,12,0,1,1024,16384,0,0,42,9,2478012141,1030413216,151245.8582,62891.4316,2.4049,1024,313
dsmem_loaded,12,0,1,1024,16384,0,0,42,9,2478010425,1030412480,151245.7535,62891.3867,2.4049,1024,314
dsmem_loaded,12,0,1,1024,16384,0,0,42,9,2478012970,1030413536,151245.9088,62891.4512,2.4049,1024,315
dsmem_loaded,12,0,1,1024,16384,0,0,42,9,2478025725,1030418880,151246.6873,62891.7773,2.4049,1024,316
dsmem_loaded,12,0,1,1024,16384,0,0,42,9,2478011113,1030412768,151245.7955,62891.4043,2.4049,1024,317
dsmem_loaded,12,0,1,1024,16384,0,0,42,9,2478010763,1030412672,151245.7741,62891.3984,2.4049,1024,318
dsmem_loaded,12,0,1,1024,16384,0,0,42,9,2478008441,1030411648,151245.6324,62891.3359,2.4049,1024,319
dsmem_loaded,12,0,1,1024,16384,0,0,42,9,2478010100,1030412352,151245.7336,62891.3789,2.4049,1024,320
dsmem_loaded,12,0,1,1024,16384,0,0,42,9,2478077378,1030440384,151249.8400,62893.0898,2.4049,1024,321
dsmem_loaded,12,0,1,1024,16384,0,0,42,9,2478098521,1030449120,151251.1304,62893.6230,2.4049,1024,322
dsmem_loaded,12,0,1,1024,16384,0,0,42,9,2478099723,1030449664,151251.2038,62893.6562,2.4049,1024,323
dsmem_loaded,12,0,1,1024,16384,0,0,42,9,2478076184,1030439872,151249.7671,62893.0586,2.4049,1024,324
dsmem_loaded,12,0,1,1024,16384,0,0,42,9,2478057869,1030432256,151248.6492,62892.5938,2.4049,1024,325
dsmem_loaded,12,0,1,1024,16384,0,0,42,9,2478102257,1030450720,151251.3585,62893.7207,2.4049,1024,326
dsmem_loaded,12,0,1,1024,16384,0,0,42,9,2478080541,1030441632,151250.0330,62893.1660,2.4049,1024,327
dsmem_loaded,12,0,1,1024,16384,0,0,42,9,2478103242,1030451104,151251.4186,62893.7441,2.4049,1024,328
dsmem_loaded,12,0,1,1024,16384,0,0,42,9,2478043561,1030426240,151247.7759,62892.2266,2.4049,1024,329
dsmem_loaded,12,0,1,1024,16384,0,0,42,9,2478073675,1030438816,151249.6140,62892.9941,2.4049,1024,330
dsmem_loaded,12,0,1,1024,16384,0,0,42,9,2478079014,1030441024,151249.9398,62893.1289,2.4049,1024,331
dsmem_loaded,12,0,1,1024,16384,0,0,42,9,2478071635,1030437920,151249.4894,62892.9395,2.4049,1024,332
dsmem_loaded,12,0,1,1024,16384,0,0,42,9,2478010422,1030412480,151245.7533,62891.3867,2.4049,1024,333
dsmem_loaded,12,0,1,1024,16384,0,0,42,9,2478008441,1030411648,151245.6324,62891.3359,2.4049,1024,334
dsmem_loaded,12,0,1,1024,16384,0,0,42,9,2478079183,1030441056,151249.9501,62893.1309,2.4049,1024,335
dsmem_loaded,12,0,1,1024,16384,0,0,42,9,2478083892,1030443040,151250.2375,62893.2520,2.4049,1024,336
dsmem_loaded,12,0,1,1024,16384,0,0,42,9,2478049434,1030428736,151248.1344,62892.3789,2.4049,1024,337
dsmem_loaded,12,0,1,1024,16384,0,0,42,9,2478093144,1030446912,151250.8022,62893.4883,2.4049,1024,338
dsmem_loaded,12,0,1,1024,16384,0,0,42,9,2478046405,1030427456,151247.9495,62892.3008,2.4049,1024,339
dsmem_loaded,12,0,1,1024,16384,0,0,42,9,2478069766,1030437152,151249.3754,62892.8926,2.4049,1024,340
dsmem_loaded,12,0,1,1024,16384,0,0,42,9,2478008442,1030411648,151245.6324,62891.3359,2.4049,1024,341
dsmem_loaded,12,0,1,1024,16384,0,0,42,9,2478010264,1030412448,151245.7437,62891.3848,2.4049,1024,342
dsmem_loaded,12,0,1,1024,16384,0,0,42,9,2478008441,1030411680,151245.6324,62891.3379,2.4049,1024,343
dsmem_loaded,12,0,1,1024,16384,0,0,42,9,2478011600,1030412992,151245.8252,62891.4180,2.4049,1024,344
dsmem_loaded,12,0,1,1024,16384,0,0,42,9,2478056313,1030431584,151248.5543,62892.5527,2.4049,1024,345
dsmem_loaded,12,0,1,1024,16384,0,0,42,9,2478074311,1030439072,151249.6528,62893.0098,2.4049,1024,346
dsmem_loaded,12,0,1,1024,16384,0,0,42,9,2478012119,1030413216,151245.8569,62891.4316,2.4049,1024,347
dsmem_loaded,12,0,1,1024,16384,0,0,42,9,2478008441,1030411680,151245.6324,62891.3379,2.4049,1024,348
dsmem_loaded,12,0,1,1024,16384,0,0,42,9,2478044894,1030426880,151247.8573,62892.2656,2.4049,1024,349
dsmem_loaded,12,0,1,1024,16384,0,0,42,9,2478010934,1030412704,151245.7845,62891.4004,2.4049,1024,350
dsmem_loaded,12,0,1,1024,16384,0,0,42,9,2478011447,1030412896,151245.8159,62891.4121,2.4049,1024,351
dsmem_loaded,12,0,1,1024,16384,0,0,42,10,2477558614,1030225152,151218.1771,62879.9531,2.4049,1024,0
dsmem_loaded,12,0,1,1024,16384,0,0,42,10,2477561995,1030226560,151218.3835,62880.0391,2.4049,1024,1
dsmem_loaded,12,0,1,1024,16384,0,0,42,10,2477487303,1030195520,151213.8246,62878.1445,2.4049,1024,2
dsmem_loaded,12,0,1,1024,16384,0,0,42,10,2477570563,1030230112,151218.9064,62880.2559,2.4049,1024,3
dsmem_loaded,12,0,1,1024,16384,0,0,42,10,2477538265,1030216704,151216.9351,62879.4375,2.4049,1024,4
dsmem_loaded,12,0,1,1024,16384,0,0,42,10,2477497576,1030199808,151214.4517,62878.4062,2.4049,1024,5
dsmem_loaded,12,0,1,1024,16384,0,0,42,10,2477542700,1030218528,151217.2058,62879.5488,2.4049,1024,6
dsmem_loaded,12,0,1,1024,16384,0,0,42,10,2477581467,1030234688,151219.5720,62880.5352,2.4049,1024,7
dsmem_loaded,12,0,1,1024,16384,0,0,42,10,2477571853,1030230656,151218.9852,62880.2891,2.4049,1024,8
dsmem_loaded,12,0,1,1024,16384,0,0,42,10,2477591011,1030238688,151220.1545,62880.7793,2.4049,1024,9
dsmem_loaded,12,0,1,1024,16384,0,0,42,10,2477501105,1030201248,151214.6671,62878.4941,2.4049,1024,10
dsmem_loaded,12,0,1,1024,16384,0,0,42,10,2477505968,1030203296,151214.9639,62878.6191,2.4049,1024,11
dsmem_loaded,12,0,1,1024,16384,0,0,42,10,2477489529,1030196480,151213.9605,62878.2031,2.4049,1024,12
dsmem_loaded,12,0,1,1024,16384,0,0,42,10,2477496571,1030199328,151214.3903,62878.3770,2.4049,1024,13
dsmem_loaded,12,0,1,1024,16384,0,0,42,10,2477463792,1030185728,151212.3896,62877.5469,2.4049,1024,14
dsmem_loaded,12,0,1,1024,16384,0,0,42,10,2477517229,1030207968,151215.6512,62878.9043,2.4049,1024,15
dsmem_loaded,12,0,1,1024,16384,0,0,42,10,2477574224,1030231680,151219.1299,62880.3516,2.4049,1024,16
dsmem_loaded,12,0,1,1024,16384,0,0,42,10,2477548844,1030221088,151217.5808,62879.7051,2.4049,1024,17
dsmem_loaded,12,0,1,1024,16384,0,0,42,10,2477484810,1030194464,151213.6725,62878.0801,2.4049,1024,18
dsmem_loaded,12,0,1,1024,16384,0,0,42,10,2477553212,1030222944,151217.8474,62879.8184,2.4049,1024,19
dsmem_loaded,12,0,1,1024,16384,0,0,42,10,2477492032,1030197472,151214.1133,62878.2637,2.4049,1024,20
dsmem_loaded,12,0,1,1024,16384,0,0,42,10,2477489529,1030196448,151213.9605,62878.2012,2.4049,1024,21
dsmem_loaded,12,0,1,1024,16384,0,0,42,10,2477464307,1030185952,151212.4211,62877.5605,2.4049,1024,22
dsmem_loaded,12,0,1,1024,16384,0,0,42,10,2477540253,1030217536,151217.0565,62879.4883,2.4049,1024,23
dsmem_loaded,12,0,1,1024,16384,0,0,42,10,2477536408,1030215936,151216.8218,62879.3906,2.4049,1024,24
dsmem_loaded,12,0,1,1024,16384,0,0,42,10,2477511193,1030205440,151215.2828,62878.7500,2.4049,1024,25
dsmem_loaded,12,0,1,1024,16384,0,0,42,10,2477469005,1030187872,151212.7078,62877.6777,2.4049,1024,26
dsmem_loaded,12,0,1,1024,16384,0,0,42,10,2477489529,1030196448,151213.9605,62878.2012,2.4049,1024,27
dsmem_loaded,12,0,1,1024,16384,0,0,42,10,2477492184,1030197600,151214.1226,62878.2715,2.4049,1024,28
dsmem_loaded,12,0,1,1024,16384,0,0,42,10,2477549672,1030221408,151217.6313,62879.7246,2.4049,1024,29
dsmem_loaded,12,0,1,1024,16384,0,0,42,10,2477474899,1030190368,151213.0676,62877.8301,2.4049,1024,30
dsmem_loaded,12,0,1,1024,16384,0,0,42,10,2477493204,1030197984,151214.1848,62878.2949,2.4049,1024,31
dsmem_loaded,12,0,1,1024,16384,0,0,42,10,2477549833,1030221504,151217.6412,62879.7305,2.4049,1024,32
dsmem_loaded,12,0,1,1024,16384,0,0,42,10,2477540582,1030217664,151217.0765,62879.4961,2.4049,1024,33
dsmem_loaded,12,0,1,1024,16384,0,0,42,10,2477558415,1030225088,151218.1650,62879.9492,2.4049,1024,34
dsmem_loaded,12,0,1,1024,16384,0,0,42,10,2477496725,1030199392,151214.3997,62878.3809,2.4049,1024,35
dsmem_loaded,12,0,1,1024,16384,0,0,42,10,2477520252,1030209184,151215.8357,62878.9785,2.4049,1024,36
dsmem_loaded,12,0,1,1024,16384,0,0,42,10,2477481936,1030193280,151213.4971,62878.0078,2.4049,1024,37
dsmem_loaded,12,0,1,1024,16384,0,0,42,10,2477492528,1030197664,151214.1436,62878.2754,2.4049,1024,38
dsmem_loaded,12,0,1,1024,16384,0,0,42,10,2477505964,1030203296,151214.9636,62878.6191,2.4049,1024,39
dsmem_loaded,12,0,1,1024,16384,0,0,42,10,2477511187,1030205440,151215.2824,62878.7500,2.4049,1024,40
dsmem_loaded,12,0,1,1024,16384,0,0,42,10,2477493527,1030198144,151214.2045,62878.3047,2.4049,1024,41
dsmem_loaded,12,0,1,1024,16384,0,0,42,10,2477519433,1030208896,151215.7857,62878.9609,2.4049,1024,42
dsmem_loaded,12,0,1,1024,16384,0,0,42,10,2477552390,1030222592,151217.7972,62879.7969,2.4049,1024,43
dsmem_loaded,12,0,1,1024,16384,0,0,42,10,2477577509,1030233024,151219.3304,62880.4336,2.4049,1024,44
dsmem_loaded,12,0,1,1024,16384,0,0,42,10,2477502435,1030201792,151214.7482,62878.5273,2.4049,1024,45
dsmem_loaded,12,0,1,1024,16384,0,0,42,10,2477530184,1030213344,151216.4419,62879.2324,2.4049,1024,46
dsmem_loaded,12,0,1,1024,16384,0,0,42,10,2477489527,1030196416,151213.9604,62878.1992,2.4049,1024,47
dsmem_loaded,12,0,1,1024,16384,0,0,42,10,2477512041,1030205792,151215.3345,62878.7715,2.4049,1024,48
dsmem_loaded,12,0,1,1024,16384,0,0,42,10,2477491852,1030197408,151214.1023,62878.2598,2.4049,1024,49
dsmem_loaded,12,0,1,1024,16384,0,0,42,10,2477545135,1030219552,151217.3544,62879.6113,2.4049,1024,50
dsmem_loaded,12,0,1,1024,16384,0,0,42,10,2477502112,1030201664,151214.7285,62878.5195,2.4049,1024,51
dsmem_loaded,12,0,1,1024,16384,0,0,42,10,2477515052,1030207072,151215.5183,62878.8496,2.4049,1024,52
dsmem_loaded,12,0,1,1024,16384,0,0,42,10,2477491512,1030197248,151214.0815,62878.2500,2.4049,1024,53
dsmem_loaded,12,0,1,1024,16384,0,0,42,10,2477573873,1030231552,151219.1085,62880.3438,2.4049,1024,54
dsmem_loaded,12,0,1,1024,16384,0,0,42,10,2477473374,1030189696,151212.9745,62877.7891,2.4049,1024,55
dsmem_loaded,12,0,1,1024,16384,0,0,42,10,2477548867,1030221152,151217.5822,62879.7090,2.4049,1024,56
dsmem_loaded,12,0,1,1024,16384,0,0,42,10,2477540944,1030217792,151217.0986,62879.5039,2.4049,1024,57
dsmem_loaded,12,0,1,1024,16384,0,0,42,10,2477525487,1030211392,151216.1552,62879.1133,2.4049,1024,58
dsmem_loaded,12,0,1,1024,16384,0,0,42,10,2477485321,1030194720,151213.7037,62878.0957,2.4049,1024,59
dsmem_loaded,12,0,1,1024,16384,0,0,42,10,2477489529,1030196448,151213.9605,62878.2012,2.4049,1024,60
dsmem_loaded,12,0,1,1024,16384,0,0,42,10,2477489530,1030196448,151213.9606,62878.2012,2.4049,1024,61
dsmem_loaded,12,0,1,1024,16384,0,0,42,10,2477489529,1030196480,151213.9605,62878.2031,2.4049,1024,62
dsmem_loaded,12,0,1,1024,16384,0,0,42,10,2477478578,1030191872,151213.2921,62877.9219,2.4049,1024,63
dsmem_loaded,12,0,1,1024,16384,0,0,42,10,2477494545,1030198496,151214.2667,62878.3262,2.4049,1024,64
dsmem_loaded,12,0,1,1024,16384,0,0,42,10,2477491692,1030197312,151214.0925,62878.2539,2.4049,1024,65
dsmem_loaded,12,0,1,1024,16384,0,0,42,10,2477557901,1030224864,151218.1336,62879.9355,2.4049,1024,66
dsmem_loaded,12,0,1,1024,16384,0,0,42,10,2477521955,1030209952,151215.9396,62879.0254,2.4049,1024,67
dsmem_loaded,12,0,1,1024,16384,0,0,42,10,2477491345,1030197184,151214.0714,62878.2461,2.4049,1024,68
dsmem_loaded,12,0,1,1024,16384,0,0,42,10,2477539760,1030217344,151217.0264,62879.4766,2.4049,1024,69
dsmem_loaded,12,0,1,1024,16384,0,0,42,10,2477617410,1030249632,151221.7657,62881.4473,2.4049,1024,70
dsmem_loaded,12,0,1,1024,16384,0,0,42,10,2477549677,1030221440,151217.6317,62879.7266,2.4049,1024,71
dsmem_loaded,12,0,1,1024,16384,0,0,42,10,2477512202,1030205888,151215.3444,62878.7773,2.4049,1024,72
dsmem_loaded,12,0,1,1024,16384,0,0,42,10,2477522287,1030210080,151215.9599,62879.0332,2.4049,1024,73
dsmem_loaded,12,0,1,1024,16384,0,0,42,10,2477540591,1030217664,151217.0771,62879.4961,2.4049,1024,74
dsmem_loaded,12,0,1,1024,16384,0,0,42,10,2477534394,1030215104,151216.6989,62879.3398,2.4049,1024,75
dsmem_loaded,12,0,1,1024,16384,0,0,42,10,2477544457,1030219296,151217.3130,62879.5957,2.4049,1024,76
dsmem_loaded,12,0,1,1024,16384,0,0,42,10,2477489529,1030196448,151213.9605,62878.2012,2.4049,1024,77
dsmem_loaded,12,0,1,1024,16384,0,0,42,10,2477487321,1030195488,151213.8257,62878.1426,2.4049,1024,78
dsmem_loaded,12,0,1,1024,16384,0,0,42,10,2477514896,1030206976,151215.5088,62878.8438,2.4049,1024,79
dsmem_loaded,12,0,1,1024,16384,0,0,42,10,2477503966,1030202464,151214.8417,62878.5684,2.4049,1024,80
dsmem_loaded,12,0,1,1024,16384,0,0,42,10,2477525474,1030211392,151216.1544,62879.1133,2.4049,1024,81
dsmem_loaded,12,0,1,1024,16384,0,0,42,10,2477526643,1030211904,151216.2258,62879.1445,2.4049,1024,82
dsmem_loaded,12,0,1,1024,16384,0,0,42,10,2477488336,1030195968,151213.8877,62878.1719,2.4049,1024,83
dsmem_loaded,12,0,1,1024,16384,0,0,42,10,2477511204,1030205440,151215.2834,62878.7500,2.4049,1024,84
dsmem_loaded,12,0,1,1024,16384,0,0,42,10,2477492029,1030197472,151214.1131,62878.2637,2.4049,1024,85
dsmem_loaded,12,0,1,1024,16384,0,0,42,10,2477491858,1030197440,151214.1027,62878.2617,2.4049,1024,86
dsmem_loaded,12,0,1,1024,16384,0,0,42,10,2477505985,1030203296,151214.9649,62878.6191,2.4049,1024,87
dsmem_loaded,12,0,1,1024,16384,0,0,42,10,2477535894,1030215712,151216.7904,62879.3770,2.4049,1024,88
dsmem_loaded,12,0,1,1024,16384,0,0,42,10,2477532198,1030214208,151216.5648,62879.2852,2.4049,1024,89
dsmem_loaded,12,0,1,1024,16384,0,0,42,10,2477529187,1030212896,151216.3810,62879.2051,2.4049,1024,90
dsmem_loaded,12,0,1,1024,16384,0,0,42,10,2477491689,1030197344,151214.0923,62878.2559,2.4049,1024,91
dsmem_loaded,12,0,1,1024,16384,0,0,42,10,2477489529,1030196416,151213.9605,62878.1992,2.4049,1024,92
dsmem_loaded,12,0,1,1024,16384,0,0,42,10,2477491359,1030197248,151214.0722,62878.2500,2.4049,1024,93
dsmem_loaded,12,0,1,1024,16384,0,0,42,10,2477489529,1030196416,151213.9605,62878.1992,2.4049,1024,94
dsmem_loaded,12,0,1,1024,16384,0,0,42,10,2477489529,1030196416,151213.9605,62878.1992,2.4049,1024,95
dsmem_loaded,12,0,1,1024,16384,0,0,42,10,2477592120,1030239104,151220.2222,62880.8047,2.4049,1024,96
dsmem_loaded,12,0,1,1024,16384,0,0,42,10,2477489529,1030196448,151213.9605,62878.2012,2.4049,1024,97
dsmem_loaded,12,0,1,1024,16384,0,0,42,10,2477552721,1030222720,151217.8174,62879.8047,2.4049,1024,98
dsmem_loaded,12,0,1,1024,16384,0,0,42,10,2477597774,1030241472,151220.5673,62880.9492,2.4049,1024,99
dsmem_loaded,12,0,1,1024,16384,0,0,42,10,2477531367,1030213856,151216.5141,62879.2637,2.4049,1024,100
dsmem_loaded,12,0,1,1024,16384,0,0,42,10,2477550378,1030221728,151217.6744,62879.7441,2.4049,1024,101
dsmem_loaded,12,0,1,1024,16384,0,0,42,10,2477469682,1030188192,151212.7491,62877.6973,2.4049,1024,102
dsmem_loaded,12,0,1,1024,16384,0,0,42,10,2477549198,1030221280,151217.6024,62879.7168,2.4049,1024,103
dsmem_loaded,12,0,1,1024,16384,0,0,42,10,2477531866,1030214016,151216.5446,62879.2734,2.4049,1024,104
dsmem_loaded,12,0,1,1024,16384,0,0,42,10,2477550379,1030221760,151217.6745,62879.7461,2.4049,1024,105
dsmem_loaded,12,0,1,1024,16384,0,0,42,10,2477482444,1030193472,151213.5281,62878.0195,2.4049,1024,106
dsmem_loaded,12,0,1,1024,16384,0,0,42,10,2477559256,1030225440,151218.2163,62879.9707,2.4049,1024,107
dsmem_loaded,12,0,1,1024,16384,0,0,42,10,2477505823,1030203168,151214.9550,62878.6113,2.4049,1024,108
dsmem_loaded,12,0,1,1024,16384,0,0,42,10,2477526482,1030211776,151216.2159,62879.1367,2.4049,1024,109
dsmem_loaded,12,0,1,1024,16384,0,0,42,10,2477473199,1030189664,151212.9638,62877.7871,2.4049,1024,110
dsmem_loaded,12,0,1,1024,16384,0,0,42,10,2477489529,1030196448,151213.9605,62878.2012,2.4049,1024,111
dsmem_loaded,12,0,1,1024,16384,0,0,42,10,2477508004,1030204096,151215.0881,62878.6680,2.4049,1024,112
dsmem_loaded,12,0,1,1024,16384,0,0,42,10,2477522116,1030209984,151215.9495,62879.0273,2.4049,1024,113
dsmem_loaded,12,0,1,1024,16384,0,0,42,10,2477509846,1030204896,151215.2006,62878.7168,2.4049,1024,114
dsmem_loaded,12,0,1,1024,16384,0,0,42,10,2477540446,1030217632,151217.0682,62879.4941,2.4049,1024,115
dsmem_loaded,12,0,1,1024,16384,0,0,42,10,2477489529,1030196448,151213.9605,62878.2012,2.4049,1024,116
dsmem_loaded,12,0,1,1024,16384,0,0,42,10,2477516725,1030207744,151215.6204,62878.8906,2.4049,1024,117
dsmem_loaded,12,0,1,1024,16384,0,0,42,10,2477485309,1030194688,151213.7029,62878.0938,2.4049,1024,118
dsmem_loaded,12,0,1,1024,16384,0,0,42,10,2477530344,1030213408,151216.4517,62879.2363,2.4049,1024,119
dsmem_loaded,12,0,1,1024,16384,0,0,42,10,2477490513,1030196864,151214.0206,62878.2266,2.4049,1024,120
dsmem_loaded,12,0,1,1024,16384,0,0,42,10,2477503788,1030202400,151214.8308,62878.5645,2.4049,1024,121
dsmem_loaded,12,0,1,1024,16384,0,0,42,10,2477489529,1030196480,151213.9605,62878.2031,2.4049,1024,122
dsmem_loaded,12,0,1,1024,16384,0,0,42,10,2477534553,1030215168,151216.7086,62879.3438,2.4049,1024,123
dsmem_loaded,12,0,1,1024,16384,0,0,42,10,2477535378,1030215488,151216.7589,62879.3633,2.4049,1024,124
dsmem_loaded,12,0,1,1024,16384,0,0,42,10,2477491853,1030197408,151214.1024,62878.2598,2.4049,1024,125
dsmem_loaded,12,0,1,1024,16384,0,0,42,10,2477473883,1030189920,151213.0056,62877.8027,2.4049,1024,126
dsmem_loaded,12,0,1,1024,16384,0,0,42,10,2477539423,1030217184,151217.0058,62879.4668,2.4049,1024,127
dsmem_loaded,12,0,1,1024,16384,0,0,42,10,2477586364,1030236704,151219.8708,62880.6582,2.4049,1024,128
dsmem_loaded,12,0,1,1024,16384,0,0,42,10,2477542965,1030218656,151217.2220,62879.5566,2.4049,1024,129
dsmem_loaded,12,0,1,1024,16384,0,0,42,10,2477596076,1030240768,151220.4636,62880.9062,2.4049,1024,130
dsmem_loaded,12,0,1,1024,16384,0,0,42,10,2477489529,1030196448,151213.9605,62878.2012,2.4049,1024,131
dsmem_loaded,12,0,1,1024,16384,0,0,42,10,2477557427,1030224672,151218.1047,62879.9238,2.4049,1024,132
dsmem_loaded,12,0,1,1024,16384,0,0,42,10,2477553573,1030223072,151217.8694,62879.8262,2.4049,1024,133
dsmem_loaded,12,0,1,1024,16384,0,0,42,10,2477543973,1030219072,151217.2835,62879.5820,2.4049,1024,134
dsmem_loaded,12,0,1,1024,16384,0,0,42,10,2477509504,1030204768,151215.1797,62878.7090,2.4049,1024,135
dsmem_loaded,12,0,1,1024,16384,0,0,42,10,2477535910,1030215712,151216.7914,62879.3770,2.4049,1024,136
dsmem_loaded,12,0,1,1024,16384,0,0,42,10,2477487142,1030195456,151213.8148,62878.1406,2.4049,1024,137
dsmem_loaded,12,0,1,1024,16384,0,0,42,10,2477518416,1030208448,151215.7236,62878.9336,2.4049,1024,138
dsmem_loaded,12,0,1,1024,16384,0,0,42,10,2477578253,1030233344,151219.3758,62880.4531,2.4049,1024,139
dsmem_loaded,12,0,1,1024,16384,0,0,42,10,2477489529,1030196480,151213.9605,62878.2031,2.4049,1024,140
dsmem_loaded,12,0,1,1024,16384,0,0,42,10,2477489529,1030196448,151213.9605,62878.2012,2.4049,1024,141
dsmem_loaded,12,0,1,1024,16384,0,0,42,10,2477492528,1030197696,151214.1436,62878.2773,2.4049,1024,142
dsmem_loaded,12,0,1,1024,16384,0,0,42,10,2477553242,1030222944,151217.8492,62879.8184,2.4049,1024,143
dsmem_loaded,12,0,1,1024,16384,0,0,42,10,2477533923,1030214912,151216.6701,62879.3281,2.4049,1024,144
dsmem_loaded,12,0,1,1024,16384,0,0,42,10,2477533549,1030214720,151216.6473,62879.3164,2.4049,1024,145
dsmem_loaded,12,0,1,1024,16384,0,0,42,10,2477549006,1030221184,151217.5907,62879.7109,2.4049,1024,146
dsmem_loaded,12,0,1,1024,16384,0,0,42,10,2477544645,1030219360,151217.3245,62879.5996,2.4049,1024,147
dsmem_loaded,12,0,1,1024,16384,0,0,42,10,2477501594,1030201440,151214.6969,62878.5059,2.4049,1024,148
dsmem_loaded,12,0,1,1024,16384,0,0,42,10,2477502618,1030201888,151214.7594,62878.5332,2.4049,1024,149
dsmem_loaded,12,0,1,1024,16384,0,0,42,10,2477525806,1030211520,151216.1747,62879.1211,2.4049,1024,150
dsmem_loaded,12,0,1,1024,16384,0,0,42,10,2477510521,1030205152,151215.2418,62878.7324,2.4049,1024,151
dsmem_loaded,12,0,1,1024,16384,0,0,42,10,2477498064,1030199936,151214.4814,62878.4141,2.4049,1024,152
dsmem_loaded,12,0,1,1024,16384,0,0,42,10,2477496054,1030199168,151214.3588,62878.3672,2.4049,1024,153
dsmem_loaded,12,0,1,1024,16384,0,0,42,10,2477525813,1030211488,151216.1751,62879.1191,2.4049,1024,154
dsmem_loaded,12,0,1,1024,16384,0,0,42,10,2477491017,1030197056,151214.0513,62878.2383,2.4049,1024,155
dsmem_loaded,12,0,1,1024,16384,0,0,42,10,2477491691,1030197344,151214.0925,62878.2559,2.4049,1024,156
dsmem_loaded,12,0,1,1024,16384,0,0,42,10,2477487837,1030195712,151213.8572,62878.1562,2.4049,1024,157
dsmem_loaded,12,0,1,1024,16384,0,0,42,10,2477489530,1030196416,151213.9606,62878.1992,2.4049,1024,158
dsmem_loaded,12,0,1,1024,16384,0,0,42,10,2477492046,1030197472,151214.1141,62878.2637,2.4049,1024,159
dsmem_loaded,12,0,1,1024,16384,0,0,42,10,2477530202,1030213344,151216.4430,62879.2324,2.4049,1024,160
dsmem_loaded,12,0,1,1024,16384,0,0,42,10,2477530532,1030213472,151216.4631,62879.2402,2.4049,1024,161
dsmem_loaded,12,0,1,1024,16384,0,0,42,10,2477542325,1030218432,151217.1829,62879.5430,2.4049,1024,162
dsmem_loaded,12,0,1,1024,16384,0,0,42,10,2477571544,1030230560,151218.9663,62880.2832,2.4049,1024,163
dsmem_loaded,12,0,1,1024,16384,0,0,42,10,2477556424,1030224256,151218.0435,62879.8984,2.4049,1024,164
dsmem_loaded,12,0,1,1024,16384,0,0,42,10,2477494035,1030198304,151214.2355,62878.3145,2.4049,1024,165
dsmem_loaded,12,0,1,1024,16384,0,0,42,10,2477548991,1030221152,151217.5898,62879.7090,2.4049,1024,166
dsmem_loaded,12,0,1,1024,16384,0,0,42,10,2477564962,1030227840,151218.5646,62880.1172,2.4049,1024,167
dsmem_loaded,12,0,1,1024,16384,0,0,42,10,2477491681,1030197344,151214.0919,62878.2559,2.4049,1024,168
dsmem_loaded,12,0,1,1024,16384,0,0,42,10,2477551895,1030222400,151217.7670,62879.7852,2.4049,1024,169
dsmem_loaded,12,0,1,1024,16384,0,0,42,10,2477535126,1030215392,151216.7435,62879.3574,2.4049,1024,170
dsmem_loaded,12,0,1,1024,16384,0,0,42,10,2477582434,1030235040,151219.6310,62880.5566,2.4049,1024,171
dsmem_loaded,12,0,1,1024,16384,0,0,42,10,2477501952,1030201632,151214.7188,62878.5176,2.4049,1024,172
dsmem_loaded,12,0,1,1024,16384,0,0,42,10,2477492018,1030197504,151214.1124,62878.2656,2.4049,1024,173
dsmem_loaded,12,0,1,1024,16384,0,0,42,10,2477504974,1030202848,151214.9032,62878.5918,2.4049,1024,174
dsmem_loaded,12,0,1,1024,16384,0,0,42,10,2477516080,1030207488,151215.5811,62878.8750,2.4049,1024,175
dsmem_loaded,12,0,1,1024,16384,0,0,42,10,2477510363,1030205088,151215.2321,62878.7285,2.4049,1024,176
dsmem_loaded,12,0,1,1024,16384,0,0,42,10,2477505641,1030203136,151214.9439,62878.6094,2.4049,1024,177
dsmem_loaded,12,0,1,1024,16384,0,0,42,10,2477507487,1030203936,151215.0566,62878.6582,2.4049,1024,178
dsmem_loaded,12,0,1,1024,16384,0,0,42,10,2477491695,1030197312,151214.0927,62878.2539,2.4049,1024,179
dsmem_loaded,12,0,1,1024,16384,0,0,42,10,2477489529,1030196448,151213.9605,62878.2012,2.4049,1024,180
dsmem_loaded,12,0,1,1024,16384,0,0,42,10,2477519761,1030209024,151215.8057,62878.9688,2.4049,1024,181
dsmem_loaded,12,0,1,1024,16384,0,0,42,10,2477508533,1030204352,151215.1204,62878.6836,2.4049,1024,182
dsmem_loaded,12,0,1,1024,16384,0,0,42,10,2477493034,1030197856,151214.1744,62878.2871,2.4049,1024,183
dsmem_loaded,12,0,1,1024,16384,0,0,42,10,2477477578,1030191456,151213.2311,62877.8965,2.4049,1024,184
dsmem_loaded,12,0,1,1024,16384,0,0,42,10,2477468164,1030187520,151212.6565,62877.6562,2.4049,1024,185
dsmem_loaded,12,0,1,1024,16384,0,0,42,10,2477506981,1030203680,151215.0257,62878.6426,2.4049,1024,186
dsmem_loaded,12,0,1,1024,16384,0,0,42,10,2477527162,1030212064,151216.2574,62879.1543,2.4049,1024,187
dsmem_loaded,12,0,1,1024,16384,0,0,42,10,2477502441,1030201792,151214.7486,62878.5273,2.4049,1024,188
dsmem_loaded,12,0,1,1024,16384,0,0,42,10,2477489530,1030196416,151213.9606,62878.1992,2.4049,1024,189
dsmem_loaded,12,0,1,1024,16384,0,0,42,10,2477489529,1030196448,151213.9605,62878.2012,2.4049,1024,190
dsmem_loaded,12,0,1,1024,16384,0,0,42,10,2477489529,1030196448,151213.9605,62878.2012,2.4049,1024,191
dsmem_loaded,12,0,1,1024,16384,0,0,42,10,2477489529,1030196480,151213.9605,62878.2031,2.4049,1024,192
dsmem_loaded,12,0,1,1024,16384,0,0,42,10,2477555385,1030223840,151217.9800,62879.8730,2.4049,1024,193
dsmem_loaded,12,0,1,1024,16384,0,0,42,10,2477533221,1030214624,151216.6273,62879.3105,2.4049,1024,194
dsmem_loaded,12,0,1,1024,16384,0,0,42,10,2477528157,1030212480,151216.3182,62879.1797,2.4049,1024,195
dsmem_loaded,12,0,1,1024,16384,0,0,42,10,2477554078,1030223296,151217.9003,62879.8398,2.4049,1024,196
dsmem_loaded,12,0,1,1024,16384,0,0,42,10,2477565826,1030228160,151218.6173,62880.1367,2.4049,1024,197
dsmem_loaded,12,0,1,1024,16384,0,0,42,10,2477556039,1030224064,151218.0200,62879.8867,2.4049,1024,198
dsmem_loaded,12,0,1,1024,16384,0,0,42,10,2477521605,1030209792,151215.9183,62879.0156,2.4049,1024,199
dsmem_loaded,12,0,1,1024,16384,0,0,42,10,2477512203,1030205856,151215.3444,62878.7754,2.4049,1024,200
dsmem_loaded,12,0,1,1024,16384,0,0,42,10,2477542471,1030218464,151217.1918,62879.5449,2.4049,1024,201
dsmem_loaded,12,0,1,1024,16384,0,0,42,10,2477547518,1030220576,151217.4999,62879.6738,2.4049,1024,202
dsmem_loaded,12,0,1,1024,16384,0,0,42,10,2477537604,1030216448,151216.8948,62879.4219,2.4049,1024,203
dsmem_loaded,12,0,1,1024,16384,0,0,42,10,2477479410,1030192256,151213.3429,62877.9453,2.4049,1024,204
dsmem_loaded,12,0,1,1024,16384,0,0,42,10,2477502621,1030201888,151214.7596,62878.5332,2.4049,1024,205
dsmem_loaded,12,0,1,1024,16384,0,0,42,10,2477522946,1030210368,151216.0001,62879.0508,2.4049,1024,206
dsmem_loaded,12,0,1,1024,16384,0,0,42,10,2477511706,1030205632,151215.3141,62878.7617,2.4049,1024,207
dsmem_loaded,12,0,1,1024,16384,0,0,42,10,2477515216,1030207168,151215.5283,62878.8555,2.4049,1024,208
dsmem_loaded,12,0,1,1024,16384,0,0,42,10,2477497067,1030199584,151214.4206,62878.3926,2.4049,1024,209
dsmem_loaded,12,0,1,1024,16384,0,0,42,10,2477541275,1030217952,151217.1188,62879.5137,2.4049,1024,210
dsmem_loaded,12,0,1,1024,16384,0,0,42,10,2477497922,1030199936,151214.4728,62878.4141,2.4049,1024,211
dsmem_loaded,12,0,1,1024,16384,0,0,42,10,2477501441,1030201376,151214.6876,62878.5020,2.4049,1024,212
dsmem_loaded,12,0,1,1024,16384,0,0,42,10,2477489529,1030196448,151213.9605,62878.2012,2.4049,1024,213
dsmem_loaded,12,0,1,1024,16384,0,0,42,10,2477539931,1030217408,151217.0368,62879.4805,2.4049,1024,214
dsmem_loaded,12,0,1,1024,16384,0,0,42,10,2477532361,1030214240,151216.5748,62879.2871,2.4049,1024,215
dsmem_loaded,12,0,1,1024,16384,0,0,42,10,2477489010,1030196224,151213.9288,62878.1875,2.4049,1024,216
dsmem_loaded,12,0,1,1024,16384,0,0,42,10,2477492867,1030197824,151214.1642,62878.2852,2.4049,1024,217
dsmem_loaded,12,0,1,1024,16384,0,0,42,10,2477521113,1030209600,151215.8882,62879.0039,2.4049,1024,218
dsmem_loaded,12,0,1,1024,16384,0,0,42,10,2477489529,1030196448,151213.9605,62878.2012,2.4049,1024,219
dsmem_loaded,12,0,1,1024,16384,0,0,42,10,2477491513,1030197280,151214.0816,62878.2520,2.4049,1024,220
dsmem_loaded,12,0,1,1024,16384,0,0,42,10,2477507825,1030204064,151215.0772,62878.6660,2.4049,1024,221
dsmem_loaded,12,0,1,1024,16384,0,0,42,10,2477489530,1030196448,151213.9606,62878.2012,2.4049,1024,222
dsmem_loaded,12,0,1,1024,16384,0,0,42,10,2477504630,1030202720,151214.8822,62878.5840,2.4049,1024,223
dsmem_loaded,12,0,1,1024,16384,0,0,42,10,2477595767,1030240608,151220.4448,62880.8965,2.4049,1024,224
dsmem_loaded,12,0,1,1024,16384,0,0,42,10,2477525154,1030211264,151216.1349,62879.1055,2.4049,1024,225
dsmem_loaded,12,0,1,1024,16384,0,0,42,10,2477576759,1030232736,151219.2846,62880.4160,2.4049,1024,226
dsmem_loaded,12,0,1,1024,16384,0,0,42,10,2477500428,1030200960,151214.6257,62878.4766,2.4049,1024,227
dsmem_loaded,12,0,1,1024,16384,0,0,42,10,2477507661,1030204000,151215.0672,62878.6621,2.4049,1024,228
dsmem_loaded,12,0,1,1024,16384,0,0,42,10,2477515394,1030207232,151215.5392,62878.8594,2.4049,1024,229
dsmem_loaded,12,0,1,1024,16384,0,0,42,10,2477559976,1030225760,151218.2603,62879.9902,2.4049,1024,230
dsmem_loaded,12,0,1,1024,16384,0,0,42,10,2477561980,1030226592,151218.3826,62880.0410,2.4049,1024,231
dsmem_loaded,12,0,1,1024,16384,0,0,42,10,2477506990,1030203680,151215.0262,62878.6426,2.4049,1024,232
dsmem_loaded,12,0,1,1024,16384,0,0,42,10,2477477580,1030191456,151213.2312,62877.8965,2.4049,1024,233
dsmem_loaded,12,0,1,1024,16384,0,0,42,10,2477569223,1030229536,151218.8246,62880.2207,2.4049,1024,234
dsmem_loaded,12,0,1,1024,16384,0,0,42,10,2477550509,1030221792,151217.6824,62879.7480,2.4049,1024,235
dsmem_loaded,12,0,1,1024,16384,0,0,42,10,2477492528,1030197664,151214.1436,62878.2754,2.4049,1024,236
dsmem_loaded,12,0,1,1024,16384,0,0,42,10,2477478582,1030191904,151213.2924,62877.9238,2.4049,1024,237
dsmem_loaded,12,0,1,1024,16384,0,0,42,10,2477561935,1030226560,151218.3798,62880.0391,2.4049,1024,238
dsmem_loaded,12,0,1,1024,16384,0,0,42,10,2477489529,1030196448,151213.9605,62878.2012,2.4049,1024,239
dsmem_loaded,12,0,1,1024,16384,0,0,42,10,2477567030,1030228672,151218.6908,62880.1680,2.4049,1024,240
dsmem_loaded,12,0,1,1024,16384,0,0,42,10,2477478914,1030192032,151213.3126,62877.9316,2.4049,1024,241
dsmem_loaded,12,0,1,1024,16384,0,0,42,10,2477492526,1030197696,151214.1434,62878.2773,2.4049,1024,242
dsmem_loaded,12,0,1,1024,16384,0,0,42,10,2477534386,1030215072,151216.6984,62879.3379,2.4049,1024,243
dsmem_loaded,12,0,1,1024,16384,0,0,42,10,2477531355,1030213824,151216.5134,62879.2617,2.4049,1024,244
dsmem_loaded,12,0,1,1024,16384,0,0,42,10,2477498069,1030200000,151214.4818,62878.4180,2.4049,1024,245
dsmem_loaded,12,0,1,1024,16384,0,0,42,10,2477530346,1030213440,151216.4518,62879.2383,2.4049,1024,246
dsmem_loaded,12,0,1,1024,16384,0,0,42,10,2477498585,1030200224,151214.5132,62878.4316,2.4049,1024,247
dsmem_loaded,12,0,1,1024,16384,0,0,42,10,2477506477,1030203488,151214.9949,62878.6309,2.4049,1024,248
dsmem_loaded,12,0,1,1024,16384,0,0,42,10,2477489528,1030196416,151213.9604,62878.1992,2.4049,1024,249
dsmem_loaded,12,0,1,1024,16384,0,0,42,10,2477516723,1030207712,151215.6203,62878.8887,2.4049,1024,250
dsmem_loaded,12,0,1,1024,16384,0,0,42,10,2477487840,1030195744,151213.8574,62878.1582,2.4049,1024,251
dsmem_loaded,12,0,1,1024,16384,0,0,42,10,2477489530,1030196416,151213.9606,62878.1992,2.4049,1024,252
dsmem_loaded,12,0,1,1024,16384,0,0,42,10,2477459253,1030183840,151212.1126,62877.4316,2.4049,1024,253
dsmem_loaded,12,0,1,1024,16384,0,0,42,10,2477489530,1030196416,151213.9606,62878.1992,2.4049,1024,254
dsmem_loaded,12,0,1,1024,16384,0,0,42,10,2477492875,1030197824,151214.1647,62878.2852,2.4049,1024,255
dsmem_loaded,12,0,1,1024,16384,0,0,42,10,2477547345,1030220480,151217.4893,62879.6680,2.4049,1024,256
dsmem_loaded,12,0,1,1024,16384,0,0,42,10,2477553923,1030223200,151217.8908,62879.8340,2.4049,1024,257
dsmem_loaded,12,0,1,1024,16384,0,0,42,10,2477542293,1030218368,151217.1810,62879.5391,2.4049,1024,258
dsmem_loaded,12,0,1,1024,16384,0,0,42,10,2477590892,1030238592,151220.1472,62880.7734,2.4049,1024,259
dsmem_loaded,12,0,1,1024,16384,0,0,42,10,2477491522,1030197280,151214.0822,62878.2520,2.4049,1024,260
dsmem_loaded,12,0,1,1024,16384,0,0,42,10,2477491863,1030197376,151214.1030,62878.2578,2.4049,1024,261
dsmem_loaded,12,0,1,1024,16384,0,0,42,10,2477512532,1030206016,151215.3645,62878.7852,2.4049,1024,262
dsmem_loaded,12,0,1,1024,16384,0,0,42,10,2477539295,1030217184,151216.9980,62879.4668,2.4049,1024,263
dsmem_loaded,12,0,1,1024,16384,0,0,42,10,2477576273,1030232512,151219.2549,62880.4023,2.4049,1024,264
dsmem_loaded,12,0,1,1024,16384,0,0,42,10,2477496894,1030199488,151214.4100,62878.3867,2.4049,1024,265
dsmem_loaded,12,0,1,1024,16384,0,0,42,10,2477604684,1030244352,151220.9890,62881.1250,2.4049,1024,266
dsmem_loaded,12,0,1,1024,16384,0,0,42,10,2477511682,1030205632,151215.3126,62878.7617,2.4049,1024,267
dsmem_loaded,12,0,1,1024,16384,0,0,42,10,2477502271,1030201728,151214.7382,62878.5234,2.4049,1024,268
dsmem_loaded,12,0,1,1024,16384,0,0,42,10,2477501605,1030201440,151214.6976,62878.5059,2.4049,1024,269
dsmem_loaded,12,0,1,1024,16384,0,0,42,10,2477549532,1030221408,151217.6228,62879.7246,2.4049,1024,270
dsmem_loaded,12,0,1,1024,16384,0,0,42,10,2477515711,1030207296,151215.5585,62878.8633,2.4049,1024,271
dsmem_loaded,12,0,1,1024,16384,0,0,42,10,2477548033,1030220800,151217.5313,62879.6875,2.4049,1024,272
dsmem_loaded,12,0,1,1024,16384,0,0,42,10,2477511191,1030205440,151215.2827,62878.7500,2.4049,1024,273
dsmem_loaded,12,0,1,1024,16384,0,0,42,10,2477518075,1030208320,151215.7028,62878.9258,2.4049,1024,274
dsmem_loaded,12,0,1,1024,16384,0,0,42,10,2477489529,1030196448,151213.9605,62878.2012,2.4049,1024,275
dsmem_loaded,12,0,1,1024,16384,0,0,42,10,2477491684,1030197344,151214.0920,62878.2559,2.4049,1024,276
dsmem_loaded,12,0,1,1024,16384,0,0,42,10,2477501610,1030201472,151214.6979,62878.5078,2.4049,1024,277
dsmem_loaded,12,0,1,1024,16384,0,0,42,10,2477558768,1030225248,151218.1865,62879.9590,2.4049,1024,278
dsmem_loaded,12,0,1,1024,16384,0,0,42,10,2477497906,1030199936,151214.4718,62878.4141,2.4049,1024,279
dsmem_loaded,12,0,1,1024,16384,0,0,42,10,2477578107,1030233312,151219.3669,62880.4512,2.4049,1024,280
dsmem_loaded,12,0,1,1024,16384,0,0,42,10,2477526155,1030211648,151216.1960,62879.1289,2.4049,1024,281
dsmem_loaded,12,0,1,1024,16384,0,0,42,10,2477496746,1030199456,151214.4010,62878.3848,2.4049,1024,282
dsmem_loaded,12,0,1,1024,16384,0,0,42,10,2477515389,1030207168,151215.5389,62878.8555,2.4049,1024,283
dsmem_loaded,12,0,1,1024,16384,0,0,42,10,2477489529,1030196416,151213.9605,62878.1992,2.4049,1024,284
dsmem_loaded,12,0,1,1024,16384,0,0,42,10,2477489529,1030196448,151213.9605,62878.2012,2.4049,1024,285
dsmem_loaded,12,0,1,1024,16384,0,0,42,10,2477489529,1030196448,151213.9605,62878.2012,2.4049,1024,286
dsmem_loaded,12,0,1,1024,16384,0,0,42,10,2477507656,1030204000,151215.0669,62878.6621,2.4049,1024,287
dsmem_loaded,12,0,1,1024,16384,0,0,42,10,2477482877,1030193632,151213.5545,62878.0293,2.4049,1024,288
dsmem_loaded,12,0,1,1024,16384,0,0,42,10,2477582669,1030235200,151219.6453,62880.5664,2.4049,1024,289
dsmem_loaded,12,0,1,1024,16384,0,0,42,10,2477525813,1030211520,151216.1751,62879.1211,2.4049,1024,290
dsmem_loaded,12,0,1,1024,16384,0,0,42,10,2477496902,1030199488,151214.4105,62878.3867,2.4049,1024,291
dsmem_loaded,12,0,1,1024,16384,0,0,42,10,2477521082,1030209568,151215.8864,62879.0020,2.4049,1024,292
dsmem_loaded,12,0,1,1024,16384,0,0,42,10,2477529353,1030213024,151216.3912,62879.2129,2.4049,1024,293
dsmem_loaded,12,0,1,1024,16384,0,0,42,10,2477525476,1030211424,151216.1545,62879.1152,2.4049,1024,294
dsmem_loaded,12,0,1,1024,16384,0,0,42,10,2477540459,1030217632,151217.0690,62879.4941,2.4049,1024,295
dsmem_loaded,12,0,1,1024,16384,0,0,42,10,2477557955,1030224896,151218.1369,62879.9375,2.4049,1024,296
dsmem_loaded,12,0,1,1024,16384,0,0,42,10,2477515542,1030207264,151215.5482,62878.8613,2.4049,1024,297
dsmem_loaded,12,0,1,1024,16384,0,0,42,10,2477543807,1030219008,151217.2734,62879.5781,2.4049,1024,298
dsmem_loaded,12,0,1,1024,16384,0,0,42,10,2477505809,1030203232,151214.9542,62878.6152,2.4049,1024,299
dsmem_loaded,12,0,1,1024,16384,0,0,42,10,2477489529,1030196448,151213.9605,62878.2012,2.4049,1024,300
dsmem_loaded,12,0,1,1024,16384,0,0,42,10,2477528328,1030212576,151216.3286,62879.1855,2.4049,1024,301
dsmem_loaded,12,0,1,1024,16384,0,0,42,10,2477491527,1030197248,151214.0825,62878.2500,2.4049,1024,302
dsmem_loaded,12,0,1,1024,16384,0,0,42,10,2477559600,1030225568,151218.2373,62879.9785,2.4049,1024,303
dsmem_loaded,12,0,1,1024,16384,0,0,42,10,2477525991,1030211648,151216.1860,62879.1289,2.4049,1024,304
dsmem_loaded,12,0,1,1024,16384,0,0,42,10,2477594926,1030240256,151220.3934,62880.8750,2.4049,1024,305
dsmem_loaded,12,0,1,1024,16384,0,0,42,10,2477539269,1030217120,151216.9964,62879.4629,2.4049,1024,306
dsmem_loaded,12,0,1,1024,16384,0,0,42,10,2477498252,1030200064,151214.4929,62878.4219,2.4049,1024,307
dsmem_loaded,12,0,1,1024,16384,0,0,42,10,2477467832,1030187424,151212.6362,62877.6504,2.4049,1024,308
dsmem_loaded,12,0,1,1024,16384,0,0,42,10,2477608129,1030245728,151221.1993,62881.2090,2.4049,1024,309
dsmem_loaded,12,0,1,1024,16384,0,0,42,10,2477492363,1030197600,151214.1335,62878.2715,2.4049,1024,310
dsmem_loaded,12,0,1,1024,16384,0,0,42,10,2477492202,1030197536,151214.1237,62878.2676,2.4049,1024,311
dsmem_loaded,12,0,1,1024,16384,0,0,42,10,2477492356,1030197632,151214.1331,62878.2734,2.4049,1024,312
dsmem_loaded,12,0,1,1024,16384,0,0,42,10,2477511004,1030205376,151215.2712,62878.7461,2.4049,1024,313
dsmem_loaded,12,0,1,1024,16384,0,0,42,10,2477493034,1030197920,151214.1744,62878.2910,2.4049,1024,314
dsmem_loaded,12,0,1,1024,16384,0,0,42,10,2477506162,1030203328,151214.9757,62878.6211,2.4049,1024,315
dsmem_loaded,12,0,1,1024,16384,0,0,42,10,2477501600,1030201472,151214.6973,62878.5078,2.4049,1024,316
dsmem_loaded,12,0,1,1024,16384,0,0,42,10,2477489529,1030196416,151213.9605,62878.1992,2.4049,1024,317
dsmem_loaded,12,0,1,1024,16384,0,0,42,10,2477489529,1030196448,151213.9605,62878.2012,2.4049,1024,318
dsmem_loaded,12,0,1,1024,16384,0,0,42,10,2477489529,1030196480,151213.9605,62878.2031,2.4049,1024,319
dsmem_loaded,12,0,1,1024,16384,0,0,42,10,2477515574,1030207264,151215.5502,62878.8613,2.4049,1024,320
dsmem_loaded,12,0,1,1024,16384,0,0,42,10,2477521096,1030209600,151215.8872,62879.0039,2.4049,1024,321
dsmem_loaded,12,0,1,1024,16384,0,0,42,10,2477530340,1030213408,151216.4514,62879.2363,2.4049,1024,322
dsmem_loaded,12,0,1,1024,16384,0,0,42,10,2477529163,1030212928,151216.3796,62879.2070,2.4049,1024,323
dsmem_loaded,12,0,1,1024,16384,0,0,42,10,2477516411,1030207616,151215.6013,62878.8828,2.4049,1024,324
dsmem_loaded,12,0,1,1024,16384,0,0,42,10,2477557444,1030224704,151218.1057,62879.9258,2.4049,1024,325
dsmem_loaded,12,0,1,1024,16384,0,0,42,10,2477501620,1030201472,151214.6985,62878.5078,2.4049,1024,326
dsmem_loaded,12,0,1,1024,16384,0,0,42,10,2477571268,1030230432,151218.9495,62880.2754,2.4049,1024,327
dsmem_loaded,12,0,1,1024,16384,0,0,42,10,2477551725,1030222304,151217.7567,62879.7793,2.4049,1024,328
dsmem_loaded,12,0,1,1024,16384,0,0,42,10,2477548191,1030220832,151217.5410,62879.6895,2.4049,1024,329
dsmem_loaded,12,0,1,1024,16384,0,0,42,10,2477529013,1030212864,151216.3704,62879.2031,2.4049,1024,330
dsmem_loaded,12,0,1,1024,16384,0,0,42,10,2477529343,1030212960,151216.3906,62879.2090,2.4049,1024,331
dsmem_loaded,12,0,1,1024,16384,0,0,42,10,2477491523,1030197248,151214.0822,62878.2500,2.4049,1024,332
dsmem_loaded,12,0,1,1024,16384,0,0,42,10,2477492689,1030197760,151214.1534,62878.2812,2.4049,1024,333
dsmem_loaded,12,0,1,1024,16384,0,0,42,10,2477506983,1030203680,151215.0258,62878.6426,2.4049,1024,334
dsmem_loaded,12,0,1,1024,16384,0,0,42,10,2477501113,1030201216,151214.6675,62878.4922,2.4049,1024,335
dsmem_loaded,12,0,1,1024,16384,0,0,42,10,2477486652,1030195232,151213.7849,62878.1270,2.4049,1024,336
dsmem_loaded,12,0,1,1024,16384,0,0,42,10,2477524646,1030211008,151216.1039,62879.0898,2.4049,1024,337
dsmem_loaded,12,0,1,1024,16384,0,0,42,10,2477505815,1030203200,151214.9545,62878.6133,2.4049,1024,338
dsmem_loaded,12,0,1,1024,16384,0,0,42,10,2477511683,1030205632,151215.3127,62878.7617,2.4049,1024,339
dsmem_loaded,12,0,1,1024,16384,0,0,42,10,2477511861,1030205728,151215.3235,62878.7676,2.4049,1024,340
dsmem_loaded,12,0,1,1024,16384,0,0,42,10,2477519765,1030208992,151215.8060,62878.9668,2.4049,1024,341
dsmem_loaded,12,0,1,1024,16384,0,0,42,10,2477496564,1030199360,151214.3899,62878.3789,2.4049,1024,342
dsmem_loaded,12,0,1,1024,16384,0,0,42,10,2477489529,1030196448,151213.9605,62878.2012,2.4049,1024,343
dsmem_loaded,12,0,1,1024,16384,0,0,42,10,2477516049,1030207488,151215.5792,62878.8750,2.4049,1024,344
dsmem_loaded,12,0,1,1024,16384,0,0,42,10,2477510698,1030205248,151215.2526,62878.7383,2.4049,1024,345
dsmem_loaded,12,0,1,1024,16384,0,0,42,10,2477510014,1030204992,151215.2108,62878.7227,2.4049,1024,346
dsmem_loaded,12,0,1,1024,16384,0,0,42,10,2477493030,1030197920,151214.1742,62878.2910,2.4049,1024,347
dsmem_loaded,12,0,1,1024,16384,0,0,42,10,2477489529,1030196448,151213.9605,62878.2012,2.4049,1024,348
dsmem_loaded,12,0,1,1024,16384,0,0,42,10,2477489529,1030196448,151213.9605,62878.2012,2.4049,1024,349
dsmem_loaded,12,0,1,1024,16384,0,0,42,10,2477489529,1030196448,151213.9605,62878.2012,2.4049,1024,350
dsmem_loaded,12,0,1,1024,16384,0,0,42,10,2477501942,1030201600,151214.7181,62878.5156,2.4049,1024,351
