# command: ./latency-many-threads --target remote --requesters 4 --chasers 1024 --reps 11 --steps 16384
# gpu: NVIDIA GB10
# compute_capability: 12.1
# sm_count: 48
# l2_bytes: 25165824
# sm_clock_max_khz: 2418000
# driver_version: 13000
# runtime_version: 13000
# seed: 42
# reps: 11
# steps: 16384
# warmup: 1
# buffer_elems: 4096
# stride_bytes: 0
# cycle_length: 4096
# chasers: 1024
# requesters: 4
# target: remote
# bank_aligned: 1
# warps_per_requester: 32
benchmark,cluster_size,distance,mapped,block_size,steps,buffer_bytes,stride_bytes,seed,rep,cycles,ns,cycles_per_load,ns_per_load,ghz,chasers,warp
dsmem_loaded,5,0,1,1024,16384,0,0,42,0,901012729,374663104,54993.4527,22867.6211,2.4049,1024,0
dsmem_loaded,5,0,1,1024,16384,0,0,42,0,901043322,374675840,54995.3199,22868.3984,2.4049,1024,1
dsmem_loaded,5,0,1,1024,16384,0,0,42,0,901016986,374664864,54993.7125,22867.7285,2.4049,1024,2
dsmem_loaded,5,0,1,1024,16384,0,0,42,0,901050738,374678912,54995.7726,22868.5859,2.4049,1024,3
dsmem_loaded,5,0,1,1024,16384,0,0,42,0,901061544,374683424,54996.4321,22868.8613,2.4049,1024,4
dsmem_loaded,5,0,1,1024,16384,0,0,42,0,901055875,374681024,54996.0861,22868.7148,2.4049,1024,5
dsmem_loaded,5,0,1,1024,16384,0,0,42,0,901037475,374673376,54994.9631,22868.2480,2.4049,1024,6
dsmem_loaded,5,0,1,1024,16384,0,0,42,0,901019124,374665760,54993.8430,22867.7832,2.4049,1024,7
dsmem_loaded,5,0,1,1024,16384,0,0,42,0,901042663,374675552,54995.2797,22868.3809,2.4049,1024,8
dsmem_loaded,5,0,1,1024,16384,0,0,42,0,901018945,374665728,54993.8321,22867.7812,2.4049,1024,9
dsmem_loaded,5,0,1,1024,16384,0,0,42,0,901018825,374665632,54993.8248,22867.7754,2.4049,1024,10
dsmem_loaded,5,0,1,1024,16384,0,0,42,0,901036985,374673184,54994.9332,22868.2363,2.4049,1024,11
dsmem_loaded,5,0,1,1024,16384,0,0,42,0,901023948,374667776,54994.1375,22867.9062,2.4049,1024,12
dsmem_loaded,5,0,1,1024,16384,0,0,42,0,901034049,374671968,54994.7540,22868.1621,2.4049,1024,13
dsmem_loaded,5,0,1,1024,16384,0,0,42,0,901022122,374667008,54994.0260,22867.8594,2.4049,1024,14
dsmem_loaded,5,0,1,1024,16384,0,0,42,0,901019370,374665856,54993.8580,22867.7891,2.4049,1024,15
dsmem_loaded,5,0,1,1024,16384,0,0,42,0,901027922,374669408,54994.3800,22868.0059,2.4049,1024,16
dsmem_loaded,5,0,1,1024,16384,0,0,42,0,901013322,374663328,54993.4889,22867.6348,2.4049,1024,17
dsmem_loaded,5,0,1,1024,16384,0,0,42,0,901017416,374665056,54993.7388,22867.7402,2.4049,1024,18
dsmem_loaded,5,0,1,1024,16384,0,0,42,0,901035576,374672608,54994.8472,22868.2012,2.4049,1024,19
dsmem_loaded,5,0,1,1024,16384,0,0,42,0,901020658,374666400,54993.9366,22867.8223,2.4049,1024,20
dsmem_loaded,5,0,1,1024,16384,0,0,42,0,901019126,374665760,54993.8431,22867.7832,2.4049,1024,21
dsmem_loaded,5,0,1,1024,16384,0,0,42,0,901019001,374665696,54993.8355,22867.7793,2.4049,1024,22
dsmem_loaded,5,0,1,1024,16384,0,0,42,0,901013198,374663328,54993.4813,22867.6348,2.4049,1024,23
dsmem_loaded,5,0,1,1024,16384,0,0,42,0,901020349,374666240,54993.9178,22867.8125,2.4049,1024,24
dsmem_loaded,5,0,1,1024,16384,0,0,42,0,901012729,374663104,54993.4527,22867.6211,2.4049,1024,25
dsmem_loaded,5,0,1,1024,16384,0,0,42,0,901013689,374663520,54993.5113,22867.6465,2.4049,1024,26
dsmem_loaded,5,0,1,1024,16384,0,0,42,0,901013687,374663488,54993.5112,22867.6445,2.4049,1024,27
dsmem_loaded,5,0,1,1024,16384,0,0,42,0,901020653,374666400,54993.9363,22867.8223,2.4049,1024,28
dsmem_loaded,5,0,1,1024,16384,0,0,42,0,901020289,374666240,54993.9141,22867.8125,2.4049,1024,29
dsmem_loaded,5,0,1,1024,16384,0,0,42,0,901012730,374663104,54993.4528,22867.6211,2.4049,1024,30
dsmem_loaded,5,0,1,1024,16384,0,0,42,0,901012729,374663072,54993.4527,22867.6191,2.4049,1024,31
dsmem_loaded,5,0,1,1024,16384,0,0,42,0,901019140,374665728,54993.8440,22867.7812,2.4049,1024,32
dsmem_loaded,5,0,1,1024,16384,0,0,42,0,901012729,374663104,54993.4527,22867.6211,2.4049,1024,33
dsmem_loaded,5,0,1,1024,16384,0,0,42,0,901047273,374677472,54995.5611,22868.4980,2.4049,1024,34
dsmem_loaded,5,0,1,1024,16384,0,0,42,0,901044095,374676128,54995.3671,22868.4160,2.4049,1024,35
dsmem_loaded,5,0,1,1024,16384,0,0,42,0,901057602,374681760,54996.1915,22868.7598,2.4049,1024,36
dsmem_loaded,5,0,1,1024,16384,0,0,42,0,901013959,374663648,54993.5278,22867.6543,2.4049,1024,37
dsmem_loaded,5,0,1,1024,16384,0,0,42,0,901046220,374677024,54995.4968,22868.4707,2.4049,1024,38
dsmem_loaded,5,0,1,1024,16384,0,0,42,0,901023855,374667712,54994.1318,22867.9023,2.4049,1024,39
dsmem_loaded,5,0,1,1024,16384,0,0,42,0,901042623,374675520,54995.2773,22868.3789,2.4049,1024,40
dsmem_loaded,5,0,1,1024,16384,0,0,42,0,901050691,374678912,54995.7697,22868.5859,2.4049,1024,41
dsmem_loaded,5,0,1,1024,16384,0,0,42,0,901039082,374674048,54995.0612,22868.2891,2.4049,1024,42
dsmem_loaded,5,0,1,1024,16384,0,0,42,0,901025990,374668608,54994.2621,22867.9570,2.4049,1024,43
dsmem_loaded,5,0,1,1024,16384,0,0,42,0,901020488,374666304,54993.9263,22867.8164,2.4049,1024,44
dsmem_loaded,5,0,1,1024,16384,0,0,42,0,901035895,374672736,54994.8666,22868.2090,2.4049,1024,45
dsmem_loaded,5,0,1,1024,16384,0,0,42,0,901013888,374663584,54993.5234,22867.6504,2.4049,1024,46
dsmem_loaded,5,0,1,1024,16384,0,0,42,0,901019026,374665728,54993.8370,22867.7812,2.4049,1024,47
dsmem_loaded,5,0,1,1024,16384,0,0,42,0,901013708,374663520,54993.5125,22867.6465,2.4049,1024,48
dsmem_loaded,5,0,1,1024,16384,0,0,42,0,901033017,374671552,54994.6910,22868.1367,2.4049,1024,49
dsmem_loaded,5,0,1,1024,16384,0,0,42,0,901014260,374663744,54993.5461,22867.6602,2.4049,1024,50
dsmem_loaded,5,0,1,1024,16384,0,0,42,0,901022630,374667232,54994.0570,22867.8730,2.4049,1024,51
dsmem_loaded,5,0,1,1024,16384,0,0,42,0,901013954,374663616,54993.5275,22867.6523,2.4049,1024,52
dsmem_loaded,5,0,1,1024,16384,0,0,42,0,901013646,374663520,54993.5087,22867.6465,2.4049,1024,53
dsmem_loaded,5,0,1,1024,16384,0,0,42,0,901013832,374663584,54993.5200,22867.6504,2.4049,1024,54
dsmem_loaded,5,0,1,1024,16384,0,0,42,0,901020799,374666496,54993.9453,22867.8281,2.4049,1024,55
dsmem_loaded,5,0,1,1024,16384,0,0,42,0,901013281,374663296,54993.4864,22867.6328,2.4049,1024,56
dsmem_loaded,5,0,1,1024,16384,0,0,42,0,901013344,374663360,54993.4902,22867.6367,2.4049,1024,57
dsmem_loaded,5,0,1,1024,16384,0,0,42,0,901013219,374663296,54993.4826,22867.6328,2.4049,1024,58
dsmem_loaded,5,0,1,1024,16384,0,0,42,0,901020736,374666432,54993.9414,22867.8242,2.4049,1024,59
dsmem_loaded,5,0,1,1024,16384,0,0,42,0,901012730,374663072,54993.4528,22867.6191,2.4049,1024,60
dsmem_loaded,5,0,1,1024,16384,0,0,42,0,901013650,374663456,54993.5089,22867.6426,2.4049,1024,61
dsmem_loaded,5,0,1,1024,16384,0,0,42,0,901012730,374663104,54993.4528,22867.6211,2.4049,1024,62
dsmem_loaded,5,0,1,1024,16384,0,0,42,0,901012729,374663104,54993.4527,22867.6211,2.4049,1024,63
dsmem_loaded,5,0,1,1024,16384,0,0,42,0,901013636,374663488,54993.5081,22867.6445,2.4049,1024,64
dsmem_loaded,5,0,1,1024,16384,0,0,42,0,901056137,374681120,54996.1021,22868.7207,2.4049,1024,65
dsmem_loaded,5,0,1,1024,16384,0,0,42,0,901044449,374676320,54995.3887,22868.4277,2.4049,1024,66
dsmem_loaded,5,0,1,1024,16384,0,0,42,0,901042250,374675360,54995.2545,22868.3691,2.4049,1024,67
dsmem_loaded,5,0,1,1024,16384,0,0,42,0,901043597,374675968,54995.3367,22868.4062,2.4049,1024,68
dsmem_loaded,5,0,1,1024,16384,0,0,42,0,901041802,374675168,54995.2272,22868.3574,2.4049,1024,69
dsmem_loaded,5,0,1,1024,16384,0,0,42,0,901042007,374675264,54995.2397,22868.3633,2.4049,1024,70
dsmem_loaded,5,0,1,1024,16384,0,0,42,0,901046843,374677312,54995.5349,22868.4883,2.4049,1024,71
dsmem_loaded,5,0,1,1024,16384,0,0,42,0,901023425,374667552,54994.1055,22867.8926,2.4049,1024,72
dsmem_loaded,5,0,1,1024,16384,0,0,42,0,901037180,374673248,54994.9451,22868.2402,2.4049,1024,73
dsmem_loaded,5,0,1,1024,16384,0,0,42,0,901025922,374668576,54994.2579,22867.9551,2.4049,1024,74
dsmem_loaded,5,0,1,1024,16384,0,0,42,0,901042252,374675392,54995.2546,22868.3711,2.4049,1024,75
dsmem_loaded,5,0,1,1024,16384,0,0,42,0,901020795,374666432,54993.9450,22867.8242,2.4049,1024,76
dsmem_loaded,5,0,1,1024,16384,0,0,42,0,901037415,374673376,54994.9594,22868.2480,2.4049,1024,77
dsmem_loaded,5,0,1,1024,16384,0,0,42,0,901013696,374663488,54993.5117,22867.6445,2.4049,1024,78
dsmem_loaded,5,0,1,1024,16384,0,0,42,0,901013761,374663552,54993.5157,22867.6484,2.4049,1024,79
dsmem_loaded,5,0,1,1024,16384,0,0,42,0,901021216,374666624,54993.9707,22867.8359,2.4049,1024,80
dsmem_loaded,5,0,1,1024,16384,0,0,42,0,901013396,374663392,54993.4934,22867.6387,2.4049,1024,81
dsmem_loaded,5,0,1,1024,16384,0,0,42,0,901012730,374663104,54993.4528,22867.6211,2.4049,1024,82
dsmem_loaded,5,0,1,1024,16384,0,0,42,0,901032708,374671424,54994.6721,22868.1289,2.4049,1024,83
dsmem_loaded,5,0,1,1024,16384,0,0,42,0,901013883,374663584,54993.5231,22867.6504,2.4049,1024,84
dsmem_loaded,5,0,1,1024,16384,0,0,42,0,901013450,374663424,54993.4967,22867.6406,2.4049,1024,85
dsmem_loaded,5,0,1,1024,16384,0,0,42,0,901013758,374663552,54993.5155,22867.6484,2.4049,1024,86
dsmem_loaded,5,0,1,1024,16384,0,0,42,0,901019562,374665952,54993.8698,22867.7949,2.4049,1024,87
dsmem_loaded,5,0,1,1024,16384,0,0,42,0,901013458,374663392,54993.4972,22867.6387,2.4049,1024,88
dsmem_loaded,5,0,1,1024,16384,0,0,42,0,901013462,374663392,54993.4974,22867.6387,2.4049,1024,89
dsmem_loaded,5,0,1,1024,16384,0,0,42,0,901013698,374663520,54993.5118,22867.6465,2.4049,1024,90
dsmem_loaded,5,0,1,1024,16384,0,0,42,0,901012729,374663072,54993.4527,22867.6191,2.4049,1024,91
dsmem_loaded,5,0,1,1024,16384,0,0,42,0,901012730,374663072,54993.4528,22867.6191,2.4049,1024,92
dsmem_loaded,5,0,1,1024,16384,0,0,42,0,901012729,374663104,54993.4527,22867.6211,2.4049,1024,93
dsmem_loaded,5,0,1,1024,16384,0,0,42,0,901013282,374663328,54993.4865,22867.6348,2.4049,1024,94
dsmem_loaded,5,0,1,1024,16384,0,0,42,0,901013699,374663488,54993.5119,22867.6445,2.4049,1024,95
dsmem_loaded,5,0,1,1024,16384,0,0,42,0,901013334,374663360,54993.4896,22867.6367,2.4049,1024,96
dsmem_loaded,5,0,1,1024,16384,0,0,42,0,901054426,374680448,54995.9977,22868.6797,2.4049,1024,97
dsmem_loaded,5,0,1,1024,16384,0,0,42,0,901012730,374663104,54993.4528,22867.6211,2.4049,1024,98
dsmem_loaded,5,0,1,1024,16384,0,0,42,0,901012729,374663072,54993.4527,22867.6191,2.4049,1024,99
dsmem_loaded,5,0,1,1024,16384,0,0,42,0,901042741,374675584,54995.2845,22868.3828,2.4049,1024,100
dsmem_loaded,5,0,1,1024,16384,0,0,42,0,901012730,374663104,54993.4528,22867.6211,2.4049,1024,101
dsmem_loaded,5,0,1,1024,16384,0,0,42,0,901046295,374677056,54995.5014,22868.4727,2.4049,1024,102
dsmem_loaded,5,0,1,1024,16384,0,0,42,0,901040671,374674720,54995.1581,22868.3301,2.4049,1024,103
dsmem_loaded,5,0,1,1024,16384,0,0,42,0,901035402,374672512,54994.8365,22868.1953,2.4049,1024,104
dsmem_loaded,5,0,1,1024,16384,0,0,42,0,901049467,374678368,54995.6950,22868.5527,2.4049,1024,105
dsmem_loaded,5,0,1,1024,16384,0,0,42,0,901047269,374677472,54995.5609,22868.4980,2.4049,1024,106
dsmem_loaded,5,0,1,1024,16384,0,0,42,0,901023907,374667744,54994.1349,22867.9043,2.4049,1024,107
dsmem_loaded,5,0,1,1024,16384,0,0,42,0,901025302,374668320,54994.2201,22867.9395,2.4049,1024,108
dsmem_loaded,5,0,1,1024,16384,0,0,42,0,901013885,374663616,54993.5233,22867.6523,2.4049,1024,109
dsmem_loaded,5,0,1,1024,16384,0,0,42,0,901028670,374669728,54994.4257,22868.0254,2.4049,1024,110
dsmem_loaded,5,0,1,1024,16384,0,0,42,0,901018955,374665696,54993.8327,22867.7793,2.4049,1024,111
dsmem_loaded,5,0,1,1024,16384,0,0,42,0,901025669,374668480,54994.2425,22867.9492,2.4049,1024,112
dsmem_loaded,5,0,1,1024,16384,0,0,42,0,901049153,374678272,54995.6758,22868.5469,2.4049,1024,113
dsmem_loaded,5,0,1,1024,16384,0,0,42,0,901013519,374663456,54993.5009,22867.6426,2.4049,1024,114
dsmem_loaded,5,0,1,1024,16384,0,0,42,0,901025303,374668352,54994.2202,22867.9414,2.4049,1024,115
dsmem_loaded,5,0,1,1024,16384,0,0,42,0,901014005,374663616,54993.5306,22867.6523,2.4049,1024,116
dsmem_loaded,5,0,1,1024,16384,0,0,42,0,901013273,374663360,54993.4859,22867.6367,2.4049,1024,117
dsmem_loaded,5,0,1,1024,16384,0,0,42,0,901014071,374663680,54993.5346,22867.6562,2.4049,1024,118
dsmem_loaded,5,0,1,1024,16384,0,0,42,0,901020725,374666432,54993.9407,22867.8242,2.4049,1024,119
dsmem_loaded,5,0,1,1024,16384,0,0,42,0,901013641,374663488,54993.5084,22867.6445,2.4049,1024,120
dsmem_loaded,5,0,1,1024,16384,0,0,42,0,901013151,374663264,54993.4785,22867.6309,2.4049,1024,121
dsmem_loaded,5,0,1,1024,16384,0,0,42,0,901019007,374665728,54993.8359,22867.7812,2.4049,1024,122
dsmem_loaded,5,0,1,1024,16384,0,0,42,0,901021275,374666624,54993.9743,22867.8359,2.4049,1024,123
dsmem_loaded,5,0,1,1024,16384,0,0,42,0,901012729,374663104,54993.4527,22867.6211,2.4049,1024,124
dsmem_loaded,5,0,1,1024,16384,0,0,42,0,901013754,374663520,54993.5153,22867.6465,2.4049,1024,125
dsmem_loaded,5,0,1,1024,16384,0,0,42,0,901013335,374663360,54993.4897,22867.6367,2.4049,1024,126
dsmem_loaded,5,0,1,1024,16384,0,0,42,0,901022191,374667040,54994.0302,22867.8613,2.4049,1024,127
dsmem_loaded,5,0,1,1024,16384,0,0,42,1,901037660,374673984,54994.9744,22868.2852,2.4049,1024,0
dsmem_loaded,5,0,1,1024,16384,0,0,42,1,901056060,374681664,54996.0974,22868.7539,2.4049,1024,1
dsmem_loaded,5,0,1,1024,16384,0,0,42,1,901056427,374681792,54996.1198,22868.7617,2.4049,1024,2
dsmem_loaded,5,0,1,1024,16384,0,0,42,1,901052757,374680256,54995.8958,22868.6680,2.4049,1024,3
dsmem_loaded,5,0,1,1024,16384,0,0,42,1,901031234,374671360,54994.5822,22868.1250,2.4049,1024,4
dsmem_loaded,5,0,1,1024,16384,0,0,42,1,901054649,374681056,54996.0113,22868.7168,2.4049,1024,5
dsmem_loaded,5,0,1,1024,16384,0,0,42,1,901060892,374683648,54996.3923,22868.8750,2.4049,1024,6
dsmem_loaded,5,0,1,1024,16384,0,0,42,1,901050738,374679424,54995.7726,22868.6172,2.4049,1024,7
dsmem_loaded,5,0,1,1024,16384,0,0,42,1,901019513,374666464,54993.8668,22867.8262,2.4049,1024,8
dsmem_loaded,5,0,1,1024,16384,0,0,42,1,901038011,374674176,54994.9958,22868.2969,2.4049,1024,9
dsmem_loaded,5,0,1,1024,16384,0,0,42,1,901051588,374679776,54995.8245,22868.6387,2.4049,1024,10
dsmem_loaded,5,0,1,1024,16384,0,0,42,1,901029576,374670624,54994.4810,22868.0801,2.4049,1024,11
dsmem_loaded,5,0,1,1024,16384,0,0,42,1,901025909,374669120,54994.2571,22867.9883,2.4049,1024,12
dsmem_loaded,5,0,1,1024,16384,0,0,42,1,901019513,374666464,54993.8668,22867.8262,2.4049,1024,13
dsmem_loaded,5,0,1,1024,16384,0,0,42,1,901020286,374666784,54993.9139,22867.8457,2.4049,1024,14
dsmem_loaded,5,0,1,1024,16384,0,0,42,1,901033307,374672224,54994.7087,22868.1777,2.4049,1024,15
dsmem_loaded,5,0,1,1024,16384,0,0,42,1,901020536,374666880,54993.9292,22867.8516,2.4049,1024,16
dsmem_loaded,5,0,1,1024,16384,0,0,42,1,901020291,374666784,54993.9142,22867.8457,2.4049,1024,17
dsmem_loaded,5,0,1,1024,16384,0,0,42,1,901046876,374677856,54995.5369,22868.5215,2.4049,1024,18
dsmem_loaded,5,0,1,1024,16384,0,0,42,1,901027136,374669632,54994.3320,22868.0195,2.4049,1024,19
dsmem_loaded,5,0,1,1024,16384,0,0,42,1,901020414,374666880,54993.9218,22867.8516,2.4049,1024,20
dsmem_loaded,5,0,1,1024,16384,0,0,42,1,901020783,374667008,54993.9443,22867.8594,2.4049,1024,21
dsmem_loaded,5,0,1,1024,16384,0,0,42,1,901020235,374666752,54993.9108,22867.8438,2.4049,1024,22
dsmem_loaded,5,0,1,1024,16384,0,0,42,1,901034042,374672512,54994.7535,22868.1953,2.4049,1024,23
dsmem_loaded,5,0,1,1024,16384,0,0,42,1,901020229,374666784,54993.9105,22867.8457,2.4049,1024,24
dsmem_loaded,5,0,1,1024,16384,0,0,42,1,901020480,374666848,54993.9258,22867.8496,2.4049,1024,25
dsmem_loaded,5,0,1,1024,16384,0,0,42,1,901019514,374666464,54993.8668,22867.8262,2.4049,1024,26
dsmem_loaded,5,0,1,1024,16384,0,0,42,1,901020474,374666848,54993.9254,22867.8496,2.4049,1024,27
dsmem_loaded,5,0,1,1024,16384,0,0,42,1,901050680,374679424,54995.7690,22868.6172,2.4049,1024,28
dsmem_loaded,5,0,1,1024,16384,0,0,42,1,901019984,374666656,54993.8955,22867.8379,2.4049,1024,29
dsmem_loaded,5,0,1,1024,16384,0,0,42,1,901027930,374669952,54994.3805,22868.0391,2.4049,1024,30
dsmem_loaded,5,0,1,1024,16384,0,0,42,1,901019513,374666464,54993.8668,22867.8262,2.4049,1024,31
dsmem_loaded,5,0,1,1024,16384,0,0,42,1,901046046,374677472,54995.4862,22868.4980,2.4049,1024,32
dsmem_loaded,5,0,1,1024,16384,0,0,42,1,901037424,374673888,54994.9600,22868.2793,2.4049,1024,33
dsmem_loaded,5,0,1,1024,16384,0,0,42,1,901049580,374678944,54995.7019,22868.5879,2.4049,1024,34
dsmem_loaded,5,0,1,1024,16384,0,0,42,1,901055333,374681312,54996.0530,22868.7324,2.4049,1024,35
dsmem_loaded,5,0,1,1024,16384,0,0,42,1,901030761,374671104,54994.5533,22868.1094,2.4049,1024,36
dsmem_loaded,5,0,1,1024,16384,0,0,42,1,901033942,374672416,54994.7474,22868.1895,2.4049,1024,37
dsmem_loaded,5,0,1,1024,16384,0,0,42,1,901019513,374666432,54993.8668,22867.8242,2.4049,1024,38
dsmem_loaded,5,0,1,1024,16384,0,0,42,1,901043960,374676640,54995.3589,22868.4473,2.4049,1024,39
dsmem_loaded,5,0,1,1024,16384,0,0,42,1,901035776,374673216,54994.8594,22868.2383,2.4049,1024,40
dsmem_loaded,5,0,1,1024,16384,0,0,42,1,901037725,374674016,54994.9783,22868.2871,2.4049,1024,41
dsmem_loaded,5,0,1,1024,16384,0,0,42,1,901049273,374678848,54995.6832,22868.5820,2.4049,1024,42
dsmem_loaded,5,0,1,1024,16384,0,0,42,1,901043096,374676288,54995.3062,22868.4258,2.4049,1024,43
dsmem_loaded,5,0,1,1024,16384,0,0,42,1,901019513,374666464,54993.8668,22867.8262,2.4049,1024,44
dsmem_loaded,5,0,1,1024,16384,0,0,42,1,901019513,374666464,54993.8668,22867.8262,2.4049,1024,45
dsmem_loaded,5,0,1,1024,16384,0,0,42,1,901034668,374672768,54994.7917,22868.2109,2.4049,1024,46
dsmem_loaded,5,0,1,1024,16384,0,0,42,1,901019513,374666432,54993.8668,22867.8242,2.4049,1024,47
dsmem_loaded,5,0,1,1024,16384,0,0,42,1,901024035,374668352,54994.1428,22867.9414,2.4049,1024,48
dsmem_loaded,5,0,1,1024,16384,0,0,42,1,901021898,374667456,54994.0123,22867.8867,2.4049,1024,49
dsmem_loaded,5,0,1,1024,16384,0,0,42,1,901030761,374671168,54994.5533,22868.1133,2.4049,1024,50
dsmem_loaded,5,0,1,1024,16384,0,0,42,1,901034363,374672672,54994.7731,22868.2051,2.4049,1024,51
dsmem_loaded,5,0,1,1024,16384,0,0,42,1,901023488,374668096,54994.1094,22867.9258,2.4049,1024,52
dsmem_loaded,5,0,1,1024,16384,0,0,42,1,901022200,374667552,54994.0308,22867.8926,2.4049,1024,53
dsmem_loaded,5,0,1,1024,16384,0,0,42,1,901034476,374672672,54994.7800,22868.2051,2.4049,1024,54
dsmem_loaded,5,0,1,1024,16384,0,0,42,1,901020423,374666848,54993.9223,22867.8496,2.4049,1024,55
dsmem_loaded,5,0,1,1024,16384,0,0,42,1,901026168,374669248,54994.2729,22867.9961,2.4049,1024,56
dsmem_loaded,5,0,1,1024,16384,0,0,42,1,901022811,374667840,54994.0681,22867.9102,2.4049,1024,57
dsmem_loaded,5,0,1,1024,16384,0,0,42,1,901028069,374670016,54994.3890,22868.0430,2.4049,1024,58
dsmem_loaded,5,0,1,1024,16384,0,0,42,1,901025809,374669088,54994.2510,22867.9863,2.4049,1024,59
dsmem_loaded,5,0,1,1024,16384,0,0,42,1,901025989,374669152,54994.2620,22867.9902,2.4049,1024,60
dsmem_loaded,5,0,1,1024,16384,0,0,42,1,901023727,374668224,54994.1240,22867.9336,2.4049,1024,61
dsmem_loaded,5,0,1,1024,16384,0,0,42,1,901020488,374666880,54993.9263,22867.8516,2.4049,1024,62
dsmem_loaded,5,0,1,1024,16384,0,0,42,1,901027705,374669888,54994.3668,22868.0352,2.4049,1024,63
dsmem_loaded,5,0,1,1024,16384,0,0,42,1,901060353,374683424,54996.3594,22868.8613,2.4049,1024,64
dsmem_loaded,5,0,1,1024,16384,0,0,42,1,901054242,374680928,54995.9865,22868.7090,2.4049,1024,65
dsmem_loaded,5,0,1,1024,16384,0,0,42,1,901056012,374681632,54996.0945,22868.7520,2.4049,1024,66
dsmem_loaded,5,0,1,1024,16384,0,0,42,1,901059741,374683200,54996.3221,22868.8477,2.4049,1024,67
dsmem_loaded,5,0,1,1024,16384,0,0,42,1,901040667,374675232,54995.1579,22868.3613,2.4049,1024,68
dsmem_loaded,5,0,1,1024,16384,0,0,42,1,901054663,374681056,54996.0121,22868.7168,2.4049,1024,69
dsmem_loaded,5,0,1,1024,16384,0,0,42,1,901052709,374680256,54995.8929,22868.6680,2.4049,1024,70
dsmem_loaded,5,0,1,1024,16384,0,0,42,1,901061633,374683936,54996.4376,22868.8926,2.4049,1024,71
dsmem_loaded,5,0,1,1024,16384,0,0,42,1,901027399,374669728,54994.3481,22868.0254,2.4049,1024,72
dsmem_loaded,5,0,1,1024,16384,0,0,42,1,901027573,374669824,54994.3587,22868.0312,2.4049,1024,73
dsmem_loaded,5,0,1,1024,16384,0,0,42,1,901034296,374672608,54994.7690,22868.2012,2.4049,1024,74
dsmem_loaded,5,0,1,1024,16384,0,0,42,1,901027574,374669824,54994.3588,22868.0312,2.4049,1024,75
dsmem_loaded,5,0,1,1024,16384,0,0,42,1,901020245,374666784,54993.9114,22867.8457,2.4049,1024,76
dsmem_loaded,5,0,1,1024,16384,0,0,42,1,901019513,374666464,54993.8668,22867.8262,2.4049,1024,77
dsmem_loaded,5,0,1,1024,16384,0,0,42,1,901019513,374666464,54993.8668,22867.8262,2.4049,1024,78
dsmem_loaded,5,0,1,1024,16384,0,0,42,1,901029293,374670528,54994.4637,22868.0742,2.4049,1024,79
dsmem_loaded,5,0,1,1024,16384,0,0,42,1,901026109,374669184,54994.2693,22867.9922,2.4049,1024,80
dsmem_loaded,5,0,1,1024,16384,0,0,42,1,901027639,374669824,54994.3627,22868.0312,2.4049,1024,81
dsmem_loaded,5,0,1,1024,16384,0,0,42,1,901031056,374671296,54994.5713,22868.1211,2.4049,1024,82
dsmem_loaded,5,0,1,1024,16384,0,0,42,1,901020431,374666848,54993.9228,22867.8496,2.4049,1024,83
dsmem_loaded,5,0,1,1024,16384,0,0,42,1,901019514,374666464,54993.8668,22867.8262,2.4049,1024,84
dsmem_loaded,5,0,1,1024,16384,0,0,42,1,901027270,374669696,54994.3402,22868.0234,2.4049,1024,85
dsmem_loaded,5,0,1,1024,16384,0,0,42,1,901034181,374672576,54994.7620,22868.1992,2.4049,1024,86
dsmem_loaded,5,0,1,1024,16384,0,0,42,1,901020362,374666816,54993.9186,22867.8477,2.4049,1024,87
dsmem_loaded,5,0,1,1024,16384,0,0,42,1,901023971,374668320,54994.1389,22867.9395,2.4049,1024,88
dsmem_loaded,5,0,1,1024,16384,0,0,42,1,901027220,374669696,54994.3372,22868.0234,2.4049,1024,89
dsmem_loaded,5,0,1,1024,16384,0,0,42,1,901027399,374669728,54994.3481,22868.0254,2.4049,1024,90
dsmem_loaded,5,0,1,1024,16384,0,0,42,1,901020549,374666912,54993.9300,22867.8535,2.4049,1024,91
dsmem_loaded,5,0,1,1024,16384,0,0,42,1,901020554,374666880,54993.9303,22867.8516,2.4049,1024,92
dsmem_loaded,5,0,1,1024,16384,0,0,42,1,901027824,374669920,54994.3740,22868.0371,2.4049,1024,93
dsmem_loaded,5,0,1,1024,16384,0,0,42,1,901020613,374666944,54993.9339,22867.8555,2.4049,1024,94
dsmem_loaded,5,0,1,1024,16384,0,0,42,1,901019514,374666432,54993.8668,22867.8242,2.4049,1024,95
dsmem_loaded,5,0,1,1024,16384,0,0,42,1,901049694,374678976,54995.7089,22868.5898,2.4049,1024,96
dsmem_loaded,5,0,1,1024,16384,0,0,42,1,901019514,374666464,54993.8668,22867.8262,2.4049,1024,97
dsmem_loaded,5,0,1,1024,16384,0,0,42,1,901053311,374680480,54995.9296,22868.6816,2.4049,1024,98
dsmem_loaded,5,0,1,1024,16384,0,0,42,1,901027439,374669760,54994.3505,22868.0273,2.4049,1024,99
dsmem_loaded,5,0,1,1024,16384,0,0,42,1,901031477,374671424,54994.5970,22868.1289,2.4049,1024,100
dsmem_loaded,5,0,1,1024,16384,0,0,42,1,901055758,374681504,54996.0790,22868.7441,2.4049,1024,101
dsmem_loaded,5,0,1,1024,16384,0,0,42,1,901054406,374680960,54995.9965,22868.7109,2.4049,1024,102
dsmem_loaded,5,0,1,1024,16384,0,0,42,1,901058753,374682784,54996.2618,22868.8223,2.4049,1024,103
dsmem_loaded,5,0,1,1024,16384,0,0,42,1,901053676,374680672,54995.9519,22868.6934,2.4049,1024,104
dsmem_loaded,5,0,1,1024,16384,0,0,42,1,901051100,374679584,54995.7947,22868.6270,2.4049,1024,105
dsmem_loaded,5,0,1,1024,16384,0,0,42,1,901032943,374672064,54994.6865,22868.1680,2.4049,1024,106
dsmem_loaded,5,0,1,1024,16384,0,0,42,1,901054647,374681024,54996.0112,22868.7148,2.4049,1024,107
dsmem_loaded,5,0,1,1024,16384,0,0,42,1,901019513,374666432,54993.8668,22867.8242,2.4049,1024,108
dsmem_loaded,5,0,1,1024,16384,0,0,42,1,901038206,374674240,54995.0077,22868.3008,2.4049,1024,109
dsmem_loaded,5,0,1,1024,16384,0,0,42,1,901020842,374667040,54993.9479,22867.8613,2.4049,1024,110
dsmem_loaded,5,0,1,1024,16384,0,0,42,1,901019513,374666464,54993.8668,22867.8262,2.4049,1024,111
dsmem_loaded,5,0,1,1024,16384,0,0,42,1,901027685,374669856,54994.3655,22868.0332,2.4049,1024,112
dsmem_loaded,5,0,1,1024,16384,0,0,42,1,901027439,374669760,54994.3505,22868.0273,2.4049,1024,113
dsmem_loaded,5,0,1,1024,16384,0,0,42,1,901020170,374666720,54993.9069,22867.8418,2.4049,1024,114
dsmem_loaded,5,0,1,1024,16384,0,0,42,1,901027441,374669760,54994.3506,22868.0273,2.4049,1024,115
dsmem_loaded,5,0,1,1024,16384,0,0,42,1,901027262,374669696,54994.3397,22868.0234,2.4049,1024,116
dsmem_loaded,5,0,1,1024,16384,0,0,42,1,901019863,374666592,54993.8881,22867.8340,2.4049,1024,117
dsmem_loaded,5,0,1,1024,16384,0,0,42,1,901020234,374666752,54993.9108,22867.8438,2.4049,1024,118
dsmem_loaded,5,0,1,1024,16384,0,0,42,1,901027197,374669664,54994.3358,22868.0215,2.4049,1024,119
dsmem_loaded,5,0,1,1024,16384,0,0,42,1,901027200,374669664,54994.3359,22868.0215,2.4049,1024,120
dsmem_loaded,5,0,1,1024,16384,0,0,42,1,901027203,374669664,54994.3361,22868.0215,2.4049,1024,121
dsmem_loaded,5,0,1,1024,16384,0,0,42,1,901019868,374666592,54993.8884,22867.8340,2.4049,1024,122
dsmem_loaded,5,0,1,1024,16384,0,0,42,1,901027324,374669696,54994.3435,22868.0234,2.4049,1024,123
dsmem_loaded,5,0,1,1024,16384,0,0,42,1,901027319,374669696,54994.3432,22868.0234,2.4049,1024,124
dsmem_loaded,5,0,1,1024,16384,0,0,42,1,901020535,374666880,54993.9291,22867.8516,2.4049,1024,125
dsmem_loaded,5,0,1,1024,16384,0,0,42,1,901019514,374666464,54993.8668,22867.8262,2.4049,1024,126
dsmem_loaded,5,0,1,1024,16384,0,0,42,1,901027507,374669824,54994.3547,22868.0312,2.4049,1024,127
dsmem_loaded,5,0,1,1024,16384,0,0,42,2,901056760,374681216,54996.1401,22868.7266,2.4049,1024,0
dsmem_loaded,5,0,1,1024,16384,0,0,42,2,901056459,374681120,54996.1218,22868.7207,2.4049,1024,1
dsmem_loaded,5,0,1,1024,16384,0,0,42,2,901055052,374680544,54996.0359,22868.6855,2.4049,1024,2
dsmem_loaded,5,0,1,1024,16384,0,0,42,2,901077740,374689952,54997.4207,22869.2598,2.4049,1024,3
dsmem_loaded,5,0,1,1024,16384,0,0,42,2,901044232,374676064,54995.3755,22868.4121,2.4049,1024,4
dsmem_loaded,5,0,1,1024,16384,0,0,42,2,901079150,374690560,54997.5067,22869.2969,2.4049,1024,5
dsmem_loaded,5,0,1,1024,16384,0,0,42,2,901054996,374680544,54996.0325,22868.6855,2.4049,1024,6
dsmem_loaded,5,0,1,1024,16384,0,0,42,2,901076216,374689376,54997.3276,22869.2246,2.4049,1024,7
dsmem_loaded,5,0,1,1024,16384,0,0,42,2,901086787,374693760,54997.9728,22869.4922,2.4049,1024,8
dsmem_loaded,5,0,1,1024,16384,0,0,42,2,901051626,374679136,54995.8268,22868.5996,2.4049,1024,9
dsmem_loaded,5,0,1,1024,16384,0,0,42,2,901043321,374675648,54995.3199,22868.3867,2.4049,1024,10
dsmem_loaded,5,0,1,1024,16384,0,0,42,2,901071255,374687296,54997.0248,22869.0977,2.4049,1024,11
dsmem_loaded,5,0,1,1024,16384,0,0,42,2,901064589,374684480,54996.6180,22868.9258,2.4049,1024,12
dsmem_loaded,5,0,1,1024,16384,0,0,42,2,901057746,374681664,54996.2003,22868.7539,2.4049,1024,13
dsmem_loaded,5,0,1,1024,16384,0,0,42,2,901076275,374689376,54997.3312,22869.2246,2.4049,1024,14
dsmem_loaded,5,0,1,1024,16384,0,0,42,2,901068929,374686304,54996.8829,22869.0371,2.4049,1024,15
dsmem_loaded,5,0,1,1024,16384,0,0,42,2,901044176,374676032,54995.3721,22868.4102,2.4049,1024,16
dsmem_loaded,5,0,1,1024,16384,0,0,42,2,901043321,374675648,54995.3199,22868.3867,2.4049,1024,17
dsmem_loaded,5,0,1,1024,16384,0,0,42,2,901051139,374678912,54995.7971,22868.5859,2.4049,1024,18
dsmem_loaded,5,0,1,1024,16384,0,0,42,2,901051201,374678944,54995.8008,22868.5879,2.4049,1024,19
dsmem_loaded,5,0,1,1024,16384,0,0,42,2,901044605,374676192,54995.3983,22868.4199,2.4049,1024,20
dsmem_loaded,5,0,1,1024,16384,0,0,42,2,901051624,374679136,54995.8267,22868.5996,2.4049,1024,21
dsmem_loaded,5,0,1,1024,16384,0,0,42,2,901064712,374684576,54996.6255,22868.9316,2.4049,1024,22
dsmem_loaded,5,0,1,1024,16384,0,0,42,2,901043997,374675936,54995.3611,22868.4043,2.4049,1024,23
dsmem_loaded,5,0,1,1024,16384,0,0,42,2,901043940,374675904,54995.3577,22868.4023,2.4049,1024,24
dsmem_loaded,5,0,1,1024,16384,0,0,42,2,901051143,374678912,54995.7973,22868.5859,2.4049,1024,25
dsmem_loaded,5,0,1,1024,16384,0,0,42,2,901044356,374676096,54995.3831,22868.4141,2.4049,1024,26
dsmem_loaded,5,0,1,1024,16384,0,0,42,2,901043813,374675872,54995.3499,22868.4004,2.4049,1024,27
dsmem_loaded,5,0,1,1024,16384,0,0,42,2,901043321,374675648,54995.3199,22868.3867,2.4049,1024,28
dsmem_loaded,5,0,1,1024,16384,0,0,42,2,901043757,374675840,54995.3465,22868.3984,2.4049,1024,29
dsmem_loaded,5,0,1,1024,16384,0,0,42,2,901043692,374675776,54995.3425,22868.3945,2.4049,1024,30
dsmem_loaded,5,0,1,1024,16384,0,0,42,2,901043322,374675648,54995.3199,22868.3867,2.4049,1024,31
dsmem_loaded,5,0,1,1024,16384,0,0,42,2,901043321,374675680,54995.3199,22868.3887,2.4049,1024,32
dsmem_loaded,5,0,1,1024,16384,0,0,42,2,901080925,374691296,54997.6151,22869.3418,2.4049,1024,33
dsmem_loaded,5,0,1,1024,16384,0,0,42,2,901077436,374689856,54997.4021,22869.2539,2.4049,1024,34
dsmem_loaded,5,0,1,1024,16384,0,0,42,2,901051992,374679296,54995.8491,22868.6094,2.4049,1024,35
dsmem_loaded,5,0,1,1024,16384,0,0,42,2,901079390,374690656,54997.5214,22869.3027,2.4049,1024,36
dsmem_loaded,5,0,1,1024,16384,0,0,42,2,901043322,374675648,54995.3199,22868.3867,2.4049,1024,37
dsmem_loaded,5,0,1,1024,16384,0,0,42,2,901077746,374689984,54997.4210,22869.2617,2.4049,1024,38
dsmem_loaded,5,0,1,1024,16384,0,0,42,2,901082820,374692096,54997.7307,22869.3906,2.4049,1024,39
dsmem_loaded,5,0,1,1024,16384,0,0,42,2,901077621,374689952,54997.4134,22869.2598,2.4049,1024,40
dsmem_loaded,5,0,1,1024,16384,0,0,42,2,901084652,374692864,54997.8425,22869.4375,2.4049,1024,41
dsmem_loaded,5,0,1,1024,16384,0,0,42,2,901049610,374678304,54995.7037,22868.5488,2.4049,1024,42
dsmem_loaded,5,0,1,1024,16384,0,0,42,2,901055126,374680576,54996.0404,22868.6875,2.4049,1024,43
dsmem_loaded,5,0,1,1024,16384,0,0,42,2,901061589,374683296,54996.4349,22868.8535,2.4049,1024,44
dsmem_loaded,5,0,1,1024,16384,0,0,42,2,901066489,374685280,54996.7339,22868.9746,2.4049,1024,45
dsmem_loaded,5,0,1,1024,16384,0,0,42,2,901044235,374676032,54995.3757,22868.4102,2.4049,1024,46
dsmem_loaded,5,0,1,1024,16384,0,0,42,2,901055056,374680576,54996.0361,22868.6875,2.4049,1024,47
dsmem_loaded,5,0,1,1024,16384,0,0,42,2,901044416,374676096,54995.3867,22868.4141,2.4049,1024,48
dsmem_loaded,5,0,1,1024,16384,0,0,42,2,901070520,374686976,54996.9800,22869.0781,2.4049,1024,49
dsmem_loaded,5,0,1,1024,16384,0,0,42,2,901051749,374679168,54995.8343,22868.6016,2.4049,1024,50
dsmem_loaded,5,0,1,1024,16384,0,0,42,2,901051445,374679008,54995.8157,22868.5918,2.4049,1024,51
dsmem_loaded,5,0,1,1024,16384,0,0,42,2,901043806,374675840,54995.3495,22868.3984,2.4049,1024,52
dsmem_loaded,5,0,1,1024,16384,0,0,42,2,901051199,374678912,54995.8007,22868.5859,2.4049,1024,53
dsmem_loaded,5,0,1,1024,16384,0,0,42,2,901043927,374675904,54995.3569,22868.4023,2.4049,1024,54
dsmem_loaded,5,0,1,1024,16384,0,0,42,2,901057921,374681760,54996.2110,22868.7598,2.4049,1024,55
dsmem_loaded,5,0,1,1024,16384,0,0,42,2,901044297,374676064,54995.3795,22868.4121,2.4049,1024,56
dsmem_loaded,5,0,1,1024,16384,0,0,42,2,901044052,374675936,54995.3645,22868.4043,2.4049,1024,57
dsmem_loaded,5,0,1,1024,16384,0,0,42,2,901044052,374675936,54995.3645,22868.4043,2.4049,1024,58
dsmem_loaded,5,0,1,1024,16384,0,0,42,2,901044540,374676160,54995.3943,22868.4180,2.4049,1024,59
dsmem_loaded,5,0,1,1024,16384,0,0,42,2,901044298,374676064,54995.3795,22868.4121,2.4049,1024,60
dsmem_loaded,5,0,1,1024,16384,0,0,42,2,901044357,374676064,54995.3831,22868.4121,2.4049,1024,61
dsmem_loaded,5,0,1,1024,16384,0,0,42,2,901043321,374675648,54995.3199,22868.3867,2.4049,1024,62
dsmem_loaded,5,0,1,1024,16384,0,0,42,2,901043321,374675648,54995.3199,22868.3867,2.4049,1024,63
dsmem_loaded,5,0,1,1024,16384,0,0,42,2,901084898,374692928,54997.8575,22869.4414,2.4049,1024,64
dsmem_loaded,5,0,1,1024,16384,0,0,42,2,901076398,374689440,54997.3387,22869.2285,2.4049,1024,65
dsmem_loaded,5,0,1,1024,16384,0,0,42,2,901043321,374675648,54995.3199,22868.3867,2.4049,1024,66
dsmem_loaded,5,0,1,1024,16384,0,0,42,2,901067892,374685856,54996.8196,22869.0098,2.4049,1024,67
dsmem_loaded,5,0,1,1024,16384,0,0,42,2,901054617,374680352,54996.0093,22868.6738,2.4049,1024,68
dsmem_loaded,5,0,1,1024,16384,0,0,42,2,901056084,374680992,54996.0989,22868.7129,2.4049,1024,69
dsmem_loaded,5,0,1,1024,16384,0,0,42,2,901069789,374686688,54996.9354,22869.0605,2.4049,1024,70
dsmem_loaded,5,0,1,1024,16384,0,0,42,2,901051371,374679008,54995.8112,22868.5918,2.4049,1024,71
dsmem_loaded,5,0,1,1024,16384,0,0,42,2,901053878,374680096,54995.9642,22868.6582,2.4049,1024,72
dsmem_loaded,5,0,1,1024,16384,0,0,42,2,901051007,374678880,54995.7890,22868.5840,2.4049,1024,73
dsmem_loaded,5,0,1,1024,16384,0,0,42,2,901071445,374687392,54997.0364,22869.1035,2.4049,1024,74
dsmem_loaded,5,0,1,1024,16384,0,0,42,2,901088072,374694272,54998.0513,22869.5234,2.4049,1024,75
dsmem_loaded,5,0,1,1024,16384,0,0,42,2,901043321,374675648,54995.3199,22868.3867,2.4049,1024,76
dsmem_loaded,5,0,1,1024,16384,0,0,42,2,901043321,374675648,54995.3199,22868.3867,2.4049,1024,77
dsmem_loaded,5,0,1,1024,16384,0,0,42,2,901048802,374677952,54995.6544,22868.5273,2.4049,1024,78
dsmem_loaded,5,0,1,1024,16384,0,0,42,2,901043322,374675648,54995.3199,22868.3867,2.4049,1024,79
dsmem_loaded,5,0,1,1024,16384,0,0,42,2,901051256,374678976,54995.8042,22868.5898,2.4049,1024,80
dsmem_loaded,5,0,1,1024,16384,0,0,42,2,901051434,374679040,54995.8151,22868.5938,2.4049,1024,81
dsmem_loaded,5,0,1,1024,16384,0,0,42,2,901051131,374678944,54995.7966,22868.5879,2.4049,1024,82
dsmem_loaded,5,0,1,1024,16384,0,0,42,2,901053088,374679712,54995.9160,22868.6348,2.4049,1024,83
dsmem_loaded,5,0,1,1024,16384,0,0,42,2,901051250,374678944,54995.8038,22868.5879,2.4049,1024,84
dsmem_loaded,5,0,1,1024,16384,0,0,42,2,901051309,374678944,54995.8074,22868.5879,2.4049,1024,85
dsmem_loaded,5,0,1,1024,16384,0,0,42,2,901044163,374676000,54995.3713,22868.4082,2.4049,1024,86
dsmem_loaded,5,0,1,1024,16384,0,0,42,2,901043852,374675872,54995.3523,22868.4004,2.4049,1024,87
dsmem_loaded,5,0,1,1024,16384,0,0,42,2,901051370,374679008,54995.8112,22868.5918,2.4049,1024,88
dsmem_loaded,5,0,1,1024,16384,0,0,42,2,901051373,374678976,54995.8113,22868.5898,2.4049,1024,89
dsmem_loaded,5,0,1,1024,16384,0,0,42,2,901044162,374676032,54995.3712,22868.4102,2.4049,1024,90
dsmem_loaded,5,0,1,1024,16384,0,0,42,2,901044340,374676064,54995.3821,22868.4121,2.4049,1024,91
dsmem_loaded,5,0,1,1024,16384,0,0,42,2,901050939,374678848,54995.7849,22868.5820,2.4049,1024,92
dsmem_loaded,5,0,1,1024,16384,0,0,42,2,901051124,374678912,54995.7961,22868.5859,2.4049,1024,93
dsmem_loaded,5,0,1,1024,16384,0,0,42,2,901044584,374676192,54995.3970,22868.4199,2.4049,1024,94
dsmem_loaded,5,0,1,1024,16384,0,0,42,2,901044227,374676064,54995.3752,22868.4121,2.4049,1024,95
dsmem_loaded,5,0,1,1024,16384,0,0,42,2,901044351,374676064,54995.3828,22868.4121,2.4049,1024,96
dsmem_loaded,5,0,1,1024,16384,0,0,42,2,901076196,374689312,54997.3264,22869.2207,2.4049,1024,97
dsmem_loaded,5,0,1,1024,16384,0,0,42,2,901043858,374675872,54995.3527,22868.4004,2.4049,1024,98
dsmem_loaded,5,0,1,1024,16384,0,0,42,2,901049358,374678176,54995.6884,22868.5410,2.4049,1024,99
dsmem_loaded,5,0,1,1024,16384,0,0,42,2,901086525,374693632,54997.9568,22869.4844,2.4049,1024,100
dsmem_loaded,5,0,1,1024,16384,0,0,42,2,901052173,374679328,54995.8602,22868.6113,2.4049,1024,101
dsmem_loaded,5,0,1,1024,16384,0,0,42,2,901052841,374679616,54995.9009,22868.6289,2.4049,1024,102
dsmem_loaded,5,0,1,1024,16384,0,0,42,2,901076200,374689344,54997.3267,22869.2227,2.4049,1024,103
dsmem_loaded,5,0,1,1024,16384,0,0,42,2,901071856,374687520,54997.0615,22869.1113,2.4049,1024,104
dsmem_loaded,5,0,1,1024,16384,0,0,42,2,901059875,374682528,54996.3303,22868.8066,2.4049,1024,105
dsmem_loaded,5,0,1,1024,16384,0,0,42,2,901069842,374686720,54996.9386,22869.0625,2.4049,1024,106
dsmem_loaded,5,0,1,1024,16384,0,0,42,2,901072900,374688000,54997.1252,22869.1406,2.4049,1024,107
dsmem_loaded,5,0,1,1024,16384,0,0,42,2,901052594,374679520,54995.8859,22868.6230,2.4049,1024,108
dsmem_loaded,5,0,1,1024,16384,0,0,42,2,901043322,374675648,54995.3199,22868.3867,2.4049,1024,109
dsmem_loaded,5,0,1,1024,16384,0,0,42,2,901071853,374687520,54997.0613,22869.1113,2.4049,1024,110
dsmem_loaded,5,0,1,1024,16384,0,0,42,2,901056445,374681120,54996.1209,22868.7207,2.4049,1024,111
dsmem_loaded,5,0,1,1024,16384,0,0,42,2,901049418,374678176,54995.6920,22868.5410,2.4049,1024,112
dsmem_loaded,5,0,1,1024,16384,0,0,42,2,901056264,374681056,54996.1099,22868.7168,2.4049,1024,113
dsmem_loaded,5,0,1,1024,16384,0,0,42,2,901054492,374680320,54996.0017,22868.6719,2.4049,1024,114
dsmem_loaded,5,0,1,1024,16384,0,0,42,2,901053387,374679840,54995.9343,22868.6426,2.4049,1024,115
dsmem_loaded,5,0,1,1024,16384,0,0,42,2,901044407,374676096,54995.3862,22868.4141,2.4049,1024,116
dsmem_loaded,5,0,1,1024,16384,0,0,42,2,901056991,374681344,54996.1542,22868.7344,2.4049,1024,117
dsmem_loaded,5,0,1,1024,16384,0,0,42,2,901043862,374675840,54995.3529,22868.3984,2.4049,1024,118
dsmem_loaded,5,0,1,1024,16384,0,0,42,2,901058462,374681952,54996.2440,22868.7715,2.4049,1024,119
dsmem_loaded,5,0,1,1024,16384,0,0,42,2,901043988,374675904,54995.3606,22868.4023,2.4049,1024,120
dsmem_loaded,5,0,1,1024,16384,0,0,42,2,901044224,374676064,54995.3750,22868.4121,2.4049,1024,121
dsmem_loaded,5,0,1,1024,16384,0,0,42,2,901044470,374676128,54995.3900,22868.4160,2.4049,1024,122
dsmem_loaded,5,0,1,1024,16384,0,0,42,2,901044229,374676032,54995.3753,22868.4102,2.4049,1024,123
dsmem_loaded,5,0,1,1024,16384,0,0,42,2,901043321,374675648,54995.3199,22868.3867,2.4049,1024,124
dsmem_loaded,5,0,1,1024,16384,0,0,42,2,901044167,374676000,54995.3715,22868.4082,2.4049,1024,125
dsmem_loaded,5,0,1,1024,16384,0,0,42,2,901043321,374675680,54995.3199,22868.3887,2.4049,1024,126
dsmem_loaded,5,0,1,1024,16384,0,0,42,2,901043321,374675648,54995.3199,22868.3867,2.4049,1024,127
dsmem_loaded,5,0,1,1024,16384,0,0,42,3,901057951,374682016,54996.2128,22868.7754,2.4049,1024,0
dsmem_loaded,5,0,1,1024,16384,0,0,42,3,901039487,374674336,54995.0859,22868.3066,2.4049,1024,1
dsmem_loaded,5,0,1,1024,16384,0,0,42,3,901037171,374673376,54994.9445,22868.2480,2.4049,1024,2
dsmem_loaded,5,0,1,1024,16384,0,0,42,3,901037715,374673568,54994.9777,22868.2598,2.4049,1024,3
dsmem_loaded,5,0,1,1024,16384,0,0,42,3,901034170,374672096,54994.7614,22868.1699,2.4049,1024,4
dsmem_loaded,5,0,1,1024,16384,0,0,42,3,901023420,374667648,54994.1052,22867.8984,2.4049,1024,5
dsmem_loaded,5,0,1,1024,16384,0,0,42,3,901018454,374665600,54993.8021,22867.7734,2.4049,1024,6
dsmem_loaded,5,0,1,1024,16384,0,0,42,3,901028854,374669920,54994.4369,22868.0371,2.4049,1024,7
dsmem_loaded,5,0,1,1024,16384,0,0,42,3,901037413,374673472,54994.9593,22868.2539,2.4049,1024,8
dsmem_loaded,5,0,1,1024,16384,0,0,42,3,901016746,374664896,54993.6979,22867.7305,2.4049,1024,9
dsmem_loaded,5,0,1,1024,16384,0,0,42,3,901015771,374664512,54993.6384,22867.7070,2.4049,1024,10
dsmem_loaded,5,0,1,1024,16384,0,0,42,3,901015589,374664384,54993.6273,22867.6992,2.4049,1024,11
dsmem_loaded,5,0,1,1024,16384,0,0,42,3,901036910,374673280,54994.9286,22868.2422,2.4049,1024,12
dsmem_loaded,5,0,1,1024,16384,0,0,42,3,901006605,374660704,54993.0789,22867.4746,2.4049,1024,13
dsmem_loaded,5,0,1,1024,16384,0,0,42,3,901017485,374665216,54993.7430,22867.7500,2.4049,1024,14
dsmem_loaded,5,0,1,1024,16384,0,0,42,3,901005945,374660448,54993.0386,22867.4590,2.4049,1024,15
dsmem_loaded,5,0,1,1024,16384,0,0,42,3,901006484,374660640,54993.0715,22867.4707,2.4049,1024,16
dsmem_loaded,5,0,1,1024,16384,0,0,42,3,901018578,374665632,54993.8097,22867.7754,2.4049,1024,17
dsmem_loaded,5,0,1,1024,16384,0,0,42,3,901007094,374660896,54993.1088,22867.4863,2.4049,1024,18
dsmem_loaded,5,0,1,1024,16384,0,0,42,3,901011676,374662816,54993.3884,22867.6035,2.4049,1024,19
dsmem_loaded,5,0,1,1024,16384,0,0,42,3,901015713,374664512,54993.6348,22867.7070,2.4049,1024,20
dsmem_loaded,5,0,1,1024,16384,0,0,42,3,901012107,374663008,54993.4147,22867.6152,2.4049,1024,21
dsmem_loaded,5,0,1,1024,16384,0,0,42,3,901007153,374660960,54993.1124,22867.4902,2.4049,1024,22
dsmem_loaded,5,0,1,1024,16384,0,0,42,3,901010145,374662144,54993.2950,22867.5625,2.4049,1024,23
dsmem_loaded,5,0,1,1024,16384,0,0,42,3,901007031,374660896,54993.1049,22867.4863,2.4049,1024,24
dsmem_loaded,5,0,1,1024,16384,0,0,42,3,901010339,374662272,54993.3068,22867.5703,2.4049,1024,25
dsmem_loaded,5,0,1,1024,16384,0,0,42,3,901006968,374660864,54993.1011,22867.4844,2.4049,1024,26
dsmem_loaded,5,0,1,1024,16384,0,0,42,3,901012040,374662944,54993.4106,22867.6113,2.4049,1024,27
dsmem_loaded,5,0,1,1024,16384,0,0,42,3,901005945,374660416,54993.0386,22867.4570,2.4049,1024,28
dsmem_loaded,5,0,1,1024,16384,0,0,42,3,901005945,374660448,54993.0386,22867.4590,2.4049,1024,29
dsmem_loaded,5,0,1,1024,16384,0,0,42,3,901005946,374660448,54993.0387,22867.4590,2.4049,1024,30
dsmem_loaded,5,0,1,1024,16384,0,0,42,3,901006979,374660896,54993.1017,22867.4863,2.4049,1024,31
dsmem_loaded,5,0,1,1024,16384,0,0,42,3,901013769,374663616,54993.5162,22867.6523,2.4049,1024,32
dsmem_loaded,5,0,1,1024,16384,0,0,42,3,901032666,374671488,54994.6696,22868.1328,2.4049,1024,33
dsmem_loaded,5,0,1,1024,16384,0,0,42,3,901050632,374678976,54995.7661,22868.5898,2.4049,1024,34
dsmem_loaded,5,0,1,1024,16384,0,0,42,3,901007037,374660864,54993.1053,22867.4844,2.4049,1024,35
dsmem_loaded,5,0,1,1024,16384,0,0,42,3,901013704,374663616,54993.5122,22867.6523,2.4049,1024,36
dsmem_loaded,5,0,1,1024,16384,0,0,42,3,901030466,374670560,54994.5353,22868.0762,2.4049,1024,37
dsmem_loaded,5,0,1,1024,16384,0,0,42,3,901047394,374677632,54995.5685,22868.5078,2.4049,1024,38
dsmem_loaded,5,0,1,1024,16384,0,0,42,3,901050938,374679104,54995.7848,22868.5977,2.4049,1024,39
dsmem_loaded,5,0,1,1024,16384,0,0,42,3,901036695,374673184,54994.9155,22868.2363,2.4049,1024,40
dsmem_loaded,5,0,1,1024,16384,0,0,42,3,901013887,374663712,54993.5234,22867.6582,2.4049,1024,41
dsmem_loaded,5,0,1,1024,16384,0,0,42,3,901017369,374665120,54993.7359,22867.7441,2.4049,1024,42
dsmem_loaded,5,0,1,1024,16384,0,0,42,3,901036147,374672928,54994.8820,22868.2207,2.4049,1024,43
dsmem_loaded,5,0,1,1024,16384,0,0,42,3,901005946,374660448,54993.0387,22867.4590,2.4049,1024,44
dsmem_loaded,5,0,1,1024,16384,0,0,42,3,901005946,374660448,54993.0387,22867.4590,2.4049,1024,45
dsmem_loaded,5,0,1,1024,16384,0,0,42,3,901005945,374660448,54993.0386,22867.4590,2.4049,1024,46
dsmem_loaded,5,0,1,1024,16384,0,0,42,3,901034859,374672416,54994.8034,22868.1895,2.4049,1024,47
dsmem_loaded,5,0,1,1024,16384,0,0,42,3,901015899,374664544,54993.6462,22867.7090,2.4049,1024,48
dsmem_loaded,5,0,1,1024,16384,0,0,42,3,901015541,374664384,54993.6243,22867.6992,2.4049,1024,49
dsmem_loaded,5,0,1,1024,16384,0,0,42,3,901012002,374662912,54993.4083,22867.6094,2.4049,1024,50
dsmem_loaded,5,0,1,1024,16384,0,0,42,3,901017376,374665216,54993.7363,22867.7500,2.4049,1024,51
dsmem_loaded,5,0,1,1024,16384,0,0,42,3,901006866,374660800,54993.0948,22867.4805,2.4049,1024,52
dsmem_loaded,5,0,1,1024,16384,0,0,42,3,901006612,374660704,54993.0793,22867.4746,2.4049,1024,53
dsmem_loaded,5,0,1,1024,16384,0,0,42,3,901006857,374660800,54993.0943,22867.4805,2.4049,1024,54
dsmem_loaded,5,0,1,1024,16384,0,0,42,3,901006864,374660832,54993.0947,22867.4824,2.4049,1024,55
dsmem_loaded,5,0,1,1024,16384,0,0,42,3,901007039,374660864,54993.1054,22867.4844,2.4049,1024,56
dsmem_loaded,5,0,1,1024,16384,0,0,42,3,901006917,374660832,54993.0980,22867.4824,2.4049,1024,57
dsmem_loaded,5,0,1,1024,16384,0,0,42,3,901006857,374660800,54993.0943,22867.4805,2.4049,1024,58
dsmem_loaded,5,0,1,1024,16384,0,0,42,3,901005945,374660416,54993.0386,22867.4570,2.4049,1024,59
dsmem_loaded,5,0,1,1024,16384,0,0,42,3,901006553,374660672,54993.0757,22867.4727,2.4049,1024,60
dsmem_loaded,5,0,1,1024,16384,0,0,42,3,901007160,374660960,54993.1128,22867.4902,2.4049,1024,61
dsmem_loaded,5,0,1,1024,16384,0,0,42,3,901007170,374660960,54993.1134,22867.4902,2.4049,1024,62
dsmem_loaded,5,0,1,1024,16384,0,0,42,3,901007535,374661088,54993.1357,22867.4980,2.4049,1024,63
dsmem_loaded,5,0,1,1024,16384,0,0,42,3,901032656,374671488,54994.6689,22868.1328,2.4049,1024,64
dsmem_loaded,5,0,1,1024,16384,0,0,42,3,901015784,374664480,54993.6392,22867.7051,2.4049,1024,65
dsmem_loaded,5,0,1,1024,16384,0,0,42,3,901032168,374671296,54994.6392,22868.1211,2.4049,1024,66
dsmem_loaded,5,0,1,1024,16384,0,0,42,3,901039321,374674240,54995.0757,22868.3008,2.4049,1024,67
dsmem_loaded,5,0,1,1024,16384,0,0,42,3,901035218,374672576,54994.8253,22868.1992,2.4049,1024,68
dsmem_loaded,5,0,1,1024,16384,0,0,42,3,901032421,374671392,54994.6546,22868.1270,2.4049,1024,69
dsmem_loaded,5,0,1,1024,16384,0,0,42,3,901035658,374672736,54994.8522,22868.2090,2.4049,1024,70
dsmem_loaded,5,0,1,1024,16384,0,0,42,3,901023493,374667680,54994.1097,22867.9004,2.4049,1024,71
dsmem_loaded,5,0,1,1024,16384,0,0,42,3,901042505,374675584,54995.2701,22868.3828,2.4049,1024,72
dsmem_loaded,5,0,1,1024,16384,0,0,42,3,901006797,374660800,54993.0906,22867.4805,2.4049,1024,73
dsmem_loaded,5,0,1,1024,16384,0,0,42,3,901023497,374667680,54994.1099,22867.9004,2.4049,1024,74
dsmem_loaded,5,0,1,1024,16384,0,0,42,3,901025381,374668448,54994.2249,22867.9473,2.4049,1024,75
dsmem_loaded,5,0,1,1024,16384,0,0,42,3,901005945,374660384,54993.0386,22867.4551,2.4049,1024,76
dsmem_loaded,5,0,1,1024,16384,0,0,42,3,901014076,374663776,54993.5349,22867.6621,2.4049,1024,77
dsmem_loaded,5,0,1,1024,16384,0,0,42,3,901006790,374660768,54993.0902,22867.4785,2.4049,1024,78
dsmem_loaded,5,0,1,1024,16384,0,0,42,3,901005945,374660448,54993.0386,22867.4590,2.4049,1024,79
dsmem_loaded,5,0,1,1024,16384,0,0,42,3,901023975,374667936,54994.1391,22867.9160,2.4049,1024,80
dsmem_loaded,5,0,1,1024,16384,0,0,42,3,901017246,374665088,54993.7284,22867.7422,2.4049,1024,81
dsmem_loaded,5,0,1,1024,16384,0,0,42,3,901009977,374662112,54993.2847,22867.5605,2.4049,1024,82
dsmem_loaded,5,0,1,1024,16384,0,0,42,3,901019450,374666016,54993.8629,22867.7988,2.4049,1024,83
dsmem_loaded,5,0,1,1024,16384,0,0,42,3,901023665,374667808,54994.1202,22867.9082,2.4049,1024,84
dsmem_loaded,5,0,1,1024,16384,0,0,42,3,901006247,374660544,54993.0571,22867.4648,2.4049,1024,85
dsmem_loaded,5,0,1,1024,16384,0,0,42,3,901012120,374662976,54993.4155,22867.6133,2.4049,1024,86
dsmem_loaded,5,0,1,1024,16384,0,0,42,3,901006915,374660832,54993.0978,22867.4824,2.4049,1024,87
dsmem_loaded,5,0,1,1024,16384,0,0,42,3,901014190,374663872,54993.5419,22867.6680,2.4049,1024,88
dsmem_loaded,5,0,1,1024,16384,0,0,42,3,901007046,374660896,54993.1058,22867.4863,2.4049,1024,89
dsmem_loaded,5,0,1,1024,16384,0,0,42,3,901008879,374661632,54993.2177,22867.5312,2.4049,1024,90
dsmem_loaded,5,0,1,1024,16384,0,0,42,3,901011922,374662944,54993.4034,22867.6113,2.4049,1024,91
dsmem_loaded,5,0,1,1024,16384,0,0,42,3,901006857,374660800,54993.0943,22867.4805,2.4049,1024,92
dsmem_loaded,5,0,1,1024,16384,0,0,42,3,901005946,374660448,54993.0387,22867.4590,2.4049,1024,93
dsmem_loaded,5,0,1,1024,16384,0,0,42,3,901005945,374660416,54993.0386,22867.4570,2.4049,1024,94
dsmem_loaded,5,0,1,1024,16384,0,0,42,3,901010100,374662176,54993.2922,22867.5645,2.4049,1024,95
dsmem_loaded,5,0,1,1024,16384,0,0,42,3,901038895,374674080,54995.0497,22868.2910,2.4049,1024,96
dsmem_loaded,5,0,1,1024,16384,0,0,42,3,901039318,374674272,54995.0756,22868.3027,2.4049,1024,97
dsmem_loaded,5,0,1,1024,16384,0,0,42,3,901049336,374678432,54995.6870,22868.5566,2.4049,1024,98
dsmem_loaded,5,0,1,1024,16384,0,0,42,3,901041769,374675296,54995.2252,22868.3652,2.4049,1024,99
dsmem_loaded,5,0,1,1024,16384,0,0,42,3,901006972,374660864,54993.1013,22867.4844,2.4049,1024,100
dsmem_loaded,5,0,1,1024,16384,0,0,42,3,901028442,374669728,54994.4117,22868.0254,2.4049,1024,101
dsmem_loaded,5,0,1,1024,16384,0,0,42,3,901033389,374671808,54994.7137,22868.1523,2.4049,1024,102
dsmem_loaded,5,0,1,1024,16384,0,0,42,3,901040664,374674848,54995.1577,22868.3379,2.4049,1024,103
dsmem_loaded,5,0,1,1024,16384,0,0,42,3,901021836,374666976,54994.0085,22867.8574,2.4049,1024,104
dsmem_loaded,5,0,1,1024,16384,0,0,42,3,901024277,374668000,54994.1575,22867.9199,2.4049,1024,105
dsmem_loaded,5,0,1,1024,16384,0,0,42,3,901022860,374667456,54994.0710,22867.8867,2.4049,1024,106
dsmem_loaded,5,0,1,1024,16384,0,0,42,3,901025680,374668608,54994.2432,22867.9570,2.4049,1024,107
dsmem_loaded,5,0,1,1024,16384,0,0,42,3,901018470,374665632,54993.8031,22867.7754,2.4049,1024,108
dsmem_loaded,5,0,1,1024,16384,0,0,42,3,901005945,374660448,54993.0386,22867.4590,2.4049,1024,109
dsmem_loaded,5,0,1,1024,16384,0,0,42,3,901005946,374660416,54993.0387,22867.4570,2.4049,1024,110
dsmem_loaded,5,0,1,1024,16384,0,0,42,3,901005945,374660448,54993.0386,22867.4590,2.4049,1024,111
dsmem_loaded,5,0,1,1024,16384,0,0,42,3,901012348,374663072,54993.4294,22867.6191,2.4049,1024,112
dsmem_loaded,5,0,1,1024,16384,0,0,42,3,901022431,374667264,54994.0449,22867.8750,2.4049,1024,113
dsmem_loaded,5,0,1,1024,16384,0,0,42,3,901007036,374660864,54993.1052,22867.4844,2.4049,1024,114
dsmem_loaded,5,0,1,1024,16384,0,0,42,3,901007280,374660992,54993.1201,22867.4922,2.4049,1024,115
dsmem_loaded,5,0,1,1024,16384,0,0,42,3,901006611,374660704,54993.0793,22867.4746,2.4049,1024,116
dsmem_loaded,5,0,1,1024,16384,0,0,42,3,901012109,374663008,54993.4149,22867.6152,2.4049,1024,117
dsmem_loaded,5,0,1,1024,16384,0,0,42,3,901006967,374660864,54993.1010,22867.4844,2.4049,1024,118
dsmem_loaded,5,0,1,1024,16384,0,0,42,3,901006487,374660672,54993.0717,22867.4727,2.4049,1024,119
dsmem_loaded,5,0,1,1024,16384,0,0,42,3,901006671,374660736,54993.0829,22867.4766,2.4049,1024,120
dsmem_loaded,5,0,1,1024,16384,0,0,42,3,901013390,374663552,54993.4930,22867.6484,2.4049,1024,121
dsmem_loaded,5,0,1,1024,16384,0,0,42,3,901006730,374660768,54993.0865,22867.4785,2.4049,1024,122
dsmem_loaded,5,0,1,1024,16384,0,0,42,3,901006850,374660832,54993.0939,22867.4824,2.4049,1024,123
dsmem_loaded,5,0,1,1024,16384,0,0,42,3,901005946,374660416,54993.0387,22867.4570,2.4049,1024,124
dsmem_loaded,5,0,1,1024,16384,0,0,42,3,901006914,374660864,54993.0978,22867.4844,2.4049,1024,125
dsmem_loaded,5,0,1,1024,16384,0,0,42,3,901006550,374660704,54993.0756,22867.4746,2.4049,1024,126
dsmem_loaded,5,0,1,1024,16384,0,0,42,3,901006670,374660736,54993.0829,22867.4766,2.4049,1024,127
dsmem_loaded,5,0,1,1024,16384,0,0,42,4,901042858,374674912,54995.2916,22868.3418,2.4049,1024,0
dsmem_loaded,5,0,1,1024,16384,0,0,42,4,901039548,374673472,54995.0896,22868.2539,2.4049,1024,1
dsmem_loaded,5,0,1,1024,16384,0,0,42,4,901025017,374667424,54994.2027,22867.8848,2.4049,1024,2
dsmem_loaded,5,0,1,1024,16384,0,0,42,4,901025018,374667424,54994.2028,22867.8848,2.4049,1024,3
dsmem_loaded,5,0,1,1024,16384,0,0,42,4,901057836,374681120,54996.2058,22868.7207,2.4049,1024,4
dsmem_loaded,5,0,1,1024,16384,0,0,42,4,901056489,374680544,54996.1236,22868.6855,2.4049,1024,5
dsmem_loaded,5,0,1,1024,16384,0,0,42,4,901071777,374686912,54997.0567,22869.0742,2.4049,1024,6
dsmem_loaded,5,0,1,1024,16384,0,0,42,4,901070799,374686528,54996.9970,22869.0508,2.4049,1024,7
dsmem_loaded,5,0,1,1024,16384,0,0,42,4,901032944,374670816,54994.6865,22868.0918,2.4049,1024,8
dsmem_loaded,5,0,1,1024,16384,0,0,42,4,901056488,374680544,54996.1235,22868.6855,2.4049,1024,9
dsmem_loaded,5,0,1,1024,16384,0,0,42,4,901053607,374679392,54995.9477,22868.6152,2.4049,1024,10
dsmem_loaded,5,0,1,1024,16384,0,0,42,4,901048598,374677280,54995.6420,22868.4863,2.4049,1024,11
dsmem_loaded,5,0,1,1024,16384,0,0,42,4,901025978,374667840,54994.2614,22867.9102,2.4049,1024,12
dsmem_loaded,5,0,1,1024,16384,0,0,42,4,901037835,374672832,54994.9850,22868.2148,2.4049,1024,13
dsmem_loaded,5,0,1,1024,16384,0,0,42,4,901034962,374671584,54994.8097,22868.1387,2.4049,1024,14
dsmem_loaded,5,0,1,1024,16384,0,0,42,4,901045290,374675904,54995.4401,22868.4023,2.4049,1024,15
dsmem_loaded,5,0,1,1024,16384,0,0,42,4,901036426,374672224,54994.8990,22868.1777,2.4049,1024,16
dsmem_loaded,5,0,1,1024,16384,0,0,42,4,901035020,374671648,54994.8132,22868.1426,2.4049,1024,17
dsmem_loaded,5,0,1,1024,16384,0,0,42,4,901053493,374679328,54995.9407,22868.6113,2.4049,1024,18
dsmem_loaded,5,0,1,1024,16384,0,0,42,4,901025982,374667872,54994.2616,22867.9121,2.4049,1024,19
dsmem_loaded,5,0,1,1024,16384,0,0,42,4,901029464,374669344,54994.4741,22868.0020,2.4049,1024,20
dsmem_loaded,5,0,1,1024,16384,0,0,42,4,901025018,374667424,54994.2028,22867.8848,2.4049,1024,21
dsmem_loaded,5,0,1,1024,16384,0,0,42,4,901025976,374667872,54994.2612,22867.9121,2.4049,1024,22
dsmem_loaded,5,0,1,1024,16384,0,0,42,4,901025916,374667776,54994.2576,22867.9062,2.4049,1024,23
dsmem_loaded,5,0,1,1024,16384,0,0,42,4,901026039,374667872,54994.2651,22867.9121,2.4049,1024,24
dsmem_loaded,5,0,1,1024,16384,0,0,42,4,901031051,374669984,54994.5710,22868.0410,2.4049,1024,25
dsmem_loaded,5,0,1,1024,16384,0,0,42,4,901025369,374667616,54994.2242,22867.8965,2.4049,1024,26
dsmem_loaded,5,0,1,1024,16384,0,0,42,4,901026646,374668160,54994.3021,22867.9297,2.4049,1024,27
dsmem_loaded,5,0,1,1024,16384,0,0,42,4,901025018,374667424,54994.2028,22867.8848,2.4049,1024,28
dsmem_loaded,5,0,1,1024,16384,0,0,42,4,901026278,374667968,54994.2797,22867.9180,2.4049,1024,29
dsmem_loaded,5,0,1,1024,16384,0,0,42,4,901025734,374667712,54994.2465,22867.9023,2.4049,1024,30
dsmem_loaded,5,0,1,1024,16384,0,0,42,4,901025676,374667680,54994.2429,22867.9004,2.4049,1024,31
dsmem_loaded,5,0,1,1024,16384,0,0,42,4,901056001,374680320,54996.0938,22868.6719,2.4049,1024,32
dsmem_loaded,5,0,1,1024,16384,0,0,42,4,901048597,374677312,54995.6419,22868.4883,2.4049,1024,33
dsmem_loaded,5,0,1,1024,16384,0,0,42,4,901061076,374682464,54996.4036,22868.8027,2.4049,1024,34
dsmem_loaded,5,0,1,1024,16384,0,0,42,4,901059732,374681856,54996.3215,22868.7656,2.4049,1024,35
dsmem_loaded,5,0,1,1024,16384,0,0,42,4,901036193,374672096,54994.8848,22868.1699,2.4049,1024,36
dsmem_loaded,5,0,1,1024,16384,0,0,42,4,901064865,374684032,54996.6348,22868.8984,2.4049,1024,37
dsmem_loaded,5,0,1,1024,16384,0,0,42,4,901066698,374684800,54996.7467,22868.9453,2.4049,1024,38
dsmem_loaded,5,0,1,1024,16384,0,0,42,4,901064870,374684032,54996.6351,22868.8984,2.4049,1024,39
dsmem_loaded,5,0,1,1024,16384,0,0,42,4,901036676,374672352,54994.9143,22868.1855,2.4049,1024,40
dsmem_loaded,5,0,1,1024,16384,0,0,42,4,901032533,374670624,54994.6614,22868.0801,2.4049,1024,41
dsmem_loaded,5,0,1,1024,16384,0,0,42,4,901031121,374670016,54994.5753,22868.0430,2.4049,1024,42
dsmem_loaded,5,0,1,1024,16384,0,0,42,4,901055386,374680128,54996.0563,22868.6602,2.4049,1024,43
dsmem_loaded,5,0,1,1024,16384,0,0,42,4,901025017,374667424,54994.2027,22867.8848,2.4049,1024,44
dsmem_loaded,5,0,1,1024,16384,0,0,42,4,901025018,374667424,54994.2028,22867.8848,2.4049,1024,45
dsmem_loaded,5,0,1,1024,16384,0,0,42,4,901026113,374667872,54994.2696,22867.9121,2.4049,1024,46
dsmem_loaded,5,0,1,1024,16384,0,0,42,4,901025017,374667424,54994.2027,22867.8848,2.4049,1024,47
dsmem_loaded,5,0,1,1024,16384,0,0,42,4,901032471,374670560,54994.6577,22868.0762,2.4049,1024,48
dsmem_loaded,5,0,1,1024,16384,0,0,42,4,901034119,374671264,54994.7582,22868.1191,2.4049,1024,49
dsmem_loaded,5,0,1,1024,16384,0,0,42,4,901032164,374670464,54994.6389,22868.0703,2.4049,1024,50
dsmem_loaded,5,0,1,1024,16384,0,0,42,4,901031005,374669920,54994.5682,22868.0371,2.4049,1024,51
dsmem_loaded,5,0,1,1024,16384,0,0,42,4,901032412,374670528,54994.6541,22868.0742,2.4049,1024,52
dsmem_loaded,5,0,1,1024,16384,0,0,42,4,901025740,374667776,54994.2468,22867.9062,2.4049,1024,53
dsmem_loaded,5,0,1,1024,16384,0,0,42,4,901026115,374667904,54994.2697,22867.9141,2.4049,1024,54
dsmem_loaded,5,0,1,1024,16384,0,0,42,4,901026174,374667904,54994.2733,22867.9141,2.4049,1024,55
dsmem_loaded,5,0,1,1024,16384,0,0,42,4,901033140,374670848,54994.6985,22868.0938,2.4049,1024,56
dsmem_loaded,5,0,1,1024,16384,0,0,42,4,901025931,374667840,54994.2585,22867.9102,2.4049,1024,57
dsmem_loaded,5,0,1,1024,16384,0,0,42,4,901026107,374667936,54994.2692,22867.9160,2.4049,1024,58
dsmem_loaded,5,0,1,1024,16384,0,0,42,4,901051468,374678496,54995.8171,22868.5605,2.4049,1024,59
dsmem_loaded,5,0,1,1024,16384,0,0,42,4,901033014,374670752,54994.6908,22868.0879,2.4049,1024,60
dsmem_loaded,5,0,1,1024,16384,0,0,42,4,901025934,374667776,54994.2587,22867.9062,2.4049,1024,61
dsmem_loaded,5,0,1,1024,16384,0,0,42,4,901025017,374667392,54994.2027,22867.8828,2.4049,1024,62
dsmem_loaded,5,0,1,1024,16384,0,0,42,4,901025991,374667872,54994.2621,22867.9121,2.4049,1024,63
dsmem_loaded,5,0,1,1024,16384,0,0,42,4,901068365,374685504,54996.8484,22868.9883,2.4049,1024,64
dsmem_loaded,5,0,1,1024,16384,0,0,42,4,901058341,374681312,54996.2366,22868.7324,2.4049,1024,65
dsmem_loaded,5,0,1,1024,16384,0,0,42,4,901056071,374680384,54996.0981,22868.6758,2.4049,1024,66
dsmem_loaded,5,0,1,1024,16384,0,0,42,4,901025017,374667424,54994.2027,22867.8848,2.4049,1024,67
dsmem_loaded,5,0,1,1024,16384,0,0,42,4,901051182,374678368,54995.7997,22868.5527,2.4049,1024,68
dsmem_loaded,5,0,1,1024,16384,0,0,42,4,901057783,374681088,54996.2026,22868.7188,2.4049,1024,69
dsmem_loaded,5,0,1,1024,16384,0,0,42,4,901058151,374681248,54996.2250,22868.7285,2.4049,1024,70
dsmem_loaded,5,0,1,1024,16384,0,0,42,4,901055831,374680256,54996.0834,22868.6680,2.4049,1024,71
dsmem_loaded,5,0,1,1024,16384,0,0,42,4,901053257,374679232,54995.9263,22868.6055,2.4049,1024,72
dsmem_loaded,5,0,1,1024,16384,0,0,42,4,901048430,374677248,54995.6317,22868.4844,2.4049,1024,73
dsmem_loaded,5,0,1,1024,16384,0,0,42,4,901031005,374669952,54994.5682,22868.0391,2.4049,1024,74
dsmem_loaded,5,0,1,1024,16384,0,0,42,4,901036565,374672288,54994.9075,22868.1816,2.4049,1024,75
dsmem_loaded,5,0,1,1024,16384,0,0,42,4,901025017,374667424,54994.2027,22867.8848,2.4049,1024,76
dsmem_loaded,5,0,1,1024,16384,0,0,42,4,901025017,374667424,54994.2027,22867.8848,2.4049,1024,77
dsmem_loaded,5,0,1,1024,16384,0,0,42,4,901033073,374670816,54994.6944,22868.0918,2.4049,1024,78
dsmem_loaded,5,0,1,1024,16384,0,0,42,4,901036324,374672192,54994.8928,22868.1758,2.4049,1024,79
dsmem_loaded,5,0,1,1024,16384,0,0,42,4,901025916,374667840,54994.2576,22867.9102,2.4049,1024,80
dsmem_loaded,5,0,1,1024,16384,0,0,42,4,901052090,374678720,54995.8551,22868.5742,2.4049,1024,81
dsmem_loaded,5,0,1,1024,16384,0,0,42,4,901025800,374667776,54994.2505,22867.9062,2.4049,1024,82
dsmem_loaded,5,0,1,1024,16384,0,0,42,4,901033137,374670880,54994.6983,22868.0957,2.4049,1024,83
dsmem_loaded,5,0,1,1024,16384,0,0,42,4,901025742,374667744,54994.2469,22867.9043,2.4049,1024,84
dsmem_loaded,5,0,1,1024,16384,0,0,42,4,901032585,374670624,54994.6646,22868.0801,2.4049,1024,85
dsmem_loaded,5,0,1,1024,16384,0,0,42,4,901025017,374667424,54994.2027,22867.8848,2.4049,1024,86
dsmem_loaded,5,0,1,1024,16384,0,0,42,4,901039791,374673568,54995.1044,22868.2598,2.4049,1024,87
dsmem_loaded,5,0,1,1024,16384,0,0,42,4,901025562,374667680,54994.2360,22867.9004,2.4049,1024,88
dsmem_loaded,5,0,1,1024,16384,0,0,42,4,901025926,374667840,54994.2582,22867.9102,2.4049,1024,89
dsmem_loaded,5,0,1,1024,16384,0,0,42,4,901025682,374667744,54994.2433,22867.9043,2.4049,1024,90
dsmem_loaded,5,0,1,1024,16384,0,0,42,4,901032826,374670720,54994.6793,22868.0859,2.4049,1024,91
dsmem_loaded,5,0,1,1024,16384,0,0,42,4,901026041,374667840,54994.2652,22867.9102,2.4049,1024,92
dsmem_loaded,5,0,1,1024,16384,0,0,42,4,901025800,374667776,54994.2505,22867.9062,2.4049,1024,93
dsmem_loaded,5,0,1,1024,16384,0,0,42,4,901025920,374667808,54994.2578,22867.9082,2.4049,1024,94
dsmem_loaded,5,0,1,1024,16384,0,0,42,4,901025990,374667840,54994.2621,22867.9102,2.4049,1024,95
dsmem_loaded,5,0,1,1024,16384,0,0,42,4,901041275,374674272,54995.1950,22868.3027,2.4049,1024,96
dsmem_loaded,5,0,1,1024,16384,0,0,42,4,901074176,374687904,54997.2031,22869.1348,2.4049,1024,97
dsmem_loaded,5,0,1,1024,16384,0,0,42,4,901061453,374682624,54996.4266,22868.8125,2.4049,1024,98
dsmem_loaded,5,0,1,1024,16384,0,0,42,4,901026240,374667904,54994.2773,22867.9141,2.4049,1024,99
dsmem_loaded,5,0,1,1024,16384,0,0,42,4,901056025,374680352,54996.0953,22868.6738,2.4049,1024,100
dsmem_loaded,5,0,1,1024,16384,0,0,42,4,901050077,374677920,54995.7322,22868.5254,2.4049,1024,101
dsmem_loaded,5,0,1,1024,16384,0,0,42,4,901049713,374677760,54995.7100,22868.5156,2.4049,1024,102
dsmem_loaded,5,0,1,1024,16384,0,0,42,4,901053024,374679104,54995.9121,22868.5977,2.4049,1024,103
dsmem_loaded,5,0,1,1024,16384,0,0,42,4,901042752,374674848,54995.2852,22868.3379,2.4049,1024,104
dsmem_loaded,5,0,1,1024,16384,0,0,42,4,901025018,374667456,54994.2028,22867.8867,2.4049,1024,105
dsmem_loaded,5,0,1,1024,16384,0,0,42,4,901025017,374667424,54994.2027,22867.8848,2.4049,1024,106
dsmem_loaded,5,0,1,1024,16384,0,0,42,4,901034554,374671456,54994.7848,22868.1309,2.4049,1024,107
dsmem_loaded,5,0,1,1024,16384,0,0,42,4,901025018,374667424,54994.2028,22867.8848,2.4049,1024,108
dsmem_loaded,5,0,1,1024,16384,0,0,42,4,901048308,374677184,54995.6243,22868.4805,2.4049,1024,109
dsmem_loaded,5,0,1,1024,16384,0,0,42,4,901032228,374670464,54994.6428,22868.0703,2.4049,1024,110
dsmem_loaded,5,0,1,1024,16384,0,0,42,4,901034371,374671360,54994.7736,22868.1250,2.4049,1024,111
dsmem_loaded,5,0,1,1024,16384,0,0,42,4,901029602,374669408,54994.4825,22868.0059,2.4049,1024,112
dsmem_loaded,5,0,1,1024,16384,0,0,42,4,901046712,374676512,54995.5269,22868.4395,2.4049,1024,113
dsmem_loaded,5,0,1,1024,16384,0,0,42,4,901032904,374670752,54994.6841,22868.0879,2.4049,1024,114
dsmem_loaded,5,0,1,1024,16384,0,0,42,4,901036263,374672160,54994.8891,22868.1738,2.4049,1024,115
dsmem_loaded,5,0,1,1024,16384,0,0,42,4,901029176,374669216,54994.4565,22867.9941,2.4049,1024,116
dsmem_loaded,5,0,1,1024,16384,0,0,42,4,901026239,374667936,54994.2773,22867.9160,2.4049,1024,117
dsmem_loaded,5,0,1,1024,16384,0,0,42,4,901026606,374668096,54994.2997,22867.9258,2.4049,1024,118
dsmem_loaded,5,0,1,1024,16384,0,0,42,4,901025017,374667424,54994.2027,22867.8848,2.4049,1024,119
dsmem_loaded,5,0,1,1024,16384,0,0,42,4,901031374,374670112,54994.5907,22868.0488,2.4049,1024,120
dsmem_loaded,5,0,1,1024,16384,0,0,42,4,901026118,374667936,54994.2699,22867.9160,2.4049,1024,121
dsmem_loaded,5,0,1,1024,16384,0,0,42,4,901025691,374667744,54994.2438,22867.9043,2.4049,1024,122
dsmem_loaded,5,0,1,1024,16384,0,0,42,4,901026239,374667968,54994.2773,22867.9180,2.4049,1024,123
dsmem_loaded,5,0,1,1024,16384,0,0,42,4,901025388,374667616,54994.2253,22867.8965,2.4049,1024,124
dsmem_loaded,5,0,1,1024,16384,0,0,42,4,901032844,374670688,54994.6804,22868.0840,2.4049,1024,125
dsmem_loaded,5,0,1,1024,16384,0,0,42,4,901026125,374667904,54994.2703,22867.9141,2.4049,1024,126
dsmem_loaded,5,0,1,1024,16384,0,0,42,4,901025941,374667840,54994.2591,22867.9102,2.4049,1024,127
dsmem_loaded,5,0,1,1024,16384,0,0,42,5,900906462,374618048,54986.9667,22864.8711,2.4049,1024,0
dsmem_loaded,5,0,1,1024,16384,0,0,42,5,900883229,374608352,54985.5486,22864.2793,2.4049,1024,1
dsmem_loaded,5,0,1,1024,16384,0,0,42,5,900901076,374615776,54986.6379,22864.7324,2.4049,1024,2
dsmem_loaded,5,0,1,1024,16384,0,0,42,5,900892035,374612000,54986.0861,22864.5020,2.4049,1024,3
dsmem_loaded,5,0,1,1024,16384,0,0,42,5,900903963,374616992,54986.8141,22864.8066,2.4049,1024,4
dsmem_loaded,5,0,1,1024,16384,0,0,42,5,900905373,374617568,54986.9002,22864.8418,2.4049,1024,5
dsmem_loaded,5,0,1,1024,16384,0,0,42,5,900878389,374606336,54985.2532,22864.1562,2.4049,1024,6
dsmem_loaded,5,0,1,1024,16384,0,0,42,5,900925059,374625792,54988.1017,22865.3438,2.4049,1024,7
dsmem_loaded,5,0,1,1024,16384,0,0,42,5,900878216,374606272,54985.2427,22864.1523,2.4049,1024,8
dsmem_loaded,5,0,1,1024,16384,0,0,42,5,900907876,374618624,54987.0530,22864.9062,2.4049,1024,9
dsmem_loaded,5,0,1,1024,16384,0,0,42,5,900901017,374615776,54986.6343,22864.7324,2.4049,1024,10
dsmem_loaded,5,0,1,1024,16384,0,0,42,5,900899978,374615328,54986.5709,22864.7051,2.4049,1024,11
dsmem_loaded,5,0,1,1024,16384,0,0,42,5,900910260,374619616,54987.1985,22864.9668,2.4049,1024,12
dsmem_loaded,5,0,1,1024,16384,0,0,42,5,900877562,374606016,54985.2028,22864.1367,2.4049,1024,13
dsmem_loaded,5,0,1,1024,16384,0,0,42,5,900903219,374616704,54986.7687,22864.7891,2.4049,1024,14
dsmem_loaded,5,0,1,1024,16384,0,0,42,5,900877562,374605984,54985.2028,22864.1348,2.4049,1024,15
dsmem_loaded,5,0,1,1024,16384,0,0,42,5,900883597,374608512,54985.5711,22864.2891,2.4049,1024,16
dsmem_loaded,5,0,1,1024,16384,0,0,42,5,900889464,374610976,54985.9292,22864.4395,2.4049,1024,17
dsmem_loaded,5,0,1,1024,16384,0,0,42,5,900885491,374609312,54985.6867,22864.3379,2.4049,1024,18
dsmem_loaded,5,0,1,1024,16384,0,0,42,5,900878468,374606400,54985.2581,22864.1602,2.4049,1024,19
dsmem_loaded,5,0,1,1024,16384,0,0,42,5,900878468,374606400,54985.2581,22864.1602,2.4049,1024,20
dsmem_loaded,5,0,1,1024,16384,0,0,42,5,900878641,374606464,54985.2686,22864.1641,2.4049,1024,21
dsmem_loaded,5,0,1,1024,16384,0,0,42,5,900877562,374605984,54985.2028,22864.1348,2.4049,1024,22
dsmem_loaded,5,0,1,1024,16384,0,0,42,5,900878031,374606208,54985.2314,22864.1484,2.4049,1024,23
dsmem_loaded,5,0,1,1024,16384,0,0,42,5,900889099,374610816,54985.9069,22864.4297,2.4049,1024,24
dsmem_loaded,5,0,1,1024,16384,0,0,42,5,900878772,374606528,54985.2766,22864.1680,2.4049,1024,25
dsmem_loaded,5,0,1,1024,16384,0,0,42,5,900878339,374606272,54985.2502,22864.1523,2.4049,1024,26
dsmem_loaded,5,0,1,1024,16384,0,0,42,5,900878769,374606528,54985.2764,22864.1680,2.4049,1024,27
dsmem_loaded,5,0,1,1024,16384,0,0,42,5,900877561,374606016,54985.2027,22864.1367,2.4049,1024,28
dsmem_loaded,5,0,1,1024,16384,0,0,42,5,900883906,374608640,54985.5900,22864.2969,2.4049,1024,29
dsmem_loaded,5,0,1,1024,16384,0,0,42,5,900878528,374606432,54985.2617,22864.1621,2.4049,1024,30
dsmem_loaded,5,0,1,1024,16384,0,0,42,5,900878282,374606336,54985.2467,22864.1562,2.4049,1024,31
dsmem_loaded,5,0,1,1024,16384,0,0,42,5,900884862,374609024,54985.6483,22864.3203,2.4049,1024,32
dsmem_loaded,5,0,1,1024,16384,0,0,42,5,900898839,374614880,54986.5014,22864.6777,2.4049,1024,33
dsmem_loaded,5,0,1,1024,16384,0,0,42,5,900875187,374605024,54985.0578,22864.0762,2.4049,1024,34
dsmem_loaded,5,0,1,1024,16384,0,0,42,5,900907390,374618464,54987.0233,22864.8965,2.4049,1024,35
dsmem_loaded,5,0,1,1024,16384,0,0,42,5,900883797,374608576,54985.5833,22864.2930,2.4049,1024,36
dsmem_loaded,5,0,1,1024,16384,0,0,42,5,900883859,374608608,54985.5871,22864.2949,2.4049,1024,37
dsmem_loaded,5,0,1,1024,16384,0,0,42,5,900902019,374616192,54986.6955,22864.7578,2.4049,1024,38
dsmem_loaded,5,0,1,1024,16384,0,0,42,5,900910643,374619776,54987.2219,22864.9766,2.4049,1024,39
dsmem_loaded,5,0,1,1024,16384,0,0,42,5,900885384,374609248,54985.6802,22864.3340,2.4049,1024,40
dsmem_loaded,5,0,1,1024,16384,0,0,42,5,900878541,374606400,54985.2625,22864.1602,2.4049,1024,41
dsmem_loaded,5,0,1,1024,16384,0,0,42,5,900906776,374618144,54986.9858,22864.8770,2.4049,1024,42
dsmem_loaded,5,0,1,1024,16384,0,0,42,5,900918168,374622944,54987.6812,22865.1699,2.4049,1024,43
dsmem_loaded,5,0,1,1024,16384,0,0,42,5,900900066,374615392,54986.5763,22864.7090,2.4049,1024,44
dsmem_loaded,5,0,1,1024,16384,0,0,42,5,900911559,374620160,54987.2778,22865.0000,2.4049,1024,45
dsmem_loaded,5,0,1,1024,16384,0,0,42,5,900896506,374613888,54986.3590,22864.6172,2.4049,1024,46
dsmem_loaded,5,0,1,1024,16384,0,0,42,5,900889665,374611008,54985.9415,22864.4414,2.4049,1024,47
dsmem_loaded,5,0,1,1024,16384,0,0,42,5,900877561,374606016,54985.2027,22864.1367,2.4049,1024,48
dsmem_loaded,5,0,1,1024,16384,0,0,42,5,900891065,374611648,54986.0269,22864.4805,2.4049,1024,49
dsmem_loaded,5,0,1,1024,16384,0,0,42,5,900878537,374606368,54985.2623,22864.1582,2.4049,1024,50
dsmem_loaded,5,0,1,1024,16384,0,0,42,5,900877561,374606016,54985.2027,22864.1367,2.4049,1024,51
dsmem_loaded,5,0,1,1024,16384,0,0,42,5,900878721,374606496,54985.2735,22864.1660,2.4049,1024,52
dsmem_loaded,5,0,1,1024,16384,0,0,42,5,900878600,374606400,54985.2661,22864.1602,2.4049,1024,53
dsmem_loaded,5,0,1,1024,16384,0,0,42,5,900878661,374606464,54985.2698,22864.1641,2.4049,1024,54
dsmem_loaded,5,0,1,1024,16384,0,0,42,5,900878419,374606368,54985.2551,22864.1582,2.4049,1024,55
dsmem_loaded,5,0,1,1024,16384,0,0,42,5,900878114,374606240,54985.2365,22864.1504,2.4049,1024,56
dsmem_loaded,5,0,1,1024,16384,0,0,42,5,900878663,374606464,54985.2700,22864.1641,2.4049,1024,57
dsmem_loaded,5,0,1,1024,16384,0,0,42,5,900877562,374606016,54985.2028,22864.1367,2.4049,1024,58
dsmem_loaded,5,0,1,1024,16384,0,0,42,5,900878842,374606560,54985.2809,22864.1699,2.4049,1024,59
dsmem_loaded,5,0,1,1024,16384,0,0,42,5,900878297,374606336,54985.2476,22864.1562,2.4049,1024,60
dsmem_loaded,5,0,1,1024,16384,0,0,42,5,900877562,374606016,54985.2028,22864.1367,2.4049,1024,61
dsmem_loaded,5,0,1,1024,16384,0,0,42,5,900878542,374606432,54985.2626,22864.1621,2.4049,1024,62
dsmem_loaded,5,0,1,1024,16384,0,0,42,5,900878422,374606368,54985.2552,22864.1582,2.4049,1024,63
dsmem_loaded,5,0,1,1024,16384,0,0,42,5,900894540,374613088,54986.2390,22864.5684,2.4049,1024,64
dsmem_loaded,5,0,1,1024,16384,0,0,42,5,900890273,374611296,54985.9786,22864.4590,2.4049,1024,65
dsmem_loaded,5,0,1,1024,16384,0,0,42,5,900883795,374608608,54985.5832,22864.2949,2.4049,1024,66
dsmem_loaded,5,0,1,1024,16384,0,0,42,5,900875407,374605120,54985.0712,22864.0820,2.4049,1024,67
dsmem_loaded,5,0,1,1024,16384,0,0,42,5,900910809,374619840,54987.2320,22864.9805,2.4049,1024,68
dsmem_loaded,5,0,1,1024,16384,0,0,42,5,900877562,374606016,54985.2028,22864.1367,2.4049,1024,69
dsmem_loaded,5,0,1,1024,16384,0,0,42,5,900883167,374608320,54985.5449,22864.2773,2.4049,1024,70
dsmem_loaded,5,0,1,1024,16384,0,0,42,5,900892346,374612160,54986.1051,22864.5117,2.4049,1024,71
dsmem_loaded,5,0,1,1024,16384,0,0,42,5,900917225,374622496,54987.6236,22865.1426,2.4049,1024,72
dsmem_loaded,5,0,1,1024,16384,0,0,42,5,900906594,374618112,54986.9747,22864.8750,2.4049,1024,73
dsmem_loaded,5,0,1,1024,16384,0,0,42,5,900909708,374619392,54987.1648,22864.9531,2.4049,1024,74
dsmem_loaded,5,0,1,1024,16384,0,0,42,5,900900042,374615360,54986.5748,22864.7070,2.4049,1024,75
dsmem_loaded,5,0,1,1024,16384,0,0,42,5,900897590,374614336,54986.4252,22864.6445,2.4049,1024,76
dsmem_loaded,5,0,1,1024,16384,0,0,42,5,900876753,374605696,54985.1534,22864.1172,2.4049,1024,77
dsmem_loaded,5,0,1,1024,16384,0,0,42,5,900883529,374608480,54985.5670,22864.2871,2.4049,1024,78
dsmem_loaded,5,0,1,1024,16384,0,0,42,5,900878463,374606368,54985.2578,22864.1582,2.4049,1024,79
dsmem_loaded,5,0,1,1024,16384,0,0,42,5,900881885,374607808,54985.4666,22864.2461,2.4049,1024,80
dsmem_loaded,5,0,1,1024,16384,0,0,42,5,900881941,374607808,54985.4700,22864.2461,2.4049,1024,81
dsmem_loaded,5,0,1,1024,16384,0,0,42,5,900885375,374609216,54985.6796,22864.3320,2.4049,1024,82
dsmem_loaded,5,0,1,1024,16384,0,0,42,5,900877426,374605952,54985.1945,22864.1328,2.4049,1024,83
dsmem_loaded,5,0,1,1024,16384,0,0,42,5,900881883,374607840,54985.4665,22864.2480,2.4049,1024,84
dsmem_loaded,5,0,1,1024,16384,0,0,42,5,900887567,374610208,54985.8134,22864.3926,2.4049,1024,85
dsmem_loaded,5,0,1,1024,16384,0,0,42,5,900883598,374608480,54985.5712,22864.2871,2.4049,1024,86
dsmem_loaded,5,0,1,1024,16384,0,0,42,5,900878519,374606400,54985.2612,22864.1602,2.4049,1024,87
dsmem_loaded,5,0,1,1024,16384,0,0,42,5,900881638,374607712,54985.4515,22864.2402,2.4049,1024,88
dsmem_loaded,5,0,1,1024,16384,0,0,42,5,900883353,374608416,54985.5562,22864.2832,2.4049,1024,89
dsmem_loaded,5,0,1,1024,16384,0,0,42,5,900877561,374606016,54985.2027,22864.1367,2.4049,1024,90
dsmem_loaded,5,0,1,1024,16384,0,0,42,5,900877562,374606016,54985.2028,22864.1367,2.4049,1024,91
dsmem_loaded,5,0,1,1024,16384,0,0,42,5,900877562,374606016,54985.2028,22864.1367,2.4049,1024,92
dsmem_loaded,5,0,1,1024,16384,0,0,42,5,900883837,374608640,54985.5858,22864.2969,2.4049,1024,93
dsmem_loaded,5,0,1,1024,16384,0,0,42,5,900883900,374608672,54985.5896,22864.2988,2.4049,1024,94
dsmem_loaded,5,0,1,1024,16384,0,0,42,5,900878522,374606400,54985.2614,22864.1602,2.4049,1024,95
dsmem_loaded,5,0,1,1024,16384,0,0,42,5,900913819,374621120,54987.4157,22865.0586,2.4049,1024,96
dsmem_loaded,5,0,1,1024,16384,0,0,42,5,900895349,374613440,54986.2884,22864.5898,2.4049,1024,97
dsmem_loaded,5,0,1,1024,16384,0,0,42,5,900878479,374606400,54985.2587,22864.1602,2.4049,1024,98
dsmem_loaded,5,0,1,1024,16384,0,0,42,5,900880807,374607360,54985.4008,22864.2188,2.4049,1024,99
dsmem_loaded,5,0,1,1024,16384,0,0,42,5,900909649,374619360,54987.1612,22864.9512,2.4049,1024,100
dsmem_loaded,5,0,1,1024,16384,0,0,42,5,900907152,374618304,54987.0088,22864.8867,2.4049,1024,101
dsmem_loaded,5,0,1,1024,16384,0,0,42,5,900892927,374612384,54986.1406,22864.5254,2.4049,1024,102
dsmem_loaded,5,0,1,1024,16384,0,0,42,5,900902377,374616320,54986.7173,22864.7656,2.4049,1024,103
dsmem_loaded,5,0,1,1024,16384,0,0,42,5,900877562,374606016,54985.2028,22864.1367,2.4049,1024,104
dsmem_loaded,5,0,1,1024,16384,0,0,42,5,900903226,374616672,54986.7692,22864.7871,2.4049,1024,105
dsmem_loaded,5,0,1,1024,16384,0,0,42,5,900914061,374621184,54987.4305,22865.0625,2.4049,1024,106
dsmem_loaded,5,0,1,1024,16384,0,0,42,5,900891184,374611680,54986.0342,22864.4824,2.4049,1024,107
dsmem_loaded,5,0,1,1024,16384,0,0,42,5,900892404,374612192,54986.1086,22864.5137,2.4049,1024,108
dsmem_loaded,5,0,1,1024,16384,0,0,42,5,900878053,374606240,54985.2327,22864.1504,2.4049,1024,109
dsmem_loaded,5,0,1,1024,16384,0,0,42,5,900878172,374606272,54985.2400,22864.1523,2.4049,1024,110
dsmem_loaded,5,0,1,1024,16384,0,0,42,5,900878541,374606400,54985.2625,22864.1602,2.4049,1024,111
dsmem_loaded,5,0,1,1024,16384,0,0,42,5,900885260,374609216,54985.6726,22864.3320,2.4049,1024,112
dsmem_loaded,5,0,1,1024,16384,0,0,42,5,900882324,374607968,54985.4934,22864.2559,2.4049,1024,113
dsmem_loaded,5,0,1,1024,16384,0,0,42,5,900878539,374606400,54985.2624,22864.1602,2.4049,1024,114
dsmem_loaded,5,0,1,1024,16384,0,0,42,5,900878171,374606240,54985.2399,22864.1504,2.4049,1024,115
dsmem_loaded,5,0,1,1024,16384,0,0,42,5,900884956,374609088,54985.6541,22864.3242,2.4049,1024,116
dsmem_loaded,5,0,1,1024,16384,0,0,42,5,900888567,374610560,54985.8745,22864.4141,2.4049,1024,117
dsmem_loaded,5,0,1,1024,16384,0,0,42,5,900877929,374606144,54985.2252,22864.1445,2.4049,1024,118
dsmem_loaded,5,0,1,1024,16384,0,0,42,5,900877562,374606016,54985.2028,22864.1367,2.4049,1024,119
dsmem_loaded,5,0,1,1024,16384,0,0,42,5,900889113,374610784,54985.9078,22864.4277,2.4049,1024,120
dsmem_loaded,5,0,1,1024,16384,0,0,42,5,900885507,374609312,54985.6877,22864.3379,2.4049,1024,121
dsmem_loaded,5,0,1,1024,16384,0,0,42,5,900883793,374608576,54985.5831,22864.2930,2.4049,1024,122
dsmem_loaded,5,0,1,1024,16384,0,0,42,5,900878661,374606464,54985.2698,22864.1641,2.4049,1024,123
dsmem_loaded,5,0,1,1024,16384,0,0,42,5,900878478,374606400,54985.2587,22864.1602,2.4049,1024,124
dsmem_loaded,5,0,1,1024,16384,0,0,42,5,900877562,374606016,54985.2028,22864.1367,2.4049,1024,125
dsmem_loaded,5,0,1,1024,16384,0,0,42,5,900877561,374606016,54985.2027,22864.1367,2.4049,1024,126
dsmem_loaded,5,0,1,1024,16384,0,0,42,5,900878483,374606432,54985.2590,22864.1621,2.4049,1024,127
dsmem_loaded,5,0,1,1024,16384,0,0,42,6,900971001,374646304,54990.9058,22866.5957,2.4049,1024,0
dsmem_loaded,5,0,1,1024,16384,0,0,42,6,900992451,374655232,54992.2150,22867.1406,2.4049,1024,1
dsmem_loaded,5,0,1,1024,16384,0,0,42,6,901028131,374670080,54994.3928,22868.0469,2.4049,1024,2
dsmem_loaded,5,0,1,1024,16384,0,0,42,6,901012549,374663584,54993.4417,22867.6504,2.4049,1024,3
dsmem_loaded,5,0,1,1024,16384,0,0,42,6,901009385,374662304,54993.2486,22867.5723,2.4049,1024,4
dsmem_loaded,5,0,1,1024,16384,0,0,42,6,900979672,374649952,54991.4351,22866.8184,2.4049,1024,5
dsmem_loaded,5,0,1,1024,16384,0,0,42,6,900994757,374656224,54992.3558,22867.2012,2.4049,1024,6
dsmem_loaded,5,0,1,1024,16384,0,0,42,6,901002657,374659488,54992.8380,22867.4004,2.4049,1024,7
dsmem_loaded,5,0,1,1024,16384,0,0,42,6,900983217,374651424,54991.6514,22866.9082,2.4049,1024,8
dsmem_loaded,5,0,1,1024,16384,0,0,42,6,900982173,374650976,54991.5877,22866.8809,2.4049,1024,9
dsmem_loaded,5,0,1,1024,16384,0,0,42,6,900982835,374651264,54991.6281,22866.8984,2.4049,1024,10
dsmem_loaded,5,0,1,1024,16384,0,0,42,6,900975809,374648352,54991.1993,22866.7207,2.4049,1024,11
dsmem_loaded,5,0,1,1024,16384,0,0,42,6,900982293,374651008,54991.5950,22866.8828,2.4049,1024,12
dsmem_loaded,5,0,1,1024,16384,0,0,42,6,900977217,374648928,54991.2852,22866.7559,2.4049,1024,13
dsmem_loaded,5,0,1,1024,16384,0,0,42,6,900971906,374646688,54990.9611,22866.6191,2.4049,1024,14
dsmem_loaded,5,0,1,1024,16384,0,0,42,6,900978805,374649568,54991.3821,22866.7949,2.4049,1024,15
dsmem_loaded,5,0,1,1024,16384,0,0,42,6,900977582,374649056,54991.3075,22866.7637,2.4049,1024,16
dsmem_loaded,5,0,1,1024,16384,0,0,42,6,900975504,374648192,54991.1807,22866.7109,2.4049,1024,17
dsmem_loaded,5,0,1,1024,16384,0,0,42,6,900982902,374651264,54991.6322,22866.8984,2.4049,1024,18
dsmem_loaded,5,0,1,1024,16384,0,0,42,6,900977158,374648864,54991.2816,22866.7520,2.4049,1024,19
dsmem_loaded,5,0,1,1024,16384,0,0,42,6,900978991,374649632,54991.3935,22866.7988,2.4049,1024,20
dsmem_loaded,5,0,1,1024,16384,0,0,42,6,900971002,374646304,54990.9059,22866.5957,2.4049,1024,21
dsmem_loaded,5,0,1,1024,16384,0,0,42,6,900971001,374646272,54990.9058,22866.5938,2.4049,1024,22
dsmem_loaded,5,0,1,1024,16384,0,0,42,6,900977704,374649120,54991.3149,22866.7676,2.4049,1024,23
dsmem_loaded,5,0,1,1024,16384,0,0,42,6,900978684,374649536,54991.3748,22866.7930,2.4049,1024,24
dsmem_loaded,5,0,1,1024,16384,0,0,42,6,900977523,374649024,54991.3039,22866.7617,2.4049,1024,25
dsmem_loaded,5,0,1,1024,16384,0,0,42,6,900971296,374646464,54990.9238,22866.6055,2.4049,1024,26
dsmem_loaded,5,0,1,1024,16384,0,0,42,6,900971001,374646304,54990.9058,22866.5957,2.4049,1024,27
dsmem_loaded,5,0,1,1024,16384,0,0,42,6,900979291,374649792,54991.4118,22866.8086,2.4049,1024,28
dsmem_loaded,5,0,1,1024,16384,0,0,42,6,900976730,374648704,54991.2555,22866.7422,2.4049,1024,29
dsmem_loaded,5,0,1,1024,16384,0,0,42,6,900971906,374646688,54990.9611,22866.6191,2.4049,1024,30
dsmem_loaded,5,0,1,1024,16384,0,0,42,6,900971962,374646720,54990.9645,22866.6211,2.4049,1024,31
dsmem_loaded,5,0,1,1024,16384,0,0,42,6,901002300,374659328,54992.8162,22867.3906,2.4049,1024,32
dsmem_loaded,5,0,1,1024,16384,0,0,42,6,901010251,374662656,54993.3015,22867.5938,2.4049,1024,33
dsmem_loaded,5,0,1,1024,16384,0,0,42,6,901024423,374668544,54994.1664,22867.9531,2.4049,1024,34
dsmem_loaded,5,0,1,1024,16384,0,0,42,6,900993674,374655744,54992.2897,22867.1719,2.4049,1024,35
dsmem_loaded,5,0,1,1024,16384,0,0,42,6,901005783,374660768,54993.0287,22867.4785,2.4049,1024,36
dsmem_loaded,5,0,1,1024,16384,0,0,42,6,900982121,374650944,54991.5845,22866.8789,2.4049,1024,37
dsmem_loaded,5,0,1,1024,16384,0,0,42,6,900980595,374650304,54991.4914,22866.8398,2.4049,1024,38
dsmem_loaded,5,0,1,1024,16384,0,0,42,6,900993857,374655840,54992.3008,22867.1777,2.4049,1024,39
dsmem_loaded,5,0,1,1024,16384,0,0,42,6,900971001,374646336,54990.9058,22866.5977,2.4049,1024,40
dsmem_loaded,5,0,1,1024,16384,0,0,42,6,900978826,374649568,54991.3834,22866.7949,2.4049,1024,41
dsmem_loaded,5,0,1,1024,16384,0,0,42,6,901023207,374668032,54994.0922,22867.9219,2.4049,1024,42
dsmem_loaded,5,0,1,1024,16384,0,0,42,6,900980290,374650208,54991.4728,22866.8340,2.4049,1024,43
dsmem_loaded,5,0,1,1024,16384,0,0,42,6,900978391,374649440,54991.3569,22866.7871,2.4049,1024,44
dsmem_loaded,5,0,1,1024,16384,0,0,42,6,900972105,374646784,54990.9732,22866.6250,2.4049,1024,45
dsmem_loaded,5,0,1,1024,16384,0,0,42,6,900971976,374646688,54990.9653,22866.6191,2.4049,1024,46
dsmem_loaded,5,0,1,1024,16384,0,0,42,6,900976805,374648736,54991.2601,22866.7441,2.4049,1024,47
dsmem_loaded,5,0,1,1024,16384,0,0,42,6,900979005,374649664,54991.3943,22866.8008,2.4049,1024,48
dsmem_loaded,5,0,1,1024,16384,0,0,42,6,900971673,374646624,54990.9468,22866.6152,2.4049,1024,49
dsmem_loaded,5,0,1,1024,16384,0,0,42,6,900982553,374651136,54991.6109,22866.8906,2.4049,1024,50
dsmem_loaded,5,0,1,1024,16384,0,0,42,6,900972652,374647008,54991.0066,22866.6387,2.4049,1024,51
dsmem_loaded,5,0,1,1024,16384,0,0,42,6,900984692,374652032,54991.7415,22866.9453,2.4049,1024,52
dsmem_loaded,5,0,1,1024,16384,0,0,42,6,900980779,374650368,54991.5026,22866.8438,2.4049,1024,53
dsmem_loaded,5,0,1,1024,16384,0,0,42,6,900971001,374646304,54990.9058,22866.5957,2.4049,1024,54
dsmem_loaded,5,0,1,1024,16384,0,0,42,6,900971919,374646720,54990.9619,22866.6211,2.4049,1024,55
dsmem_loaded,5,0,1,1024,16384,0,0,42,6,900975282,374648128,54991.1671,22866.7070,2.4049,1024,56
dsmem_loaded,5,0,1,1024,16384,0,0,42,6,900971738,374646624,54990.9508,22866.6152,2.4049,1024,57
dsmem_loaded,5,0,1,1024,16384,0,0,42,6,900971797,374646656,54990.9544,22866.6172,2.4049,1024,58
dsmem_loaded,5,0,1,1024,16384,0,0,42,6,900972098,374646816,54990.9728,22866.6270,2.4049,1024,59
dsmem_loaded,5,0,1,1024,16384,0,0,42,6,900971861,374646720,54990.9583,22866.6211,2.4049,1024,60
dsmem_loaded,5,0,1,1024,16384,0,0,42,6,900971001,374646304,54990.9058,22866.5957,2.4049,1024,61
dsmem_loaded,5,0,1,1024,16384,0,0,42,6,900972038,374646752,54990.9691,22866.6230,2.4049,1024,62
dsmem_loaded,5,0,1,1024,16384,0,0,42,6,900971001,374646336,54990.9058,22866.5977,2.4049,1024,63
dsmem_loaded,5,0,1,1024,16384,0,0,42,6,900975202,374648064,54991.1622,22866.7031,2.4049,1024,64
dsmem_loaded,5,0,1,1024,16384,0,0,42,6,900995454,374656480,54992.3983,22867.2168,2.4049,1024,65
dsmem_loaded,5,0,1,1024,16384,0,0,42,6,901007719,374661600,54993.1469,22867.5293,2.4049,1024,66
dsmem_loaded,5,0,1,1024,16384,0,0,42,6,901014456,374664384,54993.5581,22867.6992,2.4049,1024,67
dsmem_loaded,5,0,1,1024,16384,0,0,42,6,900993429,374655648,54992.2747,22867.1660,2.4049,1024,68
dsmem_loaded,5,0,1,1024,16384,0,0,42,6,900999912,374658304,54992.6704,22867.3281,2.4049,1024,69
dsmem_loaded,5,0,1,1024,16384,0,0,42,6,900982597,374651136,54991.6136,22866.8906,2.4049,1024,70
dsmem_loaded,5,0,1,1024,16384,0,0,42,6,901016585,374665280,54993.6880,22867.7539,2.4049,1024,71
dsmem_loaded,5,0,1,1024,16384,0,0,42,6,900989021,374653856,54992.0057,22867.0566,2.4049,1024,72
dsmem_loaded,5,0,1,1024,16384,0,0,42,6,900975568,374648224,54991.1846,22866.7129,2.4049,1024,73
dsmem_loaded,5,0,1,1024,16384,0,0,42,6,901006862,374661248,54993.0946,22867.5078,2.4049,1024,74
dsmem_loaded,5,0,1,1024,16384,0,0,42,6,901005029,374660480,54992.9827,22867.4609,2.4049,1024,75
dsmem_loaded,5,0,1,1024,16384,0,0,42,6,900996667,374656992,54992.4724,22867.2480,2.4049,1024,76
dsmem_loaded,5,0,1,1024,16384,0,0,42,6,900975453,374648160,54991.1776,22866.7090,2.4049,1024,77
dsmem_loaded,5,0,1,1024,16384,0,0,42,6,900971471,374646528,54990.9345,22866.6094,2.4049,1024,78
dsmem_loaded,5,0,1,1024,16384,0,0,42,6,901007340,374661472,54993.1238,22867.5215,2.4049,1024,79
dsmem_loaded,5,0,1,1024,16384,0,0,42,6,900975504,374648192,54991.1807,22866.7109,2.4049,1024,80
dsmem_loaded,5,0,1,1024,16384,0,0,42,6,900979358,374649792,54991.4159,22866.8086,2.4049,1024,81
dsmem_loaded,5,0,1,1024,16384,0,0,42,6,900982225,374651008,54991.5909,22866.8828,2.4049,1024,82
dsmem_loaded,5,0,1,1024,16384,0,0,42,6,900971841,374646688,54990.9571,22866.6191,2.4049,1024,83
dsmem_loaded,5,0,1,1024,16384,0,0,42,6,900971906,374646688,54990.9611,22866.6191,2.4049,1024,84
dsmem_loaded,5,0,1,1024,16384,0,0,42,6,900971902,374646720,54990.9608,22866.6211,2.4049,1024,85
dsmem_loaded,5,0,1,1024,16384,0,0,42,6,900971349,374646464,54990.9271,22866.6055,2.4049,1024,86
dsmem_loaded,5,0,1,1024,16384,0,0,42,6,900971002,374646304,54990.9059,22866.5957,2.4049,1024,87
dsmem_loaded,5,0,1,1024,16384,0,0,42,6,900975629,374648224,54991.1883,22866.7129,2.4049,1024,88
dsmem_loaded,5,0,1,1024,16384,0,0,42,6,900975691,374648288,54991.1921,22866.7168,2.4049,1024,89
dsmem_loaded,5,0,1,1024,16384,0,0,42,6,900971603,374646560,54990.9426,22866.6113,2.4049,1024,90
dsmem_loaded,5,0,1,1024,16384,0,0,42,6,900971657,374646592,54990.9459,22866.6133,2.4049,1024,91
dsmem_loaded,5,0,1,1024,16384,0,0,42,6,900971002,374646336,54990.9059,22866.5977,2.4049,1024,92
dsmem_loaded,5,0,1,1024,16384,0,0,42,6,900971002,374646336,54990.9059,22866.5977,2.4049,1024,93
dsmem_loaded,5,0,1,1024,16384,0,0,42,6,900971001,374646304,54990.9058,22866.5957,2.4049,1024,94
dsmem_loaded,5,0,1,1024,16384,0,0,42,6,900971908,374646656,54990.9612,22866.6172,2.4049,1024,95
dsmem_loaded,5,0,1,1024,16384,0,0,42,6,901002245,374659328,54992.8128,22867.3906,2.4049,1024,96
dsmem_loaded,5,0,1,1024,16384,0,0,42,6,900997101,374657184,54992.4988,22867.2598,2.4049,1024,97
dsmem_loaded,5,0,1,1024,16384,0,0,42,6,901006944,374661248,54993.0996,22867.5078,2.4049,1024,98
dsmem_loaded,5,0,1,1024,16384,0,0,42,6,900971002,374646272,54990.9059,22866.5938,2.4049,1024,99
dsmem_loaded,5,0,1,1024,16384,0,0,42,6,901005173,374660544,54992.9915,22867.4648,2.4049,1024,100
dsmem_loaded,5,0,1,1024,16384,0,0,42,6,901001753,374659104,54992.7828,22867.3770,2.4049,1024,101
dsmem_loaded,5,0,1,1024,16384,0,0,42,6,900971680,374646592,54990.9473,22866.6133,2.4049,1024,102
dsmem_loaded,5,0,1,1024,16384,0,0,42,6,901010987,374662976,54993.3464,22867.6133,2.4049,1024,103
dsmem_loaded,5,0,1,1024,16384,0,0,42,6,900985307,374652288,54991.7790,22866.9609,2.4049,1024,104
dsmem_loaded,5,0,1,1024,16384,0,0,42,6,900985308,374652288,54991.7791,22866.9609,2.4049,1024,105
dsmem_loaded,5,0,1,1024,16384,0,0,42,6,900989031,374653856,54992.0063,22867.0566,2.4049,1024,106
dsmem_loaded,5,0,1,1024,16384,0,0,42,6,901016050,374665056,54993.6554,22867.7402,2.4049,1024,107
dsmem_loaded,5,0,1,1024,16384,0,0,42,6,900971677,374646624,54990.9471,22866.6152,2.4049,1024,108
dsmem_loaded,5,0,1,1024,16384,0,0,42,6,900971858,374646688,54990.9581,22866.6191,2.4049,1024,109
dsmem_loaded,5,0,1,1024,16384,0,0,42,6,900981449,374650688,54991.5435,22866.8633,2.4049,1024,110
dsmem_loaded,5,0,1,1024,16384,0,0,42,6,900999424,374658144,54992.6406,22867.3184,2.4049,1024,111
dsmem_loaded,5,0,1,1024,16384,0,0,42,6,900972100,374646784,54990.9729,22866.6250,2.4049,1024,112
dsmem_loaded,5,0,1,1024,16384,0,0,42,6,900979066,374649664,54991.3981,22866.8008,2.4049,1024,113
dsmem_loaded,5,0,1,1024,16384,0,0,42,6,900982429,374651072,54991.6033,22866.8867,2.4049,1024,114
dsmem_loaded,5,0,1,1024,16384,0,0,42,6,901001554,374659072,54992.7706,22867.3750,2.4049,1024,115
dsmem_loaded,5,0,1,1024,16384,0,0,42,6,900971001,374646336,54990.9058,22866.5977,2.4049,1024,116
dsmem_loaded,5,0,1,1024,16384,0,0,42,6,900975400,374648128,54991.1743,22866.7070,2.4049,1024,117
dsmem_loaded,5,0,1,1024,16384,0,0,42,6,900971674,374646624,54990.9469,22866.6152,2.4049,1024,118
dsmem_loaded,5,0,1,1024,16384,0,0,42,6,900971547,374646528,54990.9391,22866.6094,2.4049,1024,119
dsmem_loaded,5,0,1,1024,16384,0,0,42,6,900977602,374649088,54991.3087,22866.7656,2.4049,1024,120
dsmem_loaded,5,0,1,1024,16384,0,0,42,6,900971737,374646624,54990.9507,22866.6152,2.4049,1024,121
dsmem_loaded,5,0,1,1024,16384,0,0,42,6,900971671,374646592,54990.9467,22866.6133,2.4049,1024,122
dsmem_loaded,5,0,1,1024,16384,0,0,42,6,900978944,374649632,54991.3906,22866.7988,2.4049,1024,123
dsmem_loaded,5,0,1,1024,16384,0,0,42,6,900972108,374646816,54990.9734,22866.6270,2.4049,1024,124
dsmem_loaded,5,0,1,1024,16384,0,0,42,6,900971002,374646336,54990.9059,22866.5977,2.4049,1024,125
dsmem_loaded,5,0,1,1024,16384,0,0,42,6,900971002,374646272,54990.9059,22866.5938,2.4049,1024,126
dsmem_loaded,5,0,1,1024,16384,0,0,42,6,900972656,374647008,54991.0068,22866.6387,2.4049,1024,127
dsmem_loaded,5,0,1,1024,16384,0,0,42,7,901065122,374684288,54996.6505,22868.9141,2.4049,1024,0
dsmem_loaded,5,0,1,1024,16384,0,0,42,7,901065057,374684288,54996.6465,22868.9141,2.4049,1024,1
dsmem_loaded,5,0,1,1024,16384,0,0,42,7,901056319,374680640,54996.1132,22868.6914,2.4049,1024,2
dsmem_loaded,5,0,1,1024,16384,0,0,42,7,901026416,374668160,54994.2881,22867.9297,2.4049,1024,3
dsmem_loaded,5,0,1,1024,16384,0,0,42,7,901057600,374681152,54996.1914,22868.7227,2.4049,1024,4
dsmem_loaded,5,0,1,1024,16384,0,0,42,7,901059859,374682080,54996.3293,22868.7793,2.4049,1024,5
dsmem_loaded,5,0,1,1024,16384,0,0,42,7,901059865,374682112,54996.3297,22868.7812,2.4049,1024,6
dsmem_loaded,5,0,1,1024,16384,0,0,42,7,901044088,374675520,54995.3667,22868.3789,2.4049,1024,7
dsmem_loaded,5,0,1,1024,16384,0,0,42,7,901045245,374676032,54995.4373,22868.4102,2.4049,1024,8
dsmem_loaded,5,0,1,1024,16384,0,0,42,7,901033143,374670976,54994.6987,22868.1016,2.4049,1024,9
dsmem_loaded,5,0,1,1024,16384,0,0,42,7,901031130,374670176,54994.5758,22868.0527,2.4049,1024,10
dsmem_loaded,5,0,1,1024,16384,0,0,42,7,901032900,374670912,54994.6838,22868.0977,2.4049,1024,11
dsmem_loaded,5,0,1,1024,16384,0,0,42,7,901025439,374667776,54994.2285,22867.9062,2.4049,1024,12
dsmem_loaded,5,0,1,1024,16384,0,0,42,7,901036141,374672288,54994.8817,22868.1816,2.4049,1024,13
dsmem_loaded,5,0,1,1024,16384,0,0,42,7,901025017,374667584,54994.2027,22867.8945,2.4049,1024,14
dsmem_loaded,5,0,1,1024,16384,0,0,42,7,901032471,374670752,54994.6577,22868.0879,2.4049,1024,15
dsmem_loaded,5,0,1,1024,16384,0,0,42,7,901025017,374667584,54994.2027,22867.8945,2.4049,1024,16
dsmem_loaded,5,0,1,1024,16384,0,0,42,7,901034920,374671744,54994.8071,22868.1484,2.4049,1024,17
dsmem_loaded,5,0,1,1024,16384,0,0,42,7,901032900,374670880,54994.6838,22868.0957,2.4049,1024,18
dsmem_loaded,5,0,1,1024,16384,0,0,42,7,901035104,374671808,54994.8184,22868.1523,2.4049,1024,19
dsmem_loaded,5,0,1,1024,16384,0,0,42,7,901033027,374670976,54994.6916,22868.1016,2.4049,1024,20
dsmem_loaded,5,0,1,1024,16384,0,0,42,7,901032892,374670880,54994.6833,22868.0957,2.4049,1024,21
dsmem_loaded,5,0,1,1024,16384,0,0,42,7,901029664,374669568,54994.4863,22868.0156,2.4049,1024,22
dsmem_loaded,5,0,1,1024,16384,0,0,42,7,901025754,374667936,54994.2477,22867.9160,2.4049,1024,23
dsmem_loaded,5,0,1,1024,16384,0,0,42,7,901032966,374670944,54994.6879,22868.0996,2.4049,1024,24
dsmem_loaded,5,0,1,1024,16384,0,0,42,7,901032903,374670880,54994.6840,22868.0957,2.4049,1024,25
dsmem_loaded,5,0,1,1024,16384,0,0,42,7,901025935,374668032,54994.2587,22867.9219,2.4049,1024,26
dsmem_loaded,5,0,1,1024,16384,0,0,42,7,901025872,374667936,54994.2549,22867.9160,2.4049,1024,27
dsmem_loaded,5,0,1,1024,16384,0,0,42,7,901025990,374668000,54994.2621,22867.9199,2.4049,1024,28
dsmem_loaded,5,0,1,1024,16384,0,0,42,7,901025017,374667584,54994.2027,22867.8945,2.4049,1024,29
dsmem_loaded,5,0,1,1024,16384,0,0,42,7,901026303,374668160,54994.2812,22867.9297,2.4049,1024,30
dsmem_loaded,5,0,1,1024,16384,0,0,42,7,901025017,374667584,54994.2027,22867.8945,2.4049,1024,31
dsmem_loaded,5,0,1,1024,16384,0,0,42,7,901059917,374682144,54996.3328,22868.7832,2.4049,1024,32
dsmem_loaded,5,0,1,1024,16384,0,0,42,7,901044337,374675616,54995.3819,22868.3848,2.4049,1024,33
dsmem_loaded,5,0,1,1024,16384,0,0,42,7,901066222,374684736,54996.7177,22868.9414,2.4049,1024,34
dsmem_loaded,5,0,1,1024,16384,0,0,42,7,901057728,374681216,54996.1992,22868.7266,2.4049,1024,35
dsmem_loaded,5,0,1,1024,16384,0,0,42,7,901052706,374679136,54995.8927,22868.5996,2.4049,1024,36
dsmem_loaded,5,0,1,1024,16384,0,0,42,7,901058018,374681344,54996.2169,22868.7344,2.4049,1024,37
dsmem_loaded,5,0,1,1024,16384,0,0,42,7,901038033,374673024,54994.9971,22868.2266,2.4049,1024,38
dsmem_loaded,5,0,1,1024,16384,0,0,42,7,901059679,374682016,54996.3183,22868.7754,2.4049,1024,39
dsmem_loaded,5,0,1,1024,16384,0,0,42,7,901052834,374679168,54995.9005,22868.6016,2.4049,1024,40
dsmem_loaded,5,0,1,1024,16384,0,0,42,7,901037664,374672896,54994.9746,22868.2188,2.4049,1024,41
dsmem_loaded,5,0,1,1024,16384,0,0,42,7,901032904,374670912,54994.6841,22868.0977,2.4049,1024,42
dsmem_loaded,5,0,1,1024,16384,0,0,42,7,901039806,374673792,54995.1053,22868.2734,2.4049,1024,43
dsmem_loaded,5,0,1,1024,16384,0,0,42,7,901025018,374667616,54994.2028,22867.8965,2.4049,1024,44
dsmem_loaded,5,0,1,1024,16384,0,0,42,7,901025755,374667904,54994.2477,22867.9141,2.4049,1024,45
dsmem_loaded,5,0,1,1024,16384,0,0,42,7,901026725,374668288,54994.3069,22867.9375,2.4049,1024,46
dsmem_loaded,5,0,1,1024,16384,0,0,42,7,901025018,374667584,54994.2028,22867.8945,2.4049,1024,47
dsmem_loaded,5,0,1,1024,16384,0,0,42,7,901031796,374670464,54994.6165,22868.0703,2.4049,1024,48
dsmem_loaded,5,0,1,1024,16384,0,0,42,7,901036504,374672416,54994.9038,22868.1895,2.4049,1024,49
dsmem_loaded,5,0,1,1024,16384,0,0,42,7,901032781,374670848,54994.6766,22868.0938,2.4049,1024,50
dsmem_loaded,5,0,1,1024,16384,0,0,42,7,901033152,374670976,54994.6992,22868.1016,2.4049,1024,51
dsmem_loaded,5,0,1,1024,16384,0,0,42,7,901025695,374667904,54994.2441,22867.9141,2.4049,1024,52
dsmem_loaded,5,0,1,1024,16384,0,0,42,7,901025018,374667584,54994.2028,22867.8945,2.4049,1024,53
dsmem_loaded,5,0,1,1024,16384,0,0,42,7,901025878,374667968,54994.2552,22867.9180,2.4049,1024,54
dsmem_loaded,5,0,1,1024,16384,0,0,42,7,901033084,374670944,54994.6951,22868.0996,2.4049,1024,55
dsmem_loaded,5,0,1,1024,16384,0,0,42,7,901026057,374668064,54994.2662,22867.9238,2.4049,1024,56
dsmem_loaded,5,0,1,1024,16384,0,0,42,7,901031067,374670144,54994.5720,22868.0508,2.4049,1024,57
dsmem_loaded,5,0,1,1024,16384,0,0,42,7,901025694,374667904,54994.2440,22867.9141,2.4049,1024,58
dsmem_loaded,5,0,1,1024,16384,0,0,42,7,901036627,374672448,54994.9113,22868.1914,2.4049,1024,59
dsmem_loaded,5,0,1,1024,16384,0,0,42,7,901025568,374667872,54994.2363,22867.9121,2.4049,1024,60
dsmem_loaded,5,0,1,1024,16384,0,0,42,7,901032720,374670816,54994.6729,22868.0918,2.4049,1024,61
dsmem_loaded,5,0,1,1024,16384,0,0,42,7,901025017,374667584,54994.2027,22867.8945,2.4049,1024,62
dsmem_loaded,5,0,1,1024,16384,0,0,42,7,901032901,374670912,54994.6839,22868.0977,2.4049,1024,63
dsmem_loaded,5,0,1,1024,16384,0,0,42,7,901061801,374682912,54996.4478,22868.8301,2.4049,1024,64
dsmem_loaded,5,0,1,1024,16384,0,0,42,7,901062040,374683008,54996.4624,22868.8359,2.4049,1024,65
dsmem_loaded,5,0,1,1024,16384,0,0,42,7,901025425,374667808,54994.2276,22867.9082,2.4049,1024,66
dsmem_loaded,5,0,1,1024,16384,0,0,42,7,901025018,374667584,54994.2028,22867.8945,2.4049,1024,67
dsmem_loaded,5,0,1,1024,16384,0,0,42,7,901059178,374681824,54996.2877,22868.7637,2.4049,1024,68
dsmem_loaded,5,0,1,1024,16384,0,0,42,7,901059547,374681984,54996.3102,22868.7734,2.4049,1024,69
dsmem_loaded,5,0,1,1024,16384,0,0,42,7,901033254,374671040,54994.7054,22868.1055,2.4049,1024,70
dsmem_loaded,5,0,1,1024,16384,0,0,42,7,901059550,374681984,54996.3104,22868.7734,2.4049,1024,71
dsmem_loaded,5,0,1,1024,16384,0,0,42,7,901030749,374670016,54994.5526,22868.0430,2.4049,1024,72
dsmem_loaded,5,0,1,1024,16384,0,0,42,7,901035636,374672032,54994.8508,22868.1660,2.4049,1024,73
dsmem_loaded,5,0,1,1024,16384,0,0,42,7,901047872,374677120,54995.5977,22868.4766,2.4049,1024,74
dsmem_loaded,5,0,1,1024,16384,0,0,42,7,901058437,374681504,54996.2425,22868.7441,2.4049,1024,75
dsmem_loaded,5,0,1,1024,16384,0,0,42,7,901025017,374667616,54994.2027,22867.8965,2.4049,1024,76
dsmem_loaded,5,0,1,1024,16384,0,0,42,7,901034719,374671648,54994.7949,22868.1426,2.4049,1024,77
dsmem_loaded,5,0,1,1024,16384,0,0,42,7,901049999,374677984,54995.7275,22868.5293,2.4049,1024,78
dsmem_loaded,5,0,1,1024,16384,0,0,42,7,901033070,374670976,54994.6942,22868.1016,2.4049,1024,79
dsmem_loaded,5,0,1,1024,16384,0,0,42,7,901025918,374668000,54994.2577,22867.9199,2.4049,1024,80
dsmem_loaded,5,0,1,1024,16384,0,0,42,7,901031051,374670112,54994.5710,22868.0488,2.4049,1024,81
dsmem_loaded,5,0,1,1024,16384,0,0,42,7,901032824,374670880,54994.6792,22868.0957,2.4049,1024,82
dsmem_loaded,5,0,1,1024,16384,0,0,42,7,901034719,374671648,54994.7949,22868.1426,2.4049,1024,83
dsmem_loaded,5,0,1,1024,16384,0,0,42,7,901025553,374667808,54994.2354,22867.9082,2.4049,1024,84
dsmem_loaded,5,0,1,1024,16384,0,0,42,7,901026042,374668000,54994.2653,22867.9199,2.4049,1024,85
dsmem_loaded,5,0,1,1024,16384,0,0,42,7,901026047,374668032,54994.2656,22867.9219,2.4049,1024,86
dsmem_loaded,5,0,1,1024,16384,0,0,42,7,901025920,374667968,54994.2578,22867.9180,2.4049,1024,87
dsmem_loaded,5,0,1,1024,16384,0,0,42,7,901025673,374667872,54994.2427,22867.9121,2.4049,1024,88
dsmem_loaded,5,0,1,1024,16384,0,0,42,7,901032580,374670784,54994.6643,22868.0898,2.4049,1024,89
dsmem_loaded,5,0,1,1024,16384,0,0,42,7,901025978,374668032,54994.2614,22867.9219,2.4049,1024,90
dsmem_loaded,5,0,1,1024,16384,0,0,42,7,901032823,374670880,54994.6791,22868.0957,2.4049,1024,91
dsmem_loaded,5,0,1,1024,16384,0,0,42,7,901026227,374668096,54994.2766,22867.9258,2.4049,1024,92
dsmem_loaded,5,0,1,1024,16384,0,0,42,7,901025018,374667616,54994.2028,22867.8965,2.4049,1024,93
dsmem_loaded,5,0,1,1024,16384,0,0,42,7,901025017,374667616,54994.2027,22867.8965,2.4049,1024,94
dsmem_loaded,5,0,1,1024,16384,0,0,42,7,901026470,374668192,54994.2914,22867.9316,2.4049,1024,95
dsmem_loaded,5,0,1,1024,16384,0,0,42,7,901061574,374682816,54996.4340,22868.8242,2.4049,1024,96
dsmem_loaded,5,0,1,1024,16384,0,0,42,7,901073989,374687968,54997.1917,22869.1387,2.4049,1024,97
dsmem_loaded,5,0,1,1024,16384,0,0,42,7,901056323,374680640,54996.1135,22868.6914,2.4049,1024,98
dsmem_loaded,5,0,1,1024,16384,0,0,42,7,901058396,374681504,54996.2400,22868.7441,2.4049,1024,99
dsmem_loaded,5,0,1,1024,16384,0,0,42,7,901058029,374681344,54996.2176,22868.7344,2.4049,1024,100
dsmem_loaded,5,0,1,1024,16384,0,0,42,7,901068425,374685664,54996.8521,22868.9980,2.4049,1024,101
dsmem_loaded,5,0,1,1024,16384,0,0,42,7,901025018,374667616,54994.2028,22867.8965,2.4049,1024,102
dsmem_loaded,5,0,1,1024,16384,0,0,42,7,901059926,374682112,54996.3334,22868.7812,2.4049,1024,103
dsmem_loaded,5,0,1,1024,16384,0,0,42,7,901031734,374670432,54994.6127,22868.0684,2.4049,1024,104
dsmem_loaded,5,0,1,1024,16384,0,0,42,7,901038259,374673152,54995.0109,22868.2344,2.4049,1024,105
dsmem_loaded,5,0,1,1024,16384,0,0,42,7,901036204,374672256,54994.8855,22868.1797,2.4049,1024,106
dsmem_loaded,5,0,1,1024,16384,0,0,42,7,901038080,374673088,54995.0000,22868.2305,2.4049,1024,107
dsmem_loaded,5,0,1,1024,16384,0,0,42,7,901025017,374667616,54994.2027,22867.8965,2.4049,1024,108
dsmem_loaded,5,0,1,1024,16384,0,0,42,7,901025018,374667584,54994.2028,22867.8945,2.4049,1024,109
dsmem_loaded,5,0,1,1024,16384,0,0,42,7,901040600,374674112,54995.1538,22868.2930,2.4049,1024,110
dsmem_loaded,5,0,1,1024,16384,0,0,42,7,901026106,374668096,54994.2692,22867.9258,2.4049,1024,111
dsmem_loaded,5,0,1,1024,16384,0,0,42,7,901025920,374668000,54994.2578,22867.9199,2.4049,1024,112
dsmem_loaded,5,0,1,1024,16384,0,0,42,7,901033866,374671328,54994.7428,22868.1230,2.4049,1024,113
dsmem_loaded,5,0,1,1024,16384,0,0,42,7,901038144,374673120,54995.0039,22868.2324,2.4049,1024,114
dsmem_loaded,5,0,1,1024,16384,0,0,42,7,901025497,374667808,54994.2320,22867.9082,2.4049,1024,115
dsmem_loaded,5,0,1,1024,16384,0,0,42,7,901025986,374668032,54994.2618,22867.9219,2.4049,1024,116
dsmem_loaded,5,0,1,1024,16384,0,0,42,7,901032641,374670784,54994.6680,22868.0898,2.4049,1024,117
dsmem_loaded,5,0,1,1024,16384,0,0,42,7,901030628,374669952,54994.5452,22868.0391,2.4049,1024,118
dsmem_loaded,5,0,1,1024,16384,0,0,42,7,901025732,374667904,54994.2463,22867.9141,2.4049,1024,119
dsmem_loaded,5,0,1,1024,16384,0,0,42,7,901025610,374667840,54994.2389,22867.9102,2.4049,1024,120
dsmem_loaded,5,0,1,1024,16384,0,0,42,7,901032155,374670560,54994.6384,22868.0762,2.4049,1024,121
dsmem_loaded,5,0,1,1024,16384,0,0,42,7,901032583,374670784,54994.6645,22868.0898,2.4049,1024,122
dsmem_loaded,5,0,1,1024,16384,0,0,42,7,901025917,374667968,54994.2576,22867.9180,2.4049,1024,123
dsmem_loaded,5,0,1,1024,16384,0,0,42,7,901025732,374667904,54994.2463,22867.9141,2.4049,1024,124
dsmem_loaded,5,0,1,1024,16384,0,0,42,7,901032885,374670880,54994.6829,22868.0957,2.4049,1024,125
dsmem_loaded,5,0,1,1024,16384,0,0,42,7,901025857,374667968,54994.2540,22867.9180,2.4049,1024,126
dsmem_loaded,5,0,1,1024,16384,0,0,42,7,901025017,374667584,54994.2027,22867.8945,2.4049,1024,127
dsmem_loaded,5,0,1,1024,16384,0,0,42,8,901044876,374676512,54995.4148,22868.4395,2.4049,1024,0
dsmem_loaded,5,0,1,1024,16384,0,0,42,8,901015417,374664192,54993.6168,22867.6875,2.4049,1024,1
dsmem_loaded,5,0,1,1024,16384,0,0,42,8,901023153,374667488,54994.0889,22867.8887,2.4049,1024,2
dsmem_loaded,5,0,1,1024,16384,0,0,42,8,901035317,374672544,54994.8314,22868.1973,2.4049,1024,3
dsmem_loaded,5,0,1,1024,16384,0,0,42,8,901046338,374677120,54995.5040,22868.4766,2.4049,1024,4
dsmem_loaded,5,0,1,1024,16384,0,0,42,8,901050434,374678816,54995.7540,22868.5801,2.4049,1024,5
dsmem_loaded,5,0,1,1024,16384,0,0,42,8,901046525,374677216,54995.5154,22868.4824,2.4049,1024,6
dsmem_loaded,5,0,1,1024,16384,0,0,42,8,901063885,374684416,54996.5750,22868.9219,2.4049,1024,7
dsmem_loaded,5,0,1,1024,16384,0,0,42,8,901043519,374675968,54995.3320,22868.4062,2.4049,1024,8
dsmem_loaded,5,0,1,1024,16384,0,0,42,8,901034836,374672320,54994.8020,22868.1836,2.4049,1024,9
dsmem_loaded,5,0,1,1024,16384,0,0,42,8,901015418,374664224,54993.6168,22867.6895,2.4049,1024,10
dsmem_loaded,5,0,1,1024,16384,0,0,42,8,901028776,374669824,54994.4321,22868.0312,2.4049,1024,11
dsmem_loaded,5,0,1,1024,16384,0,0,42,8,901015885,374664448,54993.6453,22867.7031,2.4049,1024,12
dsmem_loaded,5,0,1,1024,16384,0,0,42,8,901036790,374673152,54994.9213,22868.2344,2.4049,1024,13
dsmem_loaded,5,0,1,1024,16384,0,0,42,8,901023582,374667648,54994.1151,22867.8984,2.4049,1024,14
dsmem_loaded,5,0,1,1024,16384,0,0,42,8,901015417,374664224,54993.6168,22867.6895,2.4049,1024,15
dsmem_loaded,5,0,1,1024,16384,0,0,42,8,901035260,374672512,54994.8279,22868.1953,2.4049,1024,16
dsmem_loaded,5,0,1,1024,16384,0,0,42,8,901030428,374670496,54994.5330,22868.0723,2.4049,1024,17
dsmem_loaded,5,0,1,1024,16384,0,0,42,8,901016501,374664704,54993.6829,22867.7188,2.4049,1024,18
dsmem_loaded,5,0,1,1024,16384,0,0,42,8,901016564,374664736,54993.6868,22867.7207,2.4049,1024,19
dsmem_loaded,5,0,1,1024,16384,0,0,42,8,901016440,374664704,54993.6792,22867.7188,2.4049,1024,20
dsmem_loaded,5,0,1,1024,16384,0,0,42,8,901039108,374674080,54995.0627,22868.2910,2.4049,1024,21
dsmem_loaded,5,0,1,1024,16384,0,0,42,8,901016256,374664608,54993.6680,22867.7129,2.4049,1024,22
dsmem_loaded,5,0,1,1024,16384,0,0,42,8,901016317,374664608,54993.6717,22867.7129,2.4049,1024,23
dsmem_loaded,5,0,1,1024,16384,0,0,42,8,901021759,374666912,54994.0038,22867.8535,2.4049,1024,24
dsmem_loaded,5,0,1,1024,16384,0,0,42,8,901016440,374664672,54993.6792,22867.7168,2.4049,1024,25
dsmem_loaded,5,0,1,1024,16384,0,0,42,8,901026222,374668768,54994.2762,22867.9668,2.4049,1024,26
dsmem_loaded,5,0,1,1024,16384,0,0,42,8,901016072,374664544,54993.6567,22867.7090,2.4049,1024,27
dsmem_loaded,5,0,1,1024,16384,0,0,42,8,901015417,374664224,54993.6168,22867.6895,2.4049,1024,28
dsmem_loaded,5,0,1,1024,16384,0,0,42,8,901015952,374664448,54993.6494,22867.7031,2.4049,1024,29
dsmem_loaded,5,0,1,1024,16384,0,0,42,8,901016624,374664736,54993.6904,22867.7207,2.4049,1024,30
dsmem_loaded,5,0,1,1024,16384,0,0,42,8,901016992,374664864,54993.7129,22867.7285,2.4049,1024,31
dsmem_loaded,5,0,1,1024,16384,0,0,42,8,901050735,374678976,54995.7724,22868.5898,2.4049,1024,32
dsmem_loaded,5,0,1,1024,16384,0,0,42,8,901053431,374680096,54995.9370,22868.6582,2.4049,1024,33
dsmem_loaded,5,0,1,1024,16384,0,0,42,8,901049892,374678624,54995.7209,22868.5684,2.4049,1024,34
dsmem_loaded,5,0,1,1024,16384,0,0,42,8,901015418,374664224,54993.6168,22867.6895,2.4049,1024,35
dsmem_loaded,5,0,1,1024,16384,0,0,42,8,901055919,374681120,54996.0888,22868.7207,2.4049,1024,36
dsmem_loaded,5,0,1,1024,16384,0,0,42,8,901039114,374674112,54995.0631,22868.2930,2.4049,1024,37
dsmem_loaded,5,0,1,1024,16384,0,0,42,8,901050311,374678784,54995.7465,22868.5781,2.4049,1024,38
dsmem_loaded,5,0,1,1024,16384,0,0,42,8,901034417,374672160,54994.7764,22868.1738,2.4049,1024,39
dsmem_loaded,5,0,1,1024,16384,0,0,42,8,901023164,374667456,54994.0896,22867.8867,2.4049,1024,40
dsmem_loaded,5,0,1,1024,16384,0,0,42,8,901035439,374672608,54994.8388,22868.2012,2.4049,1024,41
dsmem_loaded,5,0,1,1024,16384,0,0,42,8,901026648,374668928,54994.3022,22867.9766,2.4049,1024,42
dsmem_loaded,5,0,1,1024,16384,0,0,42,8,901038515,374673856,54995.0266,22868.2773,2.4049,1024,43
dsmem_loaded,5,0,1,1024,16384,0,0,42,8,901015417,374664224,54993.6168,22867.6895,2.4049,1024,44
dsmem_loaded,5,0,1,1024,16384,0,0,42,8,901015418,374664224,54993.6168,22867.6895,2.4049,1024,45
dsmem_loaded,5,0,1,1024,16384,0,0,42,8,901029882,374670240,54994.4996,22868.0566,2.4049,1024,46
dsmem_loaded,5,0,1,1024,16384,0,0,42,8,901024813,374668160,54994.1902,22867.9297,2.4049,1024,47
dsmem_loaded,5,0,1,1024,16384,0,0,42,8,901016135,374664544,54993.6606,22867.7090,2.4049,1024,48
dsmem_loaded,5,0,1,1024,16384,0,0,42,8,901016194,374664576,54993.6642,22867.7109,2.4049,1024,49
dsmem_loaded,5,0,1,1024,16384,0,0,42,8,901024875,374668192,54994.1940,22867.9316,2.4049,1024,50
dsmem_loaded,5,0,1,1024,16384,0,0,42,8,901021086,374666624,54993.9628,22867.8359,2.4049,1024,51
dsmem_loaded,5,0,1,1024,16384,0,0,42,8,901016319,374664608,54993.6718,22867.7129,2.4049,1024,52
dsmem_loaded,5,0,1,1024,16384,0,0,42,8,901015949,374664448,54993.6492,22867.7031,2.4049,1024,53
dsmem_loaded,5,0,1,1024,16384,0,0,42,8,901015418,374664224,54993.6168,22867.6895,2.4049,1024,54
dsmem_loaded,5,0,1,1024,16384,0,0,42,8,901016257,374664608,54993.6680,22867.7129,2.4049,1024,55
dsmem_loaded,5,0,1,1024,16384,0,0,42,8,901016133,374664512,54993.6605,22867.7070,2.4049,1024,56
dsmem_loaded,5,0,1,1024,16384,0,0,42,8,901016257,374664544,54993.6680,22867.7090,2.4049,1024,57
dsmem_loaded,5,0,1,1024,16384,0,0,42,8,901021389,374666752,54993.9813,22867.8438,2.4049,1024,58
dsmem_loaded,5,0,1,1024,16384,0,0,42,8,901019860,374666112,54993.8879,22867.8047,2.4049,1024,59
dsmem_loaded,5,0,1,1024,16384,0,0,42,8,901016561,374664704,54993.6866,22867.7188,2.4049,1024,60
dsmem_loaded,5,0,1,1024,16384,0,0,42,8,901016439,374664672,54993.6791,22867.7168,2.4049,1024,61
dsmem_loaded,5,0,1,1024,16384,0,0,42,8,901016320,374664640,54993.6719,22867.7148,2.4049,1024,62
dsmem_loaded,5,0,1,1024,16384,0,0,42,8,901016320,374664640,54993.6719,22867.7148,2.4049,1024,63
dsmem_loaded,5,0,1,1024,16384,0,0,42,8,901021404,374666752,54993.9822,22867.8438,2.4049,1024,64
dsmem_loaded,5,0,1,1024,16384,0,0,42,8,901046032,374677024,54995.4854,22868.4707,2.4049,1024,65
dsmem_loaded,5,0,1,1024,16384,0,0,42,8,901050450,374678848,54995.7550,22868.5820,2.4049,1024,66
dsmem_loaded,5,0,1,1024,16384,0,0,42,8,901028488,374669696,54994.4146,22868.0234,2.4049,1024,67
dsmem_loaded,5,0,1,1024,16384,0,0,42,8,901029099,374669952,54994.4518,22868.0391,2.4049,1024,68
dsmem_loaded,5,0,1,1024,16384,0,0,42,8,901060592,374683072,54996.3740,22868.8398,2.4049,1024,69
dsmem_loaded,5,0,1,1024,16384,0,0,42,8,901042737,374675616,54995.2842,22868.3848,2.4049,1024,70
dsmem_loaded,5,0,1,1024,16384,0,0,42,8,901050083,374678688,54995.7326,22868.5723,2.4049,1024,71
dsmem_loaded,5,0,1,1024,16384,0,0,42,8,901054857,374680672,54996.0240,22868.6934,2.4049,1024,72
dsmem_loaded,5,0,1,1024,16384,0,0,42,8,901032646,374671424,54994.6683,22868.1289,2.4049,1024,73
dsmem_loaded,5,0,1,1024,16384,0,0,42,8,901044141,374676224,54995.3699,22868.4219,2.4049,1024,74
dsmem_loaded,5,0,1,1024,16384,0,0,42,8,901037294,374673344,54994.9520,22868.2461,2.4049,1024,75
dsmem_loaded,5,0,1,1024,16384,0,0,42,8,901027211,374669184,54994.3366,22867.9922,2.4049,1024,76
dsmem_loaded,5,0,1,1024,16384,0,0,42,8,901015418,374664224,54993.6168,22867.6895,2.4049,1024,77
dsmem_loaded,5,0,1,1024,16384,0,0,42,8,901015418,374664224,54993.6168,22867.6895,2.4049,1024,78
dsmem_loaded,5,0,1,1024,16384,0,0,42,8,901016456,374664704,54993.6802,22867.7188,2.4049,1024,79
dsmem_loaded,5,0,1,1024,16384,0,0,42,8,901023178,374667488,54994.0905,22867.8887,2.4049,1024,80
dsmem_loaded,5,0,1,1024,16384,0,0,42,8,901030138,374670400,54994.5153,22868.0664,2.4049,1024,81
dsmem_loaded,5,0,1,1024,16384,0,0,42,8,901016151,374664576,54993.6616,22867.7109,2.4049,1024,82
dsmem_loaded,5,0,1,1024,16384,0,0,42,8,901016395,374664672,54993.6765,22867.7168,2.4049,1024,83
dsmem_loaded,5,0,1,1024,16384,0,0,42,8,901022937,374667360,54994.0757,22867.8809,2.4049,1024,84
dsmem_loaded,5,0,1,1024,16384,0,0,42,8,901029840,374670240,54994.4971,22868.0566,2.4049,1024,85
dsmem_loaded,5,0,1,1024,16384,0,0,42,8,901016212,374664576,54993.6653,22867.7109,2.4049,1024,86
dsmem_loaded,5,0,1,1024,16384,0,0,42,8,901016393,374664640,54993.6763,22867.7148,2.4049,1024,87
dsmem_loaded,5,0,1,1024,16384,0,0,42,8,901025438,374668416,54994.2284,22867.9453,2.4049,1024,88
dsmem_loaded,5,0,1,1024,16384,0,0,42,8,901016090,374664512,54993.6578,22867.7070,2.4049,1024,89
dsmem_loaded,5,0,1,1024,16384,0,0,42,8,901016151,374664544,54993.6616,22867.7090,2.4049,1024,90
dsmem_loaded,5,0,1,1024,16384,0,0,42,8,901015970,374664448,54993.6505,22867.7031,2.4049,1024,91
dsmem_loaded,5,0,1,1024,16384,0,0,42,8,901015418,374664224,54993.6168,22867.6895,2.4049,1024,92
dsmem_loaded,5,0,1,1024,16384,0,0,42,8,901016399,374664640,54993.6767,22867.7148,2.4049,1024,93
dsmem_loaded,5,0,1,1024,16384,0,0,42,8,901016031,374664480,54993.6542,22867.7051,2.4049,1024,94
dsmem_loaded,5,0,1,1024,16384,0,0,42,8,901015417,374664224,54993.6168,22867.6895,2.4049,1024,95
dsmem_loaded,5,0,1,1024,16384,0,0,42,8,901046972,374677376,54995.5427,22868.4922,2.4049,1024,96
dsmem_loaded,5,0,1,1024,16384,0,0,42,8,901045133,374676640,54995.4305,22868.4473,2.4049,1024,97
dsmem_loaded,5,0,1,1024,16384,0,0,42,8,901040173,374674560,54995.1277,22868.3203,2.4049,1024,98
dsmem_loaded,5,0,1,1024,16384,0,0,42,8,901056999,374681568,54996.1547,22868.7480,2.4049,1024,99
dsmem_loaded,5,0,1,1024,16384,0,0,42,8,901046418,374677152,54995.5089,22868.4785,2.4049,1024,100
dsmem_loaded,5,0,1,1024,16384,0,0,42,8,901015417,374664224,54993.6168,22867.6895,2.4049,1024,101
dsmem_loaded,5,0,1,1024,16384,0,0,42,8,901058523,374682208,54996.2477,22868.7871,2.4049,1024,102
dsmem_loaded,5,0,1,1024,16384,0,0,42,8,901038524,374673888,54995.0271,22868.2793,2.4049,1024,103
dsmem_loaded,5,0,1,1024,16384,0,0,42,8,901042683,374675616,54995.2809,22868.3848,2.4049,1024,104
dsmem_loaded,5,0,1,1024,16384,0,0,42,8,901027646,374669344,54994.3632,22868.0020,2.4049,1024,105
dsmem_loaded,5,0,1,1024,16384,0,0,42,8,901038700,374673952,54995.0378,22868.2832,2.4049,1024,106
dsmem_loaded,5,0,1,1024,16384,0,0,42,8,901028984,374669888,54994.4448,22868.0352,2.4049,1024,107
dsmem_loaded,5,0,1,1024,16384,0,0,42,8,901015417,374664224,54993.6168,22867.6895,2.4049,1024,108
dsmem_loaded,5,0,1,1024,16384,0,0,42,8,901032041,374671168,54994.6314,22868.1133,2.4049,1024,109
dsmem_loaded,5,0,1,1024,16384,0,0,42,8,901015417,374664224,54993.6168,22867.6895,2.4049,1024,110
dsmem_loaded,5,0,1,1024,16384,0,0,42,8,901016215,374664576,54993.6655,22867.7109,2.4049,1024,111
dsmem_loaded,5,0,1,1024,16384,0,0,42,8,901034113,374672032,54994.7579,22868.1660,2.4049,1024,112
dsmem_loaded,5,0,1,1024,16384,0,0,42,8,901015910,374664448,54993.6469,22867.7031,2.4049,1024,113
dsmem_loaded,5,0,1,1024,16384,0,0,42,8,901030632,374670592,54994.5454,22868.0781,2.4049,1024,114
dsmem_loaded,5,0,1,1024,16384,0,0,42,8,901016214,374664608,54993.6654,22867.7129,2.4049,1024,115
dsmem_loaded,5,0,1,1024,16384,0,0,42,8,901016216,374664544,54993.6655,22867.7090,2.4049,1024,116
dsmem_loaded,5,0,1,1024,16384,0,0,42,8,901015785,374664384,54993.6392,22867.6992,2.4049,1024,117
dsmem_loaded,5,0,1,1024,16384,0,0,42,8,901016641,374664736,54993.6915,22867.7207,2.4049,1024,118
dsmem_loaded,5,0,1,1024,16384,0,0,42,8,901016820,374664800,54993.7024,22867.7246,2.4049,1024,119
dsmem_loaded,5,0,1,1024,16384,0,0,42,8,901016398,374664672,54993.6766,22867.7168,2.4049,1024,120
dsmem_loaded,5,0,1,1024,16384,0,0,42,8,901016277,374664608,54993.6693,22867.7129,2.4049,1024,121
dsmem_loaded,5,0,1,1024,16384,0,0,42,8,901023423,374667584,54994.1054,22867.8945,2.4049,1024,122
dsmem_loaded,5,0,1,1024,16384,0,0,42,8,901015970,374664448,54993.6505,22867.7031,2.4049,1024,123
dsmem_loaded,5,0,1,1024,16384,0,0,42,8,901021711,374666880,54994.0009,22867.8516,2.4049,1024,124
dsmem_loaded,5,0,1,1024,16384,0,0,42,8,901016216,374664608,54993.6655,22867.7129,2.4049,1024,125
dsmem_loaded,5,0,1,1024,16384,0,0,42,8,901023309,374667520,54994.0984,22867.8906,2.4049,1024,126
dsmem_loaded,5,0,1,1024,16384,0,0,42,8,901015418,374664224,54993.6168,22867.6895,2.4049,1024,127
dsmem_loaded,5,0,1,1024,16384,0,0,42,9,901023080,374667264,54994.0845,22867.8750,2.4049,1024,0
dsmem_loaded,5,0,1,1024,16384,0,0,42,9,901024911,374668032,54994.1962,22867.9219,2.4049,1024,1
dsmem_loaded,5,0,1,1024,16384,0,0,42,9,901029795,374670112,54994.4943,22868.0488,2.4049,1024,2
dsmem_loaded,5,0,1,1024,16384,0,0,42,9,901018372,374665280,54993.7971,22867.7539,2.4049,1024,3
dsmem_loaded,5,0,1,1024,16384,0,0,42,9,901022711,374667136,54994.0620,22867.8672,2.4049,1024,4
dsmem_loaded,5,0,1,1024,16384,0,0,42,9,901023016,374667264,54994.0806,22867.8750,2.4049,1024,5
dsmem_loaded,5,0,1,1024,16384,0,0,42,9,901031932,374670976,54994.6248,22868.1016,2.4049,1024,6
dsmem_loaded,5,0,1,1024,16384,0,0,42,9,901014339,374663648,54993.5510,22867.6543,2.4049,1024,7
dsmem_loaded,5,0,1,1024,16384,0,0,42,9,901016155,374664416,54993.6618,22867.7012,2.4049,1024,8
dsmem_loaded,5,0,1,1024,16384,0,0,42,9,900997936,374656864,54992.5498,22867.2402,2.4049,1024,9
dsmem_loaded,5,0,1,1024,16384,0,0,42,9,900991830,374654272,54992.1771,22867.0820,2.4049,1024,10
dsmem_loaded,5,0,1,1024,16384,0,0,42,9,900994335,374655360,54992.3300,22867.1484,2.4049,1024,11
dsmem_loaded,5,0,1,1024,16384,0,0,42,9,900990073,374653536,54992.0699,22867.0371,2.4049,1024,12
dsmem_loaded,5,0,1,1024,16384,0,0,42,9,900990073,374653568,54992.0699,22867.0391,2.4049,1024,13
dsmem_loaded,5,0,1,1024,16384,0,0,42,9,900999953,374657696,54992.6729,22867.2910,2.4049,1024,14
dsmem_loaded,5,0,1,1024,16384,0,0,42,9,900990073,374653536,54992.0699,22867.0371,2.4049,1024,15
dsmem_loaded,5,0,1,1024,16384,0,0,42,9,901010279,374661984,54993.3032,22867.5527,2.4049,1024,16
dsmem_loaded,5,0,1,1024,16384,0,0,42,9,900997875,374656832,54992.5461,22867.2383,2.4049,1024,17
dsmem_loaded,5,0,1,1024,16384,0,0,42,9,901001183,374658176,54992.7480,22867.3203,2.4049,1024,18
dsmem_loaded,5,0,1,1024,16384,0,0,42,9,900997698,374656768,54992.5353,22867.2344,2.4049,1024,19
dsmem_loaded,5,0,1,1024,16384,0,0,42,9,900997703,374656736,54992.5356,22867.2324,2.4049,1024,20
dsmem_loaded,5,0,1,1024,16384,0,0,42,9,900995806,374655968,54992.4198,22867.1855,2.4049,1024,21
dsmem_loaded,5,0,1,1024,16384,0,0,42,9,900990074,374653536,54992.0699,22867.0371,2.4049,1024,22
dsmem_loaded,5,0,1,1024,16384,0,0,42,9,900994514,374655424,54992.3409,22867.1523,2.4049,1024,23
dsmem_loaded,5,0,1,1024,16384,0,0,42,9,900991346,374654080,54992.1476,22867.0703,2.4049,1024,24
dsmem_loaded,5,0,1,1024,16384,0,0,42,9,900998189,374656960,54992.5652,22867.2461,2.4049,1024,25
dsmem_loaded,5,0,1,1024,16384,0,0,42,9,900990916,374653920,54992.1213,22867.0605,2.4049,1024,26
dsmem_loaded,5,0,1,1024,16384,0,0,42,9,900996227,374656160,54992.4455,22867.1973,2.4049,1024,27
dsmem_loaded,5,0,1,1024,16384,0,0,42,9,900990551,374653760,54992.0991,22867.0508,2.4049,1024,28
dsmem_loaded,5,0,1,1024,16384,0,0,42,9,900997823,374656800,54992.5429,22867.2363,2.4049,1024,29
dsmem_loaded,5,0,1,1024,16384,0,0,42,9,900990921,374653920,54992.1216,22867.0605,2.4049,1024,30
dsmem_loaded,5,0,1,1024,16384,0,0,42,9,900990982,374653952,54992.1254,22867.0625,2.4049,1024,31
dsmem_loaded,5,0,1,1024,16384,0,0,42,9,900991343,374654080,54992.1474,22867.0703,2.4049,1024,32
dsmem_loaded,5,0,1,1024,16384,0,0,42,9,901014879,374663904,54993.5839,22867.6699,2.4049,1024,33
dsmem_loaded,5,0,1,1024,16384,0,0,42,9,901022962,374667232,54994.0773,22867.8730,2.4049,1024,34
dsmem_loaded,5,0,1,1024,16384,0,0,42,9,900990073,374653568,54992.0699,22867.0391,2.4049,1024,35
dsmem_loaded,5,0,1,1024,16384,0,0,42,9,901018792,374665504,54993.8228,22867.7676,2.4049,1024,36
dsmem_loaded,5,0,1,1024,16384,0,0,42,9,901016634,374664672,54993.6910,22867.7168,2.4049,1024,37
dsmem_loaded,5,0,1,1024,16384,0,0,42,9,901012073,374662656,54993.4127,22867.5938,2.4049,1024,38
dsmem_loaded,5,0,1,1024,16384,0,0,42,9,901033476,374671584,54994.7190,22868.1387,2.4049,1024,39
dsmem_loaded,5,0,1,1024,16384,0,0,42,9,900999653,374657568,54992.6546,22867.2832,2.4049,1024,40
dsmem_loaded,5,0,1,1024,16384,0,0,42,9,901025154,374668160,54994.2111,22867.9297,2.4049,1024,41
dsmem_loaded,5,0,1,1024,16384,0,0,42,9,901011280,374662400,54993.3643,22867.5781,2.4049,1024,42
dsmem_loaded,5,0,1,1024,16384,0,0,42,9,901003383,374659104,54992.8823,22867.3770,2.4049,1024,43
dsmem_loaded,5,0,1,1024,16384,0,0,42,9,901018237,374665280,54993.7889,22867.7539,2.4049,1024,44
dsmem_loaded,5,0,1,1024,16384,0,0,42,9,900990073,374653536,54992.0699,22867.0371,2.4049,1024,45
dsmem_loaded,5,0,1,1024,16384,0,0,42,9,900992985,374654816,54992.2476,22867.1152,2.4049,1024,46
dsmem_loaded,5,0,1,1024,16384,0,0,42,9,901002652,374658816,54992.8376,22867.3594,2.4049,1024,47
dsmem_loaded,5,0,1,1024,16384,0,0,42,9,901001846,374658464,54992.7885,22867.3379,2.4049,1024,48
dsmem_loaded,5,0,1,1024,16384,0,0,42,9,900999413,374657472,54992.6400,22867.2773,2.4049,1024,49
dsmem_loaded,5,0,1,1024,16384,0,0,42,9,900992324,374654528,54992.2073,22867.0977,2.4049,1024,50
dsmem_loaded,5,0,1,1024,16384,0,0,42,9,900999657,374657568,54992.6548,22867.2832,2.4049,1024,51
dsmem_loaded,5,0,1,1024,16384,0,0,42,9,900990974,374653952,54992.1249,22867.0625,2.4049,1024,52
dsmem_loaded,5,0,1,1024,16384,0,0,42,9,900990546,374653760,54992.0988,22867.0508,2.4049,1024,53
dsmem_loaded,5,0,1,1024,16384,0,0,42,9,900990073,374653568,54992.0699,22867.0391,2.4049,1024,54
dsmem_loaded,5,0,1,1024,16384,0,0,42,9,900997873,374656800,54992.5460,22867.2363,2.4049,1024,55
dsmem_loaded,5,0,1,1024,16384,0,0,42,9,900990549,374653760,54992.0989,22867.0508,2.4049,1024,56
dsmem_loaded,5,0,1,1024,16384,0,0,42,9,900991224,374654016,54992.1401,22867.0664,2.4049,1024,57
dsmem_loaded,5,0,1,1024,16384,0,0,42,9,900992632,374654656,54992.2261,22867.1055,2.4049,1024,58
dsmem_loaded,5,0,1,1024,16384,0,0,42,9,900997883,374656800,54992.5466,22867.2363,2.4049,1024,59
dsmem_loaded,5,0,1,1024,16384,0,0,42,9,900990074,374653568,54992.0699,22867.0391,2.4049,1024,60
dsmem_loaded,5,0,1,1024,16384,0,0,42,9,900990852,374653888,54992.1174,22867.0586,2.4049,1024,61
dsmem_loaded,5,0,1,1024,16384,0,0,42,9,900994399,374655392,54992.3339,22867.1504,2.4049,1024,62
dsmem_loaded,5,0,1,1024,16384,0,0,42,9,900996900,374656416,54992.4866,22867.2129,2.4049,1024,63
dsmem_loaded,5,0,1,1024,16384,0,0,42,9,901016552,374664512,54993.6860,22867.7070,2.4049,1024,64
dsmem_loaded,5,0,1,1024,16384,0,0,42,9,901035497,374672416,54994.8423,22868.1895,2.4049,1024,65
dsmem_loaded,5,0,1,1024,16384,0,0,42,9,901038849,374673856,54995.0469,22868.2773,2.4049,1024,66
dsmem_loaded,5,0,1,1024,16384,0,0,42,9,901016419,374664512,54993.6779,22867.7070,2.4049,1024,67
dsmem_loaded,5,0,1,1024,16384,0,0,42,9,901013424,374663264,54993.4951,22867.6309,2.4049,1024,68
dsmem_loaded,5,0,1,1024,16384,0,0,42,9,901023317,374667392,54994.0989,22867.8828,2.4049,1024,69
dsmem_loaded,5,0,1,1024,16384,0,0,42,9,901018432,374665344,54993.8008,22867.7578,2.4049,1024,70
dsmem_loaded,5,0,1,1024,16384,0,0,42,9,901016662,374664640,54993.6927,22867.7148,2.4049,1024,71
dsmem_loaded,5,0,1,1024,16384,0,0,42,9,901016359,374664512,54993.6743,22867.7070,2.4049,1024,72
dsmem_loaded,5,0,1,1024,16384,0,0,42,9,901018307,374665344,54993.7932,22867.7578,2.4049,1024,73
dsmem_loaded,5,0,1,1024,16384,0,0,42,9,901016961,374664768,54993.7110,22867.7227,2.4049,1024,74
dsmem_loaded,5,0,1,1024,16384,0,0,42,9,901011827,374662592,54993.3976,22867.5898,2.4049,1024,75
dsmem_loaded,5,0,1,1024,16384,0,0,42,9,900996671,374656320,54992.4726,22867.2070,2.4049,1024,76
dsmem_loaded,5,0,1,1024,16384,0,0,42,9,901001005,374658112,54992.7371,22867.3164,2.4049,1024,77
dsmem_loaded,5,0,1,1024,16384,0,0,42,9,900990074,374653536,54992.0699,22867.0371,2.4049,1024,78
dsmem_loaded,5,0,1,1024,16384,0,0,42,9,900991050,374653952,54992.1295,22867.0625,2.4049,1024,79
dsmem_loaded,5,0,1,1024,16384,0,0,42,9,900993308,374654912,54992.2673,22867.1211,2.4049,1024,80
dsmem_loaded,5,0,1,1024,16384,0,0,42,9,900991112,374654016,54992.1333,22867.0664,2.4049,1024,81
dsmem_loaded,5,0,1,1024,16384,0,0,42,9,900990747,374653856,54992.1110,22867.0566,2.4049,1024,82
dsmem_loaded,5,0,1,1024,16384,0,0,42,9,901010177,374661952,54993.2969,22867.5508,2.4049,1024,83
dsmem_loaded,5,0,1,1024,16384,0,0,42,9,900990073,374653536,54992.0699,22867.0371,2.4049,1024,84
dsmem_loaded,5,0,1,1024,16384,0,0,42,9,900990073,374653536,54992.0699,22867.0371,2.4049,1024,85
dsmem_loaded,5,0,1,1024,16384,0,0,42,9,900991048,374653952,54992.1294,22867.0625,2.4049,1024,86
dsmem_loaded,5,0,1,1024,16384,0,0,42,9,900990073,374653568,54992.0699,22867.0391,2.4049,1024,87
dsmem_loaded,5,0,1,1024,16384,0,0,42,9,900994160,374655296,54992.3193,22867.1445,2.4049,1024,88
dsmem_loaded,5,0,1,1024,16384,0,0,42,9,900990745,374653856,54992.1109,22867.0566,2.4049,1024,89
dsmem_loaded,5,0,1,1024,16384,0,0,42,9,900990740,374653824,54992.1106,22867.0547,2.4049,1024,90
dsmem_loaded,5,0,1,1024,16384,0,0,42,9,900996298,374656192,54992.4498,22867.1992,2.4049,1024,91
dsmem_loaded,5,0,1,1024,16384,0,0,42,9,900990990,374653952,54992.1259,22867.0625,2.4049,1024,92
dsmem_loaded,5,0,1,1024,16384,0,0,42,9,900991173,374654016,54992.1370,22867.0664,2.4049,1024,93
dsmem_loaded,5,0,1,1024,16384,0,0,42,9,900991359,374654080,54992.1484,22867.0703,2.4049,1024,94
dsmem_loaded,5,0,1,1024,16384,0,0,42,9,900991054,374653952,54992.1298,22867.0625,2.4049,1024,95
dsmem_loaded,5,0,1,1024,16384,0,0,42,9,901030195,374670208,54994.5187,22868.0547,2.4049,1024,96
dsmem_loaded,5,0,1,1024,16384,0,0,42,9,901031411,374670720,54994.5930,22868.0859,2.4049,1024,97
dsmem_loaded,5,0,1,1024,16384,0,0,42,9,901019546,374665824,54993.8688,22867.7871,2.4049,1024,98
dsmem_loaded,5,0,1,1024,16384,0,0,42,9,901018621,374665440,54993.8123,22867.7637,2.4049,1024,99
dsmem_loaded,5,0,1,1024,16384,0,0,42,9,901015442,374664128,54993.6183,22867.6836,2.4049,1024,100
dsmem_loaded,5,0,1,1024,16384,0,0,42,9,901003702,374659264,54992.9017,22867.3867,2.4049,1024,101
dsmem_loaded,5,0,1,1024,16384,0,0,42,9,900990074,374653536,54992.0699,22867.0371,2.4049,1024,102
dsmem_loaded,5,0,1,1024,16384,0,0,42,9,901036544,374672864,54994.9062,22868.2168,2.4049,1024,103
dsmem_loaded,5,0,1,1024,16384,0,0,42,9,901033543,374671616,54994.7231,22868.1406,2.4049,1024,104
dsmem_loaded,5,0,1,1024,16384,0,0,42,9,900990074,374653568,54992.0699,22867.0391,2.4049,1024,105
dsmem_loaded,5,0,1,1024,16384,0,0,42,9,901018506,374665376,54993.8053,22867.7598,2.4049,1024,106
dsmem_loaded,5,0,1,1024,16384,0,0,42,9,900990073,374653536,54992.0699,22867.0371,2.4049,1024,107
dsmem_loaded,5,0,1,1024,16384,0,0,42,9,900991227,374654048,54992.1403,22867.0684,2.4049,1024,108
dsmem_loaded,5,0,1,1024,16384,0,0,42,9,901009934,374661856,54993.2821,22867.5449,2.4049,1024,109
dsmem_loaded,5,0,1,1024,16384,0,0,42,9,901000527,374657952,54992.7079,22867.3066,2.4049,1024,110
dsmem_loaded,5,0,1,1024,16384,0,0,42,9,901019163,374665696,54993.8454,22867.7793,2.4049,1024,111
dsmem_loaded,5,0,1,1024,16384,0,0,42,9,900996126,374656128,54992.4393,22867.1953,2.4049,1024,112
dsmem_loaded,5,0,1,1024,16384,0,0,42,9,900990869,374653920,54992.1185,22867.0605,2.4049,1024,113
dsmem_loaded,5,0,1,1024,16384,0,0,42,9,901000155,374657792,54992.6852,22867.2969,2.4049,1024,114
dsmem_loaded,5,0,1,1024,16384,0,0,42,9,901006632,374660448,54993.0806,22867.4590,2.4049,1024,115
dsmem_loaded,5,0,1,1024,16384,0,0,42,9,900996006,374656032,54992.4320,22867.1895,2.4049,1024,116
dsmem_loaded,5,0,1,1024,16384,0,0,42,9,900991285,374654048,54992.1439,22867.0684,2.4049,1024,117
dsmem_loaded,5,0,1,1024,16384,0,0,42,9,900990860,374653888,54992.1179,22867.0586,2.4049,1024,118
dsmem_loaded,5,0,1,1024,16384,0,0,42,9,900990864,374653888,54992.1182,22867.0586,2.4049,1024,119
dsmem_loaded,5,0,1,1024,16384,0,0,42,9,900990983,374653920,54992.1254,22867.0605,2.4049,1024,120
dsmem_loaded,5,0,1,1024,16384,0,0,42,9,900990801,374653856,54992.1143,22867.0566,2.4049,1024,121
dsmem_loaded,5,0,1,1024,16384,0,0,42,9,900990565,374653792,54992.0999,22867.0527,2.4049,1024,122
dsmem_loaded,5,0,1,1024,16384,0,0,42,9,900991046,374653952,54992.1293,22867.0625,2.4049,1024,123
dsmem_loaded,5,0,1,1024,16384,0,0,42,9,900990073,374653536,54992.0699,22867.0371,2.4049,1024,124
dsmem_loaded,5,0,1,1024,16384,0,0,42,9,900991233,374654048,54992.1407,22867.0684,2.4049,1024,125
dsmem_loaded,5,0,1,1024,16384,0,0,42,9,900991232,374654048,54992.1406,22867.0684,2.4049,1024,126
dsmem_loaded,5,0,1,1024,16384,0,0,42,9,900990862,374653856,54992.1180,22867.0566,2.4049,1024,127
dsmem_loaded,5,0,1,1024,16384,0,0,42,10,901039152,374674208,54995.0654,22868.2988,2.4049,1024,0
dsmem_loaded,5,0,1,1024,16384,0,0,42,10,901047470,374677696,54995.5731,22868.5117,2.4049,1024,1
dsmem_loaded,5,0,1,1024,16384,0,0,42,10,901072482,374688064,54997.0997,22869.1445,2.4049,1024,2
dsmem_loaded,5,0,1,1024,16384,0,0,42,10,901066534,374685632,54996.7367,22868.9961,2.4049,1024,3
dsmem_loaded,5,0,1,1024,16384,0,0,42,10,901064108,374684640,54996.5886,22868.9355,2.4049,1024,4
dsmem_loaded,5,0,1,1024,16384,0,0,42,10,901038074,374673760,54994.9996,22868.2715,2.4049,1024,5
dsmem_loaded,5,0,1,1024,16384,0,0,42,10,901046978,374677472,54995.5431,22868.4980,2.4049,1024,6
dsmem_loaded,5,0,1,1024,16384,0,0,42,10,901082563,374692256,54997.7150,22869.4004,2.4049,1024,7
dsmem_loaded,5,0,1,1024,16384,0,0,42,10,901067043,374685824,54996.7678,22869.0078,2.4049,1024,8
dsmem_loaded,5,0,1,1024,16384,0,0,42,10,901072545,374688096,54997.1036,22869.1465,2.4049,1024,9
dsmem_loaded,5,0,1,1024,16384,0,0,42,10,901057061,374681664,54996.1585,22868.7539,2.4049,1024,10
dsmem_loaded,5,0,1,1024,16384,0,0,42,10,901071677,374687744,54997.0506,22869.1250,2.4049,1024,11
dsmem_loaded,5,0,1,1024,16384,0,0,42,10,901043071,374675840,54995.3046,22868.3984,2.4049,1024,12
dsmem_loaded,5,0,1,1024,16384,0,0,42,10,901046366,374677216,54995.5057,22868.4824,2.4049,1024,13
dsmem_loaded,5,0,1,1024,16384,0,0,42,10,901038073,374673760,54994.9996,22868.2715,2.4049,1024,14
dsmem_loaded,5,0,1,1024,16384,0,0,42,10,901039097,374674176,54995.0621,22868.2969,2.4049,1024,15
dsmem_loaded,5,0,1,1024,16384,0,0,42,10,901044658,374676512,54995.4015,22868.4395,2.4049,1024,16
dsmem_loaded,5,0,1,1024,16384,0,0,42,10,901046801,374677376,54995.5323,22868.4922,2.4049,1024,17
dsmem_loaded,5,0,1,1024,16384,0,0,42,10,901042823,374675744,54995.2895,22868.3926,2.4049,1024,18
dsmem_loaded,5,0,1,1024,16384,0,0,42,10,901049848,374678656,54995.7183,22868.5703,2.4049,1024,19
dsmem_loaded,5,0,1,1024,16384,0,0,42,10,901038074,374673760,54994.9996,22868.2715,2.4049,1024,20
dsmem_loaded,5,0,1,1024,16384,0,0,42,10,901038909,374674112,54995.0506,22868.2930,2.4049,1024,21
dsmem_loaded,5,0,1,1024,16384,0,0,42,10,901038906,374674112,54995.0504,22868.2930,2.4049,1024,22
dsmem_loaded,5,0,1,1024,16384,0,0,42,10,901038599,374673952,54995.0317,22868.2832,2.4049,1024,23
dsmem_loaded,5,0,1,1024,16384,0,0,42,10,901039030,374674144,54995.0580,22868.2949,2.4049,1024,24
dsmem_loaded,5,0,1,1024,16384,0,0,42,10,901038908,374674112,54995.0505,22868.2930,2.4049,1024,25
dsmem_loaded,5,0,1,1024,16384,0,0,42,10,901038852,374674080,54995.0471,22868.2910,2.4049,1024,26
dsmem_loaded,5,0,1,1024,16384,0,0,42,10,901038849,374674080,54995.0469,22868.2910,2.4049,1024,27
dsmem_loaded,5,0,1,1024,16384,0,0,42,10,901038908,374674112,54995.0505,22868.2930,2.4049,1024,28
dsmem_loaded,5,0,1,1024,16384,0,0,42,10,901039213,374674240,54995.0692,22868.3008,2.4049,1024,29
dsmem_loaded,5,0,1,1024,16384,0,0,42,10,901039215,374674240,54995.0693,22868.3008,2.4049,1024,30
dsmem_loaded,5,0,1,1024,16384,0,0,42,10,901038073,374673792,54994.9996,22868.2734,2.4049,1024,31
dsmem_loaded,5,0,1,1024,16384,0,0,42,10,901081402,374691744,54997.6442,22869.3691,2.4049,1024,32
dsmem_loaded,5,0,1,1024,16384,0,0,42,10,901062821,374684064,54996.5101,22868.9004,2.4049,1024,33
dsmem_loaded,5,0,1,1024,16384,0,0,42,10,901038073,374673792,54994.9996,22868.2734,2.4049,1024,34
dsmem_loaded,5,0,1,1024,16384,0,0,42,10,901059578,374682720,54996.3121,22868.8184,2.4049,1024,35
dsmem_loaded,5,0,1,1024,16384,0,0,42,10,901050399,374678880,54995.7519,22868.5840,2.4049,1024,36
dsmem_loaded,5,0,1,1024,16384,0,0,42,10,901064954,374684960,54996.6403,22868.9551,2.4049,1024,37
dsmem_loaded,5,0,1,1024,16384,0,0,42,10,901079569,374691008,54997.5323,22869.3242,2.4049,1024,38
dsmem_loaded,5,0,1,1024,16384,0,0,42,10,901069301,374686752,54996.9056,22869.0645,2.4049,1024,39
dsmem_loaded,5,0,1,1024,16384,0,0,42,10,901045517,374676864,54995.4539,22868.4609,2.4049,1024,40
dsmem_loaded,5,0,1,1024,16384,0,0,42,10,901045997,374677056,54995.4832,22868.4727,2.4049,1024,41
dsmem_loaded,5,0,1,1024,16384,0,0,42,10,901081036,374691616,54997.6218,22869.3613,2.4049,1024,42
dsmem_loaded,5,0,1,1024,16384,0,0,42,10,901062630,374684000,54996.4984,22868.8965,2.4049,1024,43
dsmem_loaded,5,0,1,1024,16384,0,0,42,10,901038798,374674048,54995.0438,22868.2891,2.4049,1024,44
dsmem_loaded,5,0,1,1024,16384,0,0,42,10,901039717,374674432,54995.0999,22868.3125,2.4049,1024,45
dsmem_loaded,5,0,1,1024,16384,0,0,42,10,901061098,374683328,54996.4049,22868.8555,2.4049,1024,46
dsmem_loaded,5,0,1,1024,16384,0,0,42,10,901038073,374673760,54994.9996,22868.2715,2.4049,1024,47
dsmem_loaded,5,0,1,1024,16384,0,0,42,10,901047956,374677856,54995.6028,22868.5215,2.4049,1024,48
dsmem_loaded,5,0,1,1024,16384,0,0,42,10,901045457,374676832,54995.4503,22868.4590,2.4049,1024,49
dsmem_loaded,5,0,1,1024,16384,0,0,42,10,901065072,374685024,54996.6475,22868.9590,2.4049,1024,50
dsmem_loaded,5,0,1,1024,16384,0,0,42,10,901054193,374680480,54995.9835,22868.6816,2.4049,1024,51
dsmem_loaded,5,0,1,1024,16384,0,0,42,10,901038074,374673792,54994.9996,22868.2734,2.4049,1024,52
dsmem_loaded,5,0,1,1024,16384,0,0,42,10,901038074,374673760,54994.9996,22868.2715,2.4049,1024,53
dsmem_loaded,5,0,1,1024,16384,0,0,42,10,901039290,374674240,54995.0739,22868.3008,2.4049,1024,54
dsmem_loaded,5,0,1,1024,16384,0,0,42,10,901044109,374676288,54995.3680,22868.4258,2.4049,1024,55
dsmem_loaded,5,0,1,1024,16384,0,0,42,10,901038982,374674144,54995.0551,22868.2949,2.4049,1024,56
dsmem_loaded,5,0,1,1024,16384,0,0,42,10,901039345,374674272,54995.0772,22868.3027,2.4049,1024,57
dsmem_loaded,5,0,1,1024,16384,0,0,42,10,901046010,374677056,54995.4840,22868.4727,2.4049,1024,58
dsmem_loaded,5,0,1,1024,16384,0,0,42,10,901046130,374677088,54995.4913,22868.4746,2.4049,1024,59
dsmem_loaded,5,0,1,1024,16384,0,0,42,10,901038666,374674016,54995.0358,22868.2871,2.4049,1024,60
dsmem_loaded,5,0,1,1024,16384,0,0,42,10,901038437,374673920,54995.0218,22868.2812,2.4049,1024,61
dsmem_loaded,5,0,1,1024,16384,0,0,42,10,901039103,374674208,54995.0624,22868.2988,2.4049,1024,62
dsmem_loaded,5,0,1,1024,16384,0,0,42,10,901039110,374674176,54995.0629,22868.2969,2.4049,1024,63
dsmem_loaded,5,0,1,1024,16384,0,0,42,10,901072683,374688160,54997.1120,22869.1504,2.4049,1024,64
dsmem_loaded,5,0,1,1024,16384,0,0,42,10,901070908,374687392,54997.0037,22869.1035,2.4049,1024,65
dsmem_loaded,5,0,1,1024,16384,0,0,42,10,901070663,374687328,54996.9887,22869.0996,2.4049,1024,66
dsmem_loaded,5,0,1,1024,16384,0,0,42,10,901072434,374688064,54997.0968,22869.1445,2.4049,1024,67
dsmem_loaded,5,0,1,1024,16384,0,0,42,10,901069737,374686944,54996.9322,22869.0762,2.4049,1024,68
dsmem_loaded,5,0,1,1024,16384,0,0,42,10,901071267,374687584,54997.0256,22869.1152,2.4049,1024,69
dsmem_loaded,5,0,1,1024,16384,0,0,42,10,901072922,374688224,54997.1266,22869.1543,2.4049,1024,70
dsmem_loaded,5,0,1,1024,16384,0,0,42,10,901057391,374681792,54996.1786,22868.7617,2.4049,1024,71
dsmem_loaded,5,0,1,1024,16384,0,0,42,10,901051033,374679136,54995.7906,22868.5996,2.4049,1024,72
dsmem_loaded,5,0,1,1024,16384,0,0,42,10,901058364,374682208,54996.2380,22868.7871,2.4049,1024,73
dsmem_loaded,5,0,1,1024,16384,0,0,42,10,901044069,374676288,54995.3655,22868.4258,2.4049,1024,74
dsmem_loaded,5,0,1,1024,16384,0,0,42,10,901051215,374679232,54995.8017,22868.6055,2.4049,1024,75
dsmem_loaded,5,0,1,1024,16384,0,0,42,10,901047842,374677824,54995.5958,22868.5195,2.4049,1024,76
dsmem_loaded,5,0,1,1024,16384,0,0,42,10,901038073,374673760,54994.9996,22868.2715,2.4049,1024,77
dsmem_loaded,5,0,1,1024,16384,0,0,42,10,901039405,374674336,54995.0809,22868.3066,2.4049,1024,78
dsmem_loaded,5,0,1,1024,16384,0,0,42,10,901038073,374673760,54994.9996,22868.2715,2.4049,1024,79
dsmem_loaded,5,0,1,1024,16384,0,0,42,10,901046193,374677120,54995.4952,22868.4766,2.4049,1024,80
dsmem_loaded,5,0,1,1024,16384,0,0,42,10,901058179,374682144,54996.2267,22868.7832,2.4049,1024,81
dsmem_loaded,5,0,1,1024,16384,0,0,42,10,901045956,374677056,54995.4807,22868.4727,2.4049,1024,82
dsmem_loaded,5,0,1,1024,16384,0,0,42,10,901044066,374676256,54995.3654,22868.4238,2.4049,1024,83
dsmem_loaded,5,0,1,1024,16384,0,0,42,10,901052492,374679776,54995.8796,22868.6387,2.4049,1024,84
dsmem_loaded,5,0,1,1024,16384,0,0,42,10,901038547,374673952,54995.0285,22868.2832,2.4049,1024,85
dsmem_loaded,5,0,1,1024,16384,0,0,42,10,901038074,374673760,54994.9996,22868.2715,2.4049,1024,86
dsmem_loaded,5,0,1,1024,16384,0,0,42,10,901038793,374674048,54995.0435,22868.2891,2.4049,1024,87
dsmem_loaded,5,0,1,1024,16384,0,0,42,10,901039164,374674176,54995.0662,22868.2969,2.4049,1024,88
dsmem_loaded,5,0,1,1024,16384,0,0,42,10,901046315,374677184,54995.5026,22868.4805,2.4049,1024,89
dsmem_loaded,5,0,1,1024,16384,0,0,42,10,901038491,374673920,54995.0251,22868.2812,2.4049,1024,90
dsmem_loaded,5,0,1,1024,16384,0,0,42,10,901039229,374674240,54995.0701,22868.3008,2.4049,1024,91
dsmem_loaded,5,0,1,1024,16384,0,0,42,10,901038073,374673792,54994.9996,22868.2734,2.4049,1024,92
dsmem_loaded,5,0,1,1024,16384,0,0,42,10,901039228,374674240,54995.0701,22868.3008,2.4049,1024,93
dsmem_loaded,5,0,1,1024,16384,0,0,42,10,901039108,374674208,54995.0627,22868.2988,2.4049,1024,94
dsmem_loaded,5,0,1,1024,16384,0,0,42,10,901039656,374674400,54995.0962,22868.3105,2.4049,1024,95
dsmem_loaded,5,0,1,1024,16384,0,0,42,10,901082576,374692256,54997.7158,22869.4004,2.4049,1024,96
dsmem_loaded,5,0,1,1024,16384,0,0,42,10,901091993,374696160,54998.2906,22869.6387,2.4049,1024,97
dsmem_loaded,5,0,1,1024,16384,0,0,42,10,901038074,374673760,54994.9996,22868.2715,2.4049,1024,98
dsmem_loaded,5,0,1,1024,16384,0,0,42,10,901076226,374689632,54997.3282,22869.2402,2.4049,1024,99
dsmem_loaded,5,0,1,1024,16384,0,0,42,10,901045590,374676896,54995.4584,22868.4629,2.4049,1024,100
dsmem_loaded,5,0,1,1024,16384,0,0,42,10,901063491,374684320,54996.5510,22868.9160,2.4049,1024,101
dsmem_loaded,5,0,1,1024,16384,0,0,42,10,901065956,374685376,54996.7014,22868.9805,2.4049,1024,102
dsmem_loaded,5,0,1,1024,16384,0,0,42,10,901047732,374677792,54995.5891,22868.5176,2.4049,1024,103
dsmem_loaded,5,0,1,1024,16384,0,0,42,10,901064430,374684736,54996.6083,22868.9414,2.4049,1024,104
dsmem_loaded,5,0,1,1024,16384,0,0,42,10,901038074,374673792,54994.9996,22868.2734,2.4049,1024,105
dsmem_loaded,5,0,1,1024,16384,0,0,42,10,901064605,374684800,54996.6190,22868.9453,2.4049,1024,106
dsmem_loaded,5,0,1,1024,16384,0,0,42,10,901048578,374678144,54995.6407,22868.5391,2.4049,1024,107
dsmem_loaded,5,0,1,1024,16384,0,0,42,10,901038073,374673760,54994.9996,22868.2715,2.4049,1024,108
dsmem_loaded,5,0,1,1024,16384,0,0,42,10,901041310,374675136,54995.1971,22868.3555,2.4049,1024,109
dsmem_loaded,5,0,1,1024,16384,0,0,42,10,901051695,374679424,54995.8310,22868.6172,2.4049,1024,110
dsmem_loaded,5,0,1,1024,16384,0,0,42,10,901038073,374673760,54994.9996,22868.2715,2.4049,1024,111
dsmem_loaded,5,0,1,1024,16384,0,0,42,10,901058363,374682208,54996.2380,22868.7871,2.4049,1024,112
dsmem_loaded,5,0,1,1024,16384,0,0,42,10,901038935,374674112,54995.0522,22868.2930,2.4049,1024,113
dsmem_loaded,5,0,1,1024,16384,0,0,42,10,901043452,374676000,54995.3279,22868.4082,2.4049,1024,114
dsmem_loaded,5,0,1,1024,16384,0,0,42,10,901047548,374677696,54995.5779,22868.5117,2.4049,1024,115
dsmem_loaded,5,0,1,1024,16384,0,0,42,10,901045783,374676960,54995.4702,22868.4668,2.4049,1024,116
dsmem_loaded,5,0,1,1024,16384,0,0,42,10,901038932,374674112,54995.0520,22868.2930,2.4049,1024,117
dsmem_loaded,5,0,1,1024,16384,0,0,42,10,901038876,374674112,54995.0486,22868.2930,2.4049,1024,118
dsmem_loaded,5,0,1,1024,16384,0,0,42,10,901039178,374674208,54995.0670,22868.2988,2.4049,1024,119
dsmem_loaded,5,0,1,1024,16384,0,0,42,10,901039120,374674176,54995.0635,22868.2969,2.4049,1024,120
dsmem_loaded,5,0,1,1024,16384,0,0,42,10,901039060,374674144,54995.0598,22868.2949,2.4049,1024,121
dsmem_loaded,5,0,1,1024,16384,0,0,42,10,901039119,374674176,54995.0634,22868.2969,2.4049,1024,122
dsmem_loaded,5,0,1,1024,16384,0,0,42,10,901038750,374674048,54995.0409,22868.2891,2.4049,1024,123
dsmem_loaded,5,0,1,1024,16384,0,0,42,10,901038691,374674016,54995.0373,22868.2871,2.4049,1024,124
dsmem_loaded,5,0,1,1024,16384,0,0,42,10,901038936,374674144,54995.0522,22868.2949,2.4049,1024,125
dsmem_loaded,5,0,1,1024,16384,0,0,42,10,901038999,374674144,54995.0561,22868.2949,2.4049,1024,126
dsmem_loaded,5,0,1,1024,16384,0,0,42,10,901038876,374674080,54995.0486,22868.2910,2.4049,1024,127
