# command: ./latency-many-threads --target remote --requesters 8 --chasers 1024 --reps 11 --steps 16384
# gpu: NVIDIA GB10
# compute_capability: 12.1
# sm_count: 48
# l2_bytes: 25165824
# sm_clock_max_khz: 2418000
# driver_version: 13000
# runtime_version: 13000
# seed: 42
# reps: 11
# steps: 16384
# warmup: 1
# buffer_elems: 4096
# stride_bytes: 0
# cycle_length: 4096
# chasers: 1024
# requesters: 8
# target: remote
# bank_aligned: 1
# warps_per_requester: 32
benchmark,cluster_size,distance,mapped,block_size,steps,buffer_bytes,stride_bytes,seed,rep,cycles,ns,cycles_per_load,ns_per_load,ghz,chasers,warp
dsmem_loaded,9,0,1,1024,16384,0,0,42,0,1802119082,749364704,109992.6198,45737.5918,2.4049,1024,0
dsmem_loaded,9,0,1,1024,16384,0,0,42,0,1802105387,749359008,109991.7839,45737.2441,2.4049,1024,1
dsmem_loaded,9,0,1,1024,16384,0,0,42,0,1802057061,749338880,109988.8343,45736.0156,2.4049,1024,2
dsmem_loaded,9,0,1,1024,16384,0,0,42,0,1802114646,749362880,109992.3490,45737.4805,2.4049,1024,3
dsmem_loaded,9,0,1,1024,16384,0,0,42,0,1802104746,749358784,109991.7448,45737.2305,2.4049,1024,4
dsmem_loaded,9,0,1,1024,16384,0,0,42,0,1802105138,749358944,109991.7687,45737.2402,2.4049,1024,5
dsmem_loaded,9,0,1,1024,16384,0,0,42,0,1802137175,749372224,109993.7241,45738.0508,2.4049,1024,6
dsmem_loaded,9,0,1,1024,16384,0,0,42,0,1802111829,749361664,109992.1771,45737.4062,2.4049,1024,7
dsmem_loaded,9,0,1,1024,16384,0,0,42,0,1802104740,749358720,109991.7444,45737.2266,2.4049,1024,8
dsmem_loaded,9,0,1,1024,16384,0,0,42,0,1802084066,749350144,109990.4825,45736.7031,2.4049,1024,9
dsmem_loaded,9,0,1,1024,16384,0,0,42,0,1802117581,749364096,109992.5281,45737.5547,2.4049,1024,10
dsmem_loaded,9,0,1,1024,16384,0,0,42,0,1802089574,749352448,109990.8187,45736.8438,2.4049,1024,11
dsmem_loaded,9,0,1,1024,16384,0,0,42,0,1802057677,749339168,109988.8719,45736.0332,2.4049,1024,12
dsmem_loaded,9,0,1,1024,16384,0,0,42,0,1802055673,749338304,109988.7496,45735.9805,2.4049,1024,13
dsmem_loaded,9,0,1,1024,16384,0,0,42,0,1802119405,749364832,109992.6395,45737.5996,2.4049,1024,14
dsmem_loaded,9,0,1,1024,16384,0,0,42,0,1802058902,749339648,109988.9467,45736.0625,2.4049,1024,15
dsmem_loaded,9,0,1,1024,16384,0,0,42,0,1802075647,749346624,109989.9687,45736.4883,2.4049,1024,16
dsmem_loaded,9,0,1,1024,16384,0,0,42,0,1802056818,749338816,109988.8195,45736.0117,2.4049,1024,17
dsmem_loaded,9,0,1,1024,16384,0,0,42,0,1802108395,749360256,109991.9675,45737.3203,2.4049,1024,18
dsmem_loaded,9,0,1,1024,16384,0,0,42,0,1802057319,749339008,109988.8500,45736.0234,2.4049,1024,19
dsmem_loaded,9,0,1,1024,16384,0,0,42,0,1802057922,749339232,109988.8868,45736.0371,2.4049,1024,20
dsmem_loaded,9,0,1,1024,16384,0,0,42,0,1802065133,749342240,109989.3270,45736.2207,2.4049,1024,21
dsmem_loaded,9,0,1,1024,16384,0,0,42,0,1802071485,749344928,109989.7147,45736.3848,2.4049,1024,22
dsmem_loaded,9,0,1,1024,16384,0,0,42,0,1802055674,749338336,109988.7496,45735.9824,2.4049,1024,23
dsmem_loaded,9,0,1,1024,16384,0,0,42,0,1802055673,749338336,109988.7496,45735.9824,2.4049,1024,24
dsmem_loaded,9,0,1,1024,16384,0,0,42,0,1802057192,749338976,109988.8423,45736.0215,2.4049,1024,25
dsmem_loaded,9,0,1,1024,16384,0,0,42,0,1802057559,749339136,109988.8647,45736.0312,2.4049,1024,26
dsmem_loaded,9,0,1,1024,16384,0,0,42,0,1802064888,749342144,109989.3120,45736.2148,2.4049,1024,27
dsmem_loaded,9,0,1,1024,16384,0,0,42,0,1802058409,749339456,109988.9166,45736.0508,2.4049,1024,28
dsmem_loaded,9,0,1,1024,16384,0,0,42,0,1802058532,749339488,109988.9241,45736.0527,2.4049,1024,29
dsmem_loaded,9,0,1,1024,16384,0,0,42,0,1802055673,749338336,109988.7496,45735.9824,2.4049,1024,30
dsmem_loaded,9,0,1,1024,16384,0,0,42,0,1802057308,749338976,109988.8494,45736.0215,2.4049,1024,31
dsmem_loaded,9,0,1,1024,16384,0,0,42,0,1802147051,749376352,109994.3268,45738.3027,2.4049,1024,32
dsmem_loaded,9,0,1,1024,16384,0,0,42,0,1802132637,749370368,109993.4471,45737.9375,2.4049,1024,33
dsmem_loaded,9,0,1,1024,16384,0,0,42,0,1802106977,749359648,109991.8809,45737.2832,2.4049,1024,34
dsmem_loaded,9,0,1,1024,16384,0,0,42,0,1802084725,749350432,109990.5228,45736.7207,2.4049,1024,35
dsmem_loaded,9,0,1,1024,16384,0,0,42,0,1802133127,749370560,109993.4770,45737.9492,2.4049,1024,36
dsmem_loaded,9,0,1,1024,16384,0,0,42,0,1802088967,749352160,109990.7817,45736.8262,2.4049,1024,37
dsmem_loaded,9,0,1,1024,16384,0,0,42,0,1802119444,749364896,109992.6418,45737.6035,2.4049,1024,38
dsmem_loaded,9,0,1,1024,16384,0,0,42,0,1802085823,749350880,109990.5898,45736.7480,2.4049,1024,39
dsmem_loaded,9,0,1,1024,16384,0,0,42,0,1802096311,749355232,109991.2299,45737.0137,2.4049,1024,40
dsmem_loaded,9,0,1,1024,16384,0,0,42,0,1802097413,749355680,109991.2972,45737.0410,2.4049,1024,41
dsmem_loaded,9,0,1,1024,16384,0,0,42,0,1802095597,749354944,109991.1863,45736.9961,2.4049,1024,42
dsmem_loaded,9,0,1,1024,16384,0,0,42,0,1802071997,749345120,109989.7459,45736.3965,2.4049,1024,43
dsmem_loaded,9,0,1,1024,16384,0,0,42,0,1802057560,749339104,109988.8647,45736.0293,2.4049,1024,44
dsmem_loaded,9,0,1,1024,16384,0,0,42,0,1802055673,749338336,109988.7496,45735.9824,2.4049,1024,45
dsmem_loaded,9,0,1,1024,16384,0,0,42,0,1802064771,749342112,109989.3049,45736.2129,2.4049,1024,46
dsmem_loaded,9,0,1,1024,16384,0,0,42,0,1802063927,749341760,109989.2534,45736.1914,2.4049,1024,47
dsmem_loaded,9,0,1,1024,16384,0,0,42,0,1802057197,749338976,109988.8426,45736.0215,2.4049,1024,48
dsmem_loaded,9,0,1,1024,16384,0,0,42,0,1802081644,749349120,109990.3347,45736.6406,2.4049,1024,49
dsmem_loaded,9,0,1,1024,16384,0,0,42,0,1802068076,749343520,109989.5066,45736.2988,2.4049,1024,50
dsmem_loaded,9,0,1,1024,16384,0,0,42,0,1802057811,749339232,109988.8801,45736.0371,2.4049,1024,51
dsmem_loaded,9,0,1,1024,16384,0,0,42,0,1802057438,749339072,109988.8573,45736.0273,2.4049,1024,52
dsmem_loaded,9,0,1,1024,16384,0,0,42,0,1802072217,749345184,109989.7593,45736.4004,2.4049,1024,53
dsmem_loaded,9,0,1,1024,16384,0,0,42,0,1802057688,749339168,109988.8726,45736.0332,2.4049,1024,54
dsmem_loaded,9,0,1,1024,16384,0,0,42,0,1802076753,749347104,109990.0362,45736.5176,2.4049,1024,55
dsmem_loaded,9,0,1,1024,16384,0,0,42,0,1802095451,749354848,109991.1774,45736.9902,2.4049,1024,56
dsmem_loaded,9,0,1,1024,16384,0,0,42,0,1802057327,749339008,109988.8505,45736.0234,2.4049,1024,57
dsmem_loaded,9,0,1,1024,16384,0,0,42,0,1802060993,749340512,109989.0743,45736.1152,2.4049,1024,58
dsmem_loaded,9,0,1,1024,16384,0,0,42,0,1802082373,749349440,109990.3792,45736.6602,2.4049,1024,59
dsmem_loaded,9,0,1,1024,16384,0,0,42,0,1802055673,749338336,109988.7496,45735.9824,2.4049,1024,60
dsmem_loaded,9,0,1,1024,16384,0,0,42,0,1802070513,749344512,109989.6553,45736.3594,2.4049,1024,61
dsmem_loaded,9,0,1,1024,16384,0,0,42,0,1802055673,749338304,109988.7496,45735.9805,2.4049,1024,62
dsmem_loaded,9,0,1,1024,16384,0,0,42,0,1802055673,749338304,109988.7496,45735.9805,2.4049,1024,63
dsmem_loaded,9,0,1,1024,16384,0,0,42,0,1802152567,749378592,109994.6635,45738.4395,2.4049,1024,64
dsmem_loaded,9,0,1,1024,16384,0,0,42,0,1802067704,749343328,109989.4839,45736.2871,2.4049,1024,65
dsmem_loaded,9,0,1,1024,16384,0,0,42,0,1802127637,749368256,109993.1419,45737.8086,2.4049,1024,66
dsmem_loaded,9,0,1,1024,16384,0,0,42,0,1802068543,749343712,109989.5351,45736.3105,2.4049,1024,67
dsmem_loaded,9,0,1,1024,16384,0,0,42,0,1802095814,749355008,109991.1996,45737.0000,2.4049,1024,68
dsmem_loaded,9,0,1,1024,16384,0,0,42,0,1802094387,749354432,109991.1125,45736.9648,2.4049,1024,69
dsmem_loaded,9,0,1,1024,16384,0,0,42,0,1802121147,749365600,109992.7458,45737.6465,2.4049,1024,70
dsmem_loaded,9,0,1,1024,16384,0,0,42,0,1802113095,749362208,109992.2543,45737.4395,2.4049,1024,71
dsmem_loaded,9,0,1,1024,16384,0,0,42,0,1802077603,749347456,109990.0881,45736.5391,2.4049,1024,72
dsmem_loaded,9,0,1,1024,16384,0,0,42,0,1802092550,749353696,109991.0004,45736.9199,2.4049,1024,73
dsmem_loaded,9,0,1,1024,16384,0,0,42,0,1802057676,749339136,109988.8718,45736.0312,2.4049,1024,74
dsmem_loaded,9,0,1,1024,16384,0,0,42,0,1802108668,749360416,109991.9841,45737.3301,2.4049,1024,75
dsmem_loaded,9,0,1,1024,16384,0,0,42,0,1802055673,749338304,109988.7496,45735.9805,2.4049,1024,76
dsmem_loaded,9,0,1,1024,16384,0,0,42,0,1802068567,749343712,109989.5366,45736.3105,2.4049,1024,77
dsmem_loaded,9,0,1,1024,16384,0,0,42,0,1802102912,749357984,109991.6328,45737.1816,2.4049,1024,78
dsmem_loaded,9,0,1,1024,16384,0,0,42,0,1802057188,749338944,109988.8420,45736.0195,2.4049,1024,79
dsmem_loaded,9,0,1,1024,16384,0,0,42,0,1802078572,749347840,109990.1472,45736.5625,2.4049,1024,80
dsmem_loaded,9,0,1,1024,16384,0,0,42,0,1802071857,749345088,109989.7374,45736.3945,2.4049,1024,81
dsmem_loaded,9,0,1,1024,16384,0,0,42,0,1802055674,749338336,109988.7496,45735.9824,2.4049,1024,82
dsmem_loaded,9,0,1,1024,16384,0,0,42,0,1802075669,749346656,109989.9700,45736.4902,2.4049,1024,83
dsmem_loaded,9,0,1,1024,16384,0,0,42,0,1802071493,749344864,109989.7151,45736.3809,2.4049,1024,84
dsmem_loaded,9,0,1,1024,16384,0,0,42,0,1802055673,749338304,109988.7496,45735.9805,2.4049,1024,85
dsmem_loaded,9,0,1,1024,16384,0,0,42,0,1802105712,749359136,109991.8037,45737.2520,2.4049,1024,86
dsmem_loaded,9,0,1,1024,16384,0,0,42,0,1802098987,749356384,109991.3932,45737.0840,2.4049,1024,87
dsmem_loaded,9,0,1,1024,16384,0,0,42,0,1802071362,749344832,109989.7072,45736.3789,2.4049,1024,88
dsmem_loaded,9,0,1,1024,16384,0,0,42,0,1802064286,749341888,109989.2753,45736.1992,2.4049,1024,89
dsmem_loaded,9,0,1,1024,16384,0,0,42,0,1802057555,749339136,109988.8644,45736.0312,2.4049,1024,90
dsmem_loaded,9,0,1,1024,16384,0,0,42,0,1802070886,749344672,109989.6781,45736.3691,2.4049,1024,91
dsmem_loaded,9,0,1,1024,16384,0,0,42,0,1802071357,749344864,109989.7068,45736.3809,2.4049,1024,92
dsmem_loaded,9,0,1,1024,16384,0,0,42,0,1802057802,749339200,109988.8795,45736.0352,2.4049,1024,93
dsmem_loaded,9,0,1,1024,16384,0,0,42,0,1802057926,749339264,109988.8871,45736.0391,2.4049,1024,94
dsmem_loaded,9,0,1,1024,16384,0,0,42,0,1802055673,749338336,109988.7496,45735.9824,2.4049,1024,95
dsmem_loaded,9,0,1,1024,16384,0,0,42,0,1802145838,749375840,109994.2528,45738.2715,2.4049,1024,96
dsmem_loaded,9,0,1,1024,16384,0,0,42,0,1802087280,749351488,109990.6787,45736.7852,2.4049,1024,97
dsmem_loaded,9,0,1,1024,16384,0,0,42,0,1802115033,749363008,109992.3726,45737.4883,2.4049,1024,98
dsmem_loaded,9,0,1,1024,16384,0,0,42,0,1802132261,749370176,109993.4241,45737.9258,2.4049,1024,99
dsmem_loaded,9,0,1,1024,16384,0,0,42,0,1802099593,749356576,109991.4302,45737.0957,2.4049,1024,100
dsmem_loaded,9,0,1,1024,16384,0,0,42,0,1802084223,749350240,109990.4921,45736.7090,2.4049,1024,101
dsmem_loaded,9,0,1,1024,16384,0,0,42,0,1802105129,749358912,109991.7681,45737.2383,2.4049,1024,102
dsmem_loaded,9,0,1,1024,16384,0,0,42,0,1802134951,749371296,109993.5883,45737.9941,2.4049,1024,103
dsmem_loaded,9,0,1,1024,16384,0,0,42,0,1802085186,749350592,109990.5509,45736.7305,2.4049,1024,104
dsmem_loaded,9,0,1,1024,16384,0,0,42,0,1802071985,749345120,109989.7452,45736.3965,2.4049,1024,105
dsmem_loaded,9,0,1,1024,16384,0,0,42,0,1802075031,749346400,109989.9311,45736.4746,2.4049,1024,106
dsmem_loaded,9,0,1,1024,16384,0,0,42,0,1802075776,749346688,109989.9766,45736.4922,2.4049,1024,107
dsmem_loaded,9,0,1,1024,16384,0,0,42,0,1802078212,749347680,109990.1252,45736.5527,2.4049,1024,108
dsmem_loaded,9,0,1,1024,16384,0,0,42,0,1802055673,749338304,109988.7496,45735.9805,2.4049,1024,109
dsmem_loaded,9,0,1,1024,16384,0,0,42,0,1802082734,749349568,109990.4012,45736.6680,2.4049,1024,110
dsmem_loaded,9,0,1,1024,16384,0,0,42,0,1802078824,749347936,109990.1626,45736.5684,2.4049,1024,111
dsmem_loaded,9,0,1,1024,16384,0,0,42,0,1802078949,749347968,109990.1702,45736.5703,2.4049,1024,112
dsmem_loaded,9,0,1,1024,16384,0,0,42,0,1802074419,749346144,109989.8937,45736.4590,2.4049,1024,113
dsmem_loaded,9,0,1,1024,16384,0,0,42,0,1802063919,749341760,109989.2529,45736.1914,2.4049,1024,114
dsmem_loaded,9,0,1,1024,16384,0,0,42,0,1802056347,749338592,109988.7907,45735.9980,2.4049,1024,115
dsmem_loaded,9,0,1,1024,16384,0,0,42,0,1802070274,749344384,109989.6407,45736.3516,2.4049,1024,116
dsmem_loaded,9,0,1,1024,16384,0,0,42,0,1802064281,749341856,109989.2750,45736.1973,2.4049,1024,117
dsmem_loaded,9,0,1,1024,16384,0,0,42,0,1802055673,749338336,109988.7496,45735.9824,2.4049,1024,118
dsmem_loaded,9,0,1,1024,16384,0,0,42,0,1802055673,749338336,109988.7496,45735.9824,2.4049,1024,119
dsmem_loaded,9,0,1,1024,16384,0,0,42,0,1802057208,749338976,109988.8433,45736.0215,2.4049,1024,120
dsmem_loaded,9,0,1,1024,16384,0,0,42,0,1802078567,749347840,109990.1469,45736.5625,2.4049,1024,121
dsmem_loaded,9,0,1,1024,16384,0,0,42,0,1802072343,749345248,109989.7670,45736.4043,2.4049,1024,122
dsmem_loaded,9,0,1,1024,16384,0,0,42,0,1802057809,749339200,109988.8799,45736.0352,2.4049,1024,123
dsmem_loaded,9,0,1,1024,16384,0,0,42,0,1802055673,749338336,109988.7496,45735.9824,2.4049,1024,124
dsmem_loaded,9,0,1,1024,16384,0,0,42,0,1802057937,749339296,109988.8878,45736.0410,2.4049,1024,125
dsmem_loaded,9,0,1,1024,16384,0,0,42,0,1802058792,749339648,109988.9399,45736.0625,2.4049,1024,126
dsmem_loaded,9,0,1,1024,16384,0,0,42,0,1802057699,749339168,109988.8732,45736.0332,2.4049,1024,127
dsmem_loaded,9,0,1,1024,16384,0,0,42,0,1802094503,749354528,109991.1196,45736.9707,2.4049,1024,128
dsmem_loaded,9,0,1,1024,16384,0,0,42,0,1802103152,749358080,109991.6475,45737.1875,2.4049,1024,129
dsmem_loaded,9,0,1,1024,16384,0,0,42,0,1802058047,749339328,109988.8945,45736.0430,2.4049,1024,130
dsmem_loaded,9,0,1,1024,16384,0,0,42,0,1802101603,749357440,109991.5529,45737.1484,2.4049,1024,131
dsmem_loaded,9,0,1,1024,16384,0,0,42,0,1802105387,749358976,109991.7839,45737.2422,2.4049,1024,132
dsmem_loaded,9,0,1,1024,16384,0,0,42,0,1802143759,749374976,109994.1259,45738.2188,2.4049,1024,133
dsmem_loaded,9,0,1,1024,16384,0,0,42,0,1802132040,749370112,109993.4106,45737.9219,2.4049,1024,134
dsmem_loaded,9,0,1,1024,16384,0,0,42,0,1802067465,749343232,109989.4693,45736.2812,2.4049,1024,135
dsmem_loaded,9,0,1,1024,16384,0,0,42,0,1802101600,749357408,109991.5527,45737.1465,2.4049,1024,136
dsmem_loaded,9,0,1,1024,16384,0,0,42,0,1802058060,749339328,109988.8953,45736.0430,2.4049,1024,137
dsmem_loaded,9,0,1,1024,16384,0,0,42,0,1802095710,749355008,109991.1932,45737.0000,2.4049,1024,138
dsmem_loaded,9,0,1,1024,16384,0,0,42,0,1802092299,749353600,109990.9850,45736.9141,2.4049,1024,139
dsmem_loaded,9,0,1,1024,16384,0,0,42,0,1802076143,749346880,109989.9990,45736.5039,2.4049,1024,140
dsmem_loaded,9,0,1,1024,16384,0,0,42,0,1802078958,749348000,109990.1708,45736.5723,2.4049,1024,141
dsmem_loaded,9,0,1,1024,16384,0,0,42,0,1802075536,749346560,109989.9619,45736.4844,2.4049,1024,142
dsmem_loaded,9,0,1,1024,16384,0,0,42,0,1802071755,749345056,109989.7311,45736.3926,2.4049,1024,143
dsmem_loaded,9,0,1,1024,16384,0,0,42,0,1802082375,749349408,109990.3793,45736.6582,2.4049,1024,144
dsmem_loaded,9,0,1,1024,16384,0,0,42,0,1802078458,749347808,109990.1403,45736.5605,2.4049,1024,145
dsmem_loaded,9,0,1,1024,16384,0,0,42,0,1802082628,749349536,109990.3948,45736.6660,2.4049,1024,146
dsmem_loaded,9,0,1,1024,16384,0,0,42,0,1802068202,749343552,109989.5143,45736.3008,2.4049,1024,147
dsmem_loaded,9,0,1,1024,16384,0,0,42,0,1802057203,749338976,109988.8430,45736.0215,2.4049,1024,148
dsmem_loaded,9,0,1,1024,16384,0,0,42,0,1802055673,749338336,109988.7496,45735.9824,2.4049,1024,149
dsmem_loaded,9,0,1,1024,16384,0,0,42,0,1802055673,749338336,109988.7496,45735.9824,2.4049,1024,150
dsmem_loaded,9,0,1,1024,16384,0,0,42,0,1802064167,749341856,109989.2680,45736.1973,2.4049,1024,151
dsmem_loaded,9,0,1,1024,16384,0,0,42,0,1802067838,749343360,109989.4921,45736.2891,2.4049,1024,152
dsmem_loaded,9,0,1,1024,16384,0,0,42,0,1802071733,749344992,109989.7298,45736.3887,2.4049,1024,153
dsmem_loaded,9,0,1,1024,16384,0,0,42,0,1802081281,749348960,109990.3126,45736.6309,2.4049,1024,154
dsmem_loaded,9,0,1,1024,16384,0,0,42,0,1802068565,749343680,109989.5364,45736.3086,2.4049,1024,155
dsmem_loaded,9,0,1,1024,16384,0,0,42,0,1802055673,749338304,109988.7496,45735.9805,2.4049,1024,156
dsmem_loaded,9,0,1,1024,16384,0,0,42,0,1802072104,749345152,109989.7524,45736.3984,2.4049,1024,157
dsmem_loaded,9,0,1,1024,16384,0,0,42,0,1802058177,749339360,109988.9024,45736.0449,2.4049,1024,158
dsmem_loaded,9,0,1,1024,16384,0,0,42,0,1802055673,749338304,109988.7496,45735.9805,2.4049,1024,159
dsmem_loaded,9,0,1,1024,16384,0,0,42,0,1802124811,749367104,109992.9694,45737.7383,2.4049,1024,160
dsmem_loaded,9,0,1,1024,16384,0,0,42,0,1802057558,749339104,109988.8646,45736.0293,2.4049,1024,161
dsmem_loaded,9,0,1,1024,16384,0,0,42,0,1802055674,749338336,109988.7496,45735.9824,2.4049,1024,162
dsmem_loaded,9,0,1,1024,16384,0,0,42,0,1802124830,749367072,109992.9706,45737.7363,2.4049,1024,163
dsmem_loaded,9,0,1,1024,16384,0,0,42,0,1802130174,749369312,109993.2968,45737.8730,2.4049,1024,164
dsmem_loaded,9,0,1,1024,16384,0,0,42,0,1802064652,749342080,109989.2976,45736.2109,2.4049,1024,165
dsmem_loaded,9,0,1,1024,16384,0,0,42,0,1802134963,749371296,109993.5891,45737.9941,2.4049,1024,166
dsmem_loaded,9,0,1,1024,16384,0,0,42,0,1802087641,749351680,109990.7007,45736.7969,2.4049,1024,167
dsmem_loaded,9,0,1,1024,16384,0,0,42,0,1802075277,749346496,109989.9461,45736.4805,2.4049,1024,168
dsmem_loaded,9,0,1,1024,16384,0,0,42,0,1802096338,749355232,109991.2316,45737.0137,2.4049,1024,169
dsmem_loaded,9,0,1,1024,16384,0,0,42,0,1802116231,749363520,109992.4457,45737.5195,2.4049,1024,170
dsmem_loaded,9,0,1,1024,16384,0,0,42,0,1802093479,749354048,109991.0571,45736.9414,2.4049,1024,171
dsmem_loaded,9,0,1,1024,16384,0,0,42,0,1802057924,749339264,109988.8870,45736.0391,2.4049,1024,172
dsmem_loaded,9,0,1,1024,16384,0,0,42,0,1802071240,749344832,109989.6997,45736.3789,2.4049,1024,173
dsmem_loaded,9,0,1,1024,16384,0,0,42,0,1802057069,749338912,109988.8348,45736.0176,2.4049,1024,174
dsmem_loaded,9,0,1,1024,16384,0,0,42,0,1802081998,749349248,109990.3563,45736.6484,2.4049,1024,175
dsmem_loaded,9,0,1,1024,16384,0,0,42,0,1802078703,749347904,109990.1552,45736.5664,2.4049,1024,176
dsmem_loaded,9,0,1,1024,16384,0,0,42,0,1802076010,749346816,109989.9908,45736.5000,2.4049,1024,177
dsmem_loaded,9,0,1,1024,16384,0,0,42,0,1802056576,749338688,109988.8047,45736.0039,2.4049,1024,178
dsmem_loaded,9,0,1,1024,16384,0,0,42,0,1802070752,749344608,109989.6699,45736.3652,2.4049,1024,179
dsmem_loaded,9,0,1,1024,16384,0,0,42,0,1802057557,749339072,109988.8646,45736.0273,2.4049,1024,180
dsmem_loaded,9,0,1,1024,16384,0,0,42,0,1802068310,749343552,109989.5209,45736.3008,2.4049,1024,181
dsmem_loaded,9,0,1,1024,16384,0,0,42,0,1802117087,749363904,109992.4980,45737.5430,2.4049,1024,182
dsmem_loaded,9,0,1,1024,16384,0,0,42,0,1802061823,749340896,109989.1249,45736.1387,2.4049,1024,183
dsmem_loaded,9,0,1,1024,16384,0,0,42,0,1802055673,749338336,109988.7496,45735.9824,2.4049,1024,184
dsmem_loaded,9,0,1,1024,16384,0,0,42,0,1802057683,749339168,109988.8723,45736.0332,2.4049,1024,185
dsmem_loaded,9,0,1,1024,16384,0,0,42,0,1802057929,749339264,109988.8873,45736.0391,2.4049,1024,186
dsmem_loaded,9,0,1,1024,16384,0,0,42,0,1802058535,749339520,109988.9243,45736.0547,2.4049,1024,187
dsmem_loaded,9,0,1,1024,16384,0,0,42,0,1802057311,749339008,109988.8495,45736.0234,2.4049,1024,188
dsmem_loaded,9,0,1,1024,16384,0,0,42,0,1802055673,749338304,109988.7496,45735.9805,2.4049,1024,189
dsmem_loaded,9,0,1,1024,16384,0,0,42,0,1802057066,749338880,109988.8346,45736.0156,2.4049,1024,190
dsmem_loaded,9,0,1,1024,16384,0,0,42,0,1802055673,749338304,109988.7496,45735.9805,2.4049,1024,191
dsmem_loaded,9,0,1,1024,16384,0,0,42,0,1802119655,749364960,109992.6547,45737.6074,2.4049,1024,192
dsmem_loaded,9,0,1,1024,16384,0,0,42,0,1802132146,749370144,109993.4171,45737.9238,2.4049,1024,193
dsmem_loaded,9,0,1,1024,16384,0,0,42,0,1802118701,749364544,109992.5965,45737.5820,2.4049,1024,194
dsmem_loaded,9,0,1,1024,16384,0,0,42,0,1802115276,749363136,109992.3875,45737.4961,2.4049,1024,195
dsmem_loaded,9,0,1,1024,16384,0,0,42,0,1802102298,749357728,109991.5953,45737.1660,2.4049,1024,196
dsmem_loaded,9,0,1,1024,16384,0,0,42,0,1802123337,749366496,109992.8795,45737.7012,2.4049,1024,197
dsmem_loaded,9,0,1,1024,16384,0,0,42,0,1802116490,749363648,109992.4615,45737.5273,2.4049,1024,198
dsmem_loaded,9,0,1,1024,16384,0,0,42,0,1802075396,749346560,109989.9534,45736.4844,2.4049,1024,199
dsmem_loaded,9,0,1,1024,16384,0,0,42,0,1802125426,749367360,109993.0070,45737.7539,2.4049,1024,200
dsmem_loaded,9,0,1,1024,16384,0,0,42,0,1802102901,749357984,109991.6321,45737.1816,2.4049,1024,201
dsmem_loaded,9,0,1,1024,16384,0,0,42,0,1802123455,749366528,109992.8867,45737.7031,2.4049,1024,202
dsmem_loaded,9,0,1,1024,16384,0,0,42,0,1802057688,749339136,109988.8726,45736.0312,2.4049,1024,203
dsmem_loaded,9,0,1,1024,16384,0,0,42,0,1802055673,749338336,109988.7496,45735.9824,2.4049,1024,204
dsmem_loaded,9,0,1,1024,16384,0,0,42,0,1802057813,749339200,109988.8802,45736.0352,2.4049,1024,205
dsmem_loaded,9,0,1,1024,16384,0,0,42,0,1802055674,749338336,109988.7496,45735.9824,2.4049,1024,206
dsmem_loaded,9,0,1,1024,16384,0,0,42,0,1802057933,749339296,109988.8875,45736.0410,2.4049,1024,207
dsmem_loaded,9,0,1,1024,16384,0,0,42,0,1802068196,749343520,109989.5139,45736.2988,2.4049,1024,208
dsmem_loaded,9,0,1,1024,16384,0,0,42,0,1802105219,749358944,109991.7736,45737.2402,2.4049,1024,209
dsmem_loaded,9,0,1,1024,16384,0,0,42,0,1802057079,749338912,109988.8354,45736.0176,2.4049,1024,210
dsmem_loaded,9,0,1,1024,16384,0,0,42,0,1802058296,749339392,109988.9097,45736.0469,2.4049,1024,211
dsmem_loaded,9,0,1,1024,16384,0,0,42,0,1802099476,749356512,109991.4231,45737.0918,2.4049,1024,212
dsmem_loaded,9,0,1,1024,16384,0,0,42,0,1802057199,749338976,109988.8427,45736.0215,2.4049,1024,213
dsmem_loaded,9,0,1,1024,16384,0,0,42,0,1802056827,749338784,109988.8200,45736.0098,2.4049,1024,214
dsmem_loaded,9,0,1,1024,16384,0,0,42,0,1802076007,749346816,109989.9907,45736.5000,2.4049,1024,215
dsmem_loaded,9,0,1,1024,16384,0,0,42,0,1802071250,749344800,109989.7003,45736.3770,2.4049,1024,216
dsmem_loaded,9,0,1,1024,16384,0,0,42,0,1802056832,749338816,109988.8203,45736.0117,2.4049,1024,217
dsmem_loaded,9,0,1,1024,16384,0,0,42,0,1802057444,749339072,109988.8577,45736.0273,2.4049,1024,218
dsmem_loaded,9,0,1,1024,16384,0,0,42,0,1802078946,749348000,109990.1700,45736.5723,2.4049,1024,219
dsmem_loaded,9,0,1,1024,16384,0,0,42,0,1802057325,749339040,109988.8504,45736.0254,2.4049,1024,220
dsmem_loaded,9,0,1,1024,16384,0,0,42,0,1802055674,749338336,109988.7496,45735.9824,2.4049,1024,221
dsmem_loaded,9,0,1,1024,16384,0,0,42,0,1802057318,749339008,109988.8500,45736.0234,2.4049,1024,222
dsmem_loaded,9,0,1,1024,16384,0,0,42,0,1802055673,749338336,109988.7496,45735.9824,2.4049,1024,223
dsmem_loaded,9,0,1,1024,16384,0,0,42,0,1802057433,749339040,109988.8570,45736.0254,2.4049,1024,224
dsmem_loaded,9,0,1,1024,16384,0,0,42,0,1802122378,749366112,109992.8209,45737.6777,2.4049,1024,225
dsmem_loaded,9,0,1,1024,16384,0,0,42,0,1802056702,749338752,109988.8124,45736.0078,2.4049,1024,226
dsmem_loaded,9,0,1,1024,16384,0,0,42,0,1802057432,749339008,109988.8569,45736.0234,2.4049,1024,227
dsmem_loaded,9,0,1,1024,16384,0,0,42,0,1802128621,749368672,109993.2020,45737.8340,2.4049,1024,228
dsmem_loaded,9,0,1,1024,16384,0,0,42,0,1802122486,749366144,109992.8275,45737.6797,2.4049,1024,229
dsmem_loaded,9,0,1,1024,16384,0,0,42,0,1802108681,749360384,109991.9849,45737.3281,2.4049,1024,230
dsmem_loaded,9,0,1,1024,16384,0,0,42,0,1802071510,749344960,109989.7162,45736.3867,2.4049,1024,231
dsmem_loaded,9,0,1,1024,16384,0,0,42,0,1802116011,749363456,109992.4323,45737.5156,2.4049,1024,232
dsmem_loaded,9,0,1,1024,16384,0,0,42,0,1802057925,749339264,109988.8870,45736.0391,2.4049,1024,233
dsmem_loaded,9,0,1,1024,16384,0,0,42,0,1802140979,749373792,109993.9562,45738.1465,2.4049,1024,234
dsmem_loaded,9,0,1,1024,16384,0,0,42,0,1802125688,749367424,109993.0229,45737.7578,2.4049,1024,235
dsmem_loaded,9,0,1,1024,16384,0,0,42,0,1802095694,749354976,109991.1923,45736.9980,2.4049,1024,236
dsmem_loaded,9,0,1,1024,16384,0,0,42,0,1802075285,749346496,109989.9466,45736.4805,2.4049,1024,237
dsmem_loaded,9,0,1,1024,16384,0,0,42,0,1802068686,749343776,109989.5438,45736.3145,2.4049,1024,238
dsmem_loaded,9,0,1,1024,16384,0,0,42,0,1802075528,749346592,109989.9614,45736.4863,2.4049,1024,239
dsmem_loaded,9,0,1,1024,16384,0,0,42,0,1802097155,749355584,109991.2814,45737.0352,2.4049,1024,240
dsmem_loaded,9,0,1,1024,16384,0,0,42,0,1802079316,749348160,109990.1926,45736.5820,2.4049,1024,241
dsmem_loaded,9,0,1,1024,16384,0,0,42,0,1802068316,749343584,109989.5212,45736.3027,2.4049,1024,242
dsmem_loaded,9,0,1,1024,16384,0,0,42,0,1802075652,749346624,109989.9690,45736.4883,2.4049,1024,243
dsmem_loaded,9,0,1,1024,16384,0,0,42,0,1802057801,749339232,109988.8795,45736.0371,2.4049,1024,244
dsmem_loaded,9,0,1,1024,16384,0,0,42,0,1802055673,749338336,109988.7496,45735.9824,2.4049,1024,245
dsmem_loaded,9,0,1,1024,16384,0,0,42,0,1802057433,749339072,109988.8570,45736.0273,2.4049,1024,246
dsmem_loaded,9,0,1,1024,16384,0,0,42,0,1802068926,749343808,109989.5585,45736.3164,2.4049,1024,247
dsmem_loaded,9,0,1,1024,16384,0,0,42,0,1802058170,749339360,109988.9020,45736.0449,2.4049,1024,248
dsmem_loaded,9,0,1,1024,16384,0,0,42,0,1802056824,749338784,109988.8198,45736.0098,2.4049,1024,249
dsmem_loaded,9,0,1,1024,16384,0,0,42,0,1802057558,749339104,109988.8646,45736.0293,2.4049,1024,250
dsmem_loaded,9,0,1,1024,16384,0,0,42,0,1802072094,749345152,109989.7518,45736.3984,2.4049,1024,251
dsmem_loaded,9,0,1,1024,16384,0,0,42,0,1802055674,749338336,109988.7496,45735.9824,2.4049,1024,252
dsmem_loaded,9,0,1,1024,16384,0,0,42,0,1802057547,749339104,109988.8640,45736.0293,2.4049,1024,253
dsmem_loaded,9,0,1,1024,16384,0,0,42,0,1802055673,749338336,109988.7496,45735.9824,2.4049,1024,254
dsmem_loaded,9,0,1,1024,16384,0,0,42,0,1802055673,749338336,109988.7496,45735.9824,2.4049,1024,255
dsmem_loaded,9,0,1,1024,16384,0,0,42,1,1802558203,749546144,110019.4216,45748.6660,2.4049,1024,0
dsmem_loaded,9,0,1,1024,16384,0,0,42,1,1802556463,749545408,110019.3154,45748.6211,2.4049,1024,1
dsmem_loaded,9,0,1,1024,16384,0,0,42,1,1802574106,749552736,110020.3922,45749.0684,2.4049,1024,2
dsmem_loaded,9,0,1,1024,16384,0,0,42,1,1802521516,749530880,110017.1824,45747.7344,2.4049,1024,3
dsmem_loaded,9,0,1,1024,16384,0,0,42,1,1802403042,749481632,110009.9513,45744.7285,2.4049,1024,4
dsmem_loaded,9,0,1,1024,16384,0,0,42,1,1802502552,749523008,110016.0249,45747.2539,2.4049,1024,5
dsmem_loaded,9,0,1,1024,16384,0,0,42,1,1802575745,749553440,110020.4922,45749.1113,2.4049,1024,6
dsmem_loaded,9,0,1,1024,16384,0,0,42,1,1802387589,749475232,110009.0081,45744.3379,2.4049,1024,7
dsmem_loaded,9,0,1,1024,16384,0,0,42,1,1802470768,749509824,110014.0850,45746.4492,2.4049,1024,8
dsmem_loaded,9,0,1,1024,16384,0,0,42,1,1802450098,749501216,110012.8234,45745.9238,2.4049,1024,9
dsmem_loaded,9,0,1,1024,16384,0,0,42,1,1802486147,749516192,110015.0236,45746.8379,2.4049,1024,10
dsmem_loaded,9,0,1,1024,16384,0,0,42,1,1802482266,749514592,110014.7867,45746.7402,2.4049,1024,11
dsmem_loaded,9,0,1,1024,16384,0,0,42,1,1802476798,749512352,110014.4530,45746.6035,2.4049,1024,12
dsmem_loaded,9,0,1,1024,16384,0,0,42,1,1802385407,749474272,110008.8749,45744.2793,2.4049,1024,13
dsmem_loaded,9,0,1,1024,16384,0,0,42,1,1802443617,749498528,110012.4278,45745.7598,2.4049,1024,14
dsmem_loaded,9,0,1,1024,16384,0,0,42,1,1802509610,749525984,110016.4557,45747.4355,2.4049,1024,15
dsmem_loaded,9,0,1,1024,16384,0,0,42,1,1802453767,749502752,110013.0473,45746.0176,2.4049,1024,16
dsmem_loaded,9,0,1,1024,16384,0,0,42,1,1802579187,749554848,110020.7023,45749.1973,2.4049,1024,17
dsmem_loaded,9,0,1,1024,16384,0,0,42,1,1802556209,749545344,110019.2999,45748.6172,2.4049,1024,18
dsmem_loaded,9,0,1,1024,16384,0,0,42,1,1802432500,749493888,110011.7493,45745.4766,2.4049,1024,19
dsmem_loaded,9,0,1,1024,16384,0,0,42,1,1802494847,749519872,110015.5546,45747.0625,2.4049,1024,20
dsmem_loaded,9,0,1,1024,16384,0,0,42,1,1802576634,749553856,110020.5465,45749.1367,2.4049,1024,21
dsmem_loaded,9,0,1,1024,16384,0,0,42,1,1802550585,749543008,110018.9566,45748.4746,2.4049,1024,22
dsmem_loaded,9,0,1,1024,16384,0,0,42,1,1802499004,749521536,110015.8083,45747.1641,2.4049,1024,23
dsmem_loaded,9,0,1,1024,16384,0,0,42,1,1802533348,749535840,110017.9045,45748.0371,2.4049,1024,24
dsmem_loaded,9,0,1,1024,16384,0,0,42,1,1802527110,749533280,110017.5238,45747.8809,2.4049,1024,25
dsmem_loaded,9,0,1,1024,16384,0,0,42,1,1802422357,749489664,110011.1302,45745.2188,2.4049,1024,26
dsmem_loaded,9,0,1,1024,16384,0,0,42,1,1802495827,749520224,110015.6144,45747.0840,2.4049,1024,27
dsmem_loaded,9,0,1,1024,16384,0,0,42,1,1802502291,749522944,110016.0090,45747.2500,2.4049,1024,28
dsmem_loaded,9,0,1,1024,16384,0,0,42,1,1802458268,749504640,110013.3220,45746.1328,2.4049,1024,29
dsmem_loaded,9,0,1,1024,16384,0,0,42,1,1802421075,749489120,110011.0519,45745.1855,2.4049,1024,30
dsmem_loaded,9,0,1,1024,16384,0,0,42,1,1802484820,749515680,110014.9426,45746.8066,2.4049,1024,31
dsmem_loaded,9,0,1,1024,16384,0,0,42,1,1802581033,749555648,110020.8150,45749.2461,2.4049,1024,32
dsmem_loaded,9,0,1,1024,16384,0,0,42,1,1802520072,749530304,110017.0942,45747.6992,2.4049,1024,33
dsmem_loaded,9,0,1,1024,16384,0,0,42,1,1802451903,749501952,110012.9335,45745.9688,2.4049,1024,34
dsmem_loaded,9,0,1,1024,16384,0,0,42,1,1802505590,749524256,110016.2103,45747.3301,2.4049,1024,35
dsmem_loaded,9,0,1,1024,16384,0,0,42,1,1802513844,749527680,110016.7141,45747.5391,2.4049,1024,36
dsmem_loaded,9,0,1,1024,16384,0,0,42,1,1802524361,749532064,110017.3560,45747.8066,2.4049,1024,37
dsmem_loaded,9,0,1,1024,16384,0,0,42,1,1802550896,749543136,110018.9756,45748.4824,2.4049,1024,38
dsmem_loaded,9,0,1,1024,16384,0,0,42,1,1802526928,749533152,110017.5127,45747.8730,2.4049,1024,39
dsmem_loaded,9,0,1,1024,16384,0,0,42,1,1802527892,749533536,110017.5715,45747.8965,2.4049,1024,40
dsmem_loaded,9,0,1,1024,16384,0,0,42,1,1802449890,749501120,110012.8107,45745.9180,2.4049,1024,41
dsmem_loaded,9,0,1,1024,16384,0,0,42,1,1802452446,749502176,110012.9667,45745.9824,2.4049,1024,42
dsmem_loaded,9,0,1,1024,16384,0,0,42,1,1802528013,749533600,110017.5789,45747.9004,2.4049,1024,43
dsmem_loaded,9,0,1,1024,16384,0,0,42,1,1802439709,749496896,110012.1893,45745.6602,2.4049,1024,44
dsmem_loaded,9,0,1,1024,16384,0,0,42,1,1802515040,749528256,110016.7871,45747.5742,2.4049,1024,45
dsmem_loaded,9,0,1,1024,16384,0,0,42,1,1802424575,749490592,110011.2656,45745.2754,2.4049,1024,46
dsmem_loaded,9,0,1,1024,16384,0,0,42,1,1802508576,749525504,110016.3926,45747.4062,2.4049,1024,47
dsmem_loaded,9,0,1,1024,16384,0,0,42,1,1802448785,749500640,110012.7432,45745.8887,2.4049,1024,48
dsmem_loaded,9,0,1,1024,16384,0,0,42,1,1802497560,749520992,110015.7202,45747.1309,2.4049,1024,49
dsmem_loaded,9,0,1,1024,16384,0,0,42,1,1802470546,749509728,110014.0714,45746.4434,2.4049,1024,50
dsmem_loaded,9,0,1,1024,16384,0,0,42,1,1802532170,749535360,110017.8326,45748.0078,2.4049,1024,51
dsmem_loaded,9,0,1,1024,16384,0,0,42,1,1802508920,749525696,110016.4136,45747.4180,2.4049,1024,52
dsmem_loaded,9,0,1,1024,16384,0,0,42,1,1802505246,749524192,110016.1893,45747.3262,2.4049,1024,53
dsmem_loaded,9,0,1,1024,16384,0,0,42,1,1802598353,749562848,110021.8721,45749.6855,2.4049,1024,54
dsmem_loaded,9,0,1,1024,16384,0,0,42,1,1802512221,749527072,110016.6151,45747.5020,2.4049,1024,55
dsmem_loaded,9,0,1,1024,16384,0,0,42,1,1802483977,749515328,110014.8912,45746.7852,2.4049,1024,56
dsmem_loaded,9,0,1,1024,16384,0,0,42,1,1802529573,749534304,110017.6741,45747.9434,2.4049,1024,57
dsmem_loaded,9,0,1,1024,16384,0,0,42,1,1802523462,749531744,110017.3011,45747.7871,2.4049,1024,58
dsmem_loaded,9,0,1,1024,16384,0,0,42,1,1802543156,749539936,110018.5032,45748.2871,2.4049,1024,59
dsmem_loaded,9,0,1,1024,16384,0,0,42,1,1802409519,749484320,110010.3466,45744.8926,2.4049,1024,60
dsmem_loaded,9,0,1,1024,16384,0,0,42,1,1802374426,749469728,110008.2047,45744.0020,2.4049,1024,61
dsmem_loaded,9,0,1,1024,16384,0,0,42,1,1802494610,749519744,110015.5402,45747.0547,2.4049,1024,62
dsmem_loaded,9,0,1,1024,16384,0,0,42,1,1802374198,749469600,110008.1908,45743.9941,2.4049,1024,63
dsmem_loaded,9,0,1,1024,16384,0,0,42,1,1802563631,749548384,110019.7529,45748.8027,2.4049,1024,64
dsmem_loaded,9,0,1,1024,16384,0,0,42,1,1802409542,749484384,110010.3480,45744.8965,2.4049,1024,65
dsmem_loaded,9,0,1,1024,16384,0,0,42,1,1802398748,749479840,110009.6892,45744.6191,2.4049,1024,66
dsmem_loaded,9,0,1,1024,16384,0,0,42,1,1802526058,749532768,110017.4596,45747.8496,2.4049,1024,67
dsmem_loaded,9,0,1,1024,16384,0,0,42,1,1802546002,749541056,110018.6769,45748.3555,2.4049,1024,68
dsmem_loaded,9,0,1,1024,16384,0,0,42,1,1802375644,749470208,110008.2791,45744.0312,2.4049,1024,69
dsmem_loaded,9,0,1,1024,16384,0,0,42,1,1802526424,749532928,110017.4819,45747.8594,2.4049,1024,70
dsmem_loaded,9,0,1,1024,16384,0,0,42,1,1802461133,749505824,110013.4969,45746.2051,2.4049,1024,71
dsmem_loaded,9,0,1,1024,16384,0,0,42,1,1802537534,749537536,110018.1600,45748.1406,2.4049,1024,72
dsmem_loaded,9,0,1,1024,16384,0,0,42,1,1802547503,749541696,110018.7685,45748.3945,2.4049,1024,73
dsmem_loaded,9,0,1,1024,16384,0,0,42,1,1802531210,749534944,110017.7740,45747.9824,2.4049,1024,74
dsmem_loaded,9,0,1,1024,16384,0,0,42,1,1802461130,749505792,110013.4967,45746.2031,2.4049,1024,75
dsmem_loaded,9,0,1,1024,16384,0,0,42,1,1802463801,749506912,110013.6597,45746.2715,2.4049,1024,76
dsmem_loaded,9,0,1,1024,16384,0,0,42,1,1802508691,749525536,110016.3996,45747.4082,2.4049,1024,77
dsmem_loaded,9,0,1,1024,16384,0,0,42,1,1802444757,749499008,110012.4974,45745.7891,2.4049,1024,78
dsmem_loaded,9,0,1,1024,16384,0,0,42,1,1802551723,749543456,110019.0261,45748.5020,2.4049,1024,79
dsmem_loaded,9,0,1,1024,16384,0,0,42,1,1802514306,749527936,110016.7423,45747.5547,2.4049,1024,80
dsmem_loaded,9,0,1,1024,16384,0,0,42,1,1802509788,749526016,110016.4666,45747.4375,2.4049,1024,81
dsmem_loaded,9,0,1,1024,16384,0,0,42,1,1802546959,749541504,110018.7353,45748.3828,2.4049,1024,82
dsmem_loaded,9,0,1,1024,16384,0,0,42,1,1802558554,749546304,110019.4430,45748.6758,2.4049,1024,83
dsmem_loaded,9,0,1,1024,16384,0,0,42,1,1802395584,749478528,110009.4961,45744.5391,2.4049,1024,84
dsmem_loaded,9,0,1,1024,16384,0,0,42,1,1802513941,749527776,110016.7200,45747.5449,2.4049,1024,85
dsmem_loaded,9,0,1,1024,16384,0,0,42,1,1802547925,749541856,110018.7943,45748.4043,2.4049,1024,86
dsmem_loaded,9,0,1,1024,16384,0,0,42,1,1802534222,749536256,110017.9579,45748.0625,2.4049,1024,87
dsmem_loaded,9,0,1,1024,16384,0,0,42,1,1802471391,749510080,110014.1230,45746.4648,2.4049,1024,88
dsmem_loaded,9,0,1,1024,16384,0,0,42,1,1802502569,749523040,110016.0259,45747.2559,2.4049,1024,89
dsmem_loaded,9,0,1,1024,16384,0,0,42,1,1802499630,749521824,110015.8466,45747.1816,2.4049,1024,90
dsmem_loaded,9,0,1,1024,16384,0,0,42,1,1802415420,749486784,110010.7068,45745.0430,2.4049,1024,91
dsmem_loaded,9,0,1,1024,16384,0,0,42,1,1802530553,749534688,110017.7339,45747.9668,2.4049,1024,92
dsmem_loaded,9,0,1,1024,16384,0,0,42,1,1802503046,749523264,110016.0551,45747.2695,2.4049,1024,93
dsmem_loaded,9,0,1,1024,16384,0,0,42,1,1802475786,749511936,110014.3912,45746.5781,2.4049,1024,94
dsmem_loaded,9,0,1,1024,16384,0,0,42,1,1802385545,749474336,110008.8834,45744.2832,2.4049,1024,95
dsmem_loaded,9,0,1,1024,16384,0,0,42,1,1802391328,749476768,110009.2363,45744.4316,2.4049,1024,96
dsmem_loaded,9,0,1,1024,16384,0,0,42,1,1802506044,749524448,110016.2380,45747.3418,2.4049,1024,97
dsmem_loaded,9,0,1,1024,16384,0,0,42,1,1802491973,749518624,110015.3792,45746.9863,2.4049,1024,98
dsmem_loaded,9,0,1,1024,16384,0,0,42,1,1802589565,749559168,110021.3358,45749.4609,2.4049,1024,99
dsmem_loaded,9,0,1,1024,16384,0,0,42,1,1802543232,749539904,110018.5078,45748.2852,2.4049,1024,100
dsmem_loaded,9,0,1,1024,16384,0,0,42,1,1802480477,749513856,110014.6776,45746.6953,2.4049,1024,101
dsmem_loaded,9,0,1,1024,16384,0,0,42,1,1802573253,749552384,110020.3401,45749.0469,2.4049,1024,102
dsmem_loaded,9,0,1,1024,16384,0,0,42,1,1802504908,749524032,110016.1687,45747.3164,2.4049,1024,103
dsmem_loaded,9,0,1,1024,16384,0,0,42,1,1802551280,749543296,110018.9990,45748.4922,2.4049,1024,104
dsmem_loaded,9,0,1,1024,16384,0,0,42,1,1802493425,749519264,110015.4678,45747.0254,2.4049,1024,105
dsmem_loaded,9,0,1,1024,16384,0,0,42,1,1802585464,749557504,110021.0854,45749.3594,2.4049,1024,106
dsmem_loaded,9,0,1,1024,16384,0,0,42,1,1802476204,749512096,110014.4167,45746.5879,2.4049,1024,107
dsmem_loaded,9,0,1,1024,16384,0,0,42,1,1802526934,749533152,110017.5131,45747.8730,2.4049,1024,108
dsmem_loaded,9,0,1,1024,16384,0,0,42,1,1802488353,749517152,110015.1583,45746.8965,2.4049,1024,109
dsmem_loaded,9,0,1,1024,16384,0,0,42,1,1802421541,749489312,110011.0804,45745.1973,2.4049,1024,110
dsmem_loaded,9,0,1,1024,16384,0,0,42,1,1802396122,749478752,110009.5289,45744.5527,2.4049,1024,111
dsmem_loaded,9,0,1,1024,16384,0,0,42,1,1802465676,749507712,110013.7742,45746.3203,2.4049,1024,112
dsmem_loaded,9,0,1,1024,16384,0,0,42,1,1802451376,749501728,110012.9014,45745.9551,2.4049,1024,113
dsmem_loaded,9,0,1,1024,16384,0,0,42,1,1802560806,749547232,110019.5804,45748.7324,2.4049,1024,114
dsmem_loaded,9,0,1,1024,16384,0,0,42,1,1802553969,749544352,110019.1631,45748.5566,2.4049,1024,115
dsmem_loaded,9,0,1,1024,16384,0,0,42,1,1802511877,749526912,110016.5941,45747.4922,2.4049,1024,116
dsmem_loaded,9,0,1,1024,16384,0,0,42,1,1802496130,749520320,110015.6329,45747.0898,2.4049,1024,117
dsmem_loaded,9,0,1,1024,16384,0,0,42,1,1802422278,749489632,110011.1254,45745.2168,2.4049,1024,118
dsmem_loaded,9,0,1,1024,16384,0,0,42,1,1802479349,749513408,110014.6087,45746.6680,2.4049,1024,119
dsmem_loaded,9,0,1,1024,16384,0,0,42,1,1802486929,749516512,110015.0714,45746.8574,2.4049,1024,120
dsmem_loaded,9,0,1,1024,16384,0,0,42,1,1802483409,749515072,110014.8565,45746.7695,2.4049,1024,121
dsmem_loaded,9,0,1,1024,16384,0,0,42,1,1802596255,749561984,110021.7441,45749.6328,2.4049,1024,122
dsmem_loaded,9,0,1,1024,16384,0,0,42,1,1802489881,749517792,110015.2515,45746.9355,2.4049,1024,123
dsmem_loaded,9,0,1,1024,16384,0,0,42,1,1802420680,749488960,110011.0278,45745.1758,2.4049,1024,124
dsmem_loaded,9,0,1,1024,16384,0,0,42,1,1802482911,749514880,110014.8261,45746.7578,2.4049,1024,125
dsmem_loaded,9,0,1,1024,16384,0,0,42,1,1802418570,749488096,110010.8990,45745.1230,2.4049,1024,126
dsmem_loaded,9,0,1,1024,16384,0,0,42,1,1802391314,749476768,110009.2355,45744.4316,2.4049,1024,127
dsmem_loaded,9,0,1,1024,16384,0,0,42,1,1802549856,749542688,110018.9121,45748.4551,2.4049,1024,128
dsmem_loaded,9,0,1,1024,16384,0,0,42,1,1802534057,749536128,110017.9478,45748.0547,2.4049,1024,129
dsmem_loaded,9,0,1,1024,16384,0,0,42,1,1802545503,749540832,110018.6464,45748.3418,2.4049,1024,130
dsmem_loaded,9,0,1,1024,16384,0,0,42,1,1802544858,749540576,110018.6071,45748.3262,2.4049,1024,131
dsmem_loaded,9,0,1,1024,16384,0,0,42,1,1802481504,749514272,110014.7402,45746.7207,2.4049,1024,132
dsmem_loaded,9,0,1,1024,16384,0,0,42,1,1802528345,749533696,110017.5992,45747.9062,2.4049,1024,133
dsmem_loaded,9,0,1,1024,16384,0,0,42,1,1802464996,749507424,110013.7327,45746.3027,2.4049,1024,134
dsmem_loaded,9,0,1,1024,16384,0,0,42,1,1802481136,749514144,110014.7178,45746.7129,2.4049,1024,135
dsmem_loaded,9,0,1,1024,16384,0,0,42,1,1802509621,749526016,110016.4564,45747.4375,2.4049,1024,136
dsmem_loaded,9,0,1,1024,16384,0,0,42,1,1802481990,749514496,110014.7699,45746.7344,2.4049,1024,137
dsmem_loaded,9,0,1,1024,16384,0,0,42,1,1802586227,749557792,110021.1320,45749.3770,2.4049,1024,138
dsmem_loaded,9,0,1,1024,16384,0,0,42,1,1802495325,749520000,110015.5838,45747.0703,2.4049,1024,139
dsmem_loaded,9,0,1,1024,16384,0,0,42,1,1802439032,749496608,110012.1479,45745.6426,2.4049,1024,140
dsmem_loaded,9,0,1,1024,16384,0,0,42,1,1802410196,749484576,110010.3879,45744.9082,2.4049,1024,141
dsmem_loaded,9,0,1,1024,16384,0,0,42,1,1802440533,749497248,110012.2396,45745.6816,2.4049,1024,142
dsmem_loaded,9,0,1,1024,16384,0,0,42,1,1802439032,749496608,110012.1479,45745.6426,2.4049,1024,143
dsmem_loaded,9,0,1,1024,16384,0,0,42,1,1802542275,749539520,110018.4494,45748.2617,2.4049,1024,144
dsmem_loaded,9,0,1,1024,16384,0,0,42,1,1802545324,749540800,110018.6355,45748.3398,2.4049,1024,145
dsmem_loaded,9,0,1,1024,16384,0,0,42,1,1802587215,749558208,110021.1923,45749.4023,2.4049,1024,146
dsmem_loaded,9,0,1,1024,16384,0,0,42,1,1802519648,749530144,110017.0684,45747.6895,2.4049,1024,147
dsmem_loaded,9,0,1,1024,16384,0,0,42,1,1802478329,749512960,110014.5464,45746.6406,2.4049,1024,148
dsmem_loaded,9,0,1,1024,16384,0,0,42,1,1802446536,749499744,110012.6060,45745.8340,2.4049,1024,149
dsmem_loaded,9,0,1,1024,16384,0,0,42,1,1802412565,749485600,110010.5325,45744.9707,2.4049,1024,150
dsmem_loaded,9,0,1,1024,16384,0,0,42,1,1802488579,749517216,110015.1721,45746.9004,2.4049,1024,151
dsmem_loaded,9,0,1,1024,16384,0,0,42,1,1802492863,749519040,110015.4335,45747.0117,2.4049,1024,152
dsmem_loaded,9,0,1,1024,16384,0,0,42,1,1802499347,749521696,110015.8293,45747.1738,2.4049,1024,153
dsmem_loaded,9,0,1,1024,16384,0,0,42,1,1802534424,749536288,110017.9702,45748.0645,2.4049,1024,154
dsmem_loaded,9,0,1,1024,16384,0,0,42,1,1802492994,749519072,110015.4415,45747.0137,2.4049,1024,155
dsmem_loaded,9,0,1,1024,16384,0,0,42,1,1802496898,749520704,110015.6798,45747.1133,2.4049,1024,156
dsmem_loaded,9,0,1,1024,16384,0,0,42,1,1802496529,749520544,110015.6573,45747.1035,2.4049,1024,157
dsmem_loaded,9,0,1,1024,16384,0,0,42,1,1802381976,749472864,110008.6655,45744.1934,2.4049,1024,158
dsmem_loaded,9,0,1,1024,16384,0,0,42,1,1802486514,749516384,110015.0460,45746.8496,2.4049,1024,159
dsmem_loaded,9,0,1,1024,16384,0,0,42,1,1802590677,749559648,110021.4036,45749.4902,2.4049,1024,160
dsmem_loaded,9,0,1,1024,16384,0,0,42,1,1802504415,749523808,110016.1386,45747.3027,2.4049,1024,161
dsmem_loaded,9,0,1,1024,16384,0,0,42,1,1802506374,749524608,110016.2582,45747.3516,2.4049,1024,162
dsmem_loaded,9,0,1,1024,16384,0,0,42,1,1802520553,749530464,110017.1236,45747.7090,2.4049,1024,163
dsmem_loaded,9,0,1,1024,16384,0,0,42,1,1802409363,749484256,110010.3371,45744.8887,2.4049,1024,164
dsmem_loaded,9,0,1,1024,16384,0,0,42,1,1802585004,749557280,110021.0574,45749.3457,2.4049,1024,165
dsmem_loaded,9,0,1,1024,16384,0,0,42,1,1802403917,749482048,110010.0047,45744.7539,2.4049,1024,166
dsmem_loaded,9,0,1,1024,16384,0,0,42,1,1802507343,749525024,110016.3173,45747.3770,2.4049,1024,167
dsmem_loaded,9,0,1,1024,16384,0,0,42,1,1802527528,749533408,110017.5493,45747.8887,2.4049,1024,168
dsmem_loaded,9,0,1,1024,16384,0,0,42,1,1802463208,749506656,110013.6235,45746.2559,2.4049,1024,169
dsmem_loaded,9,0,1,1024,16384,0,0,42,1,1802407712,749483584,110010.2363,45744.8477,2.4049,1024,170
dsmem_loaded,9,0,1,1024,16384,0,0,42,1,1802567621,749550080,110019.9964,45748.9062,2.4049,1024,171
dsmem_loaded,9,0,1,1024,16384,0,0,42,1,1802518708,749529760,110017.0110,45747.6660,2.4049,1024,172
dsmem_loaded,9,0,1,1024,16384,0,0,42,1,1802498415,749521312,110015.7724,45747.1504,2.4049,1024,173
dsmem_loaded,9,0,1,1024,16384,0,0,42,1,1802581265,749555744,110020.8292,45749.2520,2.4049,1024,174
dsmem_loaded,9,0,1,1024,16384,0,0,42,1,1802483715,749515200,110014.8752,45746.7773,2.4049,1024,175
dsmem_loaded,9,0,1,1024,16384,0,0,42,1,1802531560,749535072,110017.7954,45747.9902,2.4049,1024,176
dsmem_loaded,9,0,1,1024,16384,0,0,42,1,1802427512,749491776,110011.4448,45745.3477,2.4049,1024,177
dsmem_loaded,9,0,1,1024,16384,0,0,42,1,1802470294,749509632,110014.0560,45746.4375,2.4049,1024,178
dsmem_loaded,9,0,1,1024,16384,0,0,42,1,1802508799,749525632,110016.4062,45747.4141,2.4049,1024,179
dsmem_loaded,9,0,1,1024,16384,0,0,42,1,1802526892,749533184,110017.5105,45747.8750,2.4049,1024,180
dsmem_loaded,9,0,1,1024,16384,0,0,42,1,1802577626,749554208,110020.6071,45749.1582,2.4049,1024,181
dsmem_loaded,9,0,1,1024,16384,0,0,42,1,1802419650,749488576,110010.9650,45745.1523,2.4049,1024,182
dsmem_loaded,9,0,1,1024,16384,0,0,42,1,1802539238,749538304,110018.2640,45748.1875,2.4049,1024,183
dsmem_loaded,9,0,1,1024,16384,0,0,42,1,1802580801,749555552,110020.8008,45749.2402,2.4049,1024,184
dsmem_loaded,9,0,1,1024,16384,0,0,42,1,1802488512,749517216,110015.1680,45746.9004,2.4049,1024,185
dsmem_loaded,9,0,1,1024,16384,0,0,42,1,1802487778,749516896,110015.1232,45746.8809,2.4049,1024,186
dsmem_loaded,9,0,1,1024,16384,0,0,42,1,1802521861,749531040,110017.2034,45747.7441,2.4049,1024,187
dsmem_loaded,9,0,1,1024,16384,0,0,42,1,1802449383,749500928,110012.7797,45745.9062,2.4049,1024,188
dsmem_loaded,9,0,1,1024,16384,0,0,42,1,1802413153,749485856,110010.5684,45744.9863,2.4049,1024,189
dsmem_loaded,9,0,1,1024,16384,0,0,42,1,1802474322,749511296,110014.3019,45746.5391,2.4049,1024,190
dsmem_loaded,9,0,1,1024,16384,0,0,42,1,1802368676,749467328,110007.8538,45743.8555,2.4049,1024,191
dsmem_loaded,9,0,1,1024,16384,0,0,42,1,1802528554,749533824,110017.6119,45747.9141,2.4049,1024,192
dsmem_loaded,9,0,1,1024,16384,0,0,42,1,1802454692,749503104,110013.1038,45746.0391,2.4049,1024,193
dsmem_loaded,9,0,1,1024,16384,0,0,42,1,1802449555,749500992,110012.7902,45745.9102,2.4049,1024,194
dsmem_loaded,9,0,1,1024,16384,0,0,42,1,1802564313,749548672,110019.7945,45748.8203,2.4049,1024,195
dsmem_loaded,9,0,1,1024,16384,0,0,42,1,1802535760,749536832,110018.0518,45748.0977,2.4049,1024,196
dsmem_loaded,9,0,1,1024,16384,0,0,42,1,1802429757,749492736,110011.5818,45745.4062,2.4049,1024,197
dsmem_loaded,9,0,1,1024,16384,0,0,42,1,1802392916,749477472,110009.3333,45744.4746,2.4049,1024,198
dsmem_loaded,9,0,1,1024,16384,0,0,42,1,1802577869,749554304,110020.6219,45749.1641,2.4049,1024,199
dsmem_loaded,9,0,1,1024,16384,0,0,42,1,1802454821,749503200,110013.1116,45746.0449,2.4049,1024,200
dsmem_loaded,9,0,1,1024,16384,0,0,42,1,1802573252,749552384,110020.3401,45749.0469,2.4049,1024,201
dsmem_loaded,9,0,1,1024,16384,0,0,42,1,1802470469,749509696,110014.0667,45746.4414,2.4049,1024,202
dsmem_loaded,9,0,1,1024,16384,0,0,42,1,1802520463,749530464,110017.1181,45747.7090,2.4049,1024,203
dsmem_loaded,9,0,1,1024,16384,0,0,42,1,1802443078,749498304,110012.3949,45745.7461,2.4049,1024,204
dsmem_loaded,9,0,1,1024,16384,0,0,42,1,1802420058,749488704,110010.9899,45745.1602,2.4049,1024,205
dsmem_loaded,9,0,1,1024,16384,0,0,42,1,1802570556,749551296,110020.1755,45748.9805,2.4049,1024,206
dsmem_loaded,9,0,1,1024,16384,0,0,42,1,1802420055,749488704,110010.9897,45745.1602,2.4049,1024,207
dsmem_loaded,9,0,1,1024,16384,0,0,42,1,1802602761,749564672,110022.1412,45749.7969,2.4049,1024,208
dsmem_loaded,9,0,1,1024,16384,0,0,42,1,1802515934,749528608,110016.8417,45747.5957,2.4049,1024,209
dsmem_loaded,9,0,1,1024,16384,0,0,42,1,1802468628,749508928,110013.9543,45746.3945,2.4049,1024,210
dsmem_loaded,9,0,1,1024,16384,0,0,42,1,1802463858,749506944,110013.6632,45746.2734,2.4049,1024,211
dsmem_loaded,9,0,1,1024,16384,0,0,42,1,1802495272,749520032,110015.5806,45747.0723,2.4049,1024,212
dsmem_loaded,9,0,1,1024,16384,0,0,42,1,1802488915,749517344,110015.1926,45746.9082,2.4049,1024,213
dsmem_loaded,9,0,1,1024,16384,0,0,42,1,1802468748,749508992,110013.9617,45746.3984,2.4049,1024,214
dsmem_loaded,9,0,1,1024,16384,0,0,42,1,1802463732,749506912,110013.6555,45746.2715,2.4049,1024,215
dsmem_loaded,9,0,1,1024,16384,0,0,42,1,1802536710,749537248,110018.1097,45748.1230,2.4049,1024,216
dsmem_loaded,9,0,1,1024,16384,0,0,42,1,1802553709,749544320,110019.1473,45748.5547,2.4049,1024,217
dsmem_loaded,9,0,1,1024,16384,0,0,42,1,1802464601,749507264,110013.7086,45746.2930,2.4049,1024,218
dsmem_loaded,9,0,1,1024,16384,0,0,42,1,1802569962,749551040,110020.1393,45748.9648,2.4049,1024,219
dsmem_loaded,9,0,1,1024,16384,0,0,42,1,1802377762,749471104,110008.4083,45744.0859,2.4049,1024,220
dsmem_loaded,9,0,1,1024,16384,0,0,42,1,1802512626,749527264,110016.6398,45747.5137,2.4049,1024,221
dsmem_loaded,9,0,1,1024,16384,0,0,42,1,1802563500,749548352,110019.7449,45748.8008,2.4049,1024,222
dsmem_loaded,9,0,1,1024,16384,0,0,42,1,1802437223,749495840,110012.0375,45745.5957,2.4049,1024,223
dsmem_loaded,9,0,1,1024,16384,0,0,42,1,1802481304,749514208,110014.7280,45746.7168,2.4049,1024,224
dsmem_loaded,9,0,1,1024,16384,0,0,42,1,1802470886,749509856,110014.0922,45746.4512,2.4049,1024,225
dsmem_loaded,9,0,1,1024,16384,0,0,42,1,1802482544,749514688,110014.8037,45746.7461,2.4049,1024,226
dsmem_loaded,9,0,1,1024,16384,0,0,42,1,1802407704,749483552,110010.2358,45744.8457,2.4049,1024,227
dsmem_loaded,9,0,1,1024,16384,0,0,42,1,1802485338,749515840,110014.9742,45746.8164,2.4049,1024,228
dsmem_loaded,9,0,1,1024,16384,0,0,42,1,1802411129,749485024,110010.4449,45744.9355,2.4049,1024,229
dsmem_loaded,9,0,1,1024,16384,0,0,42,1,1802425553,749491008,110011.3253,45745.3008,2.4049,1024,230
dsmem_loaded,9,0,1,1024,16384,0,0,42,1,1802431896,749493632,110011.7124,45745.4609,2.4049,1024,231
dsmem_loaded,9,0,1,1024,16384,0,0,42,1,1802441941,749497824,110012.3255,45745.7168,2.4049,1024,232
dsmem_loaded,9,0,1,1024,16384,0,0,42,1,1802529831,749534368,110017.6899,45747.9473,2.4049,1024,233
dsmem_loaded,9,0,1,1024,16384,0,0,42,1,1802421277,749489248,110011.0643,45745.1934,2.4049,1024,234
dsmem_loaded,9,0,1,1024,16384,0,0,42,1,1802499268,749521696,110015.8245,45747.1738,2.4049,1024,235
dsmem_loaded,9,0,1,1024,16384,0,0,42,1,1802331638,749451936,110005.5931,45742.9160,2.4049,1024,236
dsmem_loaded,9,0,1,1024,16384,0,0,42,1,1802515898,749528576,110016.8395,45747.5938,2.4049,1024,237
dsmem_loaded,9,0,1,1024,16384,0,0,42,1,1802431403,749493440,110011.6823,45745.4492,2.4049,1024,238
dsmem_loaded,9,0,1,1024,16384,0,0,42,1,1802526290,749532896,110017.4738,45747.8574,2.4049,1024,239
dsmem_loaded,9,0,1,1024,16384,0,0,42,1,1802505751,749524384,110016.2202,45747.3379,2.4049,1024,240
dsmem_loaded,9,0,1,1024,16384,0,0,42,1,1802470167,749509600,110014.0483,45746.4355,2.4049,1024,241
dsmem_loaded,9,0,1,1024,16384,0,0,42,1,1802417611,749487680,110010.8405,45745.0977,2.4049,1024,242
dsmem_loaded,9,0,1,1024,16384,0,0,42,1,1802476414,749512160,110014.4296,45746.5918,2.4049,1024,243
dsmem_loaded,9,0,1,1024,16384,0,0,42,1,1802462342,749506304,110013.5707,45746.2344,2.4049,1024,244
dsmem_loaded,9,0,1,1024,16384,0,0,42,1,1802508053,749525312,110016.3607,45747.3945,2.4049,1024,245
dsmem_loaded,9,0,1,1024,16384,0,0,42,1,1802379719,749471936,110008.5278,45744.1367,2.4049,1024,246
dsmem_loaded,9,0,1,1024,16384,0,0,42,1,1802451703,749501888,110012.9213,45745.9648,2.4049,1024,247
dsmem_loaded,9,0,1,1024,16384,0,0,42,1,1802389631,749476064,110009.1328,45744.3887,2.4049,1024,248
dsmem_loaded,9,0,1,1024,16384,0,0,42,1,1802316979,749445856,110004.6984,45742.5449,2.4049,1024,249
dsmem_loaded,9,0,1,1024,16384,0,0,42,1,1802384564,749473952,110008.8235,45744.2598,2.4049,1024,250
dsmem_loaded,9,0,1,1024,16384,0,0,42,1,1802361883,749464480,110007.4391,45743.6816,2.4049,1024,251
dsmem_loaded,9,0,1,1024,16384,0,0,42,1,1802483855,749515232,110014.8837,45746.7793,2.4049,1024,252
dsmem_loaded,9,0,1,1024,16384,0,0,42,1,1802375563,749470208,110008.2741,45744.0312,2.4049,1024,253
dsmem_loaded,9,0,1,1024,16384,0,0,42,1,1802388257,749475488,110009.0489,45744.3535,2.4049,1024,254
dsmem_loaded,9,0,1,1024,16384,0,0,42,1,1802331648,749451936,110005.5938,45742.9160,2.4049,1024,255
dsmem_loaded,9,0,1,1024,16384,0,0,42,2,1802107890,749359360,109991.9366,45737.2656,2.4049,1024,0
dsmem_loaded,9,0,1,1024,16384,0,0,42,2,1802107656,749359264,109991.9224,45737.2598,2.4049,1024,1
dsmem_loaded,9,0,1,1024,16384,0,0,42,2,1802056290,749337888,109988.7872,45735.9551,2.4049,1024,2
dsmem_loaded,9,0,1,1024,16384,0,0,42,2,1802131011,749368992,109993.3478,45737.8535,2.4049,1024,3
dsmem_loaded,9,0,1,1024,16384,0,0,42,2,1802124167,749366112,109992.9301,45737.6777,2.4049,1024,4
dsmem_loaded,9,0,1,1024,16384,0,0,42,2,1802103874,749357696,109991.6915,45737.1641,2.4049,1024,5
dsmem_loaded,9,0,1,1024,16384,0,0,42,2,1802099470,749355840,109991.4227,45737.0508,2.4049,1024,6
dsmem_loaded,9,0,1,1024,16384,0,0,42,2,1802088800,749351424,109990.7715,45736.7812,2.4049,1024,7
dsmem_loaded,9,0,1,1024,16384,0,0,42,2,1802075238,749345760,109989.9437,45736.4355,2.4049,1024,8
dsmem_loaded,9,0,1,1024,16384,0,0,42,2,1802069376,749343328,109989.5859,45736.2871,2.4049,1024,9
dsmem_loaded,9,0,1,1024,16384,0,0,42,2,1802091020,749352320,109990.9070,45736.8359,2.4049,1024,10
dsmem_loaded,9,0,1,1024,16384,0,0,42,2,1802094307,749353696,109991.1076,45736.9199,2.4049,1024,11
dsmem_loaded,9,0,1,1024,16384,0,0,42,2,1802107039,749359008,109991.8847,45737.2441,2.4049,1024,12
dsmem_loaded,9,0,1,1024,16384,0,0,42,2,1802054905,749337344,109988.7027,45735.9219,2.4049,1024,13
dsmem_loaded,9,0,1,1024,16384,0,0,42,2,1802120615,749364608,109992.7133,45737.5859,2.4049,1024,14
dsmem_loaded,9,0,1,1024,16384,0,0,42,2,1802057637,749338432,109988.8694,45735.9883,2.4049,1024,15
dsmem_loaded,9,0,1,1024,16384,0,0,42,2,1802057522,749338432,109988.8624,45735.9883,2.4049,1024,16
dsmem_loaded,9,0,1,1024,16384,0,0,42,2,1802071202,749344096,109989.6974,45736.3340,2.4049,1024,17
dsmem_loaded,9,0,1,1024,16384,0,0,42,2,1802054905,749337312,109988.7027,45735.9199,2.4049,1024,18
dsmem_loaded,9,0,1,1024,16384,0,0,42,2,1802063998,749341120,109989.2577,45736.1523,2.4049,1024,19
dsmem_loaded,9,0,1,1024,16384,0,0,42,2,1802055563,749337600,109988.7429,45735.9375,2.4049,1024,20
dsmem_loaded,9,0,1,1024,16384,0,0,42,2,1802057147,749338272,109988.8395,45735.9785,2.4049,1024,21
dsmem_loaded,9,0,1,1024,16384,0,0,42,2,1802084654,749349728,109990.5184,45736.6777,2.4049,1024,22
dsmem_loaded,9,0,1,1024,16384,0,0,42,2,1802054905,749337344,109988.7027,45735.9219,2.4049,1024,23
dsmem_loaded,9,0,1,1024,16384,0,0,42,2,1802054906,749337312,109988.7028,45735.9199,2.4049,1024,24
dsmem_loaded,9,0,1,1024,16384,0,0,42,2,1802063879,749341056,109989.2504,45736.1484,2.4049,1024,25
dsmem_loaded,9,0,1,1024,16384,0,0,42,2,1802085496,749350048,109990.5698,45736.6973,2.4049,1024,26
dsmem_loaded,9,0,1,1024,16384,0,0,42,2,1802055928,749337728,109988.7651,45735.9453,2.4049,1024,27
dsmem_loaded,9,0,1,1024,16384,0,0,42,2,1802058251,749338720,109988.9069,45736.0059,2.4049,1024,28
dsmem_loaded,9,0,1,1024,16384,0,0,42,2,1802056662,749338048,109988.8099,45735.9648,2.4049,1024,29
dsmem_loaded,9,0,1,1024,16384,0,0,42,2,1802057396,749338336,109988.8547,45735.9824,2.4049,1024,30
dsmem_loaded,9,0,1,1024,16384,0,0,42,2,1802056787,749338112,109988.8176,45735.9688,2.4049,1024,31
dsmem_loaded,9,0,1,1024,16384,0,0,42,2,1802131988,749369376,109993.4075,45737.8770,2.4049,1024,32
dsmem_loaded,9,0,1,1024,16384,0,0,42,2,1802097529,749355040,109991.3043,45737.0020,2.4049,1024,33
dsmem_loaded,9,0,1,1024,16384,0,0,42,2,1802114274,749362016,109992.3263,45737.4277,2.4049,1024,34
dsmem_loaded,9,0,1,1024,16384,0,0,42,2,1802114276,749362016,109992.3264,45737.4277,2.4049,1024,35
dsmem_loaded,9,0,1,1024,16384,0,0,42,2,1802142515,749373760,109994.0500,45738.1445,2.4049,1024,36
dsmem_loaded,9,0,1,1024,16384,0,0,42,2,1802097766,749355136,109991.3187,45737.0078,2.4049,1024,37
dsmem_loaded,9,0,1,1024,16384,0,0,42,2,1802093610,749353408,109991.0651,45736.9023,2.4049,1024,38
dsmem_loaded,9,0,1,1024,16384,0,0,42,2,1802108032,749359392,109991.9453,45737.2676,2.4049,1024,39
dsmem_loaded,9,0,1,1024,16384,0,0,42,2,1802128917,749368064,109993.2200,45737.7969,2.4049,1024,40
dsmem_loaded,9,0,1,1024,16384,0,0,42,2,1802070374,749343744,109989.6469,45736.3125,2.4049,1024,41
dsmem_loaded,9,0,1,1024,16384,0,0,42,2,1802054905,749337312,109988.7027,45735.9199,2.4049,1024,42
dsmem_loaded,9,0,1,1024,16384,0,0,42,2,1802071461,749344224,109989.7132,45736.3418,2.4049,1024,43
dsmem_loaded,9,0,1,1024,16384,0,0,42,2,1802056303,749337888,109988.7880,45735.9551,2.4049,1024,44
dsmem_loaded,9,0,1,1024,16384,0,0,42,2,1802074651,749345536,109989.9079,45736.4219,2.4049,1024,45
dsmem_loaded,9,0,1,1024,16384,0,0,42,2,1802094943,749353952,109991.1464,45736.9355,2.4049,1024,46
dsmem_loaded,9,0,1,1024,16384,0,0,42,2,1802056192,749337824,109988.7812,45735.9512,2.4049,1024,47
dsmem_loaded,9,0,1,1024,16384,0,0,42,2,1802120106,749364448,109992.6823,45737.5762,2.4049,1024,48
dsmem_loaded,9,0,1,1024,16384,0,0,42,2,1802056919,749338144,109988.8256,45735.9707,2.4049,1024,49
dsmem_loaded,9,0,1,1024,16384,0,0,42,2,1802085638,749350112,109990.5785,45736.7012,2.4049,1024,50
dsmem_loaded,9,0,1,1024,16384,0,0,42,2,1802056922,749338144,109988.8258,45735.9707,2.4049,1024,51
dsmem_loaded,9,0,1,1024,16384,0,0,42,2,1802054905,749337312,109988.7027,45735.9199,2.4049,1024,52
dsmem_loaded,9,0,1,1024,16384,0,0,42,2,1802077938,749346912,109990.1085,45736.5059,2.4049,1024,53
dsmem_loaded,9,0,1,1024,16384,0,0,42,2,1802056311,749337888,109988.7885,45735.9551,2.4049,1024,54
dsmem_loaded,9,0,1,1024,16384,0,0,42,2,1802070611,749343840,109989.6613,45736.3184,2.4049,1024,55
dsmem_loaded,9,0,1,1024,16384,0,0,42,2,1802070610,749343840,109989.6613,45736.3184,2.4049,1024,56
dsmem_loaded,9,0,1,1024,16384,0,0,42,2,1802067799,749342688,109989.4897,45736.2480,2.4049,1024,57
dsmem_loaded,9,0,1,1024,16384,0,0,42,2,1802089063,749351520,109990.7875,45736.7871,2.4049,1024,58
dsmem_loaded,9,0,1,1024,16384,0,0,42,2,1802056919,749338176,109988.8256,45735.9727,2.4049,1024,59
dsmem_loaded,9,0,1,1024,16384,0,0,42,2,1802056306,749337888,109988.7882,45735.9551,2.4049,1024,60
dsmem_loaded,9,0,1,1024,16384,0,0,42,2,1802054905,749337312,109988.7027,45735.9199,2.4049,1024,61
dsmem_loaded,9,0,1,1024,16384,0,0,42,2,1802067551,749342560,109989.4745,45736.2402,2.4049,1024,62
dsmem_loaded,9,0,1,1024,16384,0,0,42,2,1802054905,749337312,109988.7027,45735.9199,2.4049,1024,63
dsmem_loaded,9,0,1,1024,16384,0,0,42,2,1802056663,749338048,109988.8100,45735.9648,2.4049,1024,64
dsmem_loaded,9,0,1,1024,16384,0,0,42,2,1802151059,749377312,109994.5715,45738.3613,2.4049,1024,65
dsmem_loaded,9,0,1,1024,16384,0,0,42,2,1802138852,749372224,109993.8264,45738.0508,2.4049,1024,66
dsmem_loaded,9,0,1,1024,16384,0,0,42,2,1802136400,749371232,109993.6768,45737.9902,2.4049,1024,67
dsmem_loaded,9,0,1,1024,16384,0,0,42,2,1802104862,749358112,109991.7518,45737.1895,2.4049,1024,68
dsmem_loaded,9,0,1,1024,16384,0,0,42,2,1802128949,749368096,109993.2220,45737.7988,2.4049,1024,69
dsmem_loaded,9,0,1,1024,16384,0,0,42,2,1802092101,749352800,109990.9730,45736.8652,2.4049,1024,70
dsmem_loaded,9,0,1,1024,16384,0,0,42,2,1802108528,749359616,109991.9756,45737.2812,2.4049,1024,71
dsmem_loaded,9,0,1,1024,16384,0,0,42,2,1802108414,749359584,109991.9686,45737.2793,2.4049,1024,72
dsmem_loaded,9,0,1,1024,16384,0,0,42,2,1802088693,749351360,109990.7650,45736.7773,2.4049,1024,73
dsmem_loaded,9,0,1,1024,16384,0,0,42,2,1802113161,749361568,109992.2584,45737.4004,2.4049,1024,74
dsmem_loaded,9,0,1,1024,16384,0,0,42,2,1802056786,749338112,109988.8175,45735.9688,2.4049,1024,75
dsmem_loaded,9,0,1,1024,16384,0,0,42,2,1802070474,749343808,109989.6530,45736.3164,2.4049,1024,76
dsmem_loaded,9,0,1,1024,16384,0,0,42,2,1802056422,749337952,109988.7953,45735.9590,2.4049,1024,77
dsmem_loaded,9,0,1,1024,16384,0,0,42,2,1802057391,749338336,109988.8544,45735.9824,2.4049,1024,78
dsmem_loaded,9,0,1,1024,16384,0,0,42,2,1802129303,749368256,109993.2436,45737.8086,2.4049,1024,79
dsmem_loaded,9,0,1,1024,16384,0,0,42,2,1802075606,749345920,109989.9662,45736.4453,2.4049,1024,80
dsmem_loaded,9,0,1,1024,16384,0,0,42,2,1802095416,749354208,109991.1753,45736.9512,2.4049,1024,81
dsmem_loaded,9,0,1,1024,16384,0,0,42,2,1802105565,749358400,109991.7947,45737.2070,2.4049,1024,82
dsmem_loaded,9,0,1,1024,16384,0,0,42,2,1802078779,749347264,109990.1599,45736.5273,2.4049,1024,83
dsmem_loaded,9,0,1,1024,16384,0,0,42,2,1802056298,749337920,109988.7877,45735.9570,2.4049,1024,84
dsmem_loaded,9,0,1,1024,16384,0,0,42,2,1802057029,749338176,109988.8323,45735.9727,2.4049,1024,85
dsmem_loaded,9,0,1,1024,16384,0,0,42,2,1802069980,749343584,109989.6228,45736.3027,2.4049,1024,86
dsmem_loaded,9,0,1,1024,16384,0,0,42,2,1802056659,749338048,109988.8098,45735.9648,2.4049,1024,87
dsmem_loaded,9,0,1,1024,16384,0,0,42,2,1802057270,749338304,109988.8470,45735.9805,2.4049,1024,88
dsmem_loaded,9,0,1,1024,16384,0,0,42,2,1802056298,749337920,109988.7877,45735.9570,2.4049,1024,89
dsmem_loaded,9,0,1,1024,16384,0,0,42,2,1802057022,749338208,109988.8319,45735.9746,2.4049,1024,90
dsmem_loaded,9,0,1,1024,16384,0,0,42,2,1802057028,749338208,109988.8323,45735.9746,2.4049,1024,91
dsmem_loaded,9,0,1,1024,16384,0,0,42,2,1802054905,749337312,109988.7027,45735.9199,2.4049,1024,92
dsmem_loaded,9,0,1,1024,16384,0,0,42,2,1802054906,749337344,109988.7028,45735.9219,2.4049,1024,93
dsmem_loaded,9,0,1,1024,16384,0,0,42,2,1802054905,749337344,109988.7027,45735.9219,2.4049,1024,94
dsmem_loaded,9,0,1,1024,16384,0,0,42,2,1802054905,749337344,109988.7027,45735.9219,2.4049,1024,95
dsmem_loaded,9,0,1,1024,16384,0,0,42,2,1802103398,749357472,109991.6625,45737.1504,2.4049,1024,96
dsmem_loaded,9,0,1,1024,16384,0,0,42,2,1802104498,749357920,109991.7296,45737.1777,2.4049,1024,97
dsmem_loaded,9,0,1,1024,16384,0,0,42,2,1802131760,749369280,109993.3936,45737.8711,2.4049,1024,98
dsmem_loaded,9,0,1,1024,16384,0,0,42,2,1802149359,749376608,109994.4677,45738.3184,2.4049,1024,99
dsmem_loaded,9,0,1,1024,16384,0,0,42,2,1802100709,749356352,109991.4984,45737.0820,2.4049,1024,100
dsmem_loaded,9,0,1,1024,16384,0,0,42,2,1802114642,749362144,109992.3488,45737.4355,2.4049,1024,101
dsmem_loaded,9,0,1,1024,16384,0,0,42,2,1802128457,749367904,109993.1920,45737.7871,2.4049,1024,102
dsmem_loaded,9,0,1,1024,16384,0,0,42,2,1802099440,749355840,109991.4209,45737.0508,2.4049,1024,103
dsmem_loaded,9,0,1,1024,16384,0,0,42,2,1802068634,749343008,109989.5406,45736.2676,2.4049,1024,104
dsmem_loaded,9,0,1,1024,16384,0,0,42,2,1802094106,749353600,109991.0953,45736.9141,2.4049,1024,105
dsmem_loaded,9,0,1,1024,16384,0,0,42,2,1802120350,749364544,109992.6971,45737.5820,2.4049,1024,106
dsmem_loaded,9,0,1,1024,16384,0,0,42,2,1802069987,749343616,109989.6232,45736.3047,2.4049,1024,107
dsmem_loaded,9,0,1,1024,16384,0,0,42,2,1802066690,749342208,109989.4220,45736.2188,2.4049,1024,108
dsmem_loaded,9,0,1,1024,16384,0,0,42,2,1802054905,749337312,109988.7027,45735.9199,2.4049,1024,109
dsmem_loaded,9,0,1,1024,16384,0,0,42,2,1802056783,749338080,109988.8173,45735.9668,2.4049,1024,110
dsmem_loaded,9,0,1,1024,16384,0,0,42,2,1802079389,749347488,109990.1971,45736.5410,2.4049,1024,111
dsmem_loaded,9,0,1,1024,16384,0,0,42,2,1802056057,749337792,109988.7730,45735.9492,2.4049,1024,112
dsmem_loaded,9,0,1,1024,16384,0,0,42,2,1802064848,749341472,109989.3096,45736.1738,2.4049,1024,113
dsmem_loaded,9,0,1,1024,16384,0,0,42,2,1802091744,749352672,109990.9512,45736.8574,2.4049,1024,114
dsmem_loaded,9,0,1,1024,16384,0,0,42,2,1802078661,749347232,109990.1526,45736.5254,2.4049,1024,115
dsmem_loaded,9,0,1,1024,16384,0,0,42,2,1802071213,749344096,109989.6981,45736.3340,2.4049,1024,116
dsmem_loaded,9,0,1,1024,16384,0,0,42,2,1802064362,749341248,109989.2799,45736.1602,2.4049,1024,117
dsmem_loaded,9,0,1,1024,16384,0,0,42,2,1802054906,749337312,109988.7028,45735.9199,2.4049,1024,118
dsmem_loaded,9,0,1,1024,16384,0,0,42,2,1802054905,749337344,109988.7027,45735.9219,2.4049,1024,119
dsmem_loaded,9,0,1,1024,16384,0,0,42,2,1802064369,749341248,109989.2803,45736.1602,2.4049,1024,120
dsmem_loaded,9,0,1,1024,16384,0,0,42,2,1802068753,749343040,109989.5479,45736.2695,2.4049,1024,121
dsmem_loaded,9,0,1,1024,16384,0,0,42,2,1802057155,749338272,109988.8400,45735.9785,2.4049,1024,122
dsmem_loaded,9,0,1,1024,16384,0,0,42,2,1802070229,749343712,109989.6380,45736.3105,2.4049,1024,123
dsmem_loaded,9,0,1,1024,16384,0,0,42,2,1802054905,749337344,109988.7027,45735.9219,2.4049,1024,124
dsmem_loaded,9,0,1,1024,16384,0,0,42,2,1802056178,749337856,109988.7804,45735.9531,2.4049,1024,125
dsmem_loaded,9,0,1,1024,16384,0,0,42,2,1802055687,749337632,109988.7504,45735.9395,2.4049,1024,126
dsmem_loaded,9,0,1,1024,16384,0,0,42,2,1802070967,749343968,109989.6830,45736.3262,2.4049,1024,127
dsmem_loaded,9,0,1,1024,16384,0,0,42,2,1802056433,749337984,109988.7960,45735.9609,2.4049,1024,128
dsmem_loaded,9,0,1,1024,16384,0,0,42,2,1802098508,749355424,109991.3640,45737.0254,2.4049,1024,129
dsmem_loaded,9,0,1,1024,16384,0,0,42,2,1802063641,749340928,109989.2359,45736.1406,2.4049,1024,130
dsmem_loaded,9,0,1,1024,16384,0,0,42,2,1802134572,749370464,109993.5652,45737.9434,2.4049,1024,131
dsmem_loaded,9,0,1,1024,16384,0,0,42,2,1802121489,749365024,109992.7667,45737.6113,2.4049,1024,132
dsmem_loaded,9,0,1,1024,16384,0,0,42,2,1802103272,749357408,109991.6548,45737.1465,2.4049,1024,133
dsmem_loaded,9,0,1,1024,16384,0,0,42,2,1802110728,749360480,109992.1099,45737.3340,2.4049,1024,134
dsmem_loaded,9,0,1,1024,16384,0,0,42,2,1802148248,749376128,109994.3999,45738.2891,2.4049,1024,135
dsmem_loaded,9,0,1,1024,16384,0,0,42,2,1802080145,749347840,109990.2432,45736.5625,2.4049,1024,136
dsmem_loaded,9,0,1,1024,16384,0,0,42,2,1802066823,749342304,109989.4301,45736.2246,2.4049,1024,137
dsmem_loaded,9,0,1,1024,16384,0,0,42,2,1802107556,749359200,109991.9163,45737.2559,2.4049,1024,138
dsmem_loaded,9,0,1,1024,16384,0,0,42,2,1802098727,749355552,109991.3774,45737.0332,2.4049,1024,139
dsmem_loaded,9,0,1,1024,16384,0,0,42,2,1802091991,749352736,109990.9662,45736.8613,2.4049,1024,140
dsmem_loaded,9,0,1,1024,16384,0,0,42,2,1802054906,749337312,109988.7028,45735.9199,2.4049,1024,141
dsmem_loaded,9,0,1,1024,16384,0,0,42,2,1802070006,749343584,109989.6244,45736.3027,2.4049,1024,142
dsmem_loaded,9,0,1,1024,16384,0,0,42,2,1802056309,749337920,109988.7884,45735.9570,2.4049,1024,143
dsmem_loaded,9,0,1,1024,16384,0,0,42,2,1802074521,749345504,109989.9000,45736.4199,2.4049,1024,144
dsmem_loaded,9,0,1,1024,16384,0,0,42,2,1802070728,749343904,109989.6685,45736.3223,2.4049,1024,145
dsmem_loaded,9,0,1,1024,16384,0,0,42,2,1802073552,749345088,109989.8408,45736.3945,2.4049,1024,146
dsmem_loaded,9,0,1,1024,16384,0,0,42,2,1802112892,749361440,109992.2419,45737.3926,2.4049,1024,147
dsmem_loaded,9,0,1,1024,16384,0,0,42,2,1802054905,749337344,109988.7027,45735.9219,2.4049,1024,148
dsmem_loaded,9,0,1,1024,16384,0,0,42,2,1802063644,749340960,109989.2361,45736.1426,2.4049,1024,149
dsmem_loaded,9,0,1,1024,16384,0,0,42,2,1802077329,749346656,109990.0714,45736.4902,2.4049,1024,150
dsmem_loaded,9,0,1,1024,16384,0,0,42,2,1802058022,749338624,109988.8929,45736.0000,2.4049,1024,151
dsmem_loaded,9,0,1,1024,16384,0,0,42,2,1802057779,749338528,109988.8781,45735.9941,2.4049,1024,152
dsmem_loaded,9,0,1,1024,16384,0,0,42,2,1802058509,749338816,109988.9227,45736.0117,2.4049,1024,153
dsmem_loaded,9,0,1,1024,16384,0,0,42,2,1802057410,749338368,109988.8556,45735.9844,2.4049,1024,154
dsmem_loaded,9,0,1,1024,16384,0,0,42,2,1802057288,749338304,109988.8481,45735.9805,2.4049,1024,155
dsmem_loaded,9,0,1,1024,16384,0,0,42,2,1802070977,749344032,109989.6837,45736.3301,2.4049,1024,156
dsmem_loaded,9,0,1,1024,16384,0,0,42,2,1802057049,749338208,109988.8336,45735.9746,2.4049,1024,157
dsmem_loaded,9,0,1,1024,16384,0,0,42,2,1802054905,749337344,109988.7027,45735.9219,2.4049,1024,158
dsmem_loaded,9,0,1,1024,16384,0,0,42,2,1802054906,749337312,109988.7028,45735.9199,2.4049,1024,159
dsmem_loaded,9,0,1,1024,16384,0,0,42,2,1802118192,749363648,109992.5654,45737.5273,2.4049,1024,160
dsmem_loaded,9,0,1,1024,16384,0,0,42,2,1802056435,749337952,109988.7961,45735.9590,2.4049,1024,161
dsmem_loaded,9,0,1,1024,16384,0,0,42,2,1802129548,749368384,109993.2585,45737.8164,2.4049,1024,162
dsmem_loaded,9,0,1,1024,16384,0,0,42,2,1802118305,749363648,109992.5723,45737.5273,2.4049,1024,163
dsmem_loaded,9,0,1,1024,16384,0,0,42,2,1802094587,749353824,109991.1247,45736.9277,2.4049,1024,164
dsmem_loaded,9,0,1,1024,16384,0,0,42,2,1802137019,749371424,109993.7145,45738.0020,2.4049,1024,165
dsmem_loaded,9,0,1,1024,16384,0,0,42,2,1802056559,749338016,109988.8036,45735.9629,2.4049,1024,166
dsmem_loaded,9,0,1,1024,16384,0,0,42,2,1802104010,749357728,109991.6998,45737.1660,2.4049,1024,167
dsmem_loaded,9,0,1,1024,16384,0,0,42,2,1802081491,749348384,109990.3254,45736.5957,2.4049,1024,168
dsmem_loaded,9,0,1,1024,16384,0,0,42,2,1802124423,749366240,109992.9457,45737.6855,2.4049,1024,169
dsmem_loaded,9,0,1,1024,16384,0,0,42,2,1802121368,749364960,109992.7593,45737.6074,2.4049,1024,170
dsmem_loaded,9,0,1,1024,16384,0,0,42,2,1802070369,749343744,109989.6465,45736.3125,2.4049,1024,171
dsmem_loaded,9,0,1,1024,16384,0,0,42,2,1802056307,749337888,109988.7883,45735.9551,2.4049,1024,172
dsmem_loaded,9,0,1,1024,16384,0,0,42,2,1802084303,749349536,109990.4970,45736.6660,2.4049,1024,173
dsmem_loaded,9,0,1,1024,16384,0,0,42,2,1802089057,749351520,109990.7872,45736.7871,2.4049,1024,174
dsmem_loaded,9,0,1,1024,16384,0,0,42,2,1802070731,749343904,109989.6686,45736.3223,2.4049,1024,175
dsmem_loaded,9,0,1,1024,16384,0,0,42,2,1802084792,749349792,109990.5269,45736.6816,2.4049,1024,176
dsmem_loaded,9,0,1,1024,16384,0,0,42,2,1802057289,749338304,109988.8482,45735.9805,2.4049,1024,177
dsmem_loaded,9,0,1,1024,16384,0,0,42,2,1802064008,749341088,109989.2583,45736.1504,2.4049,1024,178
dsmem_loaded,9,0,1,1024,16384,0,0,42,2,1802063893,749341056,109989.2513,45736.1484,2.4049,1024,179
dsmem_loaded,9,0,1,1024,16384,0,0,42,2,1802085396,749350016,109990.5637,45736.6953,2.4049,1024,180
dsmem_loaded,9,0,1,1024,16384,0,0,42,2,1802057776,749338528,109988.8779,45735.9941,2.4049,1024,181
dsmem_loaded,9,0,1,1024,16384,0,0,42,2,1802056190,749337856,109988.7811,45735.9531,2.4049,1024,182
dsmem_loaded,9,0,1,1024,16384,0,0,42,2,1802054905,749337344,109988.7027,45735.9219,2.4049,1024,183
dsmem_loaded,9,0,1,1024,16384,0,0,42,2,1802054905,749337312,109988.7027,45735.9199,2.4049,1024,184
dsmem_loaded,9,0,1,1024,16384,0,0,42,2,1802060711,749339744,109989.0571,45736.0684,2.4049,1024,185
dsmem_loaded,9,0,1,1024,16384,0,0,42,2,1802058269,749338720,109988.9080,45736.0059,2.4049,1024,186
dsmem_loaded,9,0,1,1024,16384,0,0,42,2,1802056921,749338176,109988.8257,45735.9727,2.4049,1024,187
dsmem_loaded,9,0,1,1024,16384,0,0,42,2,1802084288,749349536,109990.4961,45736.6660,2.4049,1024,188
dsmem_loaded,9,0,1,1024,16384,0,0,42,2,1802054905,749337312,109988.7027,45735.9199,2.4049,1024,189
dsmem_loaded,9,0,1,1024,16384,0,0,42,2,1802054905,749337312,109988.7027,45735.9199,2.4049,1024,190
dsmem_loaded,9,0,1,1024,16384,0,0,42,2,1802057167,749338272,109988.8408,45735.9785,2.4049,1024,191
dsmem_loaded,9,0,1,1024,16384,0,0,42,2,1802104250,749357824,109991.7145,45737.1719,2.4049,1024,192
dsmem_loaded,9,0,1,1024,16384,0,0,42,2,1802054905,749337344,109988.7027,45735.9219,2.4049,1024,193
dsmem_loaded,9,0,1,1024,16384,0,0,42,2,1802127844,749367680,109993.1545,45737.7734,2.4049,1024,194
dsmem_loaded,9,0,1,1024,16384,0,0,42,2,1802103639,749357600,109991.6772,45737.1582,2.4049,1024,195
dsmem_loaded,9,0,1,1024,16384,0,0,42,2,1802120390,749364512,109992.6996,45737.5801,2.4049,1024,196
dsmem_loaded,9,0,1,1024,16384,0,0,42,2,1802145206,749374848,109994.2142,45738.2109,2.4049,1024,197
dsmem_loaded,9,0,1,1024,16384,0,0,42,2,1802094574,749353792,109991.1239,45736.9258,2.4049,1024,198
dsmem_loaded,9,0,1,1024,16384,0,0,42,2,1802108045,749359424,109991.9461,45737.2695,2.4049,1024,199
dsmem_loaded,9,0,1,1024,16384,0,0,42,2,1802094953,749353952,109991.1470,45736.9355,2.4049,1024,200
dsmem_loaded,9,0,1,1024,16384,0,0,42,2,1802104977,749358144,109991.7589,45737.1914,2.4049,1024,201
dsmem_loaded,9,0,1,1024,16384,0,0,42,2,1802054905,749337344,109988.7027,45735.9219,2.4049,1024,202
dsmem_loaded,9,0,1,1024,16384,0,0,42,2,1802110848,749360608,109992.1172,45737.3418,2.4049,1024,203
dsmem_loaded,9,0,1,1024,16384,0,0,42,2,1802054906,749337312,109988.7028,45735.9199,2.4049,1024,204
dsmem_loaded,9,0,1,1024,16384,0,0,42,2,1802108516,749359616,109991.9749,45737.2812,2.4049,1024,205
dsmem_loaded,9,0,1,1024,16384,0,0,42,2,1802071337,749344128,109989.7056,45736.3359,2.4049,1024,206
dsmem_loaded,9,0,1,1024,16384,0,0,42,2,1802056068,749337792,109988.7737,45735.9492,2.4049,1024,207
dsmem_loaded,9,0,1,1024,16384,0,0,42,2,1802091880,749352704,109990.9595,45736.8594,2.4049,1024,208
dsmem_loaded,9,0,1,1024,16384,0,0,42,2,1802116567,749362944,109992.4662,45737.4844,2.4049,1024,209
dsmem_loaded,9,0,1,1024,16384,0,0,42,2,1802070616,749343872,109989.6616,45736.3203,2.4049,1024,210
dsmem_loaded,9,0,1,1024,16384,0,0,42,2,1802070606,749343872,109989.6610,45736.3203,2.4049,1024,211
dsmem_loaded,9,0,1,1024,16384,0,0,42,2,1802057166,749338272,109988.8407,45735.9785,2.4049,1024,212
dsmem_loaded,9,0,1,1024,16384,0,0,42,2,1802056927,749338176,109988.8261,45735.9727,2.4049,1024,213
dsmem_loaded,9,0,1,1024,16384,0,0,42,2,1802085151,749349920,109990.5488,45736.6895,2.4049,1024,214
dsmem_loaded,9,0,1,1024,16384,0,0,42,2,1802057045,749338240,109988.8333,45735.9766,2.4049,1024,215
dsmem_loaded,9,0,1,1024,16384,0,0,42,2,1802057288,749338304,109988.8481,45735.9805,2.4049,1024,216
dsmem_loaded,9,0,1,1024,16384,0,0,42,2,1802102992,749357312,109991.6377,45737.1406,2.4049,1024,217
dsmem_loaded,9,0,1,1024,16384,0,0,42,2,1802056307,749337920,109988.7883,45735.9570,2.4049,1024,218
dsmem_loaded,9,0,1,1024,16384,0,0,42,2,1802054906,749337312,109988.7028,45735.9199,2.4049,1024,219
dsmem_loaded,9,0,1,1024,16384,0,0,42,2,1802056554,749338016,109988.8033,45735.9629,2.4049,1024,220
dsmem_loaded,9,0,1,1024,16384,0,0,42,2,1802056558,749338016,109988.8036,45735.9629,2.4049,1024,221
dsmem_loaded,9,0,1,1024,16384,0,0,42,2,1802057538,749338432,109988.8634,45735.9883,2.4049,1024,222
dsmem_loaded,9,0,1,1024,16384,0,0,42,2,1802057047,749338208,109988.8334,45735.9746,2.4049,1024,223
dsmem_loaded,9,0,1,1024,16384,0,0,42,2,1802097391,749354976,109991.2958,45736.9980,2.4049,1024,224
dsmem_loaded,9,0,1,1024,16384,0,0,42,2,1802100808,749356416,109991.5044,45737.0859,2.4049,1024,225
dsmem_loaded,9,0,1,1024,16384,0,0,42,2,1802157897,749380128,109994.9888,45738.5332,2.4049,1024,226
dsmem_loaded,9,0,1,1024,16384,0,0,42,2,1802119522,749364192,109992.6466,45737.5605,2.4049,1024,227
dsmem_loaded,9,0,1,1024,16384,0,0,42,2,1802099710,749355936,109991.4374,45737.0566,2.4049,1024,228
dsmem_loaded,9,0,1,1024,16384,0,0,42,2,1802086260,749350336,109990.6165,45736.7148,2.4049,1024,229
dsmem_loaded,9,0,1,1024,16384,0,0,42,2,1802102374,749357088,109991.6000,45737.1270,2.4049,1024,230
dsmem_loaded,9,0,1,1024,16384,0,0,42,2,1802111204,749360736,109992.1389,45737.3496,2.4049,1024,231
dsmem_loaded,9,0,1,1024,16384,0,0,42,2,1802067169,749342400,109989.4512,45736.2305,2.4049,1024,232
dsmem_loaded,9,0,1,1024,16384,0,0,42,2,1802090301,749352032,109990.8631,45736.8184,2.4049,1024,233
dsmem_loaded,9,0,1,1024,16384,0,0,42,2,1802092471,749352928,109990.9955,45736.8730,2.4049,1024,234
dsmem_loaded,9,0,1,1024,16384,0,0,42,2,1802111435,749360832,109992.1530,45737.3555,2.4049,1024,235
dsmem_loaded,9,0,1,1024,16384,0,0,42,2,1802063631,749340960,109989.2353,45736.1426,2.4049,1024,236
dsmem_loaded,9,0,1,1024,16384,0,0,42,2,1802068150,749342816,109989.5111,45736.2559,2.4049,1024,237
dsmem_loaded,9,0,1,1024,16384,0,0,42,2,1802056907,749338144,109988.8249,45735.9707,2.4049,1024,238
dsmem_loaded,9,0,1,1024,16384,0,0,42,2,1802054905,749337312,109988.7027,45735.9199,2.4049,1024,239
dsmem_loaded,9,0,1,1024,16384,0,0,42,2,1802071941,749344416,109989.7425,45736.3535,2.4049,1024,240
dsmem_loaded,9,0,1,1024,16384,0,0,42,2,1802062656,749340512,109989.1758,45736.1152,2.4049,1024,241
dsmem_loaded,9,0,1,1024,16384,0,0,42,2,1802064723,749341408,109989.3019,45736.1699,2.4049,1024,242
dsmem_loaded,9,0,1,1024,16384,0,0,42,2,1802096015,749354432,109991.2119,45736.9648,2.4049,1024,243
dsmem_loaded,9,0,1,1024,16384,0,0,42,2,1802056784,749338112,109988.8174,45735.9688,2.4049,1024,244
dsmem_loaded,9,0,1,1024,16384,0,0,42,2,1802054905,749337312,109988.7027,45735.9199,2.4049,1024,245
dsmem_loaded,9,0,1,1024,16384,0,0,42,2,1802054905,749337312,109988.7027,45735.9199,2.4049,1024,246
dsmem_loaded,9,0,1,1024,16384,0,0,42,2,1802056298,749337920,109988.7877,45735.9570,2.4049,1024,247
dsmem_loaded,9,0,1,1024,16384,0,0,42,2,1802063144,749340736,109989.2056,45736.1289,2.4049,1024,248
dsmem_loaded,9,0,1,1024,16384,0,0,42,2,1802061668,749340128,109989.1155,45736.0918,2.4049,1024,249
dsmem_loaded,9,0,1,1024,16384,0,0,42,2,1802056173,749337856,109988.7801,45735.9531,2.4049,1024,250
dsmem_loaded,9,0,1,1024,16384,0,0,42,2,1802104199,749357824,109991.7114,45737.1719,2.4049,1024,251
dsmem_loaded,9,0,1,1024,16384,0,0,42,2,1802054906,749337344,109988.7028,45735.9219,2.4049,1024,252
dsmem_loaded,9,0,1,1024,16384,0,0,42,2,1802063636,749340928,109989.2356,45736.1406,2.4049,1024,253
dsmem_loaded,9,0,1,1024,16384,0,0,42,2,1802057036,749338208,109988.8328,45735.9746,2.4049,1024,254
dsmem_loaded,9,0,1,1024,16384,0,0,42,2,1802057517,749338400,109988.8621,45735.9863,2.4049,1024,255
dsmem_loaded,9,0,1,1024,16384,0,0,42,3,1802191244,749391424,109997.0242,45739.2227,2.4049,1024,0
dsmem_loaded,9,0,1,1024,16384,0,0,42,3,1802187578,749389920,109996.8004,45739.1309,2.4049,1024,1
dsmem_loaded,9,0,1,1024,16384,0,0,42,3,1802197597,749394080,109997.4119,45739.3848,2.4049,1024,2
dsmem_loaded,9,0,1,1024,16384,0,0,42,3,1802194179,749392672,109997.2033,45739.2988,2.4049,1024,3
dsmem_loaded,9,0,1,1024,16384,0,0,42,3,1802173374,749384000,109995.9335,45738.7695,2.4049,1024,4
dsmem_loaded,9,0,1,1024,16384,0,0,42,3,1802188179,749390176,109996.8371,45739.1465,2.4049,1024,5
dsmem_loaded,9,0,1,1024,16384,0,0,42,3,1802195268,749393120,109997.2698,45739.3262,2.4049,1024,6
dsmem_loaded,9,0,1,1024,16384,0,0,42,3,1802194540,749392800,109997.2253,45739.3066,2.4049,1024,7
dsmem_loaded,9,0,1,1024,16384,0,0,42,3,1802138030,749369344,109993.7762,45737.8750,2.4049,1024,8
dsmem_loaded,9,0,1,1024,16384,0,0,42,3,1802195390,749393152,109997.2772,45739.3281,2.4049,1024,9
dsmem_loaded,9,0,1,1024,16384,0,0,42,3,1802127148,749364832,109993.1121,45737.5996,2.4049,1024,10
dsmem_loaded,9,0,1,1024,16384,0,0,42,3,1802124537,749363744,109992.9527,45737.5332,2.4049,1024,11
dsmem_loaded,9,0,1,1024,16384,0,0,42,3,1802126292,749364448,109993.0598,45737.5762,2.4049,1024,12
dsmem_loaded,9,0,1,1024,16384,0,0,42,3,1802126180,749364448,109993.0530,45737.5762,2.4049,1024,13
dsmem_loaded,9,0,1,1024,16384,0,0,42,3,1802173365,749384032,109995.9329,45738.7715,2.4049,1024,14
dsmem_loaded,9,0,1,1024,16384,0,0,42,3,1802172166,749383520,109995.8597,45738.7402,2.4049,1024,15
dsmem_loaded,9,0,1,1024,16384,0,0,42,3,1802140721,749370464,109993.9405,45737.9434,2.4049,1024,16
dsmem_loaded,9,0,1,1024,16384,0,0,42,3,1802140836,749370496,109993.9475,45737.9453,2.4049,1024,17
dsmem_loaded,9,0,1,1024,16384,0,0,42,3,1802181190,749387264,109996.4105,45738.9688,2.4049,1024,18
dsmem_loaded,9,0,1,1024,16384,0,0,42,3,1802144999,749372224,109994.2016,45738.0508,2.4049,1024,19
dsmem_loaded,9,0,1,1024,16384,0,0,42,3,1802124537,749363712,109992.9527,45737.5312,2.4049,1024,20
dsmem_loaded,9,0,1,1024,16384,0,0,42,3,1802126046,749364352,109993.0448,45737.5703,2.4049,1024,21
dsmem_loaded,9,0,1,1024,16384,0,0,42,3,1802125812,749364256,109993.0305,45737.5645,2.4049,1024,22
dsmem_loaded,9,0,1,1024,16384,0,0,42,3,1802126299,749364448,109993.0602,45737.5762,2.4049,1024,23
dsmem_loaded,9,0,1,1024,16384,0,0,42,3,1802127149,749364832,109993.1121,45737.5996,2.4049,1024,24
dsmem_loaded,9,0,1,1024,16384,0,0,42,3,1802127026,749364768,109993.1046,45737.5957,2.4049,1024,25
dsmem_loaded,9,0,1,1024,16384,0,0,42,3,1802126534,749364544,109993.0746,45737.5820,2.4049,1024,26
dsmem_loaded,9,0,1,1024,16384,0,0,42,3,1802127029,749364768,109993.1048,45737.5957,2.4049,1024,27
dsmem_loaded,9,0,1,1024,16384,0,0,42,3,1802126782,749364672,109993.0897,45737.5898,2.4049,1024,28
dsmem_loaded,9,0,1,1024,16384,0,0,42,3,1802124537,749363744,109992.9527,45737.5332,2.4049,1024,29
dsmem_loaded,9,0,1,1024,16384,0,0,42,3,1802124537,749363744,109992.9527,45737.5332,2.4049,1024,30
dsmem_loaded,9,0,1,1024,16384,0,0,42,3,1802126782,749364640,109993.0897,45737.5879,2.4049,1024,31
dsmem_loaded,9,0,1,1024,16384,0,0,42,3,1802190521,749391104,109996.9800,45739.2031,2.4049,1024,32
dsmem_loaded,9,0,1,1024,16384,0,0,42,3,1802193213,749392256,109997.1443,45739.2734,2.4049,1024,33
dsmem_loaded,9,0,1,1024,16384,0,0,42,3,1802211670,749399936,109998.2709,45739.7422,2.4049,1024,34
dsmem_loaded,9,0,1,1024,16384,0,0,42,3,1802186726,749389504,109996.7484,45739.1055,2.4049,1024,35
dsmem_loaded,9,0,1,1024,16384,0,0,42,3,1802170197,749382688,109995.7396,45738.6895,2.4049,1024,36
dsmem_loaded,9,0,1,1024,16384,0,0,42,3,1802163355,749379840,109995.3220,45738.5156,2.4049,1024,37
dsmem_loaded,9,0,1,1024,16384,0,0,42,3,1802164579,749380384,109995.3967,45738.5488,2.4049,1024,38
dsmem_loaded,9,0,1,1024,16384,0,0,42,3,1802179505,749386560,109996.3077,45738.9258,2.4049,1024,39
dsmem_loaded,9,0,1,1024,16384,0,0,42,3,1802160799,749378752,109995.1660,45738.4492,2.4049,1024,40
dsmem_loaded,9,0,1,1024,16384,0,0,42,3,1802161528,749379104,109995.2104,45738.4707,2.4049,1024,41
dsmem_loaded,9,0,1,1024,16384,0,0,42,3,1802147339,749373184,109994.3444,45738.1094,2.4049,1024,42
dsmem_loaded,9,0,1,1024,16384,0,0,42,3,1802187804,749390048,109996.8142,45739.1387,2.4049,1024,43
dsmem_loaded,9,0,1,1024,16384,0,0,42,3,1802126674,749364640,109993.0831,45737.5879,2.4049,1024,44
dsmem_loaded,9,0,1,1024,16384,0,0,42,3,1802124537,749363712,109992.9527,45737.5312,2.4049,1024,45
dsmem_loaded,9,0,1,1024,16384,0,0,42,3,1802155630,749376640,109994.8505,45738.3203,2.4049,1024,46
dsmem_loaded,9,0,1,1024,16384,0,0,42,3,1802124537,749363744,109992.9527,45737.5332,2.4049,1024,47
dsmem_loaded,9,0,1,1024,16384,0,0,42,3,1802156999,749377184,109994.9340,45738.3535,2.4049,1024,48
dsmem_loaded,9,0,1,1024,16384,0,0,42,3,1802147217,749373152,109994.3370,45738.1074,2.4049,1024,49
dsmem_loaded,9,0,1,1024,16384,0,0,42,3,1802147087,749373120,109994.3290,45738.1055,2.4049,1024,50
dsmem_loaded,9,0,1,1024,16384,0,0,42,3,1802164589,749380320,109995.3973,45738.5449,2.4049,1024,51
dsmem_loaded,9,0,1,1024,16384,0,0,42,3,1802124537,749363712,109992.9527,45737.5312,2.4049,1024,52
dsmem_loaded,9,0,1,1024,16384,0,0,42,3,1802164689,749380416,109995.4034,45738.5508,2.4049,1024,53
dsmem_loaded,9,0,1,1024,16384,0,0,42,3,1802140489,749370336,109993.9263,45737.9355,2.4049,1024,54
dsmem_loaded,9,0,1,1024,16384,0,0,42,3,1802126549,749364576,109993.0755,45737.5840,2.4049,1024,55
dsmem_loaded,9,0,1,1024,16384,0,0,42,3,1802136458,749368672,109993.6803,45737.8340,2.4049,1024,56
dsmem_loaded,9,0,1,1024,16384,0,0,42,3,1802136460,749368704,109993.6804,45737.8359,2.4049,1024,57
dsmem_loaded,9,0,1,1024,16384,0,0,42,3,1802127164,749364832,109993.1130,45737.5996,2.4049,1024,58
dsmem_loaded,9,0,1,1024,16384,0,0,42,3,1802126921,749364704,109993.0982,45737.5918,2.4049,1024,59
dsmem_loaded,9,0,1,1024,16384,0,0,42,3,1802126673,749364608,109993.0831,45737.5859,2.4049,1024,60
dsmem_loaded,9,0,1,1024,16384,0,0,42,3,1802126921,749364736,109993.0982,45737.5938,2.4049,1024,61
dsmem_loaded,9,0,1,1024,16384,0,0,42,3,1802124537,749363744,109992.9527,45737.5332,2.4049,1024,62
dsmem_loaded,9,0,1,1024,16384,0,0,42,3,1802126921,749364736,109993.0982,45737.5938,2.4049,1024,63
dsmem_loaded,9,0,1,1024,16384,0,0,42,3,1802186485,749389440,109996.7337,45739.1016,2.4049,1024,64
dsmem_loaded,9,0,1,1024,16384,0,0,42,3,1802147829,749373408,109994.3743,45738.1230,2.4049,1024,65
dsmem_loaded,9,0,1,1024,16384,0,0,42,3,1802189662,749390784,109996.9276,45739.1836,2.4049,1024,66
dsmem_loaded,9,0,1,1024,16384,0,0,42,3,1802179979,749386752,109996.3366,45738.9375,2.4049,1024,67
dsmem_loaded,9,0,1,1024,16384,0,0,42,3,1802184518,749388640,109996.6136,45739.0527,2.4049,1024,68
dsmem_loaded,9,0,1,1024,16384,0,0,42,3,1802207636,749398272,109998.0247,45739.6406,2.4049,1024,69
dsmem_loaded,9,0,1,1024,16384,0,0,42,3,1802162988,749379680,109995.2996,45738.5059,2.4049,1024,70
dsmem_loaded,9,0,1,1024,16384,0,0,42,3,1802173755,749384160,109995.9567,45738.7793,2.4049,1024,71
dsmem_loaded,9,0,1,1024,16384,0,0,42,3,1802183654,749388288,109996.5609,45739.0312,2.4049,1024,72
dsmem_loaded,9,0,1,1024,16384,0,0,42,3,1802165071,749380576,109995.4267,45738.5605,2.4049,1024,73
dsmem_loaded,9,0,1,1024,16384,0,0,42,3,1802161036,749378848,109995.1804,45738.4551,2.4049,1024,74
dsmem_loaded,9,0,1,1024,16384,0,0,42,3,1802183915,749388384,109996.5768,45739.0371,2.4049,1024,75
dsmem_loaded,9,0,1,1024,16384,0,0,42,3,1802124537,749363744,109992.9527,45737.5332,2.4049,1024,76
dsmem_loaded,9,0,1,1024,16384,0,0,42,3,1802124537,749363744,109992.9527,45737.5332,2.4049,1024,77
dsmem_loaded,9,0,1,1024,16384,0,0,42,3,1802124537,749363712,109992.9527,45737.5312,2.4049,1024,78
dsmem_loaded,9,0,1,1024,16384,0,0,42,3,1802124537,749363744,109992.9527,45737.5332,2.4049,1024,79
dsmem_loaded,9,0,1,1024,16384,0,0,42,3,1802126795,749364672,109993.0905,45737.5898,2.4049,1024,80
dsmem_loaded,9,0,1,1024,16384,0,0,42,3,1802146964,749373056,109994.3215,45738.1016,2.4049,1024,81
dsmem_loaded,9,0,1,1024,16384,0,0,42,3,1802148073,749373504,109994.3892,45738.1289,2.4049,1024,82
dsmem_loaded,9,0,1,1024,16384,0,0,42,3,1802158587,749377856,109995.0309,45738.3945,2.4049,1024,83
dsmem_loaded,9,0,1,1024,16384,0,0,42,3,1802126433,749364512,109993.0684,45737.5801,2.4049,1024,84
dsmem_loaded,9,0,1,1024,16384,0,0,42,3,1802140488,749370368,109993.9263,45737.9375,2.4049,1024,85
dsmem_loaded,9,0,1,1024,16384,0,0,42,3,1802151247,749374816,109994.5829,45738.2090,2.4049,1024,86
dsmem_loaded,9,0,1,1024,16384,0,0,42,3,1802136331,749368640,109993.6725,45737.8320,2.4049,1024,87
dsmem_loaded,9,0,1,1024,16384,0,0,42,3,1802126672,749364608,109993.0830,45737.5859,2.4049,1024,88
dsmem_loaded,9,0,1,1024,16384,0,0,42,3,1802139748,749370048,109993.8811,45737.9180,2.4049,1024,89
dsmem_loaded,9,0,1,1024,16384,0,0,42,3,1802139877,749370080,109993.8890,45737.9199,2.4049,1024,90
dsmem_loaded,9,0,1,1024,16384,0,0,42,3,1802127041,749364800,109993.1055,45737.5977,2.4049,1024,91
dsmem_loaded,9,0,1,1024,16384,0,0,42,3,1802126309,749364480,109993.0609,45737.5781,2.4049,1024,92
dsmem_loaded,9,0,1,1024,16384,0,0,42,3,1802140363,749370304,109993.9186,45737.9336,2.4049,1024,93
dsmem_loaded,9,0,1,1024,16384,0,0,42,3,1802126922,749364704,109993.0983,45737.5918,2.4049,1024,94
dsmem_loaded,9,0,1,1024,16384,0,0,42,3,1802126556,749364576,109993.0759,45737.5840,2.4049,1024,95
dsmem_loaded,9,0,1,1024,16384,0,0,42,3,1802189282,749390624,109996.9044,45739.1738,2.4049,1024,96
dsmem_loaded,9,0,1,1024,16384,0,0,42,3,1802197368,749393952,109997.3979,45739.3770,2.4049,1024,97
dsmem_loaded,9,0,1,1024,16384,0,0,42,3,1802124537,749363744,109992.9527,45737.5332,2.4049,1024,98
dsmem_loaded,9,0,1,1024,16384,0,0,42,3,1802186973,749389664,109996.7635,45739.1152,2.4049,1024,99
dsmem_loaded,9,0,1,1024,16384,0,0,42,3,1802201277,749395616,109997.6365,45739.4785,2.4049,1024,100
dsmem_loaded,9,0,1,1024,16384,0,0,42,3,1802136701,749368768,109993.6951,45737.8398,2.4049,1024,101
dsmem_loaded,9,0,1,1024,16384,0,0,42,3,1802196760,749393696,109997.3608,45739.3613,2.4049,1024,102
dsmem_loaded,9,0,1,1024,16384,0,0,42,3,1802187826,749390016,109996.8156,45739.1367,2.4049,1024,103
dsmem_loaded,9,0,1,1024,16384,0,0,42,3,1802170575,749382848,109995.7626,45738.6992,2.4049,1024,104
dsmem_loaded,9,0,1,1024,16384,0,0,42,3,1802167636,749381600,109995.5833,45738.6230,2.4049,1024,105
dsmem_loaded,9,0,1,1024,16384,0,0,42,3,1802161159,749378912,109995.1879,45738.4590,2.4049,1024,106
dsmem_loaded,9,0,1,1024,16384,0,0,42,3,1802185611,749389088,109996.6804,45739.0801,2.4049,1024,107
dsmem_loaded,9,0,1,1024,16384,0,0,42,3,1802124537,749363712,109992.9527,45737.5312,2.4049,1024,108
dsmem_loaded,9,0,1,1024,16384,0,0,42,3,1802126195,749364416,109993.0539,45737.5742,2.4049,1024,109
dsmem_loaded,9,0,1,1024,16384,0,0,42,3,1802167273,749381472,109995.5611,45738.6152,2.4049,1024,110
dsmem_loaded,9,0,1,1024,16384,0,0,42,3,1802124537,749363712,109992.9527,45737.5312,2.4049,1024,111
dsmem_loaded,9,0,1,1024,16384,0,0,42,3,1802178633,749386176,109996.2545,45738.9023,2.4049,1024,112
dsmem_loaded,9,0,1,1024,16384,0,0,42,3,1802139874,749370080,109993.8888,45737.9199,2.4049,1024,113
dsmem_loaded,9,0,1,1024,16384,0,0,42,3,1802153949,749375936,109994.7479,45738.2773,2.4049,1024,114
dsmem_loaded,9,0,1,1024,16384,0,0,42,3,1802187818,749390048,109996.8151,45739.1387,2.4049,1024,115
dsmem_loaded,9,0,1,1024,16384,0,0,42,3,1802126556,749364576,109993.0759,45737.5840,2.4049,1024,116
dsmem_loaded,9,0,1,1024,16384,0,0,42,3,1802125947,749364320,109993.0388,45737.5684,2.4049,1024,117
dsmem_loaded,9,0,1,1024,16384,0,0,42,3,1802126555,749364576,109993.0759,45737.5840,2.4049,1024,118
dsmem_loaded,9,0,1,1024,16384,0,0,42,3,1802127042,749364800,109993.1056,45737.5977,2.4049,1024,119
dsmem_loaded,9,0,1,1024,16384,0,0,42,3,1802125945,749364320,109993.0386,45737.5684,2.4049,1024,120
dsmem_loaded,9,0,1,1024,16384,0,0,42,3,1802126310,749364480,109993.0609,45737.5781,2.4049,1024,121
dsmem_loaded,9,0,1,1024,16384,0,0,42,3,1802153935,749375936,109994.7470,45738.2773,2.4049,1024,122
dsmem_loaded,9,0,1,1024,16384,0,0,42,3,1802126311,749364480,109993.0610,45737.5781,2.4049,1024,123
dsmem_loaded,9,0,1,1024,16384,0,0,42,3,1802126797,749364672,109993.0906,45737.5898,2.4049,1024,124
dsmem_loaded,9,0,1,1024,16384,0,0,42,3,1802124537,749363712,109992.9527,45737.5312,2.4049,1024,125
dsmem_loaded,9,0,1,1024,16384,0,0,42,3,1802154305,749376096,109994.7696,45738.2871,2.4049,1024,126
dsmem_loaded,9,0,1,1024,16384,0,0,42,3,1802126556,749364576,109993.0759,45737.5840,2.4049,1024,127
dsmem_loaded,9,0,1,1024,16384,0,0,42,3,1802126415,749364512,109993.0673,45737.5801,2.4049,1024,128
dsmem_loaded,9,0,1,1024,16384,0,0,42,3,1802126418,749364512,109993.0675,45737.5801,2.4049,1024,129
dsmem_loaded,9,0,1,1024,16384,0,0,42,3,1802124538,749363744,109992.9528,45737.5332,2.4049,1024,130
dsmem_loaded,9,0,1,1024,16384,0,0,42,3,1802124537,749363712,109992.9527,45737.5312,2.4049,1024,131
dsmem_loaded,9,0,1,1024,16384,0,0,42,3,1802208484,749398560,109998.0764,45739.6582,2.4049,1024,132
dsmem_loaded,9,0,1,1024,16384,0,0,42,3,1802187687,749389952,109996.8071,45739.1328,2.4049,1024,133
dsmem_loaded,9,0,1,1024,16384,0,0,42,3,1802187807,749389984,109996.8144,45739.1348,2.4049,1024,134
dsmem_loaded,9,0,1,1024,16384,0,0,42,3,1802212149,749400128,109998.3001,45739.7539,2.4049,1024,135
dsmem_loaded,9,0,1,1024,16384,0,0,42,3,1802138162,749369376,109993.7843,45737.8770,2.4049,1024,136
dsmem_loaded,9,0,1,1024,16384,0,0,42,3,1802149771,749374176,109994.4929,45738.1699,2.4049,1024,137
dsmem_loaded,9,0,1,1024,16384,0,0,42,3,1802154177,749376000,109994.7618,45738.2812,2.4049,1024,138
dsmem_loaded,9,0,1,1024,16384,0,0,42,3,1802167371,749381536,109995.5671,45738.6191,2.4049,1024,139
dsmem_loaded,9,0,1,1024,16384,0,0,42,3,1802167010,749381344,109995.5450,45738.6074,2.4049,1024,140
dsmem_loaded,9,0,1,1024,16384,0,0,42,3,1802137673,749369152,109993.7545,45737.8633,2.4049,1024,141
dsmem_loaded,9,0,1,1024,16384,0,0,42,3,1802148427,749373664,109994.4108,45738.1387,2.4049,1024,142
dsmem_loaded,9,0,1,1024,16384,0,0,42,3,1802166151,749380992,109995.4926,45738.5859,2.4049,1024,143
dsmem_loaded,9,0,1,1024,16384,0,0,42,3,1802141457,749370752,109993.9854,45737.9609,2.4049,1024,144
dsmem_loaded,9,0,1,1024,16384,0,0,42,3,1802142433,749371168,109994.0450,45737.9863,2.4049,1024,145
dsmem_loaded,9,0,1,1024,16384,0,0,42,3,1802154532,749376224,109994.7834,45738.2949,2.4049,1024,146
dsmem_loaded,9,0,1,1024,16384,0,0,42,3,1802140229,749370240,109993.9105,45737.9297,2.4049,1024,147
dsmem_loaded,9,0,1,1024,16384,0,0,42,3,1802124537,749363744,109992.9527,45737.5332,2.4049,1024,148
dsmem_loaded,9,0,1,1024,16384,0,0,42,3,1802139981,749370176,109993.8953,45737.9258,2.4049,1024,149
dsmem_loaded,9,0,1,1024,16384,0,0,42,3,1802140718,749370432,109993.9403,45737.9414,2.4049,1024,150
dsmem_loaded,9,0,1,1024,16384,0,0,42,3,1802164698,749380384,109995.4039,45738.5488,2.4049,1024,151
dsmem_loaded,9,0,1,1024,16384,0,0,42,3,1802126174,749364384,109993.0526,45737.5723,2.4049,1024,152
dsmem_loaded,9,0,1,1024,16384,0,0,42,3,1802139253,749369856,109993.8509,45737.9062,2.4049,1024,153
dsmem_loaded,9,0,1,1024,16384,0,0,42,3,1802139368,749369920,109993.8579,45737.9102,2.4049,1024,154
dsmem_loaded,9,0,1,1024,16384,0,0,42,3,1802127395,749364928,109993.1271,45737.6055,2.4049,1024,155
dsmem_loaded,9,0,1,1024,16384,0,0,42,3,1802126173,749364384,109993.0526,45737.5723,2.4049,1024,156
dsmem_loaded,9,0,1,1024,16384,0,0,42,3,1802124537,749363744,109992.9527,45737.5332,2.4049,1024,157
dsmem_loaded,9,0,1,1024,16384,0,0,42,3,1802126296,749364480,109993.0601,45737.5781,2.4049,1024,158
dsmem_loaded,9,0,1,1024,16384,0,0,42,3,1802125683,749364192,109993.0226,45737.5605,2.4049,1024,159
dsmem_loaded,9,0,1,1024,16384,0,0,42,3,1802183531,749388224,109996.5534,45739.0273,2.4049,1024,160
dsmem_loaded,9,0,1,1024,16384,0,0,42,3,1802178272,749386048,109996.2324,45738.8945,2.4049,1024,161
dsmem_loaded,9,0,1,1024,16384,0,0,42,3,1802164689,749380384,109995.4034,45738.5488,2.4049,1024,162
dsmem_loaded,9,0,1,1024,16384,0,0,42,3,1802215443,749401504,109998.5012,45739.8379,2.4049,1024,163
dsmem_loaded,9,0,1,1024,16384,0,0,42,3,1802180219,749386816,109996.3513,45738.9414,2.4049,1024,164
dsmem_loaded,9,0,1,1024,16384,0,0,42,3,1802173009,749383840,109995.9112,45738.7598,2.4049,1024,165
dsmem_loaded,9,0,1,1024,16384,0,0,42,3,1802193802,749392512,109997.1803,45739.2891,2.4049,1024,166
dsmem_loaded,9,0,1,1024,16384,0,0,42,3,1802191105,749391392,109997.0157,45739.2207,2.4049,1024,167
dsmem_loaded,9,0,1,1024,16384,0,0,42,3,1802161024,749378880,109995.1797,45738.4570,2.4049,1024,168
dsmem_loaded,9,0,1,1024,16384,0,0,42,3,1802177894,749385888,109996.2094,45738.8848,2.4049,1024,169
dsmem_loaded,9,0,1,1024,16384,0,0,42,3,1802136199,749368512,109993.6645,45737.8242,2.4049,1024,170
dsmem_loaded,9,0,1,1024,16384,0,0,42,3,1802192440,749391936,109997.0972,45739.2539,2.4049,1024,171
dsmem_loaded,9,0,1,1024,16384,0,0,42,3,1802124537,749363744,109992.9527,45737.5332,2.4049,1024,172
dsmem_loaded,9,0,1,1024,16384,0,0,42,3,1802124537,749363712,109992.9527,45737.5312,2.4049,1024,173
dsmem_loaded,9,0,1,1024,16384,0,0,42,3,1802124537,749363744,109992.9527,45737.5332,2.4049,1024,174
dsmem_loaded,9,0,1,1024,16384,0,0,42,3,1802202090,749395936,109997.6862,45739.4980,2.4049,1024,175
dsmem_loaded,9,0,1,1024,16384,0,0,42,3,1802126537,749364576,109993.0748,45737.5840,2.4049,1024,176
dsmem_loaded,9,0,1,1024,16384,0,0,42,3,1802145003,749372224,109994.2018,45738.0508,2.4049,1024,177
dsmem_loaded,9,0,1,1024,16384,0,0,42,3,1802126660,749364640,109993.0823,45737.5879,2.4049,1024,178
dsmem_loaded,9,0,1,1024,16384,0,0,42,3,1802126787,749364672,109993.0900,45737.5898,2.4049,1024,179
dsmem_loaded,9,0,1,1024,16384,0,0,42,3,1802126417,749364512,109993.0674,45737.5801,2.4049,1024,180
dsmem_loaded,9,0,1,1024,16384,0,0,42,3,1802126662,749364608,109993.0824,45737.5859,2.4049,1024,181
dsmem_loaded,9,0,1,1024,16384,0,0,42,3,1802125804,749364256,109993.0300,45737.5645,2.4049,1024,182
dsmem_loaded,9,0,1,1024,16384,0,0,42,3,1802126170,749364416,109993.0524,45737.5742,2.4049,1024,183
dsmem_loaded,9,0,1,1024,16384,0,0,42,3,1802165170,749380576,109995.4327,45738.5605,2.4049,1024,184
dsmem_loaded,9,0,1,1024,16384,0,0,42,3,1802126173,749364416,109993.0526,45737.5742,2.4049,1024,185
dsmem_loaded,9,0,1,1024,16384,0,0,42,3,1802126664,749364640,109993.0825,45737.5879,2.4049,1024,186
dsmem_loaded,9,0,1,1024,16384,0,0,42,3,1802126903,749364704,109993.0971,45737.5918,2.4049,1024,187
dsmem_loaded,9,0,1,1024,16384,0,0,42,3,1802138147,749369408,109993.7834,45737.8789,2.4049,1024,188
dsmem_loaded,9,0,1,1024,16384,0,0,42,3,1802125924,749364320,109993.0374,45737.5684,2.4049,1024,189
dsmem_loaded,9,0,1,1024,16384,0,0,42,3,1802126048,749364384,109993.0449,45737.5723,2.4049,1024,190
dsmem_loaded,9,0,1,1024,16384,0,0,42,3,1802124537,749363744,109992.9527,45737.5332,2.4049,1024,191
dsmem_loaded,9,0,1,1024,16384,0,0,42,3,1802187098,749389696,109996.7711,45739.1172,2.4049,1024,192
dsmem_loaded,9,0,1,1024,16384,0,0,42,3,1802163604,749379936,109995.3372,45738.5215,2.4049,1024,193
dsmem_loaded,9,0,1,1024,16384,0,0,42,3,1802194066,749392576,109997.1964,45739.2930,2.4049,1024,194
dsmem_loaded,9,0,1,1024,16384,0,0,42,3,1802200926,749395456,109997.6151,45739.4688,2.4049,1024,195
dsmem_loaded,9,0,1,1024,16384,0,0,42,3,1802170701,749382880,109995.7703,45738.7012,2.4049,1024,196
dsmem_loaded,9,0,1,1024,16384,0,0,42,3,1802146479,749372864,109994.2919,45738.0898,2.4049,1024,197
dsmem_loaded,9,0,1,1024,16384,0,0,42,3,1802163729,749379968,109995.3448,45738.5234,2.4049,1024,198
dsmem_loaded,9,0,1,1024,16384,0,0,42,3,1802176932,749385504,109996.1506,45738.8613,2.4049,1024,199
dsmem_loaded,9,0,1,1024,16384,0,0,42,3,1802126674,749364608,109993.0831,45737.5859,2.4049,1024,200
dsmem_loaded,9,0,1,1024,16384,0,0,42,3,1802200657,749395360,109997.5987,45739.4629,2.4049,1024,201
dsmem_loaded,9,0,1,1024,16384,0,0,42,3,1802160181,749378496,109995.1282,45738.4336,2.4049,1024,202
dsmem_loaded,9,0,1,1024,16384,0,0,42,3,1802183654,749388288,109996.5609,45739.0312,2.4049,1024,203
dsmem_loaded,9,0,1,1024,16384,0,0,42,3,1802124537,749363744,109992.9527,45737.5332,2.4049,1024,204
dsmem_loaded,9,0,1,1024,16384,0,0,42,3,1802139998,749370144,109993.8964,45737.9238,2.4049,1024,205
dsmem_loaded,9,0,1,1024,16384,0,0,42,3,1802126186,749364416,109993.0533,45737.5742,2.4049,1024,206
dsmem_loaded,9,0,1,1024,16384,0,0,42,3,1802124537,749363744,109992.9527,45737.5332,2.4049,1024,207
dsmem_loaded,9,0,1,1024,16384,0,0,42,3,1802160912,749378816,109995.1729,45738.4531,2.4049,1024,208
dsmem_loaded,9,0,1,1024,16384,0,0,42,3,1802147330,749373216,109994.3439,45738.1113,2.4049,1024,209
dsmem_loaded,9,0,1,1024,16384,0,0,42,3,1802174717,749384608,109996.0154,45738.8066,2.4049,1024,210
dsmem_loaded,9,0,1,1024,16384,0,0,42,3,1802157609,749377472,109994.9713,45738.3711,2.4049,1024,211
dsmem_loaded,9,0,1,1024,16384,0,0,42,3,1802126063,749364384,109993.0458,45737.5723,2.4049,1024,212
dsmem_loaded,9,0,1,1024,16384,0,0,42,3,1802140729,749370464,109993.9410,45737.9434,2.4049,1024,213
dsmem_loaded,9,0,1,1024,16384,0,0,42,3,1802136455,749368672,109993.6801,45737.8340,2.4049,1024,214
dsmem_loaded,9,0,1,1024,16384,0,0,42,3,1802136451,749368704,109993.6799,45737.8359,2.4049,1024,215
dsmem_loaded,9,0,1,1024,16384,0,0,42,3,1802126675,749364608,109993.0832,45737.5859,2.4049,1024,216
dsmem_loaded,9,0,1,1024,16384,0,0,42,3,1802140859,749370528,109993.9489,45737.9473,2.4049,1024,217
dsmem_loaded,9,0,1,1024,16384,0,0,42,3,1802137066,749368960,109993.7174,45737.8516,2.4049,1024,218
dsmem_loaded,9,0,1,1024,16384,0,0,42,3,1802127044,749364768,109993.1057,45737.5957,2.4049,1024,219
dsmem_loaded,9,0,1,1024,16384,0,0,42,3,1802126555,749364576,109993.0759,45737.5840,2.4049,1024,220
dsmem_loaded,9,0,1,1024,16384,0,0,42,3,1802124537,749363744,109992.9527,45737.5332,2.4049,1024,221
dsmem_loaded,9,0,1,1024,16384,0,0,42,3,1802124537,749363744,109992.9527,45737.5332,2.4049,1024,222
dsmem_loaded,9,0,1,1024,16384,0,0,42,3,1802126677,749364640,109993.0833,45737.5879,2.4049,1024,223
dsmem_loaded,9,0,1,1024,16384,0,0,42,3,1802187457,749389856,109996.7930,45739.1270,2.4049,1024,224
dsmem_loaded,9,0,1,1024,16384,0,0,42,3,1802180482,749386944,109996.3673,45738.9492,2.4049,1024,225
dsmem_loaded,9,0,1,1024,16384,0,0,42,3,1802191001,749391360,109997.0093,45739.2188,2.4049,1024,226
dsmem_loaded,9,0,1,1024,16384,0,0,42,3,1802171540,749383232,109995.8215,45738.7227,2.4049,1024,227
dsmem_loaded,9,0,1,1024,16384,0,0,42,3,1802170324,749382720,109995.7473,45738.6914,2.4049,1024,228
dsmem_loaded,9,0,1,1024,16384,0,0,42,3,1802125811,749364256,109993.0305,45737.5645,2.4049,1024,229
dsmem_loaded,9,0,1,1024,16384,0,0,42,3,1802177292,749385632,109996.1726,45738.8691,2.4049,1024,230
dsmem_loaded,9,0,1,1024,16384,0,0,42,3,1802191337,749391488,109997.0298,45739.2266,2.4049,1024,231
dsmem_loaded,9,0,1,1024,16384,0,0,42,3,1802173868,749384192,109995.9636,45738.7812,2.4049,1024,232
dsmem_loaded,9,0,1,1024,16384,0,0,42,3,1802171796,749383328,109995.8372,45738.7285,2.4049,1024,233
dsmem_loaded,9,0,1,1024,16384,0,0,42,3,1802188174,749390176,109996.8368,45739.1465,2.4049,1024,234
dsmem_loaded,9,0,1,1024,16384,0,0,42,3,1802190750,749391232,109996.9940,45739.2109,2.4049,1024,235
dsmem_loaded,9,0,1,1024,16384,0,0,42,3,1802127030,749364768,109993.1049,45737.5957,2.4049,1024,236
dsmem_loaded,9,0,1,1024,16384,0,0,42,3,1802124537,749363744,109992.9527,45737.5332,2.4049,1024,237
dsmem_loaded,9,0,1,1024,16384,0,0,42,3,1802124538,749363712,109992.9528,45737.5312,2.4049,1024,238
dsmem_loaded,9,0,1,1024,16384,0,0,42,3,1802144265,749371904,109994.1568,45738.0312,2.4049,1024,239
dsmem_loaded,9,0,1,1024,16384,0,0,42,3,1802164561,749380352,109995.3956,45738.5469,2.4049,1024,240
dsmem_loaded,9,0,1,1024,16384,0,0,42,3,1802177168,749385600,109996.1650,45738.8672,2.4049,1024,241
dsmem_loaded,9,0,1,1024,16384,0,0,42,3,1802178369,749386112,109996.2383,45738.8984,2.4049,1024,242
dsmem_loaded,9,0,1,1024,16384,0,0,42,3,1802162481,749379488,109995.2686,45738.4941,2.4049,1024,243
dsmem_loaded,9,0,1,1024,16384,0,0,42,3,1802126537,749364576,109993.0748,45737.5840,2.4049,1024,244
dsmem_loaded,9,0,1,1024,16384,0,0,42,3,1802127271,749364864,109993.1196,45737.6016,2.4049,1024,245
dsmem_loaded,9,0,1,1024,16384,0,0,42,3,1802125443,749364128,109993.0080,45737.5566,2.4049,1024,246
dsmem_loaded,9,0,1,1024,16384,0,0,42,3,1802126784,749364672,109993.0898,45737.5898,2.4049,1024,247
dsmem_loaded,9,0,1,1024,16384,0,0,42,3,1802136194,749368576,109993.6642,45737.8281,2.4049,1024,248
dsmem_loaded,9,0,1,1024,16384,0,0,42,3,1802144147,749371872,109994.1496,45738.0293,2.4049,1024,249
dsmem_loaded,9,0,1,1024,16384,0,0,42,3,1802127272,749364864,109993.1196,45737.6016,2.4049,1024,250
dsmem_loaded,9,0,1,1024,16384,0,0,42,3,1802126172,749364416,109993.0525,45737.5742,2.4049,1024,251
dsmem_loaded,9,0,1,1024,16384,0,0,42,3,1802124537,749363744,109992.9527,45737.5332,2.4049,1024,252
dsmem_loaded,9,0,1,1024,16384,0,0,42,3,1802127272,749364864,109993.1196,45737.6016,2.4049,1024,253
dsmem_loaded,9,0,1,1024,16384,0,0,42,3,1802151110,749374752,109994.5746,45738.2051,2.4049,1024,254
dsmem_loaded,9,0,1,1024,16384,0,0,42,3,1802124537,749363744,109992.9527,45737.5332,2.4049,1024,255
dsmem_loaded,9,0,1,1024,16384,0,0,42,4,1802180228,749386848,109996.3518,45738.9434,2.4049,1024,0
dsmem_loaded,9,0,1,1024,16384,0,0,42,4,1802162754,749379552,109995.2853,45738.4980,2.4049,1024,1
dsmem_loaded,9,0,1,1024,16384,0,0,42,4,1802167149,749381376,109995.5535,45738.6094,2.4049,1024,2
dsmem_loaded,9,0,1,1024,16384,0,0,42,4,1802121661,749362496,109992.7772,45737.4570,2.4049,1024,3
dsmem_loaded,9,0,1,1024,16384,0,0,42,4,1802180964,749387168,109996.3967,45738.9629,2.4049,1024,4
dsmem_loaded,9,0,1,1024,16384,0,0,42,4,1802166782,749381248,109995.5311,45738.6016,2.4049,1024,5
dsmem_loaded,9,0,1,1024,16384,0,0,42,4,1802114807,749359616,109992.3588,45737.2812,2.4049,1024,6
dsmem_loaded,9,0,1,1024,16384,0,0,42,4,1802169835,749382528,109995.7175,45738.6797,2.4049,1024,7
dsmem_loaded,9,0,1,1024,16384,0,0,42,4,1802179605,749386592,109996.3138,45738.9277,2.4049,1024,8
dsmem_loaded,9,0,1,1024,16384,0,0,42,4,1802118354,749361120,109992.5753,45737.3730,2.4049,1024,9
dsmem_loaded,9,0,1,1024,16384,0,0,42,4,1802149063,749373888,109994.4496,45738.1523,2.4049,1024,10
dsmem_loaded,9,0,1,1024,16384,0,0,42,4,1802106129,749356032,109991.8292,45737.0625,2.4049,1024,11
dsmem_loaded,9,0,1,1024,16384,0,0,42,4,1802103691,749355040,109991.6804,45737.0020,2.4049,1024,12
dsmem_loaded,9,0,1,1024,16384,0,0,42,4,1802105160,749355648,109991.7700,45737.0391,2.4049,1024,13
dsmem_loaded,9,0,1,1024,16384,0,0,42,4,1802117985,749360960,109992.5528,45737.3633,2.4049,1024,14
dsmem_loaded,9,0,1,1024,16384,0,0,42,4,1802168248,749381856,109995.6206,45738.6387,2.4049,1024,15
dsmem_loaded,9,0,1,1024,16384,0,0,42,4,1802119707,749361664,109992.6579,45737.4062,2.4049,1024,16
dsmem_loaded,9,0,1,1024,16384,0,0,42,4,1802122637,749362912,109992.8367,45737.4824,2.4049,1024,17
dsmem_loaded,9,0,1,1024,16384,0,0,42,4,1802112008,749358496,109992.1880,45737.2129,2.4049,1024,18
dsmem_loaded,9,0,1,1024,16384,0,0,42,4,1802127043,749364704,109993.1057,45737.5918,2.4049,1024,19
dsmem_loaded,9,0,1,1024,16384,0,0,42,4,1802104056,749355168,109991.7026,45737.0098,2.4049,1024,20
dsmem_loaded,9,0,1,1024,16384,0,0,42,4,1802104547,749355360,109991.7326,45737.0215,2.4049,1024,21
dsmem_loaded,9,0,1,1024,16384,0,0,42,4,1802104428,749355328,109991.7253,45737.0195,2.4049,1024,22
dsmem_loaded,9,0,1,1024,16384,0,0,42,4,1802104913,749355520,109991.7549,45737.0312,2.4049,1024,23
dsmem_loaded,9,0,1,1024,16384,0,0,42,4,1802105526,749355776,109991.7924,45737.0469,2.4049,1024,24
dsmem_loaded,9,0,1,1024,16384,0,0,42,4,1802103033,749354752,109991.6402,45736.9844,2.4049,1024,25
dsmem_loaded,9,0,1,1024,16384,0,0,42,4,1802105522,749355744,109991.7921,45737.0449,2.4049,1024,26
dsmem_loaded,9,0,1,1024,16384,0,0,42,4,1802104671,749355456,109991.7402,45737.0273,2.4049,1024,27
dsmem_loaded,9,0,1,1024,16384,0,0,42,4,1802103034,749354784,109991.6403,45736.9863,2.4049,1024,28
dsmem_loaded,9,0,1,1024,16384,0,0,42,4,1802105649,749355840,109991.7999,45737.0508,2.4049,1024,29
dsmem_loaded,9,0,1,1024,16384,0,0,42,4,1802103033,749354784,109991.6402,45736.9863,2.4049,1024,30
dsmem_loaded,9,0,1,1024,16384,0,0,42,4,1802103033,749354752,109991.6402,45736.9844,2.4049,1024,31
dsmem_loaded,9,0,1,1024,16384,0,0,42,4,1802179013,749386336,109996.2776,45738.9121,2.4049,1024,32
dsmem_loaded,9,0,1,1024,16384,0,0,42,4,1802165565,749380736,109995.4568,45738.5703,2.4049,1024,33
dsmem_loaded,9,0,1,1024,16384,0,0,42,4,1802142929,749371328,109994.0753,45737.9961,2.4049,1024,34
dsmem_loaded,9,0,1,1024,16384,0,0,42,4,1802173867,749384192,109995.9636,45738.7812,2.4049,1024,35
dsmem_loaded,9,0,1,1024,16384,0,0,42,4,1802129115,749365568,109993.2321,45737.6445,2.4049,1024,36
dsmem_loaded,9,0,1,1024,16384,0,0,42,4,1802159689,749378304,109995.0982,45738.4219,2.4049,1024,37
dsmem_loaded,9,0,1,1024,16384,0,0,42,4,1802146109,749372640,109994.2693,45738.0762,2.4049,1024,38
dsmem_loaded,9,0,1,1024,16384,0,0,42,4,1802162146,749379328,109995.2482,45738.4844,2.4049,1024,39
dsmem_loaded,9,0,1,1024,16384,0,0,42,4,1802135705,749368320,109993.6343,45737.8125,2.4049,1024,40
dsmem_loaded,9,0,1,1024,16384,0,0,42,4,1802159802,749378336,109995.1051,45738.4238,2.4049,1024,41
dsmem_loaded,9,0,1,1024,16384,0,0,42,4,1802169354,749382304,109995.6881,45738.6660,2.4049,1024,42
dsmem_loaded,9,0,1,1024,16384,0,0,42,4,1802132040,749366816,109993.4106,45737.7207,2.4049,1024,43
dsmem_loaded,9,0,1,1024,16384,0,0,42,4,1802103033,749354752,109991.6402,45736.9844,2.4049,1024,44
dsmem_loaded,9,0,1,1024,16384,0,0,42,4,1802105524,749355776,109991.7922,45737.0469,2.4049,1024,45
dsmem_loaded,9,0,1,1024,16384,0,0,42,4,1802103033,749354720,109991.6402,45736.9824,2.4049,1024,46
dsmem_loaded,9,0,1,1024,16384,0,0,42,4,1802103034,749354752,109991.6403,45736.9844,2.4049,1024,47
dsmem_loaded,9,0,1,1024,16384,0,0,42,4,1802105398,749355744,109991.7845,45737.0449,2.4049,1024,48
dsmem_loaded,9,0,1,1024,16384,0,0,42,4,1802118974,749361376,109992.6132,45737.3887,2.4049,1024,49
dsmem_loaded,9,0,1,1024,16384,0,0,42,4,1802115674,749360000,109992.4117,45737.3047,2.4049,1024,50
dsmem_loaded,9,0,1,1024,16384,0,0,42,4,1802152581,749375360,109994.6644,45738.2422,2.4049,1024,51
dsmem_loaded,9,0,1,1024,16384,0,0,42,4,1802105283,749355680,109991.7775,45737.0410,2.4049,1024,52
dsmem_loaded,9,0,1,1024,16384,0,0,42,4,1802104913,749355552,109991.7549,45737.0332,2.4049,1024,53
dsmem_loaded,9,0,1,1024,16384,0,0,42,4,1802105402,749355776,109991.7848,45737.0469,2.4049,1024,54
dsmem_loaded,9,0,1,1024,16384,0,0,42,4,1802105893,749355936,109991.8148,45737.0566,2.4049,1024,55
dsmem_loaded,9,0,1,1024,16384,0,0,42,4,1802104427,749355360,109991.7253,45737.0215,2.4049,1024,56
dsmem_loaded,9,0,1,1024,16384,0,0,42,4,1802104922,749355520,109991.7555,45737.0312,2.4049,1024,57
dsmem_loaded,9,0,1,1024,16384,0,0,42,4,1802104553,749355392,109991.7330,45737.0234,2.4049,1024,58
dsmem_loaded,9,0,1,1024,16384,0,0,42,4,1802104794,749355520,109991.7477,45737.0312,2.4049,1024,59
dsmem_loaded,9,0,1,1024,16384,0,0,42,4,1802105279,749355680,109991.7773,45737.0410,2.4049,1024,60
dsmem_loaded,9,0,1,1024,16384,0,0,42,4,1802103033,749354752,109991.6402,45736.9844,2.4049,1024,61
dsmem_loaded,9,0,1,1024,16384,0,0,42,4,1802132915,749367168,109993.4641,45737.7422,2.4049,1024,62
dsmem_loaded,9,0,1,1024,16384,0,0,42,4,1802104920,749355552,109991.7554,45737.0332,2.4049,1024,63
dsmem_loaded,9,0,1,1024,16384,0,0,42,4,1802118738,749361280,109992.5988,45737.3828,2.4049,1024,64
dsmem_loaded,9,0,1,1024,16384,0,0,42,4,1802103033,749354752,109991.6402,45736.9844,2.4049,1024,65
dsmem_loaded,9,0,1,1024,16384,0,0,42,4,1802103033,749354720,109991.6402,45736.9824,2.4049,1024,66
dsmem_loaded,9,0,1,1024,16384,0,0,42,4,1802153829,749375840,109994.7405,45738.2715,2.4049,1024,67
dsmem_loaded,9,0,1,1024,16384,0,0,42,4,1802118378,749361120,109992.5768,45737.3730,2.4049,1024,68
dsmem_loaded,9,0,1,1024,16384,0,0,42,4,1802170204,749382688,109995.7400,45738.6895,2.4049,1024,69
dsmem_loaded,9,0,1,1024,16384,0,0,42,4,1802172657,749383680,109995.8897,45738.7500,2.4049,1024,70
dsmem_loaded,9,0,1,1024,16384,0,0,42,4,1802168877,749382112,109995.6590,45738.6543,2.4049,1024,71
dsmem_loaded,9,0,1,1024,16384,0,0,42,4,1802165451,749380704,109995.4499,45738.5684,2.4049,1024,72
dsmem_loaded,9,0,1,1024,16384,0,0,42,4,1802169348,749382336,109995.6877,45738.6680,2.4049,1024,73
dsmem_loaded,9,0,1,1024,16384,0,0,42,4,1802142699,749371200,109994.0612,45737.9883,2.4049,1024,74
dsmem_loaded,9,0,1,1024,16384,0,0,42,4,1802176805,749385408,109996.1429,45738.8555,2.4049,1024,75
dsmem_loaded,9,0,1,1024,16384,0,0,42,4,1802103033,749354720,109991.6402,45736.9824,2.4049,1024,76
dsmem_loaded,9,0,1,1024,16384,0,0,42,4,1802128282,749365248,109993.1813,45737.6250,2.4049,1024,77
dsmem_loaded,9,0,1,1024,16384,0,0,42,4,1802146617,749372864,109994.3004,45738.0898,2.4049,1024,78
dsmem_loaded,9,0,1,1024,16384,0,0,42,4,1802103033,749354784,109991.6402,45736.9863,2.4049,1024,79
dsmem_loaded,9,0,1,1024,16384,0,0,42,4,1802170207,749382688,109995.7402,45738.6895,2.4049,1024,80
dsmem_loaded,9,0,1,1024,16384,0,0,42,4,1802105658,749355808,109991.8004,45737.0488,2.4049,1024,81
dsmem_loaded,9,0,1,1024,16384,0,0,42,4,1802131953,749366752,109993.4053,45737.7168,2.4049,1024,82
dsmem_loaded,9,0,1,1024,16384,0,0,42,4,1802129377,749365696,109993.2481,45737.6523,2.4049,1024,83
dsmem_loaded,9,0,1,1024,16384,0,0,42,4,1802105660,749355840,109991.8005,45737.0508,2.4049,1024,84
dsmem_loaded,9,0,1,1024,16384,0,0,42,4,1802104558,749355424,109991.7333,45737.0254,2.4049,1024,85
dsmem_loaded,9,0,1,1024,16384,0,0,42,4,1802135611,749368288,109993.6286,45737.8105,2.4049,1024,86
dsmem_loaded,9,0,1,1024,16384,0,0,42,4,1802114956,749359712,109992.3679,45737.2871,2.4049,1024,87
dsmem_loaded,9,0,1,1024,16384,0,0,42,4,1802104924,749355520,109991.7556,45737.0312,2.4049,1024,88
dsmem_loaded,9,0,1,1024,16384,0,0,42,4,1802104562,749355360,109991.7335,45737.0215,2.4049,1024,89
dsmem_loaded,9,0,1,1024,16384,0,0,42,4,1802104680,749355456,109991.7407,45737.0273,2.4049,1024,90
dsmem_loaded,9,0,1,1024,16384,0,0,42,4,1802105413,749355712,109991.7855,45737.0430,2.4049,1024,91
dsmem_loaded,9,0,1,1024,16384,0,0,42,4,1802104313,749355296,109991.7183,45737.0176,2.4049,1024,92
dsmem_loaded,9,0,1,1024,16384,0,0,42,4,1802105049,749355584,109991.7632,45737.0352,2.4049,1024,93
dsmem_loaded,9,0,1,1024,16384,0,0,42,4,1802105290,749355712,109991.7780,45737.0430,2.4049,1024,94
dsmem_loaded,9,0,1,1024,16384,0,0,42,4,1802105289,749355680,109991.7779,45737.0410,2.4049,1024,95
dsmem_loaded,9,0,1,1024,16384,0,0,42,4,1802143069,749371392,109994.0838,45738.0000,2.4049,1024,96
dsmem_loaded,9,0,1,1024,16384,0,0,42,4,1802187208,749389728,109996.7778,45739.1191,2.4049,1024,97
dsmem_loaded,9,0,1,1024,16384,0,0,42,4,1802173398,749383968,109995.9349,45738.7676,2.4049,1024,98
dsmem_loaded,9,0,1,1024,16384,0,0,42,4,1802169978,749382592,109995.7262,45738.6836,2.4049,1024,99
dsmem_loaded,9,0,1,1024,16384,0,0,42,4,1802130115,749366048,109993.2932,45737.6738,2.4049,1024,100
dsmem_loaded,9,0,1,1024,16384,0,0,42,4,1802162510,749379456,109995.2704,45738.4922,2.4049,1024,101
dsmem_loaded,9,0,1,1024,16384,0,0,42,4,1802125472,749364064,109993.0098,45737.5527,2.4049,1024,102
dsmem_loaded,9,0,1,1024,16384,0,0,42,4,1802163604,749379904,109995.3372,45738.5195,2.4049,1024,103
dsmem_loaded,9,0,1,1024,16384,0,0,42,4,1802179749,749386656,109996.3226,45738.9316,2.4049,1024,104
dsmem_loaded,9,0,1,1024,16384,0,0,42,4,1802170207,749382688,109995.7402,45738.6895,2.4049,1024,105
dsmem_loaded,9,0,1,1024,16384,0,0,42,4,1802134026,749367616,109993.5319,45737.7695,2.4049,1024,106
dsmem_loaded,9,0,1,1024,16384,0,0,42,4,1802167271,749381472,109995.5610,45738.6152,2.4049,1024,107
dsmem_loaded,9,0,1,1024,16384,0,0,42,4,1802134879,749367968,109993.5839,45737.7910,2.4049,1024,108
dsmem_loaded,9,0,1,1024,16384,0,0,42,4,1802103034,749354752,109991.6403,45736.9844,2.4049,1024,109
dsmem_loaded,9,0,1,1024,16384,0,0,42,4,1802103033,749354752,109991.6402,45736.9844,2.4049,1024,110
dsmem_loaded,9,0,1,1024,16384,0,0,42,4,1802103033,749354720,109991.6402,45736.9824,2.4049,1024,111
dsmem_loaded,9,0,1,1024,16384,0,0,42,4,1802105417,749355744,109991.7857,45737.0449,2.4049,1024,112
dsmem_loaded,9,0,1,1024,16384,0,0,42,4,1802117890,749360896,109992.5470,45737.3594,2.4049,1024,113
dsmem_loaded,9,0,1,1024,16384,0,0,42,4,1802115081,749359744,109992.3755,45737.2891,2.4049,1024,114
dsmem_loaded,9,0,1,1024,16384,0,0,42,4,1802104932,749355520,109991.7561,45737.0312,2.4049,1024,115
dsmem_loaded,9,0,1,1024,16384,0,0,42,4,1802132792,749367104,109993.4565,45737.7383,2.4049,1024,116
dsmem_loaded,9,0,1,1024,16384,0,0,42,4,1802105900,749355936,109991.8152,45737.0566,2.4049,1024,117
dsmem_loaded,9,0,1,1024,16384,0,0,42,4,1802115323,749359840,109992.3903,45737.2949,2.4049,1024,118
dsmem_loaded,9,0,1,1024,16384,0,0,42,4,1802105170,749355616,109991.7706,45737.0371,2.4049,1024,119
dsmem_loaded,9,0,1,1024,16384,0,0,42,4,1802105535,749355840,109991.7929,45737.0508,2.4049,1024,120
dsmem_loaded,9,0,1,1024,16384,0,0,42,4,1802104192,749355200,109991.7109,45737.0117,2.4049,1024,121
dsmem_loaded,9,0,1,1024,16384,0,0,42,4,1802118249,749361056,109992.5689,45737.3691,2.4049,1024,122
dsmem_loaded,9,0,1,1024,16384,0,0,42,4,1802105050,749355584,109991.7633,45737.0352,2.4049,1024,123
dsmem_loaded,9,0,1,1024,16384,0,0,42,4,1802103033,749354752,109991.6402,45736.9844,2.4049,1024,124
dsmem_loaded,9,0,1,1024,16384,0,0,42,4,1802104805,749355488,109991.7484,45737.0293,2.4049,1024,125
dsmem_loaded,9,0,1,1024,16384,0,0,42,4,1802106395,749356160,109991.8454,45737.0703,2.4049,1024,126
dsmem_loaded,9,0,1,1024,16384,0,0,42,4,1802105662,749355872,109991.8007,45737.0527,2.4049,1024,127
dsmem_loaded,9,0,1,1024,16384,0,0,42,4,1802103033,749354752,109991.6402,45736.9844,2.4049,1024,128
dsmem_loaded,9,0,1,1024,16384,0,0,42,4,1802173648,749384064,109995.9502,45738.7734,2.4049,1024,129
dsmem_loaded,9,0,1,1024,16384,0,0,42,4,1802134150,749367648,109993.5394,45737.7715,2.4049,1024,130
dsmem_loaded,9,0,1,1024,16384,0,0,42,4,1802179754,749386656,109996.3229,45738.9316,2.4049,1024,131
dsmem_loaded,9,0,1,1024,16384,0,0,42,4,1802162034,749379264,109995.2413,45738.4805,2.4049,1024,132
dsmem_loaded,9,0,1,1024,16384,0,0,42,4,1802178781,749386240,109996.2635,45738.9062,2.4049,1024,133
dsmem_loaded,9,0,1,1024,16384,0,0,42,4,1802125336,749364000,109993.0015,45737.5488,2.4049,1024,134
dsmem_loaded,9,0,1,1024,16384,0,0,42,4,1802176823,749385408,109996.1440,45738.8555,2.4049,1024,135
dsmem_loaded,9,0,1,1024,16384,0,0,42,4,1802158971,749378016,109995.0544,45738.4043,2.4049,1024,136
dsmem_loaded,9,0,1,1024,16384,0,0,42,4,1802119350,749361536,109992.6361,45737.3984,2.4049,1024,137
dsmem_loaded,9,0,1,1024,16384,0,0,42,4,1802172674,749383680,109995.8907,45738.7500,2.4049,1024,138
dsmem_loaded,9,0,1,1024,16384,0,0,42,4,1802157497,749377408,109994.9644,45738.3672,2.4049,1024,139
dsmem_loaded,9,0,1,1024,16384,0,0,42,4,1802168506,749381952,109995.6364,45738.6445,2.4049,1024,140
dsmem_loaded,9,0,1,1024,16384,0,0,42,4,1802104682,749355424,109991.7408,45737.0254,2.4049,1024,141
dsmem_loaded,9,0,1,1024,16384,0,0,42,4,1802103033,749354752,109991.6402,45736.9844,2.4049,1024,142
dsmem_loaded,9,0,1,1024,16384,0,0,42,4,1802104437,749355360,109991.7259,45737.0215,2.4049,1024,143
dsmem_loaded,9,0,1,1024,16384,0,0,42,4,1802116544,749360352,109992.4648,45737.3262,2.4049,1024,144
dsmem_loaded,9,0,1,1024,16384,0,0,42,4,1802120091,749361856,109992.6813,45737.4180,2.4049,1024,145
dsmem_loaded,9,0,1,1024,16384,0,0,42,4,1802127302,749364864,109993.1215,45737.6016,2.4049,1024,146
dsmem_loaded,9,0,1,1024,16384,0,0,42,4,1802161152,749378944,109995.1875,45738.4609,2.4049,1024,147
dsmem_loaded,9,0,1,1024,16384,0,0,42,4,1802104193,749355264,109991.7110,45737.0156,2.4049,1024,148
dsmem_loaded,9,0,1,1024,16384,0,0,42,4,1802104809,749355488,109991.7486,45737.0293,2.4049,1024,149
dsmem_loaded,9,0,1,1024,16384,0,0,42,4,1802119602,749361632,109992.6515,45737.4043,2.4049,1024,150
dsmem_loaded,9,0,1,1024,16384,0,0,42,4,1802104681,749355424,109991.7408,45737.0254,2.4049,1024,151
dsmem_loaded,9,0,1,1024,16384,0,0,42,4,1802105297,749355680,109991.7784,45737.0410,2.4049,1024,152
dsmem_loaded,9,0,1,1024,16384,0,0,42,4,1802104561,749355392,109991.7335,45737.0234,2.4049,1024,153
dsmem_loaded,9,0,1,1024,16384,0,0,42,4,1802118496,749361184,109992.5840,45737.3770,2.4049,1024,154
dsmem_loaded,9,0,1,1024,16384,0,0,42,4,1802105171,749355680,109991.7707,45737.0410,2.4049,1024,155
dsmem_loaded,9,0,1,1024,16384,0,0,42,4,1802105412,749355712,109991.7854,45737.0430,2.4049,1024,156
dsmem_loaded,9,0,1,1024,16384,0,0,42,4,1802103033,749354752,109991.6402,45736.9844,2.4049,1024,157
dsmem_loaded,9,0,1,1024,16384,0,0,42,4,1802104561,749355392,109991.7335,45737.0234,2.4049,1024,158
dsmem_loaded,9,0,1,1024,16384,0,0,42,4,1802103033,749354784,109991.6402,45736.9863,2.4049,1024,159
dsmem_loaded,9,0,1,1024,16384,0,0,42,4,1802189538,749390688,109996.9200,45739.1777,2.4049,1024,160
dsmem_loaded,9,0,1,1024,16384,0,0,42,4,1802168634,749382016,109995.6442,45738.6484,2.4049,1024,161
dsmem_loaded,9,0,1,1024,16384,0,0,42,4,1802118491,749361152,109992.5837,45737.3750,2.4049,1024,162
dsmem_loaded,9,0,1,1024,16384,0,0,42,4,1802169857,749382496,109995.7188,45738.6777,2.4049,1024,163
dsmem_loaded,9,0,1,1024,16384,0,0,42,4,1802187088,749389696,109996.7705,45739.1172,2.4049,1024,164
dsmem_loaded,9,0,1,1024,16384,0,0,42,4,1802162889,749379648,109995.2935,45738.5039,2.4049,1024,165
dsmem_loaded,9,0,1,1024,16384,0,0,42,4,1802169249,749382240,109995.6817,45738.6621,2.4049,1024,166
dsmem_loaded,9,0,1,1024,16384,0,0,42,4,1802135619,749368288,109993.6291,45737.8105,2.4049,1024,167
dsmem_loaded,9,0,1,1024,16384,0,0,42,4,1802193941,749392544,109997.1888,45739.2910,2.4049,1024,168
dsmem_loaded,9,0,1,1024,16384,0,0,42,4,1802103033,749354720,109991.6402,45736.9824,2.4049,1024,169
dsmem_loaded,9,0,1,1024,16384,0,0,42,4,1802122405,749362752,109992.8226,45737.4727,2.4049,1024,170
dsmem_loaded,9,0,1,1024,16384,0,0,42,4,1802126448,749364512,109993.0693,45737.5801,2.4049,1024,171
dsmem_loaded,9,0,1,1024,16384,0,0,42,4,1802103033,749354752,109991.6402,45736.9844,2.4049,1024,172
dsmem_loaded,9,0,1,1024,16384,0,0,42,4,1802170098,749382624,109995.7335,45738.6855,2.4049,1024,173
dsmem_loaded,9,0,1,1024,16384,0,0,42,4,1802118991,749361376,109992.6142,45737.3887,2.4049,1024,174
dsmem_loaded,9,0,1,1024,16384,0,0,42,4,1802134025,749367648,109993.5318,45737.7715,2.4049,1024,175
dsmem_loaded,9,0,1,1024,16384,0,0,42,4,1802105661,749355840,109991.8006,45737.0508,2.4049,1024,176
dsmem_loaded,9,0,1,1024,16384,0,0,42,4,1802115321,749359840,109992.3902,45737.2949,2.4049,1024,177
dsmem_loaded,9,0,1,1024,16384,0,0,42,4,1802105665,749355840,109991.8008,45737.0508,2.4049,1024,178
dsmem_loaded,9,0,1,1024,16384,0,0,42,4,1802125708,749364160,109993.0242,45737.5586,2.4049,1024,179
dsmem_loaded,9,0,1,1024,16384,0,0,42,4,1802103947,749355136,109991.6960,45737.0078,2.4049,1024,180
dsmem_loaded,9,0,1,1024,16384,0,0,42,4,1802104434,749355360,109991.7257,45737.0215,2.4049,1024,181
dsmem_loaded,9,0,1,1024,16384,0,0,42,4,1802104312,749355264,109991.7183,45737.0156,2.4049,1024,182
dsmem_loaded,9,0,1,1024,16384,0,0,42,4,1802105542,749355776,109991.7933,45737.0469,2.4049,1024,183
dsmem_loaded,9,0,1,1024,16384,0,0,42,4,1802104925,749355584,109991.7557,45737.0352,2.4049,1024,184
dsmem_loaded,9,0,1,1024,16384,0,0,42,4,1802105788,749355872,109991.8083,45737.0527,2.4049,1024,185
dsmem_loaded,9,0,1,1024,16384,0,0,42,4,1802104314,749355296,109991.7184,45737.0176,2.4049,1024,186
dsmem_loaded,9,0,1,1024,16384,0,0,42,4,1802104803,749355488,109991.7482,45737.0293,2.4049,1024,187
dsmem_loaded,9,0,1,1024,16384,0,0,42,4,1802104803,749355520,109991.7482,45737.0312,2.4049,1024,188
dsmem_loaded,9,0,1,1024,16384,0,0,42,4,1802104435,749355328,109991.7258,45737.0195,2.4049,1024,189
dsmem_loaded,9,0,1,1024,16384,0,0,42,4,1802103033,749354752,109991.6402,45736.9844,2.4049,1024,190
dsmem_loaded,9,0,1,1024,16384,0,0,42,4,1802103033,749354784,109991.6402,45736.9863,2.4049,1024,191
dsmem_loaded,9,0,1,1024,16384,0,0,42,4,1802183898,749388352,109996.5758,45739.0352,2.4049,1024,192
dsmem_loaded,9,0,1,1024,16384,0,0,42,4,1802165697,749380800,109995.4649,45738.5742,2.4049,1024,193
dsmem_loaded,9,0,1,1024,16384,0,0,42,4,1802175473,749384864,109996.0616,45738.8223,2.4049,1024,194
dsmem_loaded,9,0,1,1024,16384,0,0,42,4,1802130703,749366272,109993.3290,45737.6875,2.4049,1024,195
dsmem_loaded,9,0,1,1024,16384,0,0,42,4,1802172176,749383488,109995.8604,45738.7383,2.4049,1024,196
dsmem_loaded,9,0,1,1024,16384,0,0,42,4,1802122638,749362880,109992.8368,45737.4805,2.4049,1024,197
dsmem_loaded,9,0,1,1024,16384,0,0,42,4,1802103033,749354720,109991.6402,45736.9824,2.4049,1024,198
dsmem_loaded,9,0,1,1024,16384,0,0,42,4,1802172541,749383648,109995.8826,45738.7480,2.4049,1024,199
dsmem_loaded,9,0,1,1024,16384,0,0,42,4,1802132052,749366784,109993.4114,45737.7188,2.4049,1024,200
dsmem_loaded,9,0,1,1024,16384,0,0,42,4,1802125452,749364096,109993.0085,45737.5547,2.4049,1024,201
dsmem_loaded,9,0,1,1024,16384,0,0,42,4,1802162505,749379488,109995.2701,45738.4941,2.4049,1024,202
dsmem_loaded,9,0,1,1024,16384,0,0,42,4,1802149178,749373920,109994.4567,45738.1543,2.4049,1024,203
dsmem_loaded,9,0,1,1024,16384,0,0,42,4,1802103034,749354720,109991.6403,45736.9824,2.4049,1024,204
dsmem_loaded,9,0,1,1024,16384,0,0,42,4,1802104794,749355456,109991.7477,45737.0273,2.4049,1024,205
dsmem_loaded,9,0,1,1024,16384,0,0,42,4,1802105154,749355648,109991.7697,45737.0391,2.4049,1024,206
dsmem_loaded,9,0,1,1024,16384,0,0,42,4,1802103033,749354752,109991.6402,45736.9844,2.4049,1024,207
dsmem_loaded,9,0,1,1024,16384,0,0,42,4,1802152713,749375392,109994.6724,45738.2441,2.4049,1024,208
dsmem_loaded,9,0,1,1024,16384,0,0,42,4,1802126307,749364416,109993.0607,45737.5742,2.4049,1024,209
dsmem_loaded,9,0,1,1024,16384,0,0,42,4,1802162385,749379424,109995.2628,45738.4902,2.4049,1024,210
dsmem_loaded,9,0,1,1024,16384,0,0,42,4,1802128878,749365472,109993.2177,45737.6387,2.4049,1024,211
dsmem_loaded,9,0,1,1024,16384,0,0,42,4,1802104797,749355488,109991.7479,45737.0293,2.4049,1024,212
dsmem_loaded,9,0,1,1024,16384,0,0,42,4,1802104545,749355360,109991.7325,45737.0215,2.4049,1024,213
dsmem_loaded,9,0,1,1024,16384,0,0,42,4,1802104668,749355424,109991.7400,45737.0254,2.4049,1024,214
dsmem_loaded,9,0,1,1024,16384,0,0,42,4,1802105040,749355616,109991.7627,45737.0371,2.4049,1024,215
dsmem_loaded,9,0,1,1024,16384,0,0,42,4,1802105402,749355744,109991.7848,45737.0449,2.4049,1024,216
dsmem_loaded,9,0,1,1024,16384,0,0,42,4,1802105040,749355616,109991.7627,45737.0371,2.4049,1024,217
dsmem_loaded,9,0,1,1024,16384,0,0,42,4,1802105037,749355584,109991.7625,45737.0352,2.4049,1024,218
dsmem_loaded,9,0,1,1024,16384,0,0,42,4,1802132419,749366944,109993.4338,45737.7285,2.4049,1024,219
dsmem_loaded,9,0,1,1024,16384,0,0,42,4,1802105408,749355744,109991.7852,45737.0449,2.4049,1024,220
dsmem_loaded,9,0,1,1024,16384,0,0,42,4,1802103033,749354720,109991.6402,45736.9824,2.4049,1024,221
dsmem_loaded,9,0,1,1024,16384,0,0,42,4,1802105408,749355776,109991.7852,45737.0469,2.4049,1024,222
dsmem_loaded,9,0,1,1024,16384,0,0,42,4,1802103940,749355136,109991.6956,45737.0078,2.4049,1024,223
dsmem_loaded,9,0,1,1024,16384,0,0,42,4,1802169232,749382240,109995.6807,45738.6621,2.4049,1024,224
dsmem_loaded,9,0,1,1024,16384,0,0,42,4,1802176320,749385216,109996.1133,45738.8438,2.4049,1024,225
dsmem_loaded,9,0,1,1024,16384,0,0,42,4,1802172667,749383680,109995.8903,45738.7500,2.4049,1024,226
dsmem_loaded,9,0,1,1024,16384,0,0,42,4,1802104788,749355456,109991.7473,45737.0273,2.4049,1024,227
dsmem_loaded,9,0,1,1024,16384,0,0,42,4,1802186593,749389504,109996.7403,45739.1055,2.4049,1024,228
dsmem_loaded,9,0,1,1024,16384,0,0,42,4,1802139138,749369728,109993.8439,45737.8984,2.4049,1024,229
dsmem_loaded,9,0,1,1024,16384,0,0,42,4,1802145887,749372544,109994.2558,45738.0703,2.4049,1024,230
dsmem_loaded,9,0,1,1024,16384,0,0,42,4,1802152491,749375296,109994.6589,45738.2383,2.4049,1024,231
dsmem_loaded,9,0,1,1024,16384,0,0,42,4,1802162884,749379648,109995.2932,45738.5039,2.4049,1024,232
dsmem_loaded,9,0,1,1024,16384,0,0,42,4,1802129118,749365600,109993.2323,45737.6465,2.4049,1024,233
dsmem_loaded,9,0,1,1024,16384,0,0,42,4,1802133273,749367328,109993.4859,45737.7520,2.4049,1024,234
dsmem_loaded,9,0,1,1024,16384,0,0,42,4,1802155661,749376640,109994.8524,45738.3203,2.4049,1024,235
dsmem_loaded,9,0,1,1024,16384,0,0,42,4,1802105160,749355680,109991.7700,45737.0410,2.4049,1024,236
dsmem_loaded,9,0,1,1024,16384,0,0,42,4,1802119337,749361504,109992.6353,45737.3965,2.4049,1024,237
dsmem_loaded,9,0,1,1024,16384,0,0,42,4,1802103033,749354752,109991.6402,45736.9844,2.4049,1024,238
dsmem_loaded,9,0,1,1024,16384,0,0,42,4,1802115062,749359744,109992.3744,45737.2891,2.4049,1024,239
dsmem_loaded,9,0,1,1024,16384,0,0,42,4,1802118479,749361152,109992.5829,45737.3750,2.4049,1024,240
dsmem_loaded,9,0,1,1024,16384,0,0,42,4,1802121539,749362432,109992.7697,45737.4531,2.4049,1024,241
dsmem_loaded,9,0,1,1024,16384,0,0,42,4,1802129362,749365696,109993.2472,45737.6523,2.4049,1024,242
dsmem_loaded,9,0,1,1024,16384,0,0,42,4,1802104915,749355520,109991.7551,45737.0312,2.4049,1024,243
dsmem_loaded,9,0,1,1024,16384,0,0,42,4,1802105281,749355680,109991.7774,45737.0410,2.4049,1024,244
dsmem_loaded,9,0,1,1024,16384,0,0,42,4,1802119947,749361792,109992.6725,45737.4141,2.4049,1024,245
dsmem_loaded,9,0,1,1024,16384,0,0,42,4,1802142445,749371168,109994.0457,45737.9863,2.4049,1024,246
dsmem_loaded,9,0,1,1024,16384,0,0,42,4,1802105038,749355584,109991.7626,45737.0352,2.4049,1024,247
dsmem_loaded,9,0,1,1024,16384,0,0,42,4,1802104673,749355424,109991.7403,45737.0254,2.4049,1024,248
dsmem_loaded,9,0,1,1024,16384,0,0,42,4,1802118240,749361056,109992.5684,45737.3691,2.4049,1024,249
dsmem_loaded,9,0,1,1024,16384,0,0,42,4,1802104058,749355168,109991.7028,45737.0098,2.4049,1024,250
dsmem_loaded,9,0,1,1024,16384,0,0,42,4,1802119213,749361504,109992.6277,45737.3965,2.4049,1024,251
dsmem_loaded,9,0,1,1024,16384,0,0,42,4,1802103034,749354752,109991.6403,45736.9844,2.4049,1024,252
dsmem_loaded,9,0,1,1024,16384,0,0,42,4,1802103033,749354752,109991.6402,45736.9844,2.4049,1024,253
dsmem_loaded,9,0,1,1024,16384,0,0,42,4,1802104799,749355520,109991.7480,45737.0312,2.4049,1024,254
dsmem_loaded,9,0,1,1024,16384,0,0,42,4,1802103033,749354752,109991.6402,45736.9844,2.4049,1024,255
dsmem_loaded,9,0,1,1024,16384,0,0,42,5,1802159806,749380064,109995.1053,45738.5293,2.4049,1024,0
dsmem_loaded,9,0,1,1024,16384,0,0,42,5,1802172155,749385184,109995.8591,45738.8418,2.4049,1024,1
dsmem_loaded,9,0,1,1024,16384,0,0,42,5,1802092026,749351840,109990.9684,45736.8066,2.4049,1024,2
dsmem_loaded,9,0,1,1024,16384,0,0,42,5,1802162126,749380992,109995.2469,45738.5859,2.4049,1024,3
dsmem_loaded,9,0,1,1024,16384,0,0,42,5,1802141589,749372448,109993.9935,45738.0645,2.4049,1024,4
dsmem_loaded,9,0,1,1024,16384,0,0,42,5,1802173504,749385696,109995.9414,45738.8730,2.4049,1024,5
dsmem_loaded,9,0,1,1024,16384,0,0,42,5,1802145253,749373952,109994.2171,45738.1562,2.4049,1024,6
dsmem_loaded,9,0,1,1024,16384,0,0,42,5,1802148562,749375360,109994.4191,45738.2422,2.4049,1024,7
dsmem_loaded,9,0,1,1024,16384,0,0,42,5,1802129121,749367296,109993.2325,45737.7500,2.4049,1024,8
dsmem_loaded,9,0,1,1024,16384,0,0,42,5,1802172758,749385376,109995.8959,45738.8535,2.4049,1024,9
dsmem_loaded,9,0,1,1024,16384,0,0,42,5,1802145136,749373920,109994.2100,45738.1543,2.4049,1024,10
dsmem_loaded,9,0,1,1024,16384,0,0,42,5,1802145989,749374272,109994.2620,45738.1758,2.4049,1024,11
dsmem_loaded,9,0,1,1024,16384,0,0,42,5,1802093430,749352416,109991.0541,45736.8418,2.4049,1024,12
dsmem_loaded,9,0,1,1024,16384,0,0,42,5,1802092025,749351840,109990.9683,45736.8066,2.4049,1024,13
dsmem_loaded,9,0,1,1024,16384,0,0,42,5,1802107849,749358464,109991.9341,45737.2109,2.4049,1024,14
dsmem_loaded,9,0,1,1024,16384,0,0,42,5,1802092026,749351840,109990.9684,45736.8066,2.4049,1024,15
dsmem_loaded,9,0,1,1024,16384,0,0,42,5,1802122266,749364416,109992.8141,45737.5742,2.4049,1024,16
dsmem_loaded,9,0,1,1024,16384,0,0,42,5,1802093184,749352320,109991.0391,45736.8359,2.4049,1024,17
dsmem_loaded,9,0,1,1024,16384,0,0,42,5,1802108820,749358848,109991.9934,45737.2344,2.4049,1024,18
dsmem_loaded,9,0,1,1024,16384,0,0,42,5,1802111149,749359776,109992.1356,45737.2910,2.4049,1024,19
dsmem_loaded,9,0,1,1024,16384,0,0,42,5,1802092025,749351872,109990.9683,45736.8086,2.4049,1024,20
dsmem_loaded,9,0,1,1024,16384,0,0,42,5,1802093431,749352416,109991.0541,45736.8418,2.4049,1024,21
dsmem_loaded,9,0,1,1024,16384,0,0,42,5,1802100642,749355392,109991.4943,45737.0234,2.4049,1024,22
dsmem_loaded,9,0,1,1024,16384,0,0,42,5,1802094041,749352672,109991.0914,45736.8574,2.4049,1024,23
dsmem_loaded,9,0,1,1024,16384,0,0,42,5,1802121786,749364192,109992.7848,45737.5605,2.4049,1024,24
dsmem_loaded,9,0,1,1024,16384,0,0,42,5,1802094164,749352736,109991.0989,45736.8613,2.4049,1024,25
dsmem_loaded,9,0,1,1024,16384,0,0,42,5,1802094165,749352736,109991.0989,45736.8613,2.4049,1024,26
dsmem_loaded,9,0,1,1024,16384,0,0,42,5,1802093553,749352480,109991.0616,45736.8457,2.4049,1024,27
dsmem_loaded,9,0,1,1024,16384,0,0,42,5,1802107849,749358432,109991.9341,45737.2090,2.4049,1024,28
dsmem_loaded,9,0,1,1024,16384,0,0,42,5,1802095382,749353248,109991.1732,45736.8926,2.4049,1024,29
dsmem_loaded,9,0,1,1024,16384,0,0,42,5,1802094285,749352832,109991.1063,45736.8672,2.4049,1024,30
dsmem_loaded,9,0,1,1024,16384,0,0,42,5,1802094898,749353056,109991.1437,45736.8809,2.4049,1024,31
dsmem_loaded,9,0,1,1024,16384,0,0,42,5,1802165810,749382528,109995.4718,45738.6797,2.4049,1024,32
dsmem_loaded,9,0,1,1024,16384,0,0,42,5,1802108084,749358528,109991.9485,45737.2148,2.4049,1024,33
dsmem_loaded,9,0,1,1024,16384,0,0,42,5,1802162630,749381184,109995.2777,45738.5977,2.4049,1024,34
dsmem_loaded,9,0,1,1024,16384,0,0,42,5,1802137672,749370816,109993.7544,45737.9648,2.4049,1024,35
dsmem_loaded,9,0,1,1024,16384,0,0,42,5,1802164335,749381920,109995.3818,45738.6426,2.4049,1024,36
dsmem_loaded,9,0,1,1024,16384,0,0,42,5,1802141601,749372448,109993.9942,45738.0645,2.4049,1024,37
dsmem_loaded,9,0,1,1024,16384,0,0,42,5,1802157375,749379008,109994.9570,45738.4648,2.4049,1024,38
dsmem_loaded,9,0,1,1024,16384,0,0,42,5,1802114807,749361312,109992.3588,45737.3848,2.4049,1024,39
dsmem_loaded,9,0,1,1024,16384,0,0,42,5,1802144769,749373760,109994.1876,45738.1445,2.4049,1024,40
dsmem_loaded,9,0,1,1024,16384,0,0,42,5,1802106869,749358016,109991.8743,45737.1836,2.4049,1024,41
dsmem_loaded,9,0,1,1024,16384,0,0,42,5,1802160786,749380416,109995.1652,45738.5508,2.4049,1024,42
dsmem_loaded,9,0,1,1024,16384,0,0,42,5,1802158225,749379392,109995.0089,45738.4883,2.4049,1024,43
dsmem_loaded,9,0,1,1024,16384,0,0,42,5,1802092025,749351808,109990.9683,45736.8047,2.4049,1024,44
dsmem_loaded,9,0,1,1024,16384,0,0,42,5,1802092026,749351840,109990.9684,45736.8066,2.4049,1024,45
dsmem_loaded,9,0,1,1024,16384,0,0,42,5,1802092026,749351872,109990.9684,45736.8086,2.4049,1024,46
dsmem_loaded,9,0,1,1024,16384,0,0,42,5,1802092696,749352128,109991.0093,45736.8242,2.4049,1024,47
dsmem_loaded,9,0,1,1024,16384,0,0,42,5,1802093059,749352288,109991.0314,45736.8340,2.4049,1024,48
dsmem_loaded,9,0,1,1024,16384,0,0,42,5,1802111019,749359776,109992.1276,45737.2910,2.4049,1024,49
dsmem_loaded,9,0,1,1024,16384,0,0,42,5,1802093921,749352640,109991.0840,45736.8555,2.4049,1024,50
dsmem_loaded,9,0,1,1024,16384,0,0,42,5,1802119582,749363296,109992.6503,45737.5059,2.4049,1024,51
dsmem_loaded,9,0,1,1024,16384,0,0,42,5,1802094044,749352672,109991.0916,45736.8574,2.4049,1024,52
dsmem_loaded,9,0,1,1024,16384,0,0,42,5,1802094890,749353024,109991.1432,45736.8789,2.4049,1024,53
dsmem_loaded,9,0,1,1024,16384,0,0,42,5,1802093796,749352576,109991.0764,45736.8516,2.4049,1024,54
dsmem_loaded,9,0,1,1024,16384,0,0,42,5,1802094285,749352768,109991.1063,45736.8633,2.4049,1024,55
dsmem_loaded,9,0,1,1024,16384,0,0,42,5,1802146353,749374432,109994.2842,45738.1855,2.4049,1024,56
dsmem_loaded,9,0,1,1024,16384,0,0,42,5,1802093675,749352544,109991.0690,45736.8496,2.4049,1024,57
dsmem_loaded,9,0,1,1024,16384,0,0,42,5,1802094895,749353024,109991.1435,45736.8789,2.4049,1024,58
dsmem_loaded,9,0,1,1024,16384,0,0,42,5,1802092025,749351840,109990.9683,45736.8066,2.4049,1024,59
dsmem_loaded,9,0,1,1024,16384,0,0,42,5,1802094040,749352672,109991.0913,45736.8574,2.4049,1024,60
dsmem_loaded,9,0,1,1024,16384,0,0,42,5,1802093793,749352576,109991.0762,45736.8516,2.4049,1024,61
dsmem_loaded,9,0,1,1024,16384,0,0,42,5,1802093796,749352608,109991.0764,45736.8535,2.4049,1024,62
dsmem_loaded,9,0,1,1024,16384,0,0,42,5,1802122761,749364608,109992.8443,45737.5859,2.4049,1024,63
dsmem_loaded,9,0,1,1024,16384,0,0,42,5,1802168505,749383648,109995.6363,45738.7480,2.4049,1024,64
dsmem_loaded,9,0,1,1024,16384,0,0,42,5,1802155176,749378112,109994.8228,45738.4102,2.4049,1024,65
dsmem_loaded,9,0,1,1024,16384,0,0,42,5,1802145026,749373856,109994.2032,45738.1504,2.4049,1024,66
dsmem_loaded,9,0,1,1024,16384,0,0,42,5,1802092026,749351872,109990.9684,45736.8086,2.4049,1024,67
dsmem_loaded,9,0,1,1024,16384,0,0,42,5,1802163359,749381504,109995.3222,45738.6172,2.4049,1024,68
dsmem_loaded,9,0,1,1024,16384,0,0,42,5,1802155545,749378272,109994.8453,45738.4199,2.4049,1024,69
dsmem_loaded,9,0,1,1024,16384,0,0,42,5,1802154927,749377984,109994.8076,45738.4023,2.4049,1024,70
dsmem_loaded,9,0,1,1024,16384,0,0,42,5,1802168863,749383808,109995.6581,45738.7578,2.4049,1024,71
dsmem_loaded,9,0,1,1024,16384,0,0,42,5,1802152833,749377120,109994.6797,45738.3496,2.4049,1024,72
dsmem_loaded,9,0,1,1024,16384,0,0,42,5,1802120432,749363648,109992.7021,45737.5273,2.4049,1024,73
dsmem_loaded,9,0,1,1024,16384,0,0,42,5,1802108351,749358656,109991.9648,45737.2227,2.4049,1024,74
dsmem_loaded,9,0,1,1024,16384,0,0,42,5,1802168976,749383840,109995.6650,45738.7598,2.4049,1024,75
dsmem_loaded,9,0,1,1024,16384,0,0,42,5,1802093898,749352640,109991.0826,45736.8555,2.4049,1024,76
dsmem_loaded,9,0,1,1024,16384,0,0,42,5,1802092026,749351840,109990.9684,45736.8066,2.4049,1024,77
dsmem_loaded,9,0,1,1024,16384,0,0,42,5,1802092025,749351872,109990.9683,45736.8086,2.4049,1024,78
dsmem_loaded,9,0,1,1024,16384,0,0,42,5,1802121039,749363904,109992.7392,45737.5430,2.4049,1024,79
dsmem_loaded,9,0,1,1024,16384,0,0,42,5,1802133519,749369088,109993.5009,45737.8594,2.4049,1024,80
dsmem_loaded,9,0,1,1024,16384,0,0,42,5,1802097938,749354304,109991.3292,45736.9570,2.4049,1024,81
dsmem_loaded,9,0,1,1024,16384,0,0,42,5,1802107112,749358144,109991.8892,45737.1914,2.4049,1024,82
dsmem_loaded,9,0,1,1024,16384,0,0,42,5,1802094269,749352800,109991.1053,45736.8652,2.4049,1024,83
dsmem_loaded,9,0,1,1024,16384,0,0,42,5,1802094026,749352704,109991.0905,45736.8594,2.4049,1024,84
dsmem_loaded,9,0,1,1024,16384,0,0,42,5,1802093901,749352640,109991.0828,45736.8555,2.4049,1024,85
dsmem_loaded,9,0,1,1024,16384,0,0,42,5,1802100750,749355456,109991.5009,45737.0273,2.4049,1024,86
dsmem_loaded,9,0,1,1024,16384,0,0,42,5,1802094144,749352736,109991.0977,45736.8613,2.4049,1024,87
dsmem_loaded,9,0,1,1024,16384,0,0,42,5,1802092926,749352224,109991.0233,45736.8301,2.4049,1024,88
dsmem_loaded,9,0,1,1024,16384,0,0,42,5,1802093785,749352608,109991.0757,45736.8535,2.4049,1024,89
dsmem_loaded,9,0,1,1024,16384,0,0,42,5,1802093907,749352640,109991.0832,45736.8555,2.4049,1024,90
dsmem_loaded,9,0,1,1024,16384,0,0,42,5,1802093174,749352320,109991.0385,45736.8359,2.4049,1024,91
dsmem_loaded,9,0,1,1024,16384,0,0,42,5,1802092025,749351840,109990.9683,45736.8066,2.4049,1024,92
dsmem_loaded,9,0,1,1024,16384,0,0,42,5,1802093536,749352480,109991.0605,45736.8457,2.4049,1024,93
dsmem_loaded,9,0,1,1024,16384,0,0,42,5,1802094395,749352864,109991.1130,45736.8691,2.4049,1024,94
dsmem_loaded,9,0,1,1024,16384,0,0,42,5,1802095618,749353344,109991.1876,45736.8984,2.4049,1024,95
dsmem_loaded,9,0,1,1024,16384,0,0,42,5,1802140985,749372192,109993.9566,45738.0488,2.4049,1024,96
dsmem_loaded,9,0,1,1024,16384,0,0,42,5,1802143305,749373152,109994.0982,45738.1074,2.4049,1024,97
dsmem_loaded,9,0,1,1024,16384,0,0,42,5,1802107972,749358464,109991.9417,45737.2109,2.4049,1024,98
dsmem_loaded,9,0,1,1024,16384,0,0,42,5,1802161157,749380608,109995.1878,45738.5625,2.4049,1024,99
dsmem_loaded,9,0,1,1024,16384,0,0,42,5,1802178396,749387776,109996.2400,45739.0000,2.4049,1024,100
dsmem_loaded,9,0,1,1024,16384,0,0,42,5,1802140377,749371968,109993.9195,45738.0352,2.4049,1024,101
dsmem_loaded,9,0,1,1024,16384,0,0,42,5,1802161888,749380896,109995.2324,45738.5801,2.4049,1024,102
dsmem_loaded,9,0,1,1024,16384,0,0,42,5,1802140248,749371904,109993.9116,45738.0312,2.4049,1024,103
dsmem_loaded,9,0,1,1024,16384,0,0,42,5,1802145746,749374176,109994.2472,45738.1699,2.4049,1024,104
dsmem_loaded,9,0,1,1024,16384,0,0,42,5,1802147708,749375008,109994.3669,45738.2207,2.4049,1024,105
dsmem_loaded,9,0,1,1024,16384,0,0,42,5,1802127655,749366688,109993.1430,45737.7129,2.4049,1024,106
dsmem_loaded,9,0,1,1024,16384,0,0,42,5,1802143913,749373408,109994.1353,45738.1230,2.4049,1024,107
dsmem_loaded,9,0,1,1024,16384,0,0,42,5,1802092025,749351840,109990.9683,45736.8066,2.4049,1024,108
dsmem_loaded,9,0,1,1024,16384,0,0,42,5,1802092025,749351808,109990.9683,45736.8047,2.4049,1024,109
dsmem_loaded,9,0,1,1024,16384,0,0,42,5,1802135715,749369984,109993.6349,45737.9141,2.4049,1024,110
dsmem_loaded,9,0,1,1024,16384,0,0,42,5,1802092025,749351872,109990.9683,45736.8086,2.4049,1024,111
dsmem_loaded,9,0,1,1024,16384,0,0,42,5,1802124966,749365536,109992.9789,45737.6426,2.4049,1024,112
dsmem_loaded,9,0,1,1024,16384,0,0,42,5,1802131688,749368352,109993.3892,45737.8145,2.4049,1024,113
dsmem_loaded,9,0,1,1024,16384,0,0,42,5,1802107728,749358368,109991.9268,45737.2051,2.4049,1024,114
dsmem_loaded,9,0,1,1024,16384,0,0,42,5,1802128510,749367008,109993.1952,45737.7324,2.4049,1024,115
dsmem_loaded,9,0,1,1024,16384,0,0,42,5,1802128265,749366880,109993.1802,45737.7246,2.4049,1024,116
dsmem_loaded,9,0,1,1024,16384,0,0,42,5,1802094650,749352928,109991.1285,45736.8730,2.4049,1024,117
dsmem_loaded,9,0,1,1024,16384,0,0,42,5,1802093551,749352512,109991.0615,45736.8477,2.4049,1024,118
dsmem_loaded,9,0,1,1024,16384,0,0,42,5,1802093917,749352640,109991.0838,45736.8555,2.4049,1024,119
dsmem_loaded,9,0,1,1024,16384,0,0,42,5,1802093803,749352576,109991.0768,45736.8516,2.4049,1024,120
dsmem_loaded,9,0,1,1024,16384,0,0,42,5,1802093557,749352480,109991.0618,45736.8457,2.4049,1024,121
dsmem_loaded,9,0,1,1024,16384,0,0,42,5,1802094534,749352896,109991.1215,45736.8711,2.4049,1024,122
dsmem_loaded,9,0,1,1024,16384,0,0,42,5,1802105163,749357280,109991.7702,45737.1387,2.4049,1024,123
dsmem_loaded,9,0,1,1024,16384,0,0,42,5,1802094282,749352768,109991.1061,45736.8633,2.4049,1024,124
dsmem_loaded,9,0,1,1024,16384,0,0,42,5,1802093432,749352448,109991.0542,45736.8438,2.4049,1024,125
dsmem_loaded,9,0,1,1024,16384,0,0,42,5,1802092025,749351872,109990.9683,45736.8086,2.4049,1024,126
dsmem_loaded,9,0,1,1024,16384,0,0,42,5,1802094043,749352672,109991.0915,45736.8574,2.4049,1024,127
dsmem_loaded,9,0,1,1024,16384,0,0,42,5,1802094270,749352800,109991.1053,45736.8652,2.4049,1024,128
dsmem_loaded,9,0,1,1024,16384,0,0,42,5,1802169485,749384064,109995.6961,45738.7734,2.4049,1024,129
dsmem_loaded,9,0,1,1024,16384,0,0,42,5,1802092026,749351840,109990.9684,45736.8066,2.4049,1024,130
dsmem_loaded,9,0,1,1024,16384,0,0,42,5,1802164832,749382112,109995.4121,45738.6543,2.4049,1024,131
dsmem_loaded,9,0,1,1024,16384,0,0,42,5,1802105396,749357376,109991.7844,45737.1445,2.4049,1024,132
dsmem_loaded,9,0,1,1024,16384,0,0,42,5,1802117884,749362592,109992.5466,45737.4629,2.4049,1024,133
dsmem_loaded,9,0,1,1024,16384,0,0,42,5,1802154563,749377856,109994.7853,45738.3945,2.4049,1024,134
dsmem_loaded,9,0,1,1024,16384,0,0,42,5,1802151624,749376640,109994.6060,45738.3203,2.4049,1024,135
dsmem_loaded,9,0,1,1024,16384,0,0,42,5,1802147358,749374848,109994.3456,45738.2109,2.4049,1024,136
dsmem_loaded,9,0,1,1024,16384,0,0,42,5,1802115188,749361504,109992.3821,45737.3965,2.4049,1024,137
dsmem_loaded,9,0,1,1024,16384,0,0,42,5,1802161782,749380864,109995.2260,45738.5781,2.4049,1024,138
dsmem_loaded,9,0,1,1024,16384,0,0,42,5,1802131930,749368416,109993.4039,45737.8184,2.4049,1024,139
dsmem_loaded,9,0,1,1024,16384,0,0,42,5,1802155424,749378240,109994.8379,45738.4180,2.4049,1024,140
dsmem_loaded,9,0,1,1024,16384,0,0,42,5,1802093420,749352416,109991.0535,45736.8418,2.4049,1024,141
dsmem_loaded,9,0,1,1024,16384,0,0,42,5,1802121787,749364224,109992.7849,45737.5625,2.4049,1024,142
dsmem_loaded,9,0,1,1024,16384,0,0,42,5,1802092025,749351840,109990.9683,45736.8066,2.4049,1024,143
dsmem_loaded,9,0,1,1024,16384,0,0,42,5,1802093665,749352512,109991.0684,45736.8477,2.4049,1024,144
dsmem_loaded,9,0,1,1024,16384,0,0,42,5,1802128983,749367232,109993.2241,45737.7461,2.4049,1024,145
dsmem_loaded,9,0,1,1024,16384,0,0,42,5,1802094151,749352704,109991.0981,45736.8594,2.4049,1024,146
dsmem_loaded,9,0,1,1024,16384,0,0,42,5,1802094393,749352832,109991.1129,45736.8672,2.4049,1024,147
dsmem_loaded,9,0,1,1024,16384,0,0,42,5,1802093903,749352608,109991.0829,45736.8535,2.4049,1024,148
dsmem_loaded,9,0,1,1024,16384,0,0,42,5,1802093661,749352480,109991.0682,45736.8457,2.4049,1024,149
dsmem_loaded,9,0,1,1024,16384,0,0,42,5,1802093657,749352544,109991.0679,45736.8496,2.4049,1024,150
dsmem_loaded,9,0,1,1024,16384,0,0,42,5,1802093655,749352544,109991.0678,45736.8496,2.4049,1024,151
dsmem_loaded,9,0,1,1024,16384,0,0,42,5,1802107716,749358336,109991.9260,45737.2031,2.4049,1024,152
dsmem_loaded,9,0,1,1024,16384,0,0,42,5,1802107839,749358432,109991.9335,45737.2090,2.4049,1024,153
dsmem_loaded,9,0,1,1024,16384,0,0,42,5,1802093666,749352512,109991.0685,45736.8477,2.4049,1024,154
dsmem_loaded,9,0,1,1024,16384,0,0,42,5,1802133271,749368992,109993.4858,45737.8535,2.4049,1024,155
dsmem_loaded,9,0,1,1024,16384,0,0,42,5,1802092026,749351840,109990.9684,45736.8066,2.4049,1024,156
dsmem_loaded,9,0,1,1024,16384,0,0,42,5,1802092025,749351840,109990.9683,45736.8066,2.4049,1024,157
dsmem_loaded,9,0,1,1024,16384,0,0,42,5,1802093908,749352608,109991.0833,45736.8535,2.4049,1024,158
dsmem_loaded,9,0,1,1024,16384,0,0,42,5,1802093301,749352384,109991.0462,45736.8398,2.4049,1024,159
dsmem_loaded,9,0,1,1024,16384,0,0,42,5,1802152121,749376864,109994.6363,45738.3340,2.4049,1024,160
dsmem_loaded,9,0,1,1024,16384,0,0,42,5,1802093781,749352576,109991.0755,45736.8516,2.4049,1024,161
dsmem_loaded,9,0,1,1024,16384,0,0,42,5,1802155547,749378272,109994.8454,45738.4199,2.4049,1024,162
dsmem_loaded,9,0,1,1024,16384,0,0,42,5,1802139023,749371360,109993.8369,45737.9980,2.4049,1024,163
dsmem_loaded,9,0,1,1024,16384,0,0,42,5,1802114707,749361280,109992.3527,45737.3828,2.4049,1024,164
dsmem_loaded,9,0,1,1024,16384,0,0,42,5,1802154569,749377856,109994.7857,45738.3945,2.4049,1024,165
dsmem_loaded,9,0,1,1024,16384,0,0,42,5,1802134511,749369504,109993.5615,45737.8848,2.4049,1024,166
dsmem_loaded,9,0,1,1024,16384,0,0,42,5,1802146229,749374400,109994.2767,45738.1836,2.4049,1024,167
dsmem_loaded,9,0,1,1024,16384,0,0,42,5,1802108947,749358912,109992.0012,45737.2383,2.4049,1024,168
dsmem_loaded,9,0,1,1024,16384,0,0,42,5,1802172891,749385440,109995.9040,45738.8574,2.4049,1024,169
dsmem_loaded,9,0,1,1024,16384,0,0,42,5,1802144053,749373472,109994.1439,45738.1270,2.4049,1024,170
dsmem_loaded,9,0,1,1024,16384,0,0,42,5,1802162146,749380992,109995.2482,45738.5859,2.4049,1024,171
dsmem_loaded,9,0,1,1024,16384,0,0,42,5,1802093293,749352384,109991.0457,45736.8398,2.4049,1024,172
dsmem_loaded,9,0,1,1024,16384,0,0,42,5,1802125093,749365600,109992.9866,45737.6465,2.4049,1024,173
dsmem_loaded,9,0,1,1024,16384,0,0,42,5,1802094519,749352896,109991.1205,45736.8711,2.4049,1024,174
dsmem_loaded,9,0,1,1024,16384,0,0,42,5,1802095247,749353216,109991.1650,45736.8906,2.4049,1024,175
dsmem_loaded,9,0,1,1024,16384,0,0,42,5,1802112978,749360576,109992.2472,45737.3398,2.4049,1024,176
dsmem_loaded,9,0,1,1024,16384,0,0,42,5,1802146474,749374464,109994.2916,45738.1875,2.4049,1024,177
dsmem_loaded,9,0,1,1024,16384,0,0,42,5,1802135961,749370112,109993.6500,45737.9219,2.4049,1024,178
dsmem_loaded,9,0,1,1024,16384,0,0,42,5,1802118961,749363040,109992.6124,45737.4902,2.4049,1024,179
dsmem_loaded,9,0,1,1024,16384,0,0,42,5,1802094148,749352736,109991.0979,45736.8613,2.4049,1024,180
dsmem_loaded,9,0,1,1024,16384,0,0,42,5,1802094633,749352960,109991.1275,45736.8750,2.4049,1024,181
dsmem_loaded,9,0,1,1024,16384,0,0,42,5,1802092025,749351840,109990.9683,45736.8066,2.4049,1024,182
dsmem_loaded,9,0,1,1024,16384,0,0,42,5,1802121520,749364096,109992.7686,45737.5547,2.4049,1024,183
dsmem_loaded,9,0,1,1024,16384,0,0,42,5,1802093543,749352512,109991.0610,45736.8477,2.4049,1024,184
dsmem_loaded,9,0,1,1024,16384,0,0,42,5,1802092025,749351840,109990.9683,45736.8066,2.4049,1024,185
dsmem_loaded,9,0,1,1024,16384,0,0,42,5,1802094155,749352704,109991.0983,45736.8594,2.4049,1024,186
dsmem_loaded,9,0,1,1024,16384,0,0,42,5,1802121406,749364032,109992.7616,45737.5508,2.4049,1024,187
dsmem_loaded,9,0,1,1024,16384,0,0,42,5,1802092026,749351840,109990.9684,45736.8066,2.4049,1024,188
dsmem_loaded,9,0,1,1024,16384,0,0,42,5,1802094522,749352896,109991.1207,45736.8711,2.4049,1024,189
dsmem_loaded,9,0,1,1024,16384,0,0,42,5,1802094148,749352704,109991.0979,45736.8594,2.4049,1024,190
dsmem_loaded,9,0,1,1024,16384,0,0,42,5,1802092025,749351840,109990.9683,45736.8066,2.4049,1024,191
dsmem_loaded,9,0,1,1024,16384,0,0,42,5,1802162261,749381056,109995.2552,45738.5898,2.4049,1024,192
dsmem_loaded,9,0,1,1024,16384,0,0,42,5,1802162872,749381312,109995.2925,45738.6055,2.4049,1024,193
dsmem_loaded,9,0,1,1024,16384,0,0,42,5,1802142222,749372736,109994.0321,45738.0820,2.4049,1024,194
dsmem_loaded,9,0,1,1024,16384,0,0,42,5,1802162384,749381120,109995.2627,45738.5938,2.4049,1024,195
dsmem_loaded,9,0,1,1024,16384,0,0,42,5,1802152466,749376992,109994.6573,45738.3418,2.4049,1024,196
dsmem_loaded,9,0,1,1024,16384,0,0,42,5,1802141592,749372448,109993.9937,45738.0645,2.4049,1024,197
dsmem_loaded,9,0,1,1024,16384,0,0,42,5,1802149919,749375904,109994.5019,45738.2754,2.4049,1024,198
dsmem_loaded,9,0,1,1024,16384,0,0,42,5,1802126553,749366208,109993.0757,45737.6836,2.4049,1024,199
dsmem_loaded,9,0,1,1024,16384,0,0,42,5,1802136457,749370304,109993.6802,45737.9336,2.4049,1024,200
dsmem_loaded,9,0,1,1024,16384,0,0,42,5,1802118352,749362752,109992.5752,45737.4727,2.4049,1024,201
dsmem_loaded,9,0,1,1024,16384,0,0,42,5,1802127898,749366752,109993.1578,45737.7168,2.4049,1024,202
dsmem_loaded,9,0,1,1024,16384,0,0,42,5,1802115540,749361600,109992.4036,45737.4023,2.4049,1024,203
dsmem_loaded,9,0,1,1024,16384,0,0,42,5,1802093674,749352512,109991.0690,45736.8477,2.4049,1024,204
dsmem_loaded,9,0,1,1024,16384,0,0,42,5,1802092025,749351840,109990.9683,45736.8066,2.4049,1024,205
dsmem_loaded,9,0,1,1024,16384,0,0,42,5,1802092025,749351840,109990.9683,45736.8066,2.4049,1024,206
dsmem_loaded,9,0,1,1024,16384,0,0,42,5,1802092025,749351840,109990.9683,45736.8066,2.4049,1024,207
dsmem_loaded,9,0,1,1024,16384,0,0,42,5,1802142810,749372960,109994.0680,45738.0957,2.4049,1024,208
dsmem_loaded,9,0,1,1024,16384,0,0,42,5,1802118240,749362752,109992.5684,45737.4727,2.4049,1024,209
dsmem_loaded,9,0,1,1024,16384,0,0,42,5,1802122154,749364384,109992.8073,45737.5723,2.4049,1024,210
dsmem_loaded,9,0,1,1024,16384,0,0,42,5,1802106999,749358080,109991.8823,45737.1875,2.4049,1024,211
dsmem_loaded,9,0,1,1024,16384,0,0,42,5,1802092025,749351840,109990.9683,45736.8066,2.4049,1024,212
dsmem_loaded,9,0,1,1024,16384,0,0,42,5,1802094163,749352736,109991.0988,45736.8613,2.4049,1024,213
dsmem_loaded,9,0,1,1024,16384,0,0,42,5,1802101614,749355808,109991.5536,45737.0488,2.4049,1024,214
dsmem_loaded,9,0,1,1024,16384,0,0,42,5,1802107360,749358208,109991.9043,45737.1953,2.4049,1024,215
dsmem_loaded,9,0,1,1024,16384,0,0,42,5,1802094530,749352896,109991.1212,45736.8711,2.4049,1024,216
dsmem_loaded,9,0,1,1024,16384,0,0,42,5,1802121908,749364256,109992.7922,45737.5645,2.4049,1024,217
dsmem_loaded,9,0,1,1024,16384,0,0,42,5,1802093919,749352640,109991.0839,45736.8555,2.4049,1024,218
dsmem_loaded,9,0,1,1024,16384,0,0,42,5,1802107726,749358368,109991.9266,45737.2051,2.4049,1024,219
dsmem_loaded,9,0,1,1024,16384,0,0,42,5,1802093183,749352320,109991.0390,45736.8359,2.4049,1024,220
dsmem_loaded,9,0,1,1024,16384,0,0,42,5,1802093796,749352576,109991.0764,45736.8516,2.4049,1024,221
dsmem_loaded,9,0,1,1024,16384,0,0,42,5,1802094412,749352832,109991.1140,45736.8672,2.4049,1024,222
dsmem_loaded,9,0,1,1024,16384,0,0,42,5,1802108338,749358624,109991.9640,45737.2207,2.4049,1024,223
dsmem_loaded,9,0,1,1024,16384,0,0,42,5,1802168142,749383488,109995.6141,45738.7383,2.4049,1024,224
dsmem_loaded,9,0,1,1024,16384,0,0,42,5,1802148212,749375200,109994.3977,45738.2324,2.4049,1024,225
dsmem_loaded,9,0,1,1024,16384,0,0,42,5,1802164834,749382112,109995.4122,45738.6543,2.4049,1024,226
dsmem_loaded,9,0,1,1024,16384,0,0,42,5,1802117154,749362304,109992.5021,45737.4453,2.4049,1024,227
dsmem_loaded,9,0,1,1024,16384,0,0,42,5,1802158596,749379520,109995.0315,45738.4961,2.4049,1024,228
dsmem_loaded,9,0,1,1024,16384,0,0,42,5,1802151997,749376800,109994.6287,45738.3301,2.4049,1024,229
dsmem_loaded,9,0,1,1024,16384,0,0,42,5,1802113974,749360992,109992.3080,45737.3652,2.4049,1024,230
dsmem_loaded,9,0,1,1024,16384,0,0,42,5,1802114202,749361088,109992.3219,45737.3711,2.4049,1024,231
dsmem_loaded,9,0,1,1024,16384,0,0,42,5,1802135351,749369856,109993.6127,45737.9062,2.4049,1024,232
dsmem_loaded,9,0,1,1024,16384,0,0,42,5,1802105026,749357248,109991.7618,45737.1367,2.4049,1024,233
dsmem_loaded,9,0,1,1024,16384,0,0,42,5,1802093781,749352576,109991.0755,45736.8516,2.4049,1024,234
dsmem_loaded,9,0,1,1024,16384,0,0,42,5,1802159816,749380032,109995.1060,45738.5273,2.4049,1024,235
dsmem_loaded,9,0,1,1024,16384,0,0,42,5,1802092025,749351808,109990.9683,45736.8047,2.4049,1024,236
dsmem_loaded,9,0,1,1024,16384,0,0,42,5,1802093419,749352416,109991.0534,45736.8418,2.4049,1024,237
dsmem_loaded,9,0,1,1024,16384,0,0,42,5,1802107229,749358176,109991.8963,45737.1934,2.4049,1024,238
dsmem_loaded,9,0,1,1024,16384,0,0,42,5,1802094393,749352832,109991.1129,45736.8672,2.4049,1024,239
dsmem_loaded,9,0,1,1024,16384,0,0,42,5,1802145010,749373888,109994.2023,45738.1523,2.4049,1024,240
dsmem_loaded,9,0,1,1024,16384,0,0,42,5,1802108448,749358656,109991.9707,45737.2227,2.4049,1024,241
dsmem_loaded,9,0,1,1024,16384,0,0,42,5,1802108324,749358592,109991.9631,45737.2188,2.4049,1024,242
dsmem_loaded,9,0,1,1024,16384,0,0,42,5,1802115176,749361440,109992.3813,45737.3926,2.4049,1024,243
dsmem_loaded,9,0,1,1024,16384,0,0,42,5,1802094151,749352736,109991.0981,45736.8613,2.4049,1024,244
dsmem_loaded,9,0,1,1024,16384,0,0,42,5,1802093536,749352480,109991.0605,45736.8457,2.4049,1024,245
dsmem_loaded,9,0,1,1024,16384,0,0,42,5,1802093903,749352608,109991.0829,45736.8535,2.4049,1024,246
dsmem_loaded,9,0,1,1024,16384,0,0,42,5,1802108080,749358528,109991.9482,45737.2148,2.4049,1024,247
dsmem_loaded,9,0,1,1024,16384,0,0,42,5,1802094147,749352704,109991.0978,45736.8594,2.4049,1024,248
dsmem_loaded,9,0,1,1024,16384,0,0,42,5,1802094393,749352832,109991.1129,45736.8672,2.4049,1024,249
dsmem_loaded,9,0,1,1024,16384,0,0,42,5,1802093297,749352416,109991.0460,45736.8418,2.4049,1024,250
dsmem_loaded,9,0,1,1024,16384,0,0,42,5,1802108450,749358688,109991.9708,45737.2246,2.4049,1024,251
dsmem_loaded,9,0,1,1024,16384,0,0,42,5,1802093660,749352512,109991.0681,45736.8477,2.4049,1024,252
dsmem_loaded,9,0,1,1024,16384,0,0,42,5,1802092026,749351840,109990.9684,45736.8066,2.4049,1024,253
dsmem_loaded,9,0,1,1024,16384,0,0,42,5,1802092026,749351840,109990.9684,45736.8066,2.4049,1024,254
dsmem_loaded,9,0,1,1024,16384,0,0,42,5,1802092025,749351840,109990.9683,45736.8066,2.4049,1024,255
dsmem_loaded,9,0,1,1024,16384,0,0,42,6,1802382583,749473760,110008.7026,45744.2480,2.4049,1024,0
dsmem_loaded,9,0,1,1024,16384,0,0,42,6,1802471391,749510720,110014.1230,45746.5039,2.4049,1024,1
dsmem_loaded,9,0,1,1024,16384,0,0,42,6,1802404409,749482848,110010.0347,45744.8027,2.4049,1024,2
dsmem_loaded,9,0,1,1024,16384,0,0,42,6,1802402188,749481920,110009.8992,45744.7461,2.4049,1024,3
dsmem_loaded,9,0,1,1024,16384,0,0,42,6,1802383643,749474208,110008.7673,45744.2754,2.4049,1024,4
dsmem_loaded,9,0,1,1024,16384,0,0,42,6,1802350379,749460384,110006.7370,45743.4316,2.4049,1024,5
dsmem_loaded,9,0,1,1024,16384,0,0,42,6,1802262488,749423872,110001.3726,45741.2031,2.4049,1024,6
dsmem_loaded,9,0,1,1024,16384,0,0,42,6,1802403466,749482464,110009.9772,45744.7793,2.4049,1024,7
dsmem_loaded,9,0,1,1024,16384,0,0,42,6,1802387181,749475680,110008.9832,45744.3652,2.4049,1024,8
dsmem_loaded,9,0,1,1024,16384,0,0,42,6,1802280570,749431360,110002.4762,45741.6602,2.4049,1024,9
dsmem_loaded,9,0,1,1024,16384,0,0,42,6,1802343902,749457664,110006.3417,45743.2656,2.4049,1024,10
dsmem_loaded,9,0,1,1024,16384,0,0,42,6,1802289129,749434944,110002.9986,45741.8789,2.4049,1024,11
dsmem_loaded,9,0,1,1024,16384,0,0,42,6,1802305389,749441664,110003.9910,45742.2891,2.4049,1024,12
dsmem_loaded,9,0,1,1024,16384,0,0,42,6,1802371769,749469280,110008.0425,45743.9746,2.4049,1024,13
dsmem_loaded,9,0,1,1024,16384,0,0,42,6,1802389475,749476608,110009.1232,45744.4219,2.4049,1024,14
dsmem_loaded,9,0,1,1024,16384,0,0,42,6,1802341020,749456512,110006.1658,45743.1953,2.4049,1024,15
dsmem_loaded,9,0,1,1024,16384,0,0,42,6,1802320051,749447776,110004.8859,45742.6621,2.4049,1024,16
dsmem_loaded,9,0,1,1024,16384,0,0,42,6,1802236412,749412992,109999.7810,45740.5391,2.4049,1024,17
dsmem_loaded,9,0,1,1024,16384,0,0,42,6,1802336922,749454752,110005.9156,45743.0879,2.4049,1024,18
dsmem_loaded,9,0,1,1024,16384,0,0,42,6,1802316751,749446400,110004.6845,45742.5781,2.4049,1024,19
dsmem_loaded,9,0,1,1024,16384,0,0,42,6,1802380204,749472768,110008.5574,45744.1875,2.4049,1024,20
dsmem_loaded,9,0,1,1024,16384,0,0,42,6,1802350242,749460320,110006.7286,45743.4277,2.4049,1024,21
dsmem_loaded,9,0,1,1024,16384,0,0,42,6,1802340467,749456256,110006.1320,45743.1797,2.4049,1024,22
dsmem_loaded,9,0,1,1024,16384,0,0,42,6,1802467736,749509184,110013.8999,45746.4102,2.4049,1024,23
dsmem_loaded,9,0,1,1024,16384,0,0,42,6,1802319808,749447680,110004.8711,45742.6562,2.4049,1024,24
dsmem_loaded,9,0,1,1024,16384,0,0,42,6,1802431160,749493952,110011.6675,45745.4805,2.4049,1024,25
dsmem_loaded,9,0,1,1024,16384,0,0,42,6,1802420788,749489664,110011.0344,45745.2188,2.4049,1024,26
dsmem_loaded,9,0,1,1024,16384,0,0,42,6,1802364907,749466432,110007.6237,45743.8008,2.4049,1024,27
dsmem_loaded,9,0,1,1024,16384,0,0,42,6,1802317314,749446656,110004.7189,45742.5938,2.4049,1024,28
dsmem_loaded,9,0,1,1024,16384,0,0,42,6,1802337895,749455200,110005.9750,45743.1152,2.4049,1024,29
dsmem_loaded,9,0,1,1024,16384,0,0,42,6,1802303621,749440992,110003.8831,45742.2480,2.4049,1024,30
dsmem_loaded,9,0,1,1024,16384,0,0,42,6,1802430210,749493568,110011.6095,45745.4570,2.4049,1024,31
dsmem_loaded,9,0,1,1024,16384,0,0,42,6,1802398784,749480512,110009.6914,45744.6602,2.4049,1024,32
dsmem_loaded,9,0,1,1024,16384,0,0,42,6,1802325649,749450112,110005.2276,45742.8047,2.4049,1024,33
dsmem_loaded,9,0,1,1024,16384,0,0,42,6,1802414443,749487040,110010.6472,45745.0586,2.4049,1024,34
dsmem_loaded,9,0,1,1024,16384,0,0,42,6,1802368949,749468096,110007.8704,45743.9023,2.4049,1024,35
dsmem_loaded,9,0,1,1024,16384,0,0,42,6,1802289950,749435264,110003.0487,45741.8984,2.4049,1024,36
dsmem_loaded,9,0,1,1024,16384,0,0,42,6,1802430557,749493760,110011.6307,45745.4688,2.4049,1024,37
dsmem_loaded,9,0,1,1024,16384,0,0,42,6,1802320262,749447840,110004.8988,45742.6660,2.4049,1024,38
dsmem_loaded,9,0,1,1024,16384,0,0,42,6,1802331525,749452544,110005.5862,45742.9531,2.4049,1024,39
dsmem_loaded,9,0,1,1024,16384,0,0,42,6,1802313294,749444928,110004.4735,45742.4883,2.4049,1024,40
dsmem_loaded,9,0,1,1024,16384,0,0,42,6,1802313303,749444928,110004.4741,45742.4883,2.4049,1024,41
dsmem_loaded,9,0,1,1024,16384,0,0,42,6,1802374676,749470432,110008.2200,45744.0449,2.4049,1024,42
dsmem_loaded,9,0,1,1024,16384,0,0,42,6,1802335308,749454112,110005.8171,45743.0488,2.4049,1024,43
dsmem_loaded,9,0,1,1024,16384,0,0,42,6,1802438083,749496832,110012.0900,45745.6562,2.4049,1024,44
dsmem_loaded,9,0,1,1024,16384,0,0,42,6,1802318654,749447200,110004.8007,45742.6270,2.4049,1024,45
dsmem_loaded,9,0,1,1024,16384,0,0,42,6,1802322899,749448992,110005.0598,45742.7363,2.4049,1024,46
dsmem_loaded,9,0,1,1024,16384,0,0,42,6,1802380786,749472992,110008.5929,45744.2012,2.4049,1024,47
dsmem_loaded,9,0,1,1024,16384,0,0,42,6,1802359515,749464160,110007.2946,45743.6621,2.4049,1024,48
dsmem_loaded,9,0,1,1024,16384,0,0,42,6,1802448058,749500992,110012.6989,45745.9102,2.4049,1024,49
dsmem_loaded,9,0,1,1024,16384,0,0,42,6,1802337007,749454784,110005.9208,45743.0898,2.4049,1024,50
dsmem_loaded,9,0,1,1024,16384,0,0,42,6,1802316718,749446368,110004.6825,45742.5762,2.4049,1024,51
dsmem_loaded,9,0,1,1024,16384,0,0,42,6,1802316474,749446272,110004.6676,45742.5703,2.4049,1024,52
dsmem_loaded,9,0,1,1024,16384,0,0,42,6,1802341034,749456480,110006.1666,45743.1934,2.4049,1024,53
dsmem_loaded,9,0,1,1024,16384,0,0,42,6,1802361826,749465152,110007.4357,45743.7227,2.4049,1024,54
dsmem_loaded,9,0,1,1024,16384,0,0,42,6,1802375259,749470720,110008.2556,45744.0625,2.4049,1024,55
dsmem_loaded,9,0,1,1024,16384,0,0,42,6,1802371601,749469216,110008.0323,45743.9707,2.4049,1024,56
dsmem_loaded,9,0,1,1024,16384,0,0,42,6,1802414270,749486976,110010.6366,45745.0547,2.4049,1024,57
dsmem_loaded,9,0,1,1024,16384,0,0,42,6,1802375883,749470976,110008.2936,45744.0781,2.4049,1024,58
dsmem_loaded,9,0,1,1024,16384,0,0,42,6,1802294314,749437088,110003.3151,45742.0098,2.4049,1024,59
dsmem_loaded,9,0,1,1024,16384,0,0,42,6,1802321693,749448480,110004.9861,45742.7051,2.4049,1024,60
dsmem_loaded,9,0,1,1024,16384,0,0,42,6,1802224906,749408224,109999.0787,45740.2480,2.4049,1024,61
dsmem_loaded,9,0,1,1024,16384,0,0,42,6,1802333462,749453344,110005.7045,45743.0020,2.4049,1024,62
dsmem_loaded,9,0,1,1024,16384,0,0,42,6,1802344695,749458048,110006.3901,45743.2891,2.4049,1024,63
dsmem_loaded,9,0,1,1024,16384,0,0,42,6,1802247421,749417568,110000.4529,45740.8184,2.4049,1024,64
dsmem_loaded,9,0,1,1024,16384,0,0,42,6,1802373220,749469856,110008.1311,45744.0098,2.4049,1024,65
dsmem_loaded,9,0,1,1024,16384,0,0,42,6,1802378726,749472160,110008.4672,45744.1504,2.4049,1024,66
dsmem_loaded,9,0,1,1024,16384,0,0,42,6,1802371881,749469312,110008.0494,45743.9766,2.4049,1024,67
dsmem_loaded,9,0,1,1024,16384,0,0,42,6,1802275174,749429088,110002.1469,45741.5215,2.4049,1024,68
dsmem_loaded,9,0,1,1024,16384,0,0,42,6,1802299255,749439104,110003.6166,45742.1328,2.4049,1024,69
dsmem_loaded,9,0,1,1024,16384,0,0,42,6,1802431558,749494112,110011.6918,45745.4902,2.4049,1024,70
dsmem_loaded,9,0,1,1024,16384,0,0,42,6,1802397311,749479872,110009.6015,45744.6211,2.4049,1024,71
dsmem_loaded,9,0,1,1024,16384,0,0,42,6,1802388625,749476288,110009.0714,45744.4023,2.4049,1024,72
dsmem_loaded,9,0,1,1024,16384,0,0,42,6,1802244373,749416352,110000.2669,45740.7441,2.4049,1024,73
dsmem_loaded,9,0,1,1024,16384,0,0,42,6,1802332915,749453152,110005.6711,45742.9902,2.4049,1024,74
dsmem_loaded,9,0,1,1024,16384,0,0,42,6,1802274148,749428704,110002.0842,45741.4980,2.4049,1024,75
dsmem_loaded,9,0,1,1024,16384,0,0,42,6,1802410472,749485376,110010.4048,45744.9570,2.4049,1024,76
dsmem_loaded,9,0,1,1024,16384,0,0,42,6,1802326754,749450528,110005.2950,45742.8301,2.4049,1024,77
dsmem_loaded,9,0,1,1024,16384,0,0,42,6,1802376152,749471072,110008.3101,45744.0840,2.4049,1024,78
dsmem_loaded,9,0,1,1024,16384,0,0,42,6,1802431500,749494144,110011.6882,45745.4922,2.4049,1024,79
dsmem_loaded,9,0,1,1024,16384,0,0,42,6,1802391560,749477472,110009.2505,45744.4746,2.4049,1024,80
dsmem_loaded,9,0,1,1024,16384,0,0,42,6,1802432997,749494720,110011.7796,45745.5273,2.4049,1024,81
dsmem_loaded,9,0,1,1024,16384,0,0,42,6,1802305602,749441792,110004.0040,45742.2969,2.4049,1024,82
dsmem_loaded,9,0,1,1024,16384,0,0,42,6,1802396925,749479712,110009.5779,45744.6113,2.4049,1024,83
dsmem_loaded,9,0,1,1024,16384,0,0,42,6,1802358540,749463744,110007.2351,45743.6367,2.4049,1024,84
dsmem_loaded,9,0,1,1024,16384,0,0,42,6,1802411348,749485728,110010.4583,45744.9785,2.4049,1024,85
dsmem_loaded,9,0,1,1024,16384,0,0,42,6,1802407193,749484000,110010.2047,45744.8730,2.4049,1024,86
dsmem_loaded,9,0,1,1024,16384,0,0,42,6,1802358031,749463552,110007.2040,45743.6250,2.4049,1024,87
dsmem_loaded,9,0,1,1024,16384,0,0,42,6,1802301278,749440000,110003.7401,45742.1875,2.4049,1024,88
dsmem_loaded,9,0,1,1024,16384,0,0,42,6,1802340931,749456480,110006.1603,45743.1934,2.4049,1024,89
dsmem_loaded,9,0,1,1024,16384,0,0,42,6,1802394103,749478560,110009.4057,45744.5410,2.4049,1024,90
dsmem_loaded,9,0,1,1024,16384,0,0,42,6,1802302068,749440288,110003.7883,45742.2051,2.4049,1024,91
dsmem_loaded,9,0,1,1024,16384,0,0,42,6,1802358287,749463648,110007.2197,45743.6309,2.4049,1024,92
dsmem_loaded,9,0,1,1024,16384,0,0,42,6,1802311904,749444384,110004.3887,45742.4551,2.4049,1024,93
dsmem_loaded,9,0,1,1024,16384,0,0,42,6,1802334577,749453824,110005.7725,45743.0312,2.4049,1024,94
dsmem_loaded,9,0,1,1024,16384,0,0,42,6,1802375046,749470656,110008.2426,45744.0586,2.4049,1024,95
dsmem_loaded,9,0,1,1024,16384,0,0,42,6,1802314805,749445568,110004.5657,45742.5273,2.4049,1024,96
dsmem_loaded,9,0,1,1024,16384,0,0,42,6,1802419751,749489248,110010.9711,45745.1934,2.4049,1024,97
dsmem_loaded,9,0,1,1024,16384,0,0,42,6,1802416313,749487808,110010.7613,45745.1055,2.4049,1024,98
dsmem_loaded,9,0,1,1024,16384,0,0,42,6,1802316583,749446336,110004.6743,45742.5742,2.4049,1024,99
dsmem_loaded,9,0,1,1024,16384,0,0,42,6,1802402854,749482176,110009.9398,45744.7617,2.4049,1024,100
dsmem_loaded,9,0,1,1024,16384,0,0,42,6,1802336064,749454432,110005.8633,45743.0684,2.4049,1024,101
dsmem_loaded,9,0,1,1024,16384,0,0,42,6,1802401236,749481504,110009.8411,45744.7207,2.4049,1024,102
dsmem_loaded,9,0,1,1024,16384,0,0,42,6,1802406679,749483808,110010.1733,45744.8613,2.4049,1024,103
dsmem_loaded,9,0,1,1024,16384,0,0,42,6,1802390599,749477120,110009.1918,45744.4531,2.4049,1024,104
dsmem_loaded,9,0,1,1024,16384,0,0,42,6,1802397211,749479840,110009.5954,45744.6191,2.4049,1024,105
dsmem_loaded,9,0,1,1024,16384,0,0,42,6,1802362974,749465600,110007.5057,45743.7500,2.4049,1024,106
dsmem_loaded,9,0,1,1024,16384,0,0,42,6,1802339495,749455872,110006.0727,45743.1562,2.4049,1024,107
dsmem_loaded,9,0,1,1024,16384,0,0,42,6,1802356722,749463008,110007.1241,45743.5918,2.4049,1024,108
dsmem_loaded,9,0,1,1024,16384,0,0,42,6,1802302399,749440448,110003.8085,45742.2148,2.4049,1024,109
dsmem_loaded,9,0,1,1024,16384,0,0,42,6,1802384236,749474432,110008.8035,45744.2891,2.4049,1024,110
dsmem_loaded,9,0,1,1024,16384,0,0,42,6,1802352583,749461280,110006.8715,45743.4863,2.4049,1024,111
dsmem_loaded,9,0,1,1024,16384,0,0,42,6,1802349656,749460064,110006.6929,45743.4121,2.4049,1024,112
dsmem_loaded,9,0,1,1024,16384,0,0,42,6,1802345243,749458240,110006.4235,45743.3008,2.4049,1024,113
dsmem_loaded,9,0,1,1024,16384,0,0,42,6,1802421894,749490080,110011.1019,45745.2441,2.4049,1024,114
dsmem_loaded,9,0,1,1024,16384,0,0,42,6,1802290728,749435616,110003.0962,45741.9199,2.4049,1024,115
dsmem_loaded,9,0,1,1024,16384,0,0,42,6,1802277278,749429984,110002.2753,45741.5762,2.4049,1024,116
dsmem_loaded,9,0,1,1024,16384,0,0,42,6,1802314566,749445504,110004.5511,45742.5234,2.4049,1024,117
dsmem_loaded,9,0,1,1024,16384,0,0,42,6,1802232892,749411552,109999.5662,45740.4512,2.4049,1024,118
dsmem_loaded,9,0,1,1024,16384,0,0,42,6,1802328380,749451232,110005.3943,45742.8730,2.4049,1024,119
dsmem_loaded,9,0,1,1024,16384,0,0,42,6,1802307477,749442560,110004.1185,45742.3438,2.4049,1024,120
dsmem_loaded,9,0,1,1024,16384,0,0,42,6,1802363709,749465920,110007.5506,45743.7695,2.4049,1024,121
dsmem_loaded,9,0,1,1024,16384,0,0,42,6,1802359765,749464320,110007.3099,45743.6719,2.4049,1024,122
dsmem_loaded,9,0,1,1024,16384,0,0,42,6,1802321778,749448512,110004.9913,45742.7070,2.4049,1024,123
dsmem_loaded,9,0,1,1024,16384,0,0,42,6,1802302296,749440384,110003.8022,45742.2109,2.4049,1024,124
dsmem_loaded,9,0,1,1024,16384,0,0,42,6,1802361134,749464864,110007.3934,45743.7051,2.4049,1024,125
dsmem_loaded,9,0,1,1024,16384,0,0,42,6,1802380196,749472768,110008.5569,45744.1875,2.4049,1024,126
dsmem_loaded,9,0,1,1024,16384,0,0,42,6,1802387168,749475648,110008.9824,45744.3633,2.4049,1024,127
dsmem_loaded,9,0,1,1024,16384,0,0,42,6,1802421677,749490048,110011.0887,45745.2422,2.4049,1024,128
dsmem_loaded,9,0,1,1024,16384,0,0,42,6,1802379286,749472384,110008.5013,45744.1641,2.4049,1024,129
dsmem_loaded,9,0,1,1024,16384,0,0,42,6,1802377377,749471584,110008.3848,45744.1152,2.4049,1024,130
dsmem_loaded,9,0,1,1024,16384,0,0,42,6,1802428439,749492832,110011.5014,45745.4121,2.4049,1024,131
dsmem_loaded,9,0,1,1024,16384,0,0,42,6,1802360943,749464768,110007.3818,45743.6992,2.4049,1024,132
dsmem_loaded,9,0,1,1024,16384,0,0,42,6,1802401822,749481760,110009.8768,45744.7363,2.4049,1024,133
dsmem_loaded,9,0,1,1024,16384,0,0,42,6,1802402276,749481920,110009.9045,45744.7461,2.4049,1024,134
dsmem_loaded,9,0,1,1024,16384,0,0,42,6,1802396046,749479360,110009.5243,45744.5898,2.4049,1024,135
dsmem_loaded,9,0,1,1024,16384,0,0,42,6,1802289312,749435008,110003.0098,45741.8828,2.4049,1024,136
dsmem_loaded,9,0,1,1024,16384,0,0,42,6,1802378065,749471872,110008.4268,45744.1328,2.4049,1024,137
dsmem_loaded,9,0,1,1024,16384,0,0,42,6,1802341027,749456448,110006.1662,45743.1914,2.4049,1024,138
dsmem_loaded,9,0,1,1024,16384,0,0,42,6,1802307394,749442528,110004.1134,45742.3418,2.4049,1024,139
dsmem_loaded,9,0,1,1024,16384,0,0,42,6,1802281847,749431872,110002.5541,45741.6914,2.4049,1024,140
dsmem_loaded,9,0,1,1024,16384,0,0,42,6,1802326038,749450272,110005.2513,45742.8145,2.4049,1024,141
dsmem_loaded,9,0,1,1024,16384,0,0,42,6,1802413616,749486688,110010.5967,45745.0371,2.4049,1024,142
dsmem_loaded,9,0,1,1024,16384,0,0,42,6,1802313975,749445280,110004.5151,45742.5098,2.4049,1024,143
dsmem_loaded,9,0,1,1024,16384,0,0,42,6,1802362278,749465312,110007.4633,45743.7324,2.4049,1024,144
dsmem_loaded,9,0,1,1024,16384,0,0,42,6,1802313019,749444832,110004.4567,45742.4824,2.4049,1024,145
dsmem_loaded,9,0,1,1024,16384,0,0,42,6,1802299564,749439232,110003.6355,45742.1406,2.4049,1024,146
dsmem_loaded,9,0,1,1024,16384,0,0,42,6,1802410580,749485376,110010.4114,45744.9570,2.4049,1024,147
dsmem_loaded,9,0,1,1024,16384,0,0,42,6,1802482489,749515328,110014.8004,45746.7852,2.4049,1024,148
dsmem_loaded,9,0,1,1024,16384,0,0,42,6,1802329278,749451584,110005.4491,45742.8945,2.4049,1024,149
dsmem_loaded,9,0,1,1024,16384,0,0,42,6,1802322186,749448640,110005.0162,45742.7148,2.4049,1024,150
dsmem_loaded,9,0,1,1024,16384,0,0,42,6,1802388683,749476288,110009.0749,45744.4023,2.4049,1024,151
dsmem_loaded,9,0,1,1024,16384,0,0,42,6,1802266899,749425696,110001.6418,45741.3145,2.4049,1024,152
dsmem_loaded,9,0,1,1024,16384,0,0,42,6,1802327448,749450816,110005.3374,45742.8477,2.4049,1024,153
dsmem_loaded,9,0,1,1024,16384,0,0,42,6,1802315422,749445824,110004.6034,45742.5430,2.4049,1024,154
dsmem_loaded,9,0,1,1024,16384,0,0,42,6,1802393451,749478272,110009.3659,45744.5234,2.4049,1024,155
dsmem_loaded,9,0,1,1024,16384,0,0,42,6,1802310059,749443680,110004.2761,45742.4121,2.4049,1024,156
dsmem_loaded,9,0,1,1024,16384,0,0,42,6,1802331354,749452512,110005.5758,45742.9512,2.4049,1024,157
dsmem_loaded,9,0,1,1024,16384,0,0,42,6,1802348466,749459552,110006.6202,45743.3809,2.4049,1024,158
dsmem_loaded,9,0,1,1024,16384,0,0,42,6,1802284619,749433088,110002.7233,45741.7656,2.4049,1024,159
dsmem_loaded,9,0,1,1024,16384,0,0,42,6,1802393949,749478464,110009.3963,45744.5352,2.4049,1024,160
dsmem_loaded,9,0,1,1024,16384,0,0,42,6,1802444039,749499328,110012.4536,45745.8086,2.4049,1024,161
dsmem_loaded,9,0,1,1024,16384,0,0,42,6,1802406833,749483840,110010.1827,45744.8633,2.4049,1024,162
dsmem_loaded,9,0,1,1024,16384,0,0,42,6,1802381253,749473216,110008.6214,45744.2148,2.4049,1024,163
dsmem_loaded,9,0,1,1024,16384,0,0,42,6,1802324135,749449472,110005.1352,45742.7656,2.4049,1024,164
dsmem_loaded,9,0,1,1024,16384,0,0,42,6,1802277331,749430016,110002.2785,45741.5781,2.4049,1024,165
dsmem_loaded,9,0,1,1024,16384,0,0,42,6,1802316308,749446208,110004.6575,45742.5664,2.4049,1024,166
dsmem_loaded,9,0,1,1024,16384,0,0,42,6,1802318892,749447296,110004.8152,45742.6328,2.4049,1024,167
dsmem_loaded,9,0,1,1024,16384,0,0,42,6,1802381475,749473312,110008.6349,45744.2207,2.4049,1024,168
dsmem_loaded,9,0,1,1024,16384,0,0,42,6,1802254793,749420672,110000.9029,45741.0078,2.4049,1024,169
dsmem_loaded,9,0,1,1024,16384,0,0,42,6,1802315947,749446048,110004.6354,45742.5566,2.4049,1024,170
dsmem_loaded,9,0,1,1024,16384,0,0,42,6,1802315818,749446016,110004.6276,45742.5547,2.4049,1024,171
dsmem_loaded,9,0,1,1024,16384,0,0,42,6,1802374097,749470304,110008.1846,45744.0371,2.4049,1024,172
dsmem_loaded,9,0,1,1024,16384,0,0,42,6,1802326700,749450528,110005.2917,45742.8301,2.4049,1024,173
dsmem_loaded,9,0,1,1024,16384,0,0,42,6,1802320410,749447936,110004.9078,45742.6719,2.4049,1024,174
dsmem_loaded,9,0,1,1024,16384,0,0,42,6,1802302947,749440672,110003.8420,45742.2285,2.4049,1024,175
dsmem_loaded,9,0,1,1024,16384,0,0,42,6,1802474287,749511904,110014.2997,45746.5762,2.4049,1024,176
dsmem_loaded,9,0,1,1024,16384,0,0,42,6,1802329998,749451872,110005.4930,45742.9121,2.4049,1024,177
dsmem_loaded,9,0,1,1024,16384,0,0,42,6,1802427351,749492352,110011.4350,45745.3828,2.4049,1024,178
dsmem_loaded,9,0,1,1024,16384,0,0,42,6,1802312400,749444544,110004.4189,45742.4648,2.4049,1024,179
dsmem_loaded,9,0,1,1024,16384,0,0,42,6,1802458222,749505216,110013.3192,45746.1680,2.4049,1024,180
dsmem_loaded,9,0,1,1024,16384,0,0,42,6,1802445208,749499808,110012.5249,45745.8379,2.4049,1024,181
dsmem_loaded,9,0,1,1024,16384,0,0,42,6,1802392584,749477920,110009.3130,45744.5020,2.4049,1024,182
dsmem_loaded,9,0,1,1024,16384,0,0,42,6,1802312399,749444576,110004.4189,45742.4668,2.4049,1024,183
dsmem_loaded,9,0,1,1024,16384,0,0,42,6,1802371558,749469184,110008.0297,45743.9688,2.4049,1024,184
dsmem_loaded,9,0,1,1024,16384,0,0,42,6,1802396014,749479360,110009.5223,45744.5898,2.4049,1024,185
dsmem_loaded,9,0,1,1024,16384,0,0,42,6,1802312513,749444640,110004.4258,45742.4707,2.4049,1024,186
dsmem_loaded,9,0,1,1024,16384,0,0,42,6,1802395647,749479200,110009.4999,45744.5801,2.4049,1024,187
dsmem_loaded,9,0,1,1024,16384,0,0,42,6,1802235986,749412832,109999.7550,45740.5293,2.4049,1024,188
dsmem_loaded,9,0,1,1024,16384,0,0,42,6,1802346253,749458688,110006.4852,45743.3281,2.4049,1024,189
dsmem_loaded,9,0,1,1024,16384,0,0,42,6,1802339773,749455968,110006.0897,45743.1621,2.4049,1024,190
dsmem_loaded,9,0,1,1024,16384,0,0,42,6,1802342450,749457120,110006.2531,45743.2324,2.4049,1024,191
dsmem_loaded,9,0,1,1024,16384,0,0,42,6,1802350674,749460512,110006.7550,45743.4395,2.4049,1024,192
dsmem_loaded,9,0,1,1024,16384,0,0,42,6,1802397622,749480032,110009.6205,45744.6309,2.4049,1024,193
dsmem_loaded,9,0,1,1024,16384,0,0,42,6,1802372553,749469568,110008.0904,45743.9922,2.4049,1024,194
dsmem_loaded,9,0,1,1024,16384,0,0,42,6,1802376470,749471232,110008.3295,45744.0938,2.4049,1024,195
dsmem_loaded,9,0,1,1024,16384,0,0,42,6,1802321696,749448416,110004.9863,45742.7012,2.4049,1024,196
dsmem_loaded,9,0,1,1024,16384,0,0,42,6,1802370967,749468928,110007.9936,45743.9531,2.4049,1024,197
dsmem_loaded,9,0,1,1024,16384,0,0,42,6,1802346395,749458720,110006.4938,45743.3301,2.4049,1024,198
dsmem_loaded,9,0,1,1024,16384,0,0,42,6,1802295300,749437472,110003.3752,45742.0332,2.4049,1024,199
dsmem_loaded,9,0,1,1024,16384,0,0,42,6,1802417549,749488288,110010.8367,45745.1348,2.4049,1024,200
dsmem_loaded,9,0,1,1024,16384,0,0,42,6,1802357152,749463168,110007.1504,45743.6016,2.4049,1024,201
dsmem_loaded,9,0,1,1024,16384,0,0,42,6,1802420014,749489344,110010.9872,45745.1992,2.4049,1024,202
dsmem_loaded,9,0,1,1024,16384,0,0,42,6,1802437618,749496640,110012.0616,45745.6445,2.4049,1024,203
dsmem_loaded,9,0,1,1024,16384,0,0,42,6,1802361056,749464832,110007.3887,45743.7031,2.4049,1024,204
dsmem_loaded,9,0,1,1024,16384,0,0,42,6,1802317359,749446656,110004.7216,45742.5938,2.4049,1024,205
dsmem_loaded,9,0,1,1024,16384,0,0,42,6,1802327622,749450944,110005.3480,45742.8555,2.4049,1024,206
dsmem_loaded,9,0,1,1024,16384,0,0,42,6,1802334349,749453728,110005.7586,45743.0254,2.4049,1024,207
dsmem_loaded,9,0,1,1024,16384,0,0,42,6,1802425364,749491520,110011.3137,45745.3320,2.4049,1024,208
dsmem_loaded,9,0,1,1024,16384,0,0,42,6,1802350538,749460448,110006.7467,45743.4355,2.4049,1024,209
dsmem_loaded,9,0,1,1024,16384,0,0,42,6,1802339785,749455936,110006.0904,45743.1602,2.4049,1024,210
dsmem_loaded,9,0,1,1024,16384,0,0,42,6,1802383924,749474336,110008.7844,45744.2832,2.4049,1024,211
dsmem_loaded,9,0,1,1024,16384,0,0,42,6,1802347247,749459072,110006.5458,45743.3516,2.4049,1024,212
dsmem_loaded,9,0,1,1024,16384,0,0,42,6,1802354210,749461952,110006.9708,45743.5273,2.4049,1024,213
dsmem_loaded,9,0,1,1024,16384,0,0,42,6,1802288211,749434528,110002.9426,45741.8535,2.4049,1024,214
dsmem_loaded,9,0,1,1024,16384,0,0,42,6,1802308740,749443072,110004.1956,45742.3750,2.4049,1024,215
dsmem_loaded,9,0,1,1024,16384,0,0,42,6,1802332331,749452896,110005.6354,45742.9746,2.4049,1024,216
dsmem_loaded,9,0,1,1024,16384,0,0,42,6,1802346759,749458880,110006.5161,45743.3398,2.4049,1024,217
dsmem_loaded,9,0,1,1024,16384,0,0,42,6,1802329643,749451776,110005.4714,45742.9062,2.4049,1024,218
dsmem_loaded,9,0,1,1024,16384,0,0,42,6,1802336611,749454656,110005.8967,45743.0820,2.4049,1024,219
dsmem_loaded,9,0,1,1024,16384,0,0,42,6,1802344979,749458144,110006.4074,45743.2949,2.4049,1024,220
dsmem_loaded,9,0,1,1024,16384,0,0,42,6,1802318520,749447136,110004.7925,45742.6230,2.4049,1024,221
dsmem_loaded,9,0,1,1024,16384,0,0,42,6,1802401885,749481824,110009.8807,45744.7402,2.4049,1024,222
dsmem_loaded,9,0,1,1024,16384,0,0,42,6,1802430126,749493536,110011.6044,45745.4551,2.4049,1024,223
dsmem_loaded,9,0,1,1024,16384,0,0,42,6,1802336487,749454592,110005.8891,45743.0781,2.4049,1024,224
dsmem_loaded,9,0,1,1024,16384,0,0,42,6,1802316184,749446144,110004.6499,45742.5625,2.4049,1024,225
dsmem_loaded,9,0,1,1024,16384,0,0,42,6,1802247455,749417600,110000.4550,45740.8203,2.4049,1024,226
dsmem_loaded,9,0,1,1024,16384,0,0,42,6,1802220843,749406496,109998.8307,45740.1426,2.4049,1024,227
dsmem_loaded,9,0,1,1024,16384,0,0,42,6,1802255190,749420800,110000.9271,45741.0156,2.4049,1024,228
dsmem_loaded,9,0,1,1024,16384,0,0,42,6,1802348593,749459648,110006.6280,45743.3867,2.4049,1024,229
dsmem_loaded,9,0,1,1024,16384,0,0,42,6,1802343824,749457664,110006.3369,45743.2656,2.4049,1024,230
dsmem_loaded,9,0,1,1024,16384,0,0,42,6,1802367663,749467552,110007.7919,45743.8691,2.4049,1024,231
dsmem_loaded,9,0,1,1024,16384,0,0,42,6,1802255190,749420832,110000.9271,45741.0176,2.4049,1024,232
dsmem_loaded,9,0,1,1024,16384,0,0,42,6,1802303352,749440800,110003.8667,45742.2363,2.4049,1024,233
dsmem_loaded,9,0,1,1024,16384,0,0,42,6,1802329521,749451680,110005.4639,45742.9004,2.4049,1024,234
dsmem_loaded,9,0,1,1024,16384,0,0,42,6,1802201622,749398560,109997.6576,45739.6582,2.4049,1024,235
dsmem_loaded,9,0,1,1024,16384,0,0,42,6,1802356273,749462784,110007.0967,45743.5781,2.4049,1024,236
dsmem_loaded,9,0,1,1024,16384,0,0,42,6,1802314952,749445664,110004.5747,45742.5332,2.4049,1024,237
dsmem_loaded,9,0,1,1024,16384,0,0,42,6,1802327069,749450624,110005.3143,45742.8359,2.4049,1024,238
dsmem_loaded,9,0,1,1024,16384,0,0,42,6,1802237717,749413536,109999.8607,45740.5723,2.4049,1024,239
dsmem_loaded,9,0,1,1024,16384,0,0,42,6,1802259586,749422624,110001.1954,45741.1270,2.4049,1024,240
dsmem_loaded,9,0,1,1024,16384,0,0,42,6,1802273157,749428288,110002.0237,45741.4727,2.4049,1024,241
dsmem_loaded,9,0,1,1024,16384,0,0,42,6,1802266438,749425472,110001.6136,45741.3008,2.4049,1024,242
dsmem_loaded,9,0,1,1024,16384,0,0,42,6,1802351146,749460672,110006.7838,45743.4492,2.4049,1024,243
dsmem_loaded,9,0,1,1024,16384,0,0,42,6,1802255932,749421120,110000.9724,45741.0352,2.4049,1024,244
dsmem_loaded,9,0,1,1024,16384,0,0,42,6,1802305185,749441600,110003.9786,45742.2852,2.4049,1024,245
dsmem_loaded,9,0,1,1024,16384,0,0,42,6,1802233685,749411840,109999.6146,45740.4688,2.4049,1024,246
dsmem_loaded,9,0,1,1024,16384,0,0,42,6,1802324984,749449856,110005.1870,45742.7891,2.4049,1024,247
dsmem_loaded,9,0,1,1024,16384,0,0,42,6,1802262651,749423904,110001.3825,45741.2051,2.4049,1024,248
dsmem_loaded,9,0,1,1024,16384,0,0,42,6,1802259713,749422720,110001.2032,45741.1328,2.4049,1024,249
dsmem_loaded,9,0,1,1024,16384,0,0,42,6,1802277434,749430080,110002.2848,45741.5820,2.4049,1024,250
dsmem_loaded,9,0,1,1024,16384,0,0,42,6,1802353466,749461664,110006.9254,45743.5098,2.4049,1024,251
dsmem_loaded,9,0,1,1024,16384,0,0,42,6,1802263827,749424384,110001.4543,45741.2344,2.4049,1024,252
dsmem_loaded,9,0,1,1024,16384,0,0,42,6,1802247452,749417568,110000.4548,45740.8184,2.4049,1024,253
dsmem_loaded,9,0,1,1024,16384,0,0,42,6,1802276218,749429568,110002.2106,45741.5508,2.4049,1024,254
dsmem_loaded,9,0,1,1024,16384,0,0,42,6,1802346741,749458880,110006.5150,45743.3398,2.4049,1024,255
dsmem_loaded,9,0,1,1024,16384,0,0,42,7,1802151220,749374720,109994.5813,45738.2031,2.4049,1024,0
dsmem_loaded,9,0,1,1024,16384,0,0,42,7,1802180113,749386720,109996.3448,45738.9355,2.4049,1024,1
dsmem_loaded,9,0,1,1024,16384,0,0,42,7,1802190250,749390912,109996.9635,45739.1914,2.4049,1024,2
dsmem_loaded,9,0,1,1024,16384,0,0,42,7,1802176930,749385408,109996.1505,45738.8555,2.4049,1024,3
dsmem_loaded,9,0,1,1024,16384,0,0,42,7,1802183420,749388096,109996.5466,45739.0195,2.4049,1024,4
dsmem_loaded,9,0,1,1024,16384,0,0,42,7,1802167138,749381312,109995.5529,45738.6055,2.4049,1024,5
dsmem_loaded,9,0,1,1024,16384,0,0,42,7,1802188649,749390240,109996.8658,45739.1504,2.4049,1024,6
dsmem_loaded,9,0,1,1024,16384,0,0,42,7,1802133867,749367488,109993.5222,45737.7617,2.4049,1024,7
dsmem_loaded,9,0,1,1024,16384,0,0,42,7,1802145980,749372512,109994.2615,45738.0684,2.4049,1024,8
dsmem_loaded,9,0,1,1024,16384,0,0,42,7,1802126536,749364448,109993.0747,45737.5762,2.4049,1024,9
dsmem_loaded,9,0,1,1024,16384,0,0,42,7,1802167969,749381696,109995.6036,45738.6289,2.4049,1024,10
dsmem_loaded,9,0,1,1024,16384,0,0,42,7,1802130439,749366048,109993.3129,45737.6738,2.4049,1024,11
dsmem_loaded,9,0,1,1024,16384,0,0,42,7,1802136677,749368640,109993.6937,45737.8320,2.4049,1024,12
dsmem_loaded,9,0,1,1024,16384,0,0,42,7,1802113657,749359072,109992.2886,45737.2480,2.4049,1024,13
dsmem_loaded,9,0,1,1024,16384,0,0,42,7,1802115416,749359808,109992.3960,45737.2930,2.4049,1024,14
dsmem_loaded,9,0,1,1024,16384,0,0,42,7,1802129960,749365856,109993.2837,45737.6621,2.4049,1024,15
dsmem_loaded,9,0,1,1024,16384,0,0,42,7,1802116025,749360064,109992.4332,45737.3086,2.4049,1024,16
dsmem_loaded,9,0,1,1024,16384,0,0,42,7,1802161618,749379072,109995.2159,45738.4688,2.4049,1024,17
dsmem_loaded,9,0,1,1024,16384,0,0,42,7,1802171150,749383008,109995.7977,45738.7090,2.4049,1024,18
dsmem_loaded,9,0,1,1024,16384,0,0,42,7,1802115665,749359904,109992.4112,45737.2988,2.4049,1024,19
dsmem_loaded,9,0,1,1024,16384,0,0,42,7,1802113656,749359072,109992.2886,45737.2480,2.4049,1024,20
dsmem_loaded,9,0,1,1024,16384,0,0,42,7,1802116282,749360160,109992.4489,45737.3145,2.4049,1024,21
dsmem_loaded,9,0,1,1024,16384,0,0,42,7,1802115423,749359808,109992.3964,45737.2930,2.4049,1024,22
dsmem_loaded,9,0,1,1024,16384,0,0,42,7,1802115791,749359968,109992.4189,45737.3027,2.4049,1024,23
dsmem_loaded,9,0,1,1024,16384,0,0,42,7,1802129474,749365664,109993.2540,45737.6504,2.4049,1024,24
dsmem_loaded,9,0,1,1024,16384,0,0,42,7,1802115661,749359904,109992.4109,45737.2988,2.4049,1024,25
dsmem_loaded,9,0,1,1024,16384,0,0,42,7,1802116159,749360096,109992.4413,45737.3105,2.4049,1024,26
dsmem_loaded,9,0,1,1024,16384,0,0,42,7,1802113657,749359072,109992.2886,45737.2480,2.4049,1024,27
dsmem_loaded,9,0,1,1024,16384,0,0,42,7,1802116033,749360064,109992.4337,45737.3086,2.4049,1024,28
dsmem_loaded,9,0,1,1024,16384,0,0,42,7,1802115057,749359680,109992.3741,45737.2852,2.4049,1024,29
dsmem_loaded,9,0,1,1024,16384,0,0,42,7,1802113657,749359040,109992.2886,45737.2461,2.4049,1024,30
dsmem_loaded,9,0,1,1024,16384,0,0,42,7,1802115542,749359840,109992.4037,45737.2949,2.4049,1024,31
dsmem_loaded,9,0,1,1024,16384,0,0,42,7,1802196489,749393536,109997.3443,45739.3516,2.4049,1024,32
dsmem_loaded,9,0,1,1024,16384,0,0,42,7,1802184506,749388544,109996.6129,45739.0469,2.4049,1024,33
dsmem_loaded,9,0,1,1024,16384,0,0,42,7,1802166782,749381152,109995.5311,45738.5957,2.4049,1024,34
dsmem_loaded,9,0,1,1024,16384,0,0,42,7,1802185240,749388832,109996.6577,45739.0645,2.4049,1024,35
dsmem_loaded,9,0,1,1024,16384,0,0,42,7,1802174116,749384224,109995.9788,45738.7832,2.4049,1024,36
dsmem_loaded,9,0,1,1024,16384,0,0,42,7,1802189267,749390528,109996.9035,45739.1680,2.4049,1024,37
dsmem_loaded,9,0,1,1024,16384,0,0,42,7,1802170574,749382784,109995.7626,45738.6953,2.4049,1024,38
dsmem_loaded,9,0,1,1024,16384,0,0,42,7,1802139388,749369760,109993.8591,45737.9004,2.4049,1024,39
dsmem_loaded,9,0,1,1024,16384,0,0,42,7,1802177165,749385504,109996.1649,45738.8613,2.4049,1024,40
dsmem_loaded,9,0,1,1024,16384,0,0,42,7,1802115311,749359744,109992.3896,45737.2891,2.4049,1024,41
dsmem_loaded,9,0,1,1024,16384,0,0,42,7,1802178400,749386016,109996.2402,45738.8926,2.4049,1024,42
dsmem_loaded,9,0,1,1024,16384,0,0,42,7,1802129483,749365696,109993.2546,45737.6523,2.4049,1024,43
dsmem_loaded,9,0,1,1024,16384,0,0,42,7,1802116164,749360128,109992.4417,45737.3125,2.4049,1024,44
dsmem_loaded,9,0,1,1024,16384,0,0,42,7,1802115564,749359872,109992.4050,45737.2969,2.4049,1024,45
dsmem_loaded,9,0,1,1024,16384,0,0,42,7,1802126547,749364448,109993.0754,45737.5762,2.4049,1024,46
dsmem_loaded,9,0,1,1024,16384,0,0,42,7,1802136812,749368704,109993.7019,45737.8359,2.4049,1024,47
dsmem_loaded,9,0,1,1024,16384,0,0,42,7,1802171530,749383168,109995.8209,45738.7188,2.4049,1024,48
dsmem_loaded,9,0,1,1024,16384,0,0,42,7,1802126675,749364512,109993.0832,45737.5801,2.4049,1024,49
dsmem_loaded,9,0,1,1024,16384,0,0,42,7,1802118850,749361248,109992.6056,45737.3809,2.4049,1024,50
dsmem_loaded,9,0,1,1024,16384,0,0,42,7,1802129243,749365568,109993.2399,45737.6445,2.4049,1024,51
dsmem_loaded,9,0,1,1024,16384,0,0,42,7,1802128998,749365472,109993.2250,45737.6387,2.4049,1024,52
dsmem_loaded,9,0,1,1024,16384,0,0,42,7,1802129116,749365504,109993.2322,45737.6406,2.4049,1024,53
dsmem_loaded,9,0,1,1024,16384,0,0,42,7,1802115431,749359840,109992.3969,45737.2949,2.4049,1024,54
dsmem_loaded,9,0,1,1024,16384,0,0,42,7,1802129488,749365664,109993.2549,45737.6504,2.4049,1024,55
dsmem_loaded,9,0,1,1024,16384,0,0,42,7,1802115563,749359872,109992.4050,45737.2969,2.4049,1024,56
dsmem_loaded,9,0,1,1024,16384,0,0,42,7,1802115796,749360000,109992.4192,45737.3047,2.4049,1024,57
dsmem_loaded,9,0,1,1024,16384,0,0,42,7,1802142806,749371200,109994.0677,45737.9883,2.4049,1024,58
dsmem_loaded,9,0,1,1024,16384,0,0,42,7,1802130463,749366080,109993.3144,45737.6758,2.4049,1024,59
dsmem_loaded,9,0,1,1024,16384,0,0,42,7,1802113657,749359072,109992.2886,45737.2480,2.4049,1024,60
dsmem_loaded,9,0,1,1024,16384,0,0,42,7,1802113657,749359040,109992.2886,45737.2461,2.4049,1024,61
dsmem_loaded,9,0,1,1024,16384,0,0,42,7,1802113658,749359072,109992.2887,45737.2480,2.4049,1024,62
dsmem_loaded,9,0,1,1024,16384,0,0,42,7,1802113658,749359040,109992.2887,45737.2461,2.4049,1024,63
dsmem_loaded,9,0,1,1024,16384,0,0,42,7,1802160175,749378432,109995.1279,45738.4297,2.4049,1024,64
dsmem_loaded,9,0,1,1024,16384,0,0,42,7,1802180344,749386816,109996.3589,45738.9414,2.4049,1024,65
dsmem_loaded,9,0,1,1024,16384,0,0,42,7,1802115164,749359680,109992.3806,45737.2852,2.4049,1024,66
dsmem_loaded,9,0,1,1024,16384,0,0,42,7,1802180712,749386944,109996.3813,45738.9492,2.4049,1024,67
dsmem_loaded,9,0,1,1024,16384,0,0,42,7,1802162742,749379488,109995.2845,45738.4941,2.4049,1024,68
dsmem_loaded,9,0,1,1024,16384,0,0,42,7,1802159069,749377952,109995.0604,45738.4004,2.4049,1024,69
dsmem_loaded,9,0,1,1024,16384,0,0,42,7,1802208066,749398368,109998.0509,45739.6465,2.4049,1024,70
dsmem_loaded,9,0,1,1024,16384,0,0,42,7,1802190242,749390912,109996.9630,45739.1914,2.4049,1024,71
dsmem_loaded,9,0,1,1024,16384,0,0,42,7,1802116142,749360128,109992.4403,45737.3125,2.4049,1024,72
dsmem_loaded,9,0,1,1024,16384,0,0,42,7,1802130572,749366112,109993.3210,45737.6777,2.4049,1024,73
dsmem_loaded,9,0,1,1024,16384,0,0,42,7,1802116621,749360320,109992.4695,45737.3242,2.4049,1024,74
dsmem_loaded,9,0,1,1024,16384,0,0,42,7,1802126412,749364384,109993.0671,45737.5723,2.4049,1024,75
dsmem_loaded,9,0,1,1024,16384,0,0,42,7,1802146216,749372640,109994.2759,45738.0762,2.4049,1024,76
dsmem_loaded,9,0,1,1024,16384,0,0,42,7,1802129472,749365664,109993.2539,45737.6504,2.4049,1024,77
dsmem_loaded,9,0,1,1024,16384,0,0,42,7,1802187300,749389696,109996.7834,45739.1172,2.4049,1024,78
dsmem_loaded,9,0,1,1024,16384,0,0,42,7,1802130202,749365952,109993.2985,45737.6680,2.4049,1024,79
dsmem_loaded,9,0,1,1024,16384,0,0,42,7,1802153057,749375488,109994.6934,45738.2500,2.4049,1024,80
dsmem_loaded,9,0,1,1024,16384,0,0,42,7,1802115166,749359712,109992.3807,45737.2871,2.4049,1024,81
dsmem_loaded,9,0,1,1024,16384,0,0,42,7,1802159412,749378144,109995.0813,45738.4121,2.4049,1024,82
dsmem_loaded,9,0,1,1024,16384,0,0,42,7,1802115657,749359904,109992.4107,45737.2988,2.4049,1024,83
dsmem_loaded,9,0,1,1024,16384,0,0,42,7,1802115779,749360000,109992.4182,45737.3047,2.4049,1024,84
dsmem_loaded,9,0,1,1024,16384,0,0,42,7,1802115530,749359904,109992.4030,45737.2988,2.4049,1024,85
dsmem_loaded,9,0,1,1024,16384,0,0,42,7,1802113657,749359040,109992.2886,45737.2461,2.4049,1024,86
dsmem_loaded,9,0,1,1024,16384,0,0,42,7,1802115894,749360000,109992.4252,45737.3047,2.4049,1024,87
dsmem_loaded,9,0,1,1024,16384,0,0,42,7,1802125924,749364192,109993.0374,45737.5605,2.4049,1024,88
dsmem_loaded,9,0,1,1024,16384,0,0,42,7,1802113657,749359072,109992.2886,45737.2480,2.4049,1024,89
dsmem_loaded,9,0,1,1024,16384,0,0,42,7,1802157944,749377536,109994.9917,45738.3750,2.4049,1024,90
dsmem_loaded,9,0,1,1024,16384,0,0,42,7,1802116136,749360128,109992.4399,45737.3125,2.4049,1024,91
dsmem_loaded,9,0,1,1024,16384,0,0,42,7,1802113657,749359104,109992.2886,45737.2500,2.4049,1024,92
dsmem_loaded,9,0,1,1024,16384,0,0,42,7,1802116622,749360320,109992.4696,45737.3242,2.4049,1024,93
dsmem_loaded,9,0,1,1024,16384,0,0,42,7,1802114804,749359584,109992.3586,45737.2793,2.4049,1024,94
dsmem_loaded,9,0,1,1024,16384,0,0,42,7,1802113657,749359072,109992.2886,45737.2480,2.4049,1024,95
dsmem_loaded,9,0,1,1024,16384,0,0,42,7,1802115423,749359808,109992.3964,45737.2930,2.4049,1024,96
dsmem_loaded,9,0,1,1024,16384,0,0,42,7,1802115294,749359776,109992.3885,45737.2910,2.4049,1024,97
dsmem_loaded,9,0,1,1024,16384,0,0,42,7,1802153085,749375488,109994.6951,45738.2500,2.4049,1024,98
dsmem_loaded,9,0,1,1024,16384,0,0,42,7,1802198930,749394560,109997.4933,45739.4141,2.4049,1024,99
dsmem_loaded,9,0,1,1024,16384,0,0,42,7,1802176816,749385312,109996.1436,45738.8496,2.4049,1024,100
dsmem_loaded,9,0,1,1024,16384,0,0,42,7,1802177783,749385728,109996.2026,45738.8750,2.4049,1024,101
dsmem_loaded,9,0,1,1024,16384,0,0,42,7,1802156634,749376928,109994.9117,45738.3379,2.4049,1024,102
dsmem_loaded,9,0,1,1024,16384,0,0,42,7,1802178750,749386112,109996.2616,45738.8984,2.4049,1024,103
dsmem_loaded,9,0,1,1024,16384,0,0,42,7,1802146732,749372800,109994.3074,45738.0859,2.4049,1024,104
dsmem_loaded,9,0,1,1024,16384,0,0,42,7,1802185356,749388896,109996.6648,45739.0684,2.4049,1024,105
dsmem_loaded,9,0,1,1024,16384,0,0,42,7,1802126924,749364608,109993.0984,45737.5859,2.4049,1024,106
dsmem_loaded,9,0,1,1024,16384,0,0,42,7,1802185951,749389152,109996.7011,45739.0840,2.4049,1024,107
dsmem_loaded,9,0,1,1024,16384,0,0,42,7,1802136822,749368736,109993.7025,45737.8379,2.4049,1024,108
dsmem_loaded,9,0,1,1024,16384,0,0,42,7,1802114937,749359616,109992.3668,45737.2812,2.4049,1024,109
dsmem_loaded,9,0,1,1024,16384,0,0,42,7,1802115172,749359712,109992.3811,45737.2871,2.4049,1024,110
dsmem_loaded,9,0,1,1024,16384,0,0,42,7,1802188389,749390176,109996.8499,45739.1465,2.4049,1024,111
dsmem_loaded,9,0,1,1024,16384,0,0,42,7,1802140607,749370304,109993.9335,45737.9336,2.4049,1024,112
dsmem_loaded,9,0,1,1024,16384,0,0,42,7,1802133880,749367488,109993.5229,45737.7617,2.4049,1024,113
dsmem_loaded,9,0,1,1024,16384,0,0,42,7,1802130339,749366016,109993.3068,45737.6719,2.4049,1024,114
dsmem_loaded,9,0,1,1024,16384,0,0,42,7,1802147199,749373056,109994.3359,45738.1016,2.4049,1024,115
dsmem_loaded,9,0,1,1024,16384,0,0,42,7,1802143536,749371488,109994.1123,45738.0059,2.4049,1024,116
dsmem_loaded,9,0,1,1024,16384,0,0,42,7,1802115298,749359744,109992.3888,45737.2891,2.4049,1024,117
dsmem_loaded,9,0,1,1024,16384,0,0,42,7,1802127164,749364672,109993.1130,45737.5898,2.4049,1024,118
dsmem_loaded,9,0,1,1024,16384,0,0,42,7,1802113657,749359040,109992.2886,45737.2461,2.4049,1024,119
dsmem_loaded,9,0,1,1024,16384,0,0,42,7,1802115667,749359936,109992.4113,45737.3008,2.4049,1024,120
dsmem_loaded,9,0,1,1024,16384,0,0,42,7,1802136448,749368576,109993.6797,45737.8281,2.4049,1024,121
dsmem_loaded,9,0,1,1024,16384,0,0,42,7,1802115669,749359904,109992.4114,45737.2988,2.4049,1024,122
dsmem_loaded,9,0,1,1024,16384,0,0,42,7,1802115431,749359808,109992.3969,45737.2930,2.4049,1024,123
dsmem_loaded,9,0,1,1024,16384,0,0,42,7,1802113657,749359072,109992.2886,45737.2480,2.4049,1024,124
dsmem_loaded,9,0,1,1024,16384,0,0,42,7,1802113657,749359040,109992.2886,45737.2461,2.4049,1024,125
dsmem_loaded,9,0,1,1024,16384,0,0,42,7,1802113657,749359072,109992.2886,45737.2480,2.4049,1024,126
dsmem_loaded,9,0,1,1024,16384,0,0,42,7,1802115422,749359808,109992.3964,45737.2930,2.4049,1024,127
dsmem_loaded,9,0,1,1024,16384,0,0,42,7,1802193316,749392224,109997.1506,45739.2715,2.4049,1024,128
dsmem_loaded,9,0,1,1024,16384,0,0,42,7,1802175957,749384992,109996.0911,45738.8301,2.4049,1024,129
dsmem_loaded,9,0,1,1024,16384,0,0,42,7,1802179133,749386304,109996.2850,45738.9102,2.4049,1024,130
dsmem_loaded,9,0,1,1024,16384,0,0,42,7,1802186340,749389280,109996.7249,45739.0918,2.4049,1024,131
dsmem_loaded,9,0,1,1024,16384,0,0,42,7,1802150512,749374432,109994.5381,45738.1855,2.4049,1024,132
dsmem_loaded,9,0,1,1024,16384,0,0,42,7,1802126549,749364448,109993.0755,45737.5762,2.4049,1024,133
dsmem_loaded,9,0,1,1024,16384,0,0,42,7,1802148691,749373632,109994.4269,45738.1367,2.4049,1024,134
dsmem_loaded,9,0,1,1024,16384,0,0,42,7,1802180353,749386816,109996.3594,45738.9414,2.4049,1024,135
dsmem_loaded,9,0,1,1024,16384,0,0,42,7,1802140603,749370272,109993.9333,45737.9316,2.4049,1024,136
dsmem_loaded,9,0,1,1024,16384,0,0,42,7,1802143427,749371456,109994.1057,45738.0039,2.4049,1024,137
dsmem_loaded,9,0,1,1024,16384,0,0,42,7,1802134010,749367552,109993.5309,45737.7656,2.4049,1024,138
dsmem_loaded,9,0,1,1024,16384,0,0,42,7,1802113657,749359072,109992.2886,45737.2480,2.4049,1024,139
dsmem_loaded,9,0,1,1024,16384,0,0,42,7,1802151240,749374688,109994.5825,45738.2012,2.4049,1024,140
dsmem_loaded,9,0,1,1024,16384,0,0,42,7,1802143302,749371360,109994.0980,45737.9980,2.4049,1024,141
dsmem_loaded,9,0,1,1024,16384,0,0,42,7,1802115922,749360032,109992.4269,45737.3066,2.4049,1024,142
dsmem_loaded,9,0,1,1024,16384,0,0,42,7,1802115924,749360032,109992.4270,45737.3066,2.4049,1024,143
dsmem_loaded,9,0,1,1024,16384,0,0,42,7,1802129981,749365856,109993.2850,45737.6621,2.4049,1024,144
dsmem_loaded,9,0,1,1024,16384,0,0,42,7,1802146720,749372832,109994.3066,45738.0879,2.4049,1024,145
dsmem_loaded,9,0,1,1024,16384,0,0,42,7,1802137795,749369152,109993.7619,45737.8633,2.4049,1024,146
dsmem_loaded,9,0,1,1024,16384,0,0,42,7,1802140601,749370272,109993.9332,45737.9316,2.4049,1024,147
dsmem_loaded,9,0,1,1024,16384,0,0,42,7,1802113658,749359072,109992.2887,45737.2480,2.4049,1024,148
dsmem_loaded,9,0,1,1024,16384,0,0,42,7,1802126922,749364608,109993.0983,45737.5859,2.4049,1024,149
dsmem_loaded,9,0,1,1024,16384,0,0,42,7,1802113657,749359072,109992.2886,45737.2480,2.4049,1024,150
dsmem_loaded,9,0,1,1024,16384,0,0,42,7,1802115061,749359648,109992.3743,45737.2832,2.4049,1024,151
dsmem_loaded,9,0,1,1024,16384,0,0,42,7,1802115557,749359872,109992.4046,45737.2969,2.4049,1024,152
dsmem_loaded,9,0,1,1024,16384,0,0,42,7,1802115314,749359776,109992.3898,45737.2910,2.4049,1024,153
dsmem_loaded,9,0,1,1024,16384,0,0,42,7,1802140970,749370432,109993.9557,45737.9414,2.4049,1024,154
dsmem_loaded,9,0,1,1024,16384,0,0,42,7,1802116291,749360160,109992.4494,45737.3145,2.4049,1024,155
dsmem_loaded,9,0,1,1024,16384,0,0,42,7,1802128877,749365408,109993.2176,45737.6348,2.4049,1024,156
dsmem_loaded,9,0,1,1024,16384,0,0,42,7,1802113658,749359072,109992.2887,45737.2480,2.4049,1024,157
dsmem_loaded,9,0,1,1024,16384,0,0,42,7,1802115810,749359968,109992.4200,45737.3027,2.4049,1024,158
dsmem_loaded,9,0,1,1024,16384,0,0,42,7,1802115201,749359712,109992.3829,45737.2871,2.4049,1024,159
dsmem_loaded,9,0,1,1024,16384,0,0,42,7,1802173638,749384032,109995.9496,45738.7715,2.4049,1024,160
dsmem_loaded,9,0,1,1024,16384,0,0,42,7,1802183665,749388192,109996.5616,45739.0254,2.4049,1024,161
dsmem_loaded,9,0,1,1024,16384,0,0,42,7,1802169713,749382368,109995.7100,45738.6699,2.4049,1024,162
dsmem_loaded,9,0,1,1024,16384,0,0,42,7,1802113657,749359040,109992.2886,45737.2461,2.4049,1024,163
dsmem_loaded,9,0,1,1024,16384,0,0,42,7,1802166293,749380960,109995.5013,45738.5840,2.4049,1024,164
dsmem_loaded,9,0,1,1024,16384,0,0,42,7,1802135725,749368256,109993.6356,45737.8086,2.4049,1024,165
dsmem_loaded,9,0,1,1024,16384,0,0,42,7,1802144629,749371968,109994.1790,45738.0352,2.4049,1024,166
dsmem_loaded,9,0,1,1024,16384,0,0,42,7,1802193561,749392320,109997.1656,45739.2773,2.4049,1024,167
dsmem_loaded,9,0,1,1024,16384,0,0,42,7,1802166901,749381216,109995.5384,45738.5996,2.4049,1024,168
dsmem_loaded,9,0,1,1024,16384,0,0,42,7,1802130463,749366048,109993.3144,45737.6738,2.4049,1024,169
dsmem_loaded,9,0,1,1024,16384,0,0,42,7,1802165059,749380448,109995.4260,45738.5527,2.4049,1024,170
dsmem_loaded,9,0,1,1024,16384,0,0,42,7,1802115299,749359744,109992.3889,45737.2891,2.4049,1024,171
dsmem_loaded,9,0,1,1024,16384,0,0,42,7,1802167619,749381504,109995.5822,45738.6172,2.4049,1024,172
dsmem_loaded,9,0,1,1024,16384,0,0,42,7,1802115301,749359744,109992.3890,45737.2891,2.4049,1024,173
dsmem_loaded,9,0,1,1024,16384,0,0,42,7,1802113657,749359072,109992.2886,45737.2480,2.4049,1024,174
dsmem_loaded,9,0,1,1024,16384,0,0,42,7,1802194644,749392768,109997.2317,45739.3047,2.4049,1024,175
dsmem_loaded,9,0,1,1024,16384,0,0,42,7,1802123494,749363168,109992.8890,45737.4980,2.4049,1024,176
dsmem_loaded,9,0,1,1024,16384,0,0,42,7,1802130946,749366272,109993.3439,45737.6875,2.4049,1024,177
dsmem_loaded,9,0,1,1024,16384,0,0,42,7,1802119465,749361504,109992.6431,45737.3965,2.4049,1024,178
dsmem_loaded,9,0,1,1024,16384,0,0,42,7,1802192679,749391936,109997.1118,45739.2539,2.4049,1024,179
dsmem_loaded,9,0,1,1024,16384,0,0,42,7,1802115784,749359968,109992.4185,45737.3027,2.4049,1024,180
dsmem_loaded,9,0,1,1024,16384,0,0,42,7,1802113657,749359072,109992.2886,45737.2480,2.4049,1024,181
dsmem_loaded,9,0,1,1024,16384,0,0,42,7,1802115541,749359904,109992.4036,45737.2988,2.4049,1024,182
dsmem_loaded,9,0,1,1024,16384,0,0,42,7,1802116153,749360128,109992.4410,45737.3125,2.4049,1024,183
dsmem_loaded,9,0,1,1024,16384,0,0,42,7,1802115667,749359904,109992.4113,45737.2988,2.4049,1024,184
dsmem_loaded,9,0,1,1024,16384,0,0,42,7,1802115301,749359744,109992.3890,45737.2891,2.4049,1024,185
dsmem_loaded,9,0,1,1024,16384,0,0,42,7,1802115185,749359712,109992.3819,45737.2871,2.4049,1024,186
dsmem_loaded,9,0,1,1024,16384,0,0,42,7,1802115425,749359840,109992.3965,45737.2949,2.4049,1024,187
dsmem_loaded,9,0,1,1024,16384,0,0,42,7,1802113657,749359072,109992.2886,45737.2480,2.4049,1024,188
dsmem_loaded,9,0,1,1024,16384,0,0,42,7,1802116152,749360128,109992.4409,45737.3125,2.4049,1024,189
dsmem_loaded,9,0,1,1024,16384,0,0,42,7,1802114692,749359520,109992.3518,45737.2754,2.4049,1024,190
dsmem_loaded,9,0,1,1024,16384,0,0,42,7,1802115909,749360000,109992.4261,45737.3047,2.4049,1024,191
dsmem_loaded,9,0,1,1024,16384,0,0,42,7,1802178754,749386144,109996.2618,45738.9004,2.4049,1024,192
dsmem_loaded,9,0,1,1024,16384,0,0,42,7,1802113657,749359072,109992.2886,45737.2480,2.4049,1024,193
dsmem_loaded,9,0,1,1024,16384,0,0,42,7,1802165677,749380704,109995.4637,45738.5684,2.4049,1024,194
dsmem_loaded,9,0,1,1024,16384,0,0,42,7,1802185965,749389152,109996.7020,45739.0840,2.4049,1024,195
dsmem_loaded,9,0,1,1024,16384,0,0,42,7,1802133995,749367552,109993.5300,45737.7656,2.4049,1024,196
dsmem_loaded,9,0,1,1024,16384,0,0,42,7,1802189149,749390464,109996.8963,45739.1641,2.4049,1024,197
dsmem_loaded,9,0,1,1024,16384,0,0,42,7,1802144748,749372000,109994.1863,45738.0371,2.4049,1024,198
dsmem_loaded,9,0,1,1024,16384,0,0,42,7,1802176434,749385184,109996.1202,45738.8418,2.4049,1024,199
dsmem_loaded,9,0,1,1024,16384,0,0,42,7,1802151101,749374656,109994.5740,45738.1992,2.4049,1024,200
dsmem_loaded,9,0,1,1024,16384,0,0,42,7,1802150368,749374336,109994.5293,45738.1797,2.4049,1024,201
dsmem_loaded,9,0,1,1024,16384,0,0,42,7,1802116264,749360160,109992.4478,45737.3145,2.4049,1024,202
dsmem_loaded,9,0,1,1024,16384,0,0,42,7,1802151105,749374688,109994.5743,45738.2012,2.4049,1024,203
dsmem_loaded,9,0,1,1024,16384,0,0,42,7,1802123233,749363072,109992.8731,45737.4922,2.4049,1024,204
dsmem_loaded,9,0,1,1024,16384,0,0,42,7,1802141451,749370656,109993.9850,45737.9551,2.4049,1024,205
dsmem_loaded,9,0,1,1024,16384,0,0,42,7,1802115155,749359680,109992.3801,45737.2852,2.4049,1024,206
dsmem_loaded,9,0,1,1024,16384,0,0,42,7,1802115778,749359968,109992.4181,45737.3027,2.4049,1024,207
dsmem_loaded,9,0,1,1024,16384,0,0,42,7,1802115655,749359904,109992.4106,45737.2988,2.4049,1024,208
dsmem_loaded,9,0,1,1024,16384,0,0,42,7,1802141567,749370688,109993.9921,45737.9570,2.4049,1024,209
dsmem_loaded,9,0,1,1024,16384,0,0,42,7,1802165185,749380512,109995.4337,45738.5566,2.4049,1024,210
dsmem_loaded,9,0,1,1024,16384,0,0,42,7,1802155501,749376480,109994.8426,45738.3105,2.4049,1024,211
dsmem_loaded,9,0,1,1024,16384,0,0,42,7,1802113657,749359072,109992.2886,45737.2480,2.4049,1024,212
dsmem_loaded,9,0,1,1024,16384,0,0,42,7,1802144373,749371872,109994.1634,45738.0293,2.4049,1024,213
dsmem_loaded,9,0,1,1024,16384,0,0,42,7,1802115537,749359840,109992.4034,45737.2949,2.4049,1024,214
dsmem_loaded,9,0,1,1024,16384,0,0,42,7,1802115161,749359744,109992.3804,45737.2891,2.4049,1024,215
dsmem_loaded,9,0,1,1024,16384,0,0,42,7,1802115524,749359840,109992.4026,45737.2949,2.4049,1024,216
dsmem_loaded,9,0,1,1024,16384,0,0,42,7,1802115523,749359840,109992.4025,45737.2949,2.4049,1024,217
dsmem_loaded,9,0,1,1024,16384,0,0,42,7,1802115652,749359904,109992.4104,45737.2988,2.4049,1024,218
dsmem_loaded,9,0,1,1024,16384,0,0,42,7,1802115412,749359840,109992.3958,45737.2949,2.4049,1024,219
dsmem_loaded,9,0,1,1024,16384,0,0,42,7,1802115287,749359744,109992.3881,45737.2891,2.4049,1024,220
dsmem_loaded,9,0,1,1024,16384,0,0,42,7,1802115905,749360000,109992.4258,45737.3047,2.4049,1024,221
dsmem_loaded,9,0,1,1024,16384,0,0,42,7,1802113657,749359072,109992.2886,45737.2480,2.4049,1024,222
dsmem_loaded,9,0,1,1024,16384,0,0,42,7,1802113657,749359040,109992.2886,45737.2461,2.4049,1024,223
dsmem_loaded,9,0,1,1024,16384,0,0,42,7,1802143065,749371296,109994.0836,45737.9941,2.4049,1024,224
dsmem_loaded,9,0,1,1024,16384,0,0,42,7,1802115785,749359968,109992.4185,45737.3027,2.4049,1024,225
dsmem_loaded,9,0,1,1024,16384,0,0,42,7,1802195380,749393056,109997.2766,45739.3223,2.4049,1024,226
dsmem_loaded,9,0,1,1024,16384,0,0,42,7,1802143406,749371456,109994.1044,45738.0039,2.4049,1024,227
dsmem_loaded,9,0,1,1024,16384,0,0,42,7,1802146115,749372576,109994.2697,45738.0723,2.4049,1024,228
dsmem_loaded,9,0,1,1024,16384,0,0,42,7,1802188420,749390176,109996.8518,45739.1465,2.4049,1024,229
dsmem_loaded,9,0,1,1024,16384,0,0,42,7,1802176775,749385312,109996.1411,45738.8496,2.4049,1024,230
dsmem_loaded,9,0,1,1024,16384,0,0,42,7,1802181455,749387264,109996.4267,45738.9688,2.4049,1024,231
dsmem_loaded,9,0,1,1024,16384,0,0,42,7,1802113657,749359072,109992.2886,45737.2480,2.4049,1024,232
dsmem_loaded,9,0,1,1024,16384,0,0,42,7,1802187916,749389984,109996.8210,45739.1348,2.4049,1024,233
dsmem_loaded,9,0,1,1024,16384,0,0,42,7,1802168338,749381856,109995.6261,45738.6387,2.4049,1024,234
dsmem_loaded,9,0,1,1024,16384,0,0,42,7,1802140958,749370432,109993.9550,45737.9414,2.4049,1024,235
dsmem_loaded,9,0,1,1024,16384,0,0,42,7,1802131919,749366688,109993.4033,45737.7129,2.4049,1024,236
dsmem_loaded,9,0,1,1024,16384,0,0,42,7,1802148062,749373344,109994.3885,45738.1191,2.4049,1024,237
dsmem_loaded,9,0,1,1024,16384,0,0,42,7,1802169430,749382304,109995.6927,45738.6660,2.4049,1024,238
dsmem_loaded,9,0,1,1024,16384,0,0,42,7,1802136674,749368672,109993.6935,45737.8340,2.4049,1024,239
dsmem_loaded,9,0,1,1024,16384,0,0,42,7,1802140595,749370272,109993.9328,45737.9316,2.4049,1024,240
dsmem_loaded,9,0,1,1024,16384,0,0,42,7,1802181542,749387328,109996.4320,45738.9727,2.4049,1024,241
dsmem_loaded,9,0,1,1024,16384,0,0,42,7,1802115789,749359968,109992.4188,45737.3027,2.4049,1024,242
dsmem_loaded,9,0,1,1024,16384,0,0,42,7,1802129717,749365760,109993.2689,45737.6562,2.4049,1024,243
dsmem_loaded,9,0,1,1024,16384,0,0,42,7,1802118351,749361024,109992.5751,45737.3672,2.4049,1024,244
dsmem_loaded,9,0,1,1024,16384,0,0,42,7,1802115303,749359776,109992.3891,45737.2910,2.4049,1024,245
dsmem_loaded,9,0,1,1024,16384,0,0,42,7,1802113657,749359040,109992.2886,45737.2461,2.4049,1024,246
dsmem_loaded,9,0,1,1024,16384,0,0,42,7,1802113658,749359072,109992.2887,45737.2480,2.4049,1024,247
dsmem_loaded,9,0,1,1024,16384,0,0,42,7,1802122258,749362656,109992.8136,45737.4668,2.4049,1024,248
dsmem_loaded,9,0,1,1024,16384,0,0,42,7,1802115430,749359840,109992.3969,45737.2949,2.4049,1024,249
dsmem_loaded,9,0,1,1024,16384,0,0,42,7,1802115423,749359808,109992.3964,45737.2930,2.4049,1024,250
dsmem_loaded,9,0,1,1024,16384,0,0,42,7,1802129602,749365696,109993.2618,45737.6523,2.4049,1024,251
dsmem_loaded,9,0,1,1024,16384,0,0,42,7,1802115667,749359936,109992.4113,45737.3008,2.4049,1024,252
dsmem_loaded,9,0,1,1024,16384,0,0,42,7,1802113657,749359072,109992.2886,45737.2480,2.4049,1024,253
dsmem_loaded,9,0,1,1024,16384,0,0,42,7,1802116158,749360096,109992.4413,45737.3105,2.4049,1024,254
dsmem_loaded,9,0,1,1024,16384,0,0,42,7,1802116153,749360096,109992.4410,45737.3105,2.4049,1024,255
dsmem_loaded,9,0,1,1024,16384,0,0,42,8,1802149188,749376384,109994.4573,45738.3047,2.4049,1024,0
dsmem_loaded,9,0,1,1024,16384,0,0,42,8,1802132076,749369280,109993.4128,45737.8711,2.4049,1024,1
dsmem_loaded,9,0,1,1024,16384,0,0,42,8,1802149554,749376544,109994.4796,45738.3145,2.4049,1024,2
dsmem_loaded,9,0,1,1024,16384,0,0,42,8,1802208639,749401152,109998.0859,45739.8164,2.4049,1024,3
dsmem_loaded,9,0,1,1024,16384,0,0,42,8,1802179063,749388800,109996.2807,45739.0625,2.4049,1024,4
dsmem_loaded,9,0,1,1024,16384,0,0,42,8,1802172701,749386144,109995.8924,45738.9004,2.4049,1024,5
dsmem_loaded,9,0,1,1024,16384,0,0,42,8,1802171003,749385472,109995.7888,45738.8594,2.4049,1024,6
dsmem_loaded,9,0,1,1024,16384,0,0,42,8,1802186142,749391776,109996.7128,45739.2441,2.4049,1024,7
dsmem_loaded,9,0,1,1024,16384,0,0,42,8,1802156056,749379296,109994.8765,45738.4824,2.4049,1024,8
dsmem_loaded,9,0,1,1024,16384,0,0,42,8,1802138583,749372032,109993.8100,45738.0391,2.4049,1024,9
dsmem_loaded,9,0,1,1024,16384,0,0,42,8,1802174904,749387136,109996.0269,45738.9609,2.4049,1024,10
dsmem_loaded,9,0,1,1024,16384,0,0,42,8,1802191138,749393824,109997.0177,45739.3691,2.4049,1024,11
dsmem_loaded,9,0,1,1024,16384,0,0,42,8,1802122745,749365376,109992.8433,45737.6328,2.4049,1024,12
dsmem_loaded,9,0,1,1024,16384,0,0,42,8,1802122745,749365376,109992.8433,45737.6328,2.4049,1024,13
dsmem_loaded,9,0,1,1024,16384,0,0,42,8,1802125233,749366432,109992.9952,45737.6973,2.4049,1024,14
dsmem_loaded,9,0,1,1024,16384,0,0,42,8,1802125002,749366336,109992.9811,45737.6914,2.4049,1024,15
dsmem_loaded,9,0,1,1024,16384,0,0,42,8,1802142346,749373504,109994.0397,45738.1289,2.4049,1024,16
dsmem_loaded,9,0,1,1024,16384,0,0,42,8,1802134794,749370432,109993.5787,45737.9414,2.4049,1024,17
dsmem_loaded,9,0,1,1024,16384,0,0,42,8,1802124011,749365920,109992.9206,45737.6660,2.4049,1024,18
dsmem_loaded,9,0,1,1024,16384,0,0,42,8,1802186726,749392000,109996.7484,45739.2578,2.4049,1024,19
dsmem_loaded,9,0,1,1024,16384,0,0,42,8,1802137712,749371616,109993.7568,45738.0137,2.4049,1024,20
dsmem_loaded,9,0,1,1024,16384,0,0,42,8,1802132088,749369280,109993.4136,45737.8711,2.4049,1024,21
dsmem_loaded,9,0,1,1024,16384,0,0,42,8,1802124148,749365952,109992.9290,45737.6680,2.4049,1024,22
dsmem_loaded,9,0,1,1024,16384,0,0,42,8,1802124509,749366112,109992.9510,45737.6777,2.4049,1024,23
dsmem_loaded,9,0,1,1024,16384,0,0,42,8,1802139049,749372160,109993.8384,45738.0469,2.4049,1024,24
dsmem_loaded,9,0,1,1024,16384,0,0,42,8,1802131714,749369088,109993.3907,45737.8594,2.4049,1024,25
dsmem_loaded,9,0,1,1024,16384,0,0,42,8,1802124505,749366112,109992.9507,45737.6777,2.4049,1024,26
dsmem_loaded,9,0,1,1024,16384,0,0,42,8,1802169610,749384864,109995.7037,45738.8223,2.4049,1024,27
dsmem_loaded,9,0,1,1024,16384,0,0,42,8,1802138560,749371904,109993.8086,45738.0312,2.4049,1024,28
dsmem_loaded,9,0,1,1024,16384,0,0,42,8,1802124379,749366048,109992.9431,45737.6738,2.4049,1024,29
dsmem_loaded,9,0,1,1024,16384,0,0,42,8,1802122746,749365376,109992.8434,45737.6328,2.4049,1024,30
dsmem_loaded,9,0,1,1024,16384,0,0,42,8,1802122745,749365376,109992.8433,45737.6328,2.4049,1024,31
dsmem_loaded,9,0,1,1024,16384,0,0,42,8,1802139669,749372448,109993.8763,45738.0645,2.4049,1024,32
dsmem_loaded,9,0,1,1024,16384,0,0,42,8,1802181251,749389760,109996.4142,45739.1211,2.4049,1024,33
dsmem_loaded,9,0,1,1024,16384,0,0,42,8,1802193497,749394816,109997.1617,45739.4297,2.4049,1024,34
dsmem_loaded,9,0,1,1024,16384,0,0,42,8,1802214016,749403360,109998.4141,45739.9512,2.4049,1024,35
dsmem_loaded,9,0,1,1024,16384,0,0,42,8,1802181494,749389824,109996.4291,45739.1250,2.4049,1024,36
dsmem_loaded,9,0,1,1024,16384,0,0,42,8,1802154975,749378816,109994.8105,45738.4531,2.4049,1024,37
dsmem_loaded,9,0,1,1024,16384,0,0,42,8,1802182363,749390208,109996.4821,45739.1484,2.4049,1024,38
dsmem_loaded,9,0,1,1024,16384,0,0,42,8,1802198487,749396896,109997.4662,45739.5566,2.4049,1024,39
dsmem_loaded,9,0,1,1024,16384,0,0,42,8,1802175031,749387136,109996.0346,45738.9609,2.4049,1024,40
dsmem_loaded,9,0,1,1024,16384,0,0,42,8,1802145889,749375040,109994.2559,45738.2227,2.4049,1024,41
dsmem_loaded,9,0,1,1024,16384,0,0,42,8,1802189565,749393216,109996.9217,45739.3320,2.4049,1024,42
dsmem_loaded,9,0,1,1024,16384,0,0,42,8,1802182359,749390208,109996.4819,45739.1484,2.4049,1024,43
dsmem_loaded,9,0,1,1024,16384,0,0,42,8,1802122745,749365344,109992.8433,45737.6309,2.4049,1024,44
dsmem_loaded,9,0,1,1024,16384,0,0,42,8,1802122745,749365376,109992.8433,45737.6328,2.4049,1024,45
dsmem_loaded,9,0,1,1024,16384,0,0,42,8,1802122746,749365376,109992.8434,45737.6328,2.4049,1024,46
dsmem_loaded,9,0,1,1024,16384,0,0,42,8,1802125244,749366432,109992.9958,45737.6973,2.4049,1024,47
dsmem_loaded,9,0,1,1024,16384,0,0,42,8,1802138675,749372032,109993.8156,45738.0391,2.4049,1024,48
dsmem_loaded,9,0,1,1024,16384,0,0,42,8,1802148721,749376224,109994.4288,45738.2949,2.4049,1024,49
dsmem_loaded,9,0,1,1024,16384,0,0,42,8,1802134523,749370272,109993.5622,45737.9316,2.4049,1024,50
dsmem_loaded,9,0,1,1024,16384,0,0,42,8,1802146010,749375040,109994.2633,45738.2227,2.4049,1024,51
dsmem_loaded,9,0,1,1024,16384,0,0,42,8,1802125604,749366560,109993.0178,45737.7051,2.4049,1024,52
dsmem_loaded,9,0,1,1024,16384,0,0,42,8,1802138186,749371808,109993.7858,45738.0254,2.4049,1024,53
dsmem_loaded,9,0,1,1024,16384,0,0,42,8,1802125237,749366400,109992.9954,45737.6953,2.4049,1024,54
dsmem_loaded,9,0,1,1024,16384,0,0,42,8,1802124267,749366016,109992.9362,45737.6719,2.4049,1024,55
dsmem_loaded,9,0,1,1024,16384,0,0,42,8,1802124625,749366144,109992.9581,45737.6797,2.4049,1024,56
dsmem_loaded,9,0,1,1024,16384,0,0,42,8,1802139050,749372160,109993.8385,45738.0469,2.4049,1024,57
dsmem_loaded,9,0,1,1024,16384,0,0,42,8,1802124750,749366208,109992.9657,45737.6836,2.4049,1024,58
dsmem_loaded,9,0,1,1024,16384,0,0,42,8,1802124268,749366016,109992.9363,45737.6719,2.4049,1024,59
dsmem_loaded,9,0,1,1024,16384,0,0,42,8,1802125125,749366368,109992.9886,45737.6934,2.4049,1024,60
dsmem_loaded,9,0,1,1024,16384,0,0,42,8,1802138565,749371968,109993.8089,45738.0352,2.4049,1024,61
dsmem_loaded,9,0,1,1024,16384,0,0,42,8,1802125126,749366368,109992.9886,45737.6934,2.4049,1024,62
dsmem_loaded,9,0,1,1024,16384,0,0,42,8,1802122746,749365376,109992.8434,45737.6328,2.4049,1024,63
dsmem_loaded,9,0,1,1024,16384,0,0,42,8,1802168278,749384352,109995.6224,45738.7910,2.4049,1024,64
dsmem_loaded,9,0,1,1024,16384,0,0,42,8,1802192878,749394592,109997.1239,45739.4160,2.4049,1024,65
dsmem_loaded,9,0,1,1024,16384,0,0,42,8,1802122746,749365408,109992.8434,45737.6348,2.4049,1024,66
dsmem_loaded,9,0,1,1024,16384,0,0,42,8,1802154819,749378784,109994.8010,45738.4512,2.4049,1024,67
dsmem_loaded,9,0,1,1024,16384,0,0,42,8,1802192623,749394464,109997.1083,45739.4082,2.4049,1024,68
dsmem_loaded,9,0,1,1024,16384,0,0,42,8,1802165243,749383104,109995.4372,45738.7148,2.4049,1024,69
dsmem_loaded,9,0,1,1024,16384,0,0,42,8,1802183093,749390496,109996.5267,45739.1660,2.4049,1024,70
dsmem_loaded,9,0,1,1024,16384,0,0,42,8,1802138795,749372064,109993.8229,45738.0410,2.4049,1024,71
dsmem_loaded,9,0,1,1024,16384,0,0,42,8,1802122745,749365376,109992.8433,45737.6328,2.4049,1024,72
dsmem_loaded,9,0,1,1024,16384,0,0,42,8,1802147241,749375616,109994.3384,45738.2578,2.4049,1024,73
dsmem_loaded,9,0,1,1024,16384,0,0,42,8,1802178444,749388576,109996.2429,45739.0488,2.4049,1024,74
dsmem_loaded,9,0,1,1024,16384,0,0,42,8,1802195806,749395808,109997.3026,45739.4902,2.4049,1024,75
dsmem_loaded,9,0,1,1024,16384,0,0,42,8,1802164713,749382880,109995.4048,45738.7012,2.4049,1024,76
dsmem_loaded,9,0,1,1024,16384,0,0,42,8,1802122745,749365408,109992.8433,45737.6348,2.4049,1024,77
dsmem_loaded,9,0,1,1024,16384,0,0,42,8,1802181978,749390048,109996.4586,45739.1387,2.4049,1024,78
dsmem_loaded,9,0,1,1024,16384,0,0,42,8,1802122745,749365344,109992.8433,45737.6309,2.4049,1024,79
dsmem_loaded,9,0,1,1024,16384,0,0,42,8,1802153096,749378016,109994.6958,45738.4043,2.4049,1024,80
dsmem_loaded,9,0,1,1024,16384,0,0,42,8,1802154810,749378752,109994.8004,45738.4492,2.4049,1024,81
dsmem_loaded,9,0,1,1024,16384,0,0,42,8,1802125847,749366688,109993.0327,45737.7129,2.4049,1024,82
dsmem_loaded,9,0,1,1024,16384,0,0,42,8,1802139537,749372352,109993.8682,45738.0586,2.4049,1024,83
dsmem_loaded,9,0,1,1024,16384,0,0,42,8,1802124264,749365984,109992.9360,45737.6699,2.4049,1024,84
dsmem_loaded,9,0,1,1024,16384,0,0,42,8,1802124382,749366048,109992.9432,45737.6738,2.4049,1024,85
dsmem_loaded,9,0,1,1024,16384,0,0,42,8,1802123894,749365856,109992.9135,45737.6621,2.4049,1024,86
dsmem_loaded,9,0,1,1024,16384,0,0,42,8,1802138676,749372032,109993.8157,45738.0391,2.4049,1024,87
dsmem_loaded,9,0,1,1024,16384,0,0,42,8,1802156644,749379456,109994.9124,45738.4922,2.4049,1024,88
dsmem_loaded,9,0,1,1024,16384,0,0,42,8,1802156769,749379552,109994.9200,45738.4980,2.4049,1024,89
dsmem_loaded,9,0,1,1024,16384,0,0,42,8,1802125608,749366560,109993.0181,45737.7051,2.4049,1024,90
dsmem_loaded,9,0,1,1024,16384,0,0,42,8,1802139058,749372160,109993.8390,45738.0469,2.4049,1024,91
dsmem_loaded,9,0,1,1024,16384,0,0,42,8,1802124872,749366304,109992.9731,45737.6895,2.4049,1024,92
dsmem_loaded,9,0,1,1024,16384,0,0,42,8,1802124995,749366304,109992.9807,45737.6895,2.4049,1024,93
dsmem_loaded,9,0,1,1024,16384,0,0,42,8,1802123903,749365856,109992.9140,45737.6621,2.4049,1024,94
dsmem_loaded,9,0,1,1024,16384,0,0,42,8,1802138072,749371744,109993.7788,45738.0215,2.4049,1024,95
dsmem_loaded,9,0,1,1024,16384,0,0,42,8,1802193616,749394912,109997.1689,45739.4355,2.4049,1024,96
dsmem_loaded,9,0,1,1024,16384,0,0,42,8,1802162275,749381856,109995.2560,45738.6387,2.4049,1024,97
dsmem_loaded,9,0,1,1024,16384,0,0,42,8,1802195687,749395744,109997.2953,45739.4863,2.4049,1024,98
dsmem_loaded,9,0,1,1024,16384,0,0,42,8,1802203490,749399008,109997.7716,45739.6855,2.4049,1024,99
dsmem_loaded,9,0,1,1024,16384,0,0,42,8,1802192383,749394368,109997.0937,45739.4023,2.4049,1024,100
dsmem_loaded,9,0,1,1024,16384,0,0,42,8,1802178814,749388736,109996.2655,45739.0586,2.4049,1024,101
dsmem_loaded,9,0,1,1024,16384,0,0,42,8,1802190299,749393536,109996.9665,45739.3516,2.4049,1024,102
dsmem_loaded,9,0,1,1024,16384,0,0,42,8,1802192022,749394208,109997.0717,45739.3926,2.4049,1024,103
dsmem_loaded,9,0,1,1024,16384,0,0,42,8,1802154822,749378752,109994.8011,45738.4492,2.4049,1024,104
dsmem_loaded,9,0,1,1024,16384,0,0,42,8,1802145659,749374944,109994.2419,45738.2168,2.4049,1024,105
dsmem_loaded,9,0,1,1024,16384,0,0,42,8,1802142346,749373536,109994.0397,45738.1309,2.4049,1024,106
dsmem_loaded,9,0,1,1024,16384,0,0,42,8,1802148586,749376192,109994.4205,45738.2930,2.4049,1024,107
dsmem_loaded,9,0,1,1024,16384,0,0,42,8,1802122745,749365344,109992.8433,45737.6309,2.4049,1024,108
dsmem_loaded,9,0,1,1024,16384,0,0,42,8,1802122745,749365408,109992.8433,45737.6348,2.4049,1024,109
dsmem_loaded,9,0,1,1024,16384,0,0,42,8,1802125603,749366560,109993.0178,45737.7051,2.4049,1024,110
dsmem_loaded,9,0,1,1024,16384,0,0,42,8,1802176569,749387776,109996.1285,45739.0000,2.4049,1024,111
dsmem_loaded,9,0,1,1024,16384,0,0,42,8,1802135381,749370624,109993.6146,45737.9531,2.4049,1024,112
dsmem_loaded,9,0,1,1024,16384,0,0,42,8,1802128048,749367616,109993.1670,45737.7695,2.4049,1024,113
dsmem_loaded,9,0,1,1024,16384,0,0,42,8,1802145405,749374784,109994.2264,45738.2070,2.4049,1024,114
dsmem_loaded,9,0,1,1024,16384,0,0,42,8,1802135380,749370656,109993.6145,45737.9551,2.4049,1024,115
dsmem_loaded,9,0,1,1024,16384,0,0,42,8,1802124393,749366048,109992.9439,45737.6738,2.4049,1024,116
dsmem_loaded,9,0,1,1024,16384,0,0,42,8,1802151759,749377472,109994.6142,45738.3711,2.4049,1024,117
dsmem_loaded,9,0,1,1024,16384,0,0,42,8,1802123654,749365760,109992.8988,45737.6562,2.4049,1024,118
dsmem_loaded,9,0,1,1024,16384,0,0,42,8,1802125000,749366304,109992.9810,45737.6895,2.4049,1024,119
dsmem_loaded,9,0,1,1024,16384,0,0,42,8,1802124992,749366304,109992.9805,45737.6895,2.4049,1024,120
dsmem_loaded,9,0,1,1024,16384,0,0,42,8,1802134525,749370272,109993.5623,45737.9316,2.4049,1024,121
dsmem_loaded,9,0,1,1024,16384,0,0,42,8,1802125004,749366304,109992.9812,45737.6895,2.4049,1024,122
dsmem_loaded,9,0,1,1024,16384,0,0,42,8,1802124386,749366080,109992.9435,45737.6758,2.4049,1024,123
dsmem_loaded,9,0,1,1024,16384,0,0,42,8,1802124999,749366304,109992.9809,45737.6895,2.4049,1024,124
dsmem_loaded,9,0,1,1024,16384,0,0,42,8,1802124878,749366272,109992.9735,45737.6875,2.4049,1024,125
dsmem_loaded,9,0,1,1024,16384,0,0,42,8,1802122746,749365408,109992.8434,45737.6348,2.4049,1024,126
dsmem_loaded,9,0,1,1024,16384,0,0,42,8,1802122745,749365376,109992.8433,45737.6328,2.4049,1024,127
dsmem_loaded,9,0,1,1024,16384,0,0,42,8,1802196780,749396192,109997.3621,45739.5137,2.4049,1024,128
dsmem_loaded,9,0,1,1024,16384,0,0,42,8,1802122745,749365376,109992.8433,45737.6328,2.4049,1024,129
dsmem_loaded,9,0,1,1024,16384,0,0,42,8,1802149445,749376512,109994.4730,45738.3125,2.4049,1024,130
dsmem_loaded,9,0,1,1024,16384,0,0,42,8,1802199365,749397280,109997.5198,45739.5801,2.4049,1024,131
dsmem_loaded,9,0,1,1024,16384,0,0,42,8,1802200338,749397696,109997.5792,45739.6055,2.4049,1024,132
dsmem_loaded,9,0,1,1024,16384,0,0,42,8,1802196066,749395904,109997.3185,45739.4961,2.4049,1024,133
dsmem_loaded,9,0,1,1024,16384,0,0,42,8,1802139309,749372288,109993.8543,45738.0547,2.4049,1024,134
dsmem_loaded,9,0,1,1024,16384,0,0,42,8,1802168048,749384256,109995.6084,45738.7852,2.4049,1024,135
dsmem_loaded,9,0,1,1024,16384,0,0,42,8,1802148234,749376032,109994.3990,45738.2832,2.4049,1024,136
dsmem_loaded,9,0,1,1024,16384,0,0,42,8,1802145420,749374848,109994.2273,45738.2109,2.4049,1024,137
dsmem_loaded,9,0,1,1024,16384,0,0,42,8,1802198880,749397056,109997.4902,45739.5664,2.4049,1024,138
dsmem_loaded,9,0,1,1024,16384,0,0,42,8,1802187245,749392256,109996.7801,45739.2734,2.4049,1024,139
dsmem_loaded,9,0,1,1024,16384,0,0,42,8,1802122745,749365376,109992.8433,45737.6328,2.4049,1024,140
dsmem_loaded,9,0,1,1024,16384,0,0,42,8,1802148478,749376128,109994.4139,45738.2891,2.4049,1024,141
dsmem_loaded,9,0,1,1024,16384,0,0,42,8,1802124507,749366112,109992.9509,45737.6777,2.4049,1024,142
dsmem_loaded,9,0,1,1024,16384,0,0,42,8,1802122746,749365376,109992.8434,45737.6328,2.4049,1024,143
dsmem_loaded,9,0,1,1024,16384,0,0,42,8,1802163256,749382240,109995.3159,45738.6621,2.4049,1024,144
dsmem_loaded,9,0,1,1024,16384,0,0,42,8,1802142729,749373728,109994.0630,45738.1426,2.4049,1024,145
dsmem_loaded,9,0,1,1024,16384,0,0,42,8,1802142365,749373536,109994.0408,45738.1309,2.4049,1024,146
dsmem_loaded,9,0,1,1024,16384,0,0,42,8,1802125008,749366368,109992.9814,45737.6934,2.4049,1024,147
dsmem_loaded,9,0,1,1024,16384,0,0,42,8,1802125496,749366528,109993.0112,45737.7031,2.4049,1024,148
dsmem_loaded,9,0,1,1024,16384,0,0,42,8,1802134050,749370080,109993.5333,45737.9199,2.4049,1024,149
dsmem_loaded,9,0,1,1024,16384,0,0,42,8,1802124020,749365888,109992.9211,45737.6641,2.4049,1024,150
dsmem_loaded,9,0,1,1024,16384,0,0,42,8,1802125129,749366368,109992.9888,45737.6934,2.4049,1024,151
dsmem_loaded,9,0,1,1024,16384,0,0,42,8,1802124022,749365920,109992.9213,45737.6660,2.4049,1024,152
dsmem_loaded,9,0,1,1024,16384,0,0,42,8,1802138698,749372000,109993.8170,45738.0371,2.4049,1024,153
dsmem_loaded,9,0,1,1024,16384,0,0,42,8,1802125248,749366432,109992.9961,45737.6973,2.4049,1024,154
dsmem_loaded,9,0,1,1024,16384,0,0,42,8,1802123903,749365856,109992.9140,45737.6621,2.4049,1024,155
dsmem_loaded,9,0,1,1024,16384,0,0,42,8,1802124750,749366240,109992.9657,45737.6855,2.4049,1024,156
dsmem_loaded,9,0,1,1024,16384,0,0,42,8,1802138937,749372128,109993.8316,45738.0449,2.4049,1024,157
dsmem_loaded,9,0,1,1024,16384,0,0,42,8,1802122745,749365376,109992.8433,45737.6328,2.4049,1024,158
dsmem_loaded,9,0,1,1024,16384,0,0,42,8,1802124141,749365952,109992.9285,45737.6680,2.4049,1024,159
dsmem_loaded,9,0,1,1024,16384,0,0,42,8,1802214021,749403392,109998.4144,45739.9531,2.4049,1024,160
dsmem_loaded,9,0,1,1024,16384,0,0,42,8,1802196297,749396000,109997.3326,45739.5020,2.4049,1024,161
dsmem_loaded,9,0,1,1024,16384,0,0,42,8,1802182471,749390240,109996.4887,45739.1504,2.4049,1024,162
dsmem_loaded,9,0,1,1024,16384,0,0,42,8,1802189824,749393280,109996.9375,45739.3359,2.4049,1024,163
dsmem_loaded,9,0,1,1024,16384,0,0,42,8,1802165856,749383328,109995.4746,45738.7285,2.4049,1024,164
dsmem_loaded,9,0,1,1024,16384,0,0,42,8,1802155940,749379232,109994.8694,45738.4785,2.4049,1024,165
dsmem_loaded,9,0,1,1024,16384,0,0,42,8,1802159852,749380864,109995.1082,45738.5781,2.4049,1024,166
dsmem_loaded,9,0,1,1024,16384,0,0,42,8,1802175032,749387136,109996.0347,45738.9609,2.4049,1024,167
dsmem_loaded,9,0,1,1024,16384,0,0,42,8,1802168299,749384384,109995.6237,45738.7930,2.4049,1024,168
dsmem_loaded,9,0,1,1024,16384,0,0,42,8,1802138694,749372032,109993.8168,45738.0391,2.4049,1024,169
dsmem_loaded,9,0,1,1024,16384,0,0,42,8,1802192632,749394464,109997.1089,45739.4082,2.4049,1024,170
dsmem_loaded,9,0,1,1024,16384,0,0,42,8,1802178936,749388800,109996.2729,45739.0625,2.4049,1024,171
dsmem_loaded,9,0,1,1024,16384,0,0,42,8,1802122746,749365376,109992.8434,45737.6328,2.4049,1024,172
dsmem_loaded,9,0,1,1024,16384,0,0,42,8,1802122745,749365408,109992.8433,45737.6348,2.4049,1024,173
dsmem_loaded,9,0,1,1024,16384,0,0,42,8,1802165699,749383232,109995.4650,45738.7227,2.4049,1024,174
dsmem_loaded,9,0,1,1024,16384,0,0,42,8,1802125250,749366432,109992.9962,45737.6973,2.4049,1024,175
dsmem_loaded,9,0,1,1024,16384,0,0,42,8,1802124639,749366208,109992.9589,45737.6836,2.4049,1024,176
dsmem_loaded,9,0,1,1024,16384,0,0,42,8,1802137597,749371552,109993.7498,45738.0098,2.4049,1024,177
dsmem_loaded,9,0,1,1024,16384,0,0,42,8,1802141140,749373024,109993.9661,45738.0996,2.4049,1024,178
dsmem_loaded,9,0,1,1024,16384,0,0,42,8,1802162295,749381888,109995.2573,45738.6406,2.4049,1024,179
dsmem_loaded,9,0,1,1024,16384,0,0,42,8,1802124760,749366208,109992.9663,45737.6836,2.4049,1024,180
dsmem_loaded,9,0,1,1024,16384,0,0,42,8,1802138327,749371872,109993.7944,45738.0293,2.4049,1024,181
dsmem_loaded,9,0,1,1024,16384,0,0,42,8,1802124508,749366112,109992.9509,45737.6777,2.4049,1024,182
dsmem_loaded,9,0,1,1024,16384,0,0,42,8,1802122745,749365376,109992.8433,45737.6328,2.4049,1024,183
dsmem_loaded,9,0,1,1024,16384,0,0,42,8,1802124762,749366208,109992.9664,45737.6836,2.4049,1024,184
dsmem_loaded,9,0,1,1024,16384,0,0,42,8,1802138326,749371872,109993.7943,45738.0293,2.4049,1024,185
dsmem_loaded,9,0,1,1024,16384,0,0,42,8,1802152140,749377632,109994.6375,45738.3809,2.4049,1024,186
dsmem_loaded,9,0,1,1024,16384,0,0,42,8,1802134661,749370368,109993.5706,45737.9375,2.4049,1024,187
dsmem_loaded,9,0,1,1024,16384,0,0,42,8,1802124509,749366112,109992.9510,45737.6777,2.4049,1024,188
dsmem_loaded,9,0,1,1024,16384,0,0,42,8,1802137953,749371648,109993.7715,45738.0156,2.4049,1024,189
dsmem_loaded,9,0,1,1024,16384,0,0,42,8,1802122745,749365376,109992.8433,45737.6328,2.4049,1024,190
dsmem_loaded,9,0,1,1024,16384,0,0,42,8,1802125369,749366496,109993.0035,45737.7012,2.4049,1024,191
dsmem_loaded,9,0,1,1024,16384,0,0,42,8,1802206460,749400256,109997.9529,45739.7617,2.4049,1024,192
dsmem_loaded,9,0,1,1024,16384,0,0,42,8,1802155324,749378976,109994.8318,45738.4629,2.4049,1024,193
dsmem_loaded,9,0,1,1024,16384,0,0,42,8,1802124994,749366304,109992.9806,45737.6895,2.4049,1024,194
dsmem_loaded,9,0,1,1024,16384,0,0,42,8,1802186517,749391936,109996.7357,45739.2539,2.4049,1024,195
dsmem_loaded,9,0,1,1024,16384,0,0,42,8,1802168169,749384288,109995.6158,45738.7871,2.4049,1024,196
dsmem_loaded,9,0,1,1024,16384,0,0,42,8,1802187625,749392384,109996.8033,45739.2812,2.4049,1024,197
dsmem_loaded,9,0,1,1024,16384,0,0,42,8,1802212439,749402720,109998.3178,45739.9121,2.4049,1024,198
dsmem_loaded,9,0,1,1024,16384,0,0,42,8,1802188481,749392768,109996.8555,45739.3047,2.4049,1024,199
dsmem_loaded,9,0,1,1024,16384,0,0,42,8,1802135033,749370496,109993.5933,45737.9453,2.4049,1024,200
dsmem_loaded,9,0,1,1024,16384,0,0,42,8,1802145171,749374752,109994.2121,45738.2051,2.4049,1024,201
dsmem_loaded,9,0,1,1024,16384,0,0,42,8,1802196893,749396224,109997.3690,45739.5156,2.4049,1024,202
dsmem_loaded,9,0,1,1024,16384,0,0,42,8,1802138571,749372000,109993.8093,45738.0371,2.4049,1024,203
dsmem_loaded,9,0,1,1024,16384,0,0,42,8,1802122746,749365376,109992.8434,45737.6328,2.4049,1024,204
dsmem_loaded,9,0,1,1024,16384,0,0,42,8,1802122745,749365408,109992.8433,45737.6348,2.4049,1024,205
dsmem_loaded,9,0,1,1024,16384,0,0,42,8,1802182969,749390464,109996.5191,45739.1641,2.4049,1024,206
dsmem_loaded,9,0,1,1024,16384,0,0,42,8,1802122745,749365376,109992.8433,45737.6328,2.4049,1024,207
dsmem_loaded,9,0,1,1024,16384,0,0,42,8,1802124642,749366176,109992.9591,45737.6816,2.4049,1024,208
dsmem_loaded,9,0,1,1024,16384,0,0,42,8,1802145535,749374880,109994.2343,45738.2129,2.4049,1024,209
dsmem_loaded,9,0,1,1024,16384,0,0,42,8,1802145541,749374848,109994.2347,45738.2109,2.4049,1024,210
dsmem_loaded,9,0,1,1024,16384,0,0,42,8,1802138449,749371904,109993.8018,45738.0312,2.4049,1024,211
dsmem_loaded,9,0,1,1024,16384,0,0,42,8,1802125125,749366336,109992.9886,45737.6914,2.4049,1024,212
dsmem_loaded,9,0,1,1024,16384,0,0,42,8,1802139307,749372288,109993.8542,45738.0547,2.4049,1024,213
dsmem_loaded,9,0,1,1024,16384,0,0,42,8,1802122746,749365376,109992.8434,45737.6328,2.4049,1024,214
dsmem_loaded,9,0,1,1024,16384,0,0,42,8,1802124507,749366112,109992.9509,45737.6777,2.4049,1024,215
dsmem_loaded,9,0,1,1024,16384,0,0,42,8,1802188836,749392928,109996.8772,45739.3145,2.4049,1024,216
dsmem_loaded,9,0,1,1024,16384,0,0,42,8,1802138693,749372032,109993.8167,45738.0391,2.4049,1024,217
dsmem_loaded,9,0,1,1024,16384,0,0,42,8,1802124271,749366016,109992.9365,45737.6719,2.4049,1024,218
dsmem_loaded,9,0,1,1024,16384,0,0,42,8,1802125255,749366432,109992.9965,45737.6973,2.4049,1024,219
dsmem_loaded,9,0,1,1024,16384,0,0,42,8,1802124505,749366144,109992.9507,45737.6797,2.4049,1024,220
dsmem_loaded,9,0,1,1024,16384,0,0,42,8,1802123898,749365888,109992.9137,45737.6641,2.4049,1024,221
dsmem_loaded,9,0,1,1024,16384,0,0,42,8,1802124872,749366272,109992.9731,45737.6875,2.4049,1024,222
dsmem_loaded,9,0,1,1024,16384,0,0,42,8,1802124763,749366208,109992.9665,45737.6836,2.4049,1024,223
dsmem_loaded,9,0,1,1024,16384,0,0,42,8,1802164760,749382912,109995.4077,45738.7031,2.4049,1024,224
dsmem_loaded,9,0,1,1024,16384,0,0,42,8,1802188349,749392672,109996.8475,45739.2988,2.4049,1024,225
dsmem_loaded,9,0,1,1024,16384,0,0,42,8,1802188717,749392864,109996.8699,45739.3105,2.4049,1024,226
dsmem_loaded,9,0,1,1024,16384,0,0,42,8,1802152865,749377920,109994.6817,45738.3984,2.4049,1024,227
dsmem_loaded,9,0,1,1024,16384,0,0,42,8,1802192393,749394368,109997.0943,45739.4023,2.4049,1024,228
dsmem_loaded,9,0,1,1024,16384,0,0,42,8,1802135398,749370688,109993.6156,45737.9570,2.4049,1024,229
dsmem_loaded,9,0,1,1024,16384,0,0,42,8,1802189199,749393056,109996.8994,45739.3223,2.4049,1024,230
dsmem_loaded,9,0,1,1024,16384,0,0,42,8,1802188232,749392608,109996.8403,45739.2949,2.4049,1024,231
dsmem_loaded,9,0,1,1024,16384,0,0,42,8,1802123905,749365856,109992.9141,45737.6621,2.4049,1024,232
dsmem_loaded,9,0,1,1024,16384,0,0,42,8,1802165614,749383232,109995.4598,45738.7227,2.4049,1024,233
dsmem_loaded,9,0,1,1024,16384,0,0,42,8,1802149326,749376480,109994.4657,45738.3105,2.4049,1024,234
dsmem_loaded,9,0,1,1024,16384,0,0,42,8,1802158504,749380288,109995.0259,45738.5430,2.4049,1024,235
dsmem_loaded,9,0,1,1024,16384,0,0,42,8,1802148239,749376032,109994.3994,45738.2832,2.4049,1024,236
dsmem_loaded,9,0,1,1024,16384,0,0,42,8,1802139303,749372288,109993.8539,45738.0547,2.4049,1024,237
dsmem_loaded,9,0,1,1024,16384,0,0,42,8,1802124882,749366240,109992.9738,45737.6855,2.4049,1024,238
dsmem_loaded,9,0,1,1024,16384,0,0,42,8,1802148723,749376192,109994.4289,45738.2930,2.4049,1024,239
dsmem_loaded,9,0,1,1024,16384,0,0,42,8,1802149330,749376480,109994.4659,45738.3105,2.4049,1024,240
dsmem_loaded,9,0,1,1024,16384,0,0,42,8,1802124395,749366080,109992.9440,45737.6758,2.4049,1024,241
dsmem_loaded,9,0,1,1024,16384,0,0,42,8,1802122745,749365376,109992.8433,45737.6328,2.4049,1024,242
dsmem_loaded,9,0,1,1024,16384,0,0,42,8,1802142119,749373440,109994.0258,45738.1250,2.4049,1024,243
dsmem_loaded,9,0,1,1024,16384,0,0,42,8,1802149693,749376576,109994.4881,45738.3164,2.4049,1024,244
dsmem_loaded,9,0,1,1024,16384,0,0,42,8,1802125242,749366400,109992.9957,45737.6953,2.4049,1024,245
dsmem_loaded,9,0,1,1024,16384,0,0,42,8,1802124391,749366080,109992.9438,45737.6758,2.4049,1024,246
dsmem_loaded,9,0,1,1024,16384,0,0,42,8,1802122745,749365376,109992.8433,45737.6328,2.4049,1024,247
dsmem_loaded,9,0,1,1024,16384,0,0,42,8,1802149692,749376576,109994.4880,45738.3164,2.4049,1024,248
dsmem_loaded,9,0,1,1024,16384,0,0,42,8,1802124516,749366112,109992.9514,45737.6777,2.4049,1024,249
dsmem_loaded,9,0,1,1024,16384,0,0,42,8,1802124393,749366080,109992.9439,45737.6758,2.4049,1024,250
dsmem_loaded,9,0,1,1024,16384,0,0,42,8,1802138938,749372128,109993.8317,45738.0449,2.4049,1024,251
dsmem_loaded,9,0,1,1024,16384,0,0,42,8,1802122745,749365376,109992.8433,45737.6328,2.4049,1024,252
dsmem_loaded,9,0,1,1024,16384,0,0,42,8,1802122745,749365344,109992.8433,45737.6309,2.4049,1024,253
dsmem_loaded,9,0,1,1024,16384,0,0,42,8,1802124876,749366272,109992.9734,45737.6875,2.4049,1024,254
dsmem_loaded,9,0,1,1024,16384,0,0,42,8,1802124758,749366208,109992.9662,45737.6836,2.4049,1024,255
dsmem_loaded,9,0,1,1024,16384,0,0,42,9,1802148241,749373888,109994.3995,45738.1523,2.4049,1024,0
dsmem_loaded,9,0,1,1024,16384,0,0,42,9,1802153722,749376128,109994.7340,45738.2891,2.4049,1024,1
dsmem_loaded,9,0,1,1024,16384,0,0,42,9,1802180536,749387264,109996.3706,45738.9688,2.4049,1024,2
dsmem_loaded,9,0,1,1024,16384,0,0,42,9,1802150688,749374848,109994.5488,45738.2109,2.4049,1024,3
dsmem_loaded,9,0,1,1024,16384,0,0,42,9,1802177468,749386016,109996.1833,45738.8926,2.4049,1024,4
dsmem_loaded,9,0,1,1024,16384,0,0,42,9,1802134450,749368128,109993.5577,45737.8008,2.4049,1024,5
dsmem_loaded,9,0,1,1024,16384,0,0,42,9,1802178081,749386240,109996.2208,45738.9062,2.4049,1024,6
dsmem_loaded,9,0,1,1024,16384,0,0,42,9,1802104441,749355680,109991.7261,45737.0410,2.4049,1024,7
dsmem_loaded,9,0,1,1024,16384,0,0,42,9,1802158638,749378208,109995.0341,45738.4160,2.4049,1024,8
dsmem_loaded,9,0,1,1024,16384,0,0,42,9,1802116955,749360864,109992.4899,45737.3574,2.4049,1024,9
dsmem_loaded,9,0,1,1024,16384,0,0,42,9,1802104442,749355616,109991.7262,45737.0371,2.4049,1024,10
dsmem_loaded,9,0,1,1024,16384,0,0,42,9,1802176508,749385632,109996.1248,45738.8691,2.4049,1024,11
dsmem_loaded,9,0,1,1024,16384,0,0,42,9,1802116958,749360864,109992.4901,45737.3574,2.4049,1024,12
dsmem_loaded,9,0,1,1024,16384,0,0,42,9,1802122700,749363264,109992.8406,45737.5039,2.4049,1024,13
dsmem_loaded,9,0,1,1024,16384,0,0,42,9,1802154590,749376512,109994.7870,45738.3125,2.4049,1024,14
dsmem_loaded,9,0,1,1024,16384,0,0,42,9,1802141757,749371168,109994.0037,45737.9863,2.4049,1024,15
dsmem_loaded,9,0,1,1024,16384,0,0,42,9,1802120008,749362112,109992.6763,45737.4336,2.4049,1024,16
dsmem_loaded,9,0,1,1024,16384,0,0,42,9,1802104442,749355680,109991.7262,45737.0410,2.4049,1024,17
dsmem_loaded,9,0,1,1024,16384,0,0,42,9,1802158383,749378112,109995.0185,45738.4102,2.4049,1024,18
dsmem_loaded,9,0,1,1024,16384,0,0,42,9,1802106807,749356672,109991.8705,45737.1016,2.4049,1024,19
dsmem_loaded,9,0,1,1024,16384,0,0,42,9,1802105593,749356160,109991.7964,45737.0703,2.4049,1024,20
dsmem_loaded,9,0,1,1024,16384,0,0,42,9,1802130629,749366528,109993.3245,45737.7031,2.4049,1024,21
dsmem_loaded,9,0,1,1024,16384,0,0,42,9,1802106317,749356448,109991.8406,45737.0879,2.4049,1024,22
dsmem_loaded,9,0,1,1024,16384,0,0,42,9,1802105952,749356288,109991.8184,45737.0781,2.4049,1024,23
dsmem_loaded,9,0,1,1024,16384,0,0,42,9,1802133461,749367744,109993.4974,45737.7773,2.4049,1024,24
dsmem_loaded,9,0,1,1024,16384,0,0,42,9,1802113537,749359424,109992.2813,45737.2695,2.4049,1024,25
dsmem_loaded,9,0,1,1024,16384,0,0,42,9,1802106205,749356384,109991.8338,45737.0840,2.4049,1024,26
dsmem_loaded,9,0,1,1024,16384,0,0,42,9,1802105830,749356224,109991.8109,45737.0742,2.4049,1024,27
dsmem_loaded,9,0,1,1024,16384,0,0,42,9,1802104441,749355680,109991.7261,45737.0410,2.4049,1024,28
dsmem_loaded,9,0,1,1024,16384,0,0,42,9,1802106931,749356672,109991.8781,45737.1016,2.4049,1024,29
dsmem_loaded,9,0,1,1024,16384,0,0,42,9,1802106442,749356480,109991.8483,45737.0898,2.4049,1024,30
dsmem_loaded,9,0,1,1024,16384,0,0,42,9,1802107059,749356768,109991.8859,45737.1074,2.4049,1024,31
dsmem_loaded,9,0,1,1024,16384,0,0,42,9,1802156697,749377408,109994.9156,45738.3672,2.4049,1024,32
dsmem_loaded,9,0,1,1024,16384,0,0,42,9,1802178206,749386304,109996.2284,45738.9102,2.4049,1024,33
dsmem_loaded,9,0,1,1024,16384,0,0,42,9,1802159999,749378752,109995.1171,45738.4492,2.4049,1024,34
dsmem_loaded,9,0,1,1024,16384,0,0,42,9,1802104441,749355648,109991.7261,45737.0391,2.4049,1024,35
dsmem_loaded,9,0,1,1024,16384,0,0,42,9,1802154125,749376320,109994.7586,45738.3008,2.4049,1024,36
dsmem_loaded,9,0,1,1024,16384,0,0,42,9,1802179173,749386720,109996.2874,45738.9355,2.4049,1024,37
dsmem_loaded,9,0,1,1024,16384,0,0,42,9,1802150702,749374880,109994.5497,45738.2129,2.4049,1024,38
dsmem_loaded,9,0,1,1024,16384,0,0,42,9,1802167944,749382080,109995.6021,45738.6523,2.4049,1024,39
dsmem_loaded,9,0,1,1024,16384,0,0,42,9,1802154726,749376544,109994.7953,45738.3145,2.4049,1024,40
dsmem_loaded,9,0,1,1024,16384,0,0,42,9,1802158384,749378080,109995.0186,45738.4082,2.4049,1024,41
dsmem_loaded,9,0,1,1024,16384,0,0,42,9,1802151178,749375072,109994.5787,45738.2246,2.4049,1024,42
dsmem_loaded,9,0,1,1024,16384,0,0,42,9,1802145301,749372640,109994.2200,45738.0762,2.4049,1024,43
dsmem_loaded,9,0,1,1024,16384,0,0,42,9,1802104441,749355648,109991.7261,45737.0391,2.4049,1024,44
dsmem_loaded,9,0,1,1024,16384,0,0,42,9,1802104442,749355648,109991.7262,45737.0391,2.4049,1024,45
dsmem_loaded,9,0,1,1024,16384,0,0,42,9,1802104442,749355648,109991.7262,45737.0391,2.4049,1024,46
dsmem_loaded,9,0,1,1024,16384,0,0,42,9,1802137363,749369312,109993.7355,45737.8730,2.4049,1024,47
dsmem_loaded,9,0,1,1024,16384,0,0,42,9,1802123556,749363584,109992.8928,45737.5234,2.4049,1024,48
dsmem_loaded,9,0,1,1024,16384,0,0,42,9,1802164858,749380800,109995.4137,45738.5742,2.4049,1024,49
dsmem_loaded,9,0,1,1024,16384,0,0,42,9,1802116346,749360576,109992.4528,45737.3398,2.4049,1024,50
dsmem_loaded,9,0,1,1024,16384,0,0,42,9,1802130401,749366432,109993.3106,45737.6973,2.4049,1024,51
dsmem_loaded,9,0,1,1024,16384,0,0,42,9,1802106446,749356480,109991.8485,45737.0898,2.4049,1024,52
dsmem_loaded,9,0,1,1024,16384,0,0,42,9,1802106811,749356640,109991.8708,45737.0996,2.4049,1024,53
dsmem_loaded,9,0,1,1024,16384,0,0,42,9,1802106075,749356320,109991.8259,45737.0801,2.4049,1024,54
dsmem_loaded,9,0,1,1024,16384,0,0,42,9,1802147273,749373472,109994.3404,45738.1270,2.4049,1024,55
dsmem_loaded,9,0,1,1024,16384,0,0,42,9,1802106444,749356480,109991.8484,45737.0898,2.4049,1024,56
dsmem_loaded,9,0,1,1024,16384,0,0,42,9,1802106077,749356320,109991.8260,45737.0801,2.4049,1024,57
dsmem_loaded,9,0,1,1024,16384,0,0,42,9,1802106442,749356512,109991.8483,45737.0918,2.4049,1024,58
dsmem_loaded,9,0,1,1024,16384,0,0,42,9,1802106443,749356480,109991.8483,45737.0898,2.4049,1024,59
dsmem_loaded,9,0,1,1024,16384,0,0,42,9,1802106320,749356448,109991.8408,45737.0879,2.4049,1024,60
dsmem_loaded,9,0,1,1024,16384,0,0,42,9,1802106817,749356640,109991.8712,45737.0996,2.4049,1024,61
dsmem_loaded,9,0,1,1024,16384,0,0,42,9,1802106812,749356640,109991.8708,45737.0996,2.4049,1024,62
dsmem_loaded,9,0,1,1024,16384,0,0,42,9,1802105597,749356128,109991.7967,45737.0684,2.4049,1024,63
dsmem_loaded,9,0,1,1024,16384,0,0,42,9,1802159748,749378656,109995.1018,45738.4434,2.4049,1024,64
dsmem_loaded,9,0,1,1024,16384,0,0,42,9,1802181894,749387872,109996.4535,45739.0059,2.4049,1024,65
dsmem_loaded,9,0,1,1024,16384,0,0,42,9,1802173191,749384256,109995.9223,45738.7852,2.4049,1024,66
dsmem_loaded,9,0,1,1024,16384,0,0,42,9,1802166231,749381376,109995.4975,45738.6094,2.4049,1024,67
dsmem_loaded,9,0,1,1024,16384,0,0,42,9,1802162934,749380000,109995.2963,45738.5254,2.4049,1024,68
dsmem_loaded,9,0,1,1024,16384,0,0,42,9,1802143845,749372032,109994.1312,45738.0391,2.4049,1024,69
dsmem_loaded,9,0,1,1024,16384,0,0,42,9,1802171354,749383456,109995.8102,45738.7363,2.4049,1024,70
dsmem_loaded,9,0,1,1024,16384,0,0,42,9,1802156323,749377216,109994.8928,45738.3555,2.4049,1024,71
dsmem_loaded,9,0,1,1024,16384,0,0,42,9,1802120859,749362464,109992.7282,45737.4551,2.4049,1024,72
dsmem_loaded,9,0,1,1024,16384,0,0,42,9,1802145423,749372704,109994.2275,45738.0801,2.4049,1024,73
dsmem_loaded,9,0,1,1024,16384,0,0,42,9,1802177835,749386176,109996.2057,45738.9023,2.4049,1024,74
dsmem_loaded,9,0,1,1024,16384,0,0,42,9,1802142734,749371552,109994.0634,45738.0098,2.4049,1024,75
dsmem_loaded,9,0,1,1024,16384,0,0,42,9,1802105954,749356288,109991.8185,45737.0781,2.4049,1024,76
dsmem_loaded,9,0,1,1024,16384,0,0,42,9,1802104441,749355648,109991.7261,45737.0391,2.4049,1024,77
dsmem_loaded,9,0,1,1024,16384,0,0,42,9,1802105589,749356128,109991.7962,45737.0684,2.4049,1024,78
dsmem_loaded,9,0,1,1024,16384,0,0,42,9,1802107303,749356864,109991.9008,45737.1133,2.4049,1024,79
dsmem_loaded,9,0,1,1024,16384,0,0,42,9,1802124409,749363936,109992.9449,45737.5449,2.4049,1024,80
dsmem_loaded,9,0,1,1024,16384,0,0,42,9,1802131625,749366944,109993.3853,45737.7285,2.4049,1024,81
dsmem_loaded,9,0,1,1024,16384,0,0,42,9,1802123557,749363584,109992.8929,45737.5234,2.4049,1024,82
dsmem_loaded,9,0,1,1024,16384,0,0,42,9,1802144696,749372384,109994.1831,45738.0605,2.4049,1024,83
dsmem_loaded,9,0,1,1024,16384,0,0,42,9,1802104441,749355648,109991.7261,45737.0391,2.4049,1024,84
dsmem_loaded,9,0,1,1024,16384,0,0,42,9,1802147396,749373536,109994.3479,45738.1309,2.4049,1024,85
dsmem_loaded,9,0,1,1024,16384,0,0,42,9,1802104441,749355648,109991.7261,45737.0391,2.4049,1024,86
dsmem_loaded,9,0,1,1024,16384,0,0,42,9,1802104441,749355680,109991.7261,45737.0410,2.4049,1024,87
dsmem_loaded,9,0,1,1024,16384,0,0,42,9,1802106322,749356448,109991.8409,45737.0879,2.4049,1024,88
dsmem_loaded,9,0,1,1024,16384,0,0,42,9,1802106197,749356384,109991.8333,45737.0840,2.4049,1024,89
dsmem_loaded,9,0,1,1024,16384,0,0,42,9,1802105584,749356128,109991.7959,45737.0684,2.4049,1024,90
dsmem_loaded,9,0,1,1024,16384,0,0,42,9,1802147753,749373664,109994.3697,45738.1387,2.4049,1024,91
dsmem_loaded,9,0,1,1024,16384,0,0,42,9,1802106318,749356416,109991.8407,45737.0859,2.4049,1024,92
dsmem_loaded,9,0,1,1024,16384,0,0,42,9,1802107430,749356928,109991.9086,45737.1172,2.4049,1024,93
dsmem_loaded,9,0,1,1024,16384,0,0,42,9,1802107057,749356768,109991.8858,45737.1074,2.4049,1024,94
dsmem_loaded,9,0,1,1024,16384,0,0,42,9,1802105833,749356224,109991.8111,45737.0742,2.4049,1024,95
dsmem_loaded,9,0,1,1024,16384,0,0,42,9,1802159649,749378624,109995.0958,45738.4414,2.4049,1024,96
dsmem_loaded,9,0,1,1024,16384,0,0,42,9,1802174691,749384896,109996.0139,45738.8242,2.4049,1024,97
dsmem_loaded,9,0,1,1024,16384,0,0,42,9,1802117583,749361120,109992.5283,45737.3730,2.4049,1024,98
dsmem_loaded,9,0,1,1024,16384,0,0,42,9,1802107439,749356896,109991.9091,45737.1152,2.4049,1024,99
dsmem_loaded,9,0,1,1024,16384,0,0,42,9,1802163813,749380352,109995.3499,45738.5469,2.4049,1024,100
dsmem_loaded,9,0,1,1024,16384,0,0,42,9,1802143497,749371904,109994.1099,45738.0312,2.4049,1024,101
dsmem_loaded,9,0,1,1024,16384,0,0,42,9,1802167236,749381760,109995.5588,45738.6328,2.4049,1024,102
dsmem_loaded,9,0,1,1024,16384,0,0,42,9,1802181155,749387552,109996.4084,45738.9863,2.4049,1024,103
dsmem_loaded,9,0,1,1024,16384,0,0,42,9,1802120029,749362112,109992.6776,45737.4336,2.4049,1024,104
dsmem_loaded,9,0,1,1024,16384,0,0,42,9,1802117702,749361152,109992.5355,45737.3750,2.4049,1024,105
dsmem_loaded,9,0,1,1024,16384,0,0,42,9,1802149128,749374208,109994.4536,45738.1719,2.4049,1024,106
dsmem_loaded,9,0,1,1024,16384,0,0,42,9,1802180918,749387424,109996.3939,45738.9785,2.4049,1024,107
dsmem_loaded,9,0,1,1024,16384,0,0,42,9,1802106215,749356416,109991.8344,45737.0859,2.4049,1024,108
dsmem_loaded,9,0,1,1024,16384,0,0,42,9,1802104441,749355648,109991.7261,45737.0391,2.4049,1024,109
dsmem_loaded,9,0,1,1024,16384,0,0,42,9,1802104442,749355648,109991.7262,45737.0391,2.4049,1024,110
dsmem_loaded,9,0,1,1024,16384,0,0,42,9,1802158037,749377920,109994.9974,45738.3984,2.4049,1024,111
dsmem_loaded,9,0,1,1024,16384,0,0,42,9,1802123816,749363680,109992.9087,45737.5293,2.4049,1024,112
dsmem_loaded,9,0,1,1024,16384,0,0,42,9,1802120768,749362432,109992.7227,45737.4531,2.4049,1024,113
dsmem_loaded,9,0,1,1024,16384,0,0,42,9,1802144349,749372224,109994.1619,45738.0508,2.4049,1024,114
dsmem_loaded,9,0,1,1024,16384,0,0,42,9,1802165367,749380992,109995.4448,45738.5859,2.4049,1024,115
dsmem_loaded,9,0,1,1024,16384,0,0,42,9,1802106704,749356576,109991.8643,45737.0957,2.4049,1024,116
dsmem_loaded,9,0,1,1024,16384,0,0,42,9,1802120510,749362336,109992.7069,45737.4473,2.4049,1024,117
dsmem_loaded,9,0,1,1024,16384,0,0,42,9,1802107196,749356832,109991.8943,45737.1113,2.4049,1024,118
dsmem_loaded,9,0,1,1024,16384,0,0,42,9,1802105843,749356256,109991.8117,45737.0762,2.4049,1024,119
dsmem_loaded,9,0,1,1024,16384,0,0,42,9,1802107432,749356896,109991.9087,45737.1152,2.4049,1024,120
dsmem_loaded,9,0,1,1024,16384,0,0,42,9,1802120644,749362400,109992.7151,45737.4512,2.4049,1024,121
dsmem_loaded,9,0,1,1024,16384,0,0,42,9,1802106823,749356672,109991.8715,45737.1016,2.4049,1024,122
dsmem_loaded,9,0,1,1024,16384,0,0,42,9,1802105722,749356192,109991.8043,45737.0723,2.4049,1024,123
dsmem_loaded,9,0,1,1024,16384,0,0,42,9,1802104441,749355680,109991.7261,45737.0410,2.4049,1024,124
dsmem_loaded,9,0,1,1024,16384,0,0,42,9,1802105111,749355968,109991.7670,45737.0586,2.4049,1024,125
dsmem_loaded,9,0,1,1024,16384,0,0,42,9,1802106822,749356640,109991.8715,45737.0996,2.4049,1024,126
dsmem_loaded,9,0,1,1024,16384,0,0,42,9,1802104442,749355648,109991.7262,45737.0391,2.4049,1024,127
dsmem_loaded,9,0,1,1024,16384,0,0,42,9,1802106461,749356512,109991.8494,45737.0918,2.4049,1024,128
dsmem_loaded,9,0,1,1024,16384,0,0,42,9,1802104441,749355648,109991.7261,45737.0391,2.4049,1024,129
dsmem_loaded,9,0,1,1024,16384,0,0,42,9,1802127349,749365184,109993.1243,45737.6211,2.4049,1024,130
dsmem_loaded,9,0,1,1024,16384,0,0,42,9,1802106336,749356448,109991.8418,45737.0879,2.4049,1024,131
dsmem_loaded,9,0,1,1024,16384,0,0,42,9,1802131631,749366944,109993.3857,45737.7285,2.4049,1024,132
dsmem_loaded,9,0,1,1024,16384,0,0,42,9,1802167593,749381920,109995.5806,45738.6426,2.4049,1024,133
dsmem_loaded,9,0,1,1024,16384,0,0,42,9,1802182396,749388096,109996.4841,45739.0195,2.4049,1024,134
dsmem_loaded,9,0,1,1024,16384,0,0,42,9,1802166619,749381536,109995.5212,45738.6191,2.4049,1024,135
dsmem_loaded,9,0,1,1024,16384,0,0,42,9,1802173342,749384320,109995.9315,45738.7891,2.4049,1024,136
dsmem_loaded,9,0,1,1024,16384,0,0,42,9,1802168802,749382400,109995.6544,45738.6719,2.4049,1024,137
dsmem_loaded,9,0,1,1024,16384,0,0,42,9,1802131504,749366912,109993.3779,45737.7266,2.4049,1024,138
dsmem_loaded,9,0,1,1024,16384,0,0,42,9,1802165269,749380960,109995.4388,45738.5840,2.4049,1024,139
dsmem_loaded,9,0,1,1024,16384,0,0,42,9,1802142760,749371584,109994.0649,45738.0117,2.4049,1024,140
dsmem_loaded,9,0,1,1024,16384,0,0,42,9,1802127362,749365184,109993.1251,45737.6211,2.4049,1024,141
dsmem_loaded,9,0,1,1024,16384,0,0,42,9,1802104441,749355680,109991.7261,45737.0410,2.4049,1024,142
dsmem_loaded,9,0,1,1024,16384,0,0,42,9,1802164521,749380640,109995.3931,45738.5645,2.4049,1024,143
dsmem_loaded,9,0,1,1024,16384,0,0,42,9,1802131522,749366912,109993.3790,45737.7266,2.4049,1024,144
dsmem_loaded,9,0,1,1024,16384,0,0,42,9,1802105602,749356160,109991.7970,45737.0703,2.4049,1024,145
dsmem_loaded,9,0,1,1024,16384,0,0,42,9,1802134326,749368064,109993.5502,45737.7969,2.4049,1024,146
dsmem_loaded,9,0,1,1024,16384,0,0,42,9,1802141281,749370976,109993.9747,45737.9746,2.4049,1024,147
dsmem_loaded,9,0,1,1024,16384,0,0,42,9,1802106216,749356384,109991.8345,45737.0840,2.4049,1024,148
dsmem_loaded,9,0,1,1024,16384,0,0,42,9,1802107316,749356864,109991.9016,45737.1133,2.4049,1024,149
dsmem_loaded,9,0,1,1024,16384,0,0,42,9,1802120887,749362496,109992.7299,45737.4570,2.4049,1024,150
dsmem_loaded,9,0,1,1024,16384,0,0,42,9,1802106210,749356416,109991.8341,45737.0859,2.4049,1024,151
dsmem_loaded,9,0,1,1024,16384,0,0,42,9,1802134080,749368000,109993.5352,45737.7930,2.4049,1024,152
dsmem_loaded,9,0,1,1024,16384,0,0,42,9,1802105609,749356160,109991.7974,45737.0703,2.4049,1024,153
dsmem_loaded,9,0,1,1024,16384,0,0,42,9,1802105846,749356256,109991.8119,45737.0762,2.4049,1024,154
dsmem_loaded,9,0,1,1024,16384,0,0,42,9,1802106708,749356608,109991.8645,45737.0977,2.4049,1024,155
dsmem_loaded,9,0,1,1024,16384,0,0,42,9,1802104441,749355680,109991.7261,45737.0410,2.4049,1024,156
dsmem_loaded,9,0,1,1024,16384,0,0,42,9,1802106700,749356608,109991.8640,45737.0977,2.4049,1024,157
dsmem_loaded,9,0,1,1024,16384,0,0,42,9,1802119906,749362080,109992.6700,45737.4316,2.4049,1024,158
dsmem_loaded,9,0,1,1024,16384,0,0,42,9,1802104442,749355680,109991.7262,45737.0410,2.4049,1024,159
dsmem_loaded,9,0,1,1024,16384,0,0,42,9,1802157318,749377600,109994.9535,45738.3789,2.4049,1024,160
dsmem_loaded,9,0,1,1024,16384,0,0,42,9,1802167453,749381824,109995.5721,45738.6367,2.4049,1024,161
dsmem_loaded,9,0,1,1024,16384,0,0,42,9,1802147672,749373632,109994.3647,45738.1367,2.4049,1024,162
dsmem_loaded,9,0,1,1024,16384,0,0,42,9,1802104441,749355648,109991.7261,45737.0391,2.4049,1024,163
dsmem_loaded,9,0,1,1024,16384,0,0,42,9,1802166989,749381664,109995.5438,45738.6270,2.4049,1024,164
dsmem_loaded,9,0,1,1024,16384,0,0,42,9,1802171611,749383584,109995.8259,45738.7441,2.4049,1024,165
dsmem_loaded,9,0,1,1024,16384,0,0,42,9,1802132142,749367168,109993.4169,45737.7422,2.4049,1024,166
dsmem_loaded,9,0,1,1024,16384,0,0,42,9,1802177134,749385888,109996.1630,45738.8848,2.4049,1024,167
dsmem_loaded,9,0,1,1024,16384,0,0,42,9,1802150948,749375008,109994.5647,45738.2207,2.4049,1024,168
dsmem_loaded,9,0,1,1024,16384,0,0,42,9,1802185079,749389184,109996.6479,45739.0859,2.4049,1024,169
dsmem_loaded,9,0,1,1024,16384,0,0,42,9,1802129805,749366208,109993.2742,45737.6836,2.4049,1024,170
dsmem_loaded,9,0,1,1024,16384,0,0,42,9,1802151804,749375360,109994.6169,45738.2422,2.4049,1024,171
dsmem_loaded,9,0,1,1024,16384,0,0,42,9,1802106212,749356384,109991.8342,45737.0840,2.4049,1024,172
dsmem_loaded,9,0,1,1024,16384,0,0,42,9,1802104441,749355648,109991.7261,45737.0391,2.4049,1024,173
dsmem_loaded,9,0,1,1024,16384,0,0,42,9,1802104442,749355680,109991.7262,45737.0410,2.4049,1024,174
dsmem_loaded,9,0,1,1024,16384,0,0,42,9,1802132249,749367200,109993.4234,45737.7441,2.4049,1024,175
dsmem_loaded,9,0,1,1024,16384,0,0,42,9,1802145079,749372544,109994.2065,45738.0703,2.4049,1024,176
dsmem_loaded,9,0,1,1024,16384,0,0,42,9,1802168914,749382464,109995.6613,45738.6758,2.4049,1024,177
dsmem_loaded,9,0,1,1024,16384,0,0,42,9,1802136155,749368832,109993.6618,45737.8438,2.4049,1024,178
dsmem_loaded,9,0,1,1024,16384,0,0,42,9,1802105964,749356288,109991.8191,45737.0781,2.4049,1024,179
dsmem_loaded,9,0,1,1024,16384,0,0,42,9,1802106943,749356704,109991.8788,45737.1035,2.4049,1024,180
dsmem_loaded,9,0,1,1024,16384,0,0,42,9,1802120154,749362208,109992.6852,45737.4395,2.4049,1024,181
dsmem_loaded,9,0,1,1024,16384,0,0,42,9,1802113066,749359232,109992.2526,45737.2578,2.4049,1024,182
dsmem_loaded,9,0,1,1024,16384,0,0,42,9,1802107067,749356736,109991.8864,45737.1055,2.4049,1024,183
dsmem_loaded,9,0,1,1024,16384,0,0,42,9,1802104441,749355648,109991.7261,45737.0391,2.4049,1024,184
dsmem_loaded,9,0,1,1024,16384,0,0,42,9,1802106825,749356640,109991.8716,45737.0996,2.4049,1024,185
dsmem_loaded,9,0,1,1024,16384,0,0,42,9,1802105603,749356160,109991.7971,45737.0703,2.4049,1024,186
dsmem_loaded,9,0,1,1024,16384,0,0,42,9,1802106467,749356512,109991.8498,45737.0918,2.4049,1024,187
dsmem_loaded,9,0,1,1024,16384,0,0,42,9,1802116229,749360576,109992.4456,45737.3398,2.4049,1024,188
dsmem_loaded,9,0,1,1024,16384,0,0,42,9,1802106212,749356384,109991.8342,45737.0840,2.4049,1024,189
dsmem_loaded,9,0,1,1024,16384,0,0,42,9,1802106339,749356416,109991.8420,45737.0859,2.4049,1024,190
dsmem_loaded,9,0,1,1024,16384,0,0,42,9,1802106209,749356384,109991.8340,45737.0840,2.4049,1024,191
dsmem_loaded,9,0,1,1024,16384,0,0,42,9,1802171127,749383328,109995.7963,45738.7285,2.4049,1024,192
dsmem_loaded,9,0,1,1024,16384,0,0,42,9,1802172243,749383840,109995.8644,45738.7598,2.4049,1024,193
dsmem_loaded,9,0,1,1024,16384,0,0,42,9,1802154611,749376480,109994.7883,45738.3105,2.4049,1024,194
dsmem_loaded,9,0,1,1024,16384,0,0,42,9,1802165274,749380960,109995.4391,45738.5840,2.4049,1024,195
dsmem_loaded,9,0,1,1024,16384,0,0,42,9,1802170898,749383296,109995.7823,45738.7266,2.4049,1024,196
dsmem_loaded,9,0,1,1024,16384,0,0,42,9,1802141169,749370912,109993.9678,45737.9707,2.4049,1024,197
dsmem_loaded,9,0,1,1024,16384,0,0,42,9,1802190956,749391616,109997.0066,45739.2344,2.4049,1024,198
dsmem_loaded,9,0,1,1024,16384,0,0,42,9,1802167594,749381920,109995.5807,45738.6426,2.4049,1024,199
dsmem_loaded,9,0,1,1024,16384,0,0,42,9,1802127719,749365344,109993.1469,45737.6309,2.4049,1024,200
dsmem_loaded,9,0,1,1024,16384,0,0,42,9,1802117334,749360992,109992.5131,45737.3652,2.4049,1024,201
dsmem_loaded,9,0,1,1024,16384,0,0,42,9,1802116852,749360800,109992.4836,45737.3535,2.4049,1024,202
dsmem_loaded,9,0,1,1024,16384,0,0,42,9,1802154490,749376448,109994.7809,45738.3086,2.4049,1024,203
dsmem_loaded,9,0,1,1024,16384,0,0,42,9,1802144956,749372480,109994.1990,45738.0664,2.4049,1024,204
dsmem_loaded,9,0,1,1024,16384,0,0,42,9,1802104441,749355648,109991.7261,45737.0391,2.4049,1024,205
dsmem_loaded,9,0,1,1024,16384,0,0,42,9,1802105850,749356256,109991.8121,45737.0762,2.4049,1024,206
dsmem_loaded,9,0,1,1024,16384,0,0,42,9,1802152658,749375712,109994.6691,45738.2637,2.4049,1024,207
dsmem_loaded,9,0,1,1024,16384,0,0,42,9,1802149355,749374336,109994.4675,45738.1797,2.4049,1024,208
dsmem_loaded,9,0,1,1024,16384,0,0,42,9,1802121370,749362688,109992.7594,45737.4688,2.4049,1024,209
dsmem_loaded,9,0,1,1024,16384,0,0,42,9,1802120150,749362176,109992.6849,45737.4375,2.4049,1024,210
dsmem_loaded,9,0,1,1024,16384,0,0,42,9,1802107800,749357056,109991.9312,45737.1250,2.4049,1024,211
dsmem_loaded,9,0,1,1024,16384,0,0,42,9,1802106218,749356416,109991.8346,45737.0859,2.4049,1024,212
dsmem_loaded,9,0,1,1024,16384,0,0,42,9,1802134204,749368064,109993.5427,45737.7969,2.4049,1024,213
dsmem_loaded,9,0,1,1024,16384,0,0,42,9,1802107186,749356800,109991.8937,45737.1094,2.4049,1024,214
dsmem_loaded,9,0,1,1024,16384,0,0,42,9,1802106458,749356512,109991.8492,45737.0918,2.4049,1024,215
dsmem_loaded,9,0,1,1024,16384,0,0,42,9,1802106947,749356704,109991.8791,45737.1035,2.4049,1024,216
dsmem_loaded,9,0,1,1024,16384,0,0,42,9,1802106092,749356352,109991.8269,45737.0820,2.4049,1024,217
dsmem_loaded,9,0,1,1024,16384,0,0,42,9,1802105974,749356320,109991.8197,45737.0801,2.4049,1024,218
dsmem_loaded,9,0,1,1024,16384,0,0,42,9,1802104442,749355648,109991.7262,45737.0391,2.4049,1024,219
dsmem_loaded,9,0,1,1024,16384,0,0,42,9,1802104441,749355648,109991.7261,45737.0391,2.4049,1024,220
dsmem_loaded,9,0,1,1024,16384,0,0,42,9,1802107193,749356800,109991.8941,45737.1094,2.4049,1024,221
dsmem_loaded,9,0,1,1024,16384,0,0,42,9,1802104441,749355680,109991.7261,45737.0410,2.4049,1024,222
dsmem_loaded,9,0,1,1024,16384,0,0,42,9,1802105605,749356128,109991.7972,45737.0684,2.4049,1024,223
dsmem_loaded,9,0,1,1024,16384,0,0,42,9,1802161823,749379456,109995.2285,45738.4922,2.4049,1024,224
dsmem_loaded,9,0,1,1024,16384,0,0,42,9,1802141639,749371104,109993.9965,45737.9824,2.4049,1024,225
dsmem_loaded,9,0,1,1024,16384,0,0,42,9,1802176998,749385824,109996.1547,45738.8809,2.4049,1024,226
dsmem_loaded,9,0,1,1024,16384,0,0,42,9,1802164406,749380608,109995.3861,45738.5625,2.4049,1024,227
dsmem_loaded,9,0,1,1024,16384,0,0,42,9,1802170641,749383200,109995.7667,45738.7207,2.4049,1024,228
dsmem_loaded,9,0,1,1024,16384,0,0,42,9,1802171244,749383456,109995.8035,45738.7363,2.4049,1024,229
dsmem_loaded,9,0,1,1024,16384,0,0,42,9,1802144454,749372288,109994.1683,45738.0547,2.4049,1024,230
dsmem_loaded,9,0,1,1024,16384,0,0,42,9,1802168677,749382368,109995.6468,45738.6699,2.4049,1024,231
dsmem_loaded,9,0,1,1024,16384,0,0,42,9,1802142251,749371392,109994.0339,45738.0000,2.4049,1024,232
dsmem_loaded,9,0,1,1024,16384,0,0,42,9,1802131131,749366752,109993.3552,45737.7168,2.4049,1024,233
dsmem_loaded,9,0,1,1024,16384,0,0,42,9,1802145062,749372544,109994.2054,45738.0703,2.4049,1024,234
dsmem_loaded,9,0,1,1024,16384,0,0,42,9,1802153990,749376256,109994.7504,45738.2969,2.4049,1024,235
dsmem_loaded,9,0,1,1024,16384,0,0,42,9,1802104441,749355680,109991.7261,45737.0410,2.4049,1024,236
dsmem_loaded,9,0,1,1024,16384,0,0,42,9,1802104441,749355680,109991.7261,45737.0410,2.4049,1024,237
dsmem_loaded,9,0,1,1024,16384,0,0,42,9,1802157540,749377728,109994.9670,45738.3867,2.4049,1024,238
dsmem_loaded,9,0,1,1024,16384,0,0,42,9,1802155333,749376832,109994.8323,45738.3320,2.4049,1024,239
dsmem_loaded,9,0,1,1024,16384,0,0,42,9,1802144816,749372416,109994.1904,45738.0625,2.4049,1024,240
dsmem_loaded,9,0,1,1024,16384,0,0,42,9,1802105953,749356288,109991.8184,45737.0781,2.4049,1024,241
dsmem_loaded,9,0,1,1024,16384,0,0,42,9,1802119898,749362048,109992.6696,45737.4297,2.4049,1024,242
dsmem_loaded,9,0,1,1024,16384,0,0,42,9,1802106441,749356512,109991.8482,45737.0918,2.4049,1024,243
dsmem_loaded,9,0,1,1024,16384,0,0,42,9,1802106808,749356640,109991.8706,45737.0996,2.4049,1024,244
dsmem_loaded,9,0,1,1024,16384,0,0,42,9,1802106443,749356480,109991.8483,45737.0898,2.4049,1024,245
dsmem_loaded,9,0,1,1024,16384,0,0,42,9,1802104441,749355648,109991.7261,45737.0391,2.4049,1024,246
dsmem_loaded,9,0,1,1024,16384,0,0,42,9,1802106562,749356544,109991.8556,45737.0938,2.4049,1024,247
dsmem_loaded,9,0,1,1024,16384,0,0,42,9,1802148851,749374144,109994.4367,45738.1680,2.4049,1024,248
dsmem_loaded,9,0,1,1024,16384,0,0,42,9,1802105831,749356224,109991.8110,45737.0742,2.4049,1024,249
dsmem_loaded,9,0,1,1024,16384,0,0,42,9,1802106690,749356576,109991.8634,45737.0957,2.4049,1024,250
dsmem_loaded,9,0,1,1024,16384,0,0,42,9,1802106440,749356480,109991.8481,45737.0898,2.4049,1024,251
dsmem_loaded,9,0,1,1024,16384,0,0,42,9,1802106199,749356384,109991.8334,45737.0840,2.4049,1024,252
dsmem_loaded,9,0,1,1024,16384,0,0,42,9,1802106816,749356640,109991.8711,45737.0996,2.4049,1024,253
dsmem_loaded,9,0,1,1024,16384,0,0,42,9,1802106813,749356640,109991.8709,45737.0996,2.4049,1024,254
dsmem_loaded,9,0,1,1024,16384,0,0,42,9,1802104442,749355680,109991.7262,45737.0410,2.4049,1024,255
dsmem_loaded,9,0,1,1024,16384,0,0,42,10,1802172465,749385792,109995.8780,45738.8789,2.4049,1024,0
dsmem_loaded,9,0,1,1024,16384,0,0,42,10,1802159611,749380416,109995.0934,45738.5508,2.4049,1024,1
dsmem_loaded,9,0,1,1024,16384,0,0,42,10,1802123001,749365216,109992.8589,45737.6230,2.4049,1024,2
dsmem_loaded,9,0,1,1024,16384,0,0,42,10,1802198875,749396736,109997.4899,45739.5469,2.4049,1024,3
dsmem_loaded,9,0,1,1024,16384,0,0,42,10,1802178951,749388448,109996.2739,45739.0410,2.4049,1024,4
dsmem_loaded,9,0,1,1024,16384,0,0,42,10,1802199476,749397024,109997.5266,45739.5645,2.4049,1024,5
dsmem_loaded,9,0,1,1024,16384,0,0,42,10,1802191912,749393856,109997.0649,45739.3711,2.4049,1024,6
dsmem_loaded,9,0,1,1024,16384,0,0,42,10,1802186276,749391520,109996.7209,45739.2285,2.4049,1024,7
dsmem_loaded,9,0,1,1024,16384,0,0,42,10,1802138945,749371840,109993.8321,45738.0273,2.4049,1024,8
dsmem_loaded,9,0,1,1024,16384,0,0,42,10,1802124769,749365984,109992.9669,45737.6699,2.4049,1024,9
dsmem_loaded,9,0,1,1024,16384,0,0,42,10,1802158762,749380064,109995.0416,45738.5293,2.4049,1024,10
dsmem_loaded,9,0,1,1024,16384,0,0,42,10,1802144834,749374272,109994.1915,45738.1758,2.4049,1024,11
dsmem_loaded,9,0,1,1024,16384,0,0,42,10,1802124281,749365728,109992.9371,45737.6543,2.4049,1024,12
dsmem_loaded,9,0,1,1024,16384,0,0,42,10,1802196779,749395904,109997.3620,45739.4961,2.4049,1024,13
dsmem_loaded,9,0,1,1024,16384,0,0,42,10,1802149944,749376416,109994.5034,45738.3066,2.4049,1024,14
dsmem_loaded,9,0,1,1024,16384,0,0,42,10,1802123002,749365216,109992.8590,45737.6230,2.4049,1024,15
dsmem_loaded,9,0,1,1024,16384,0,0,42,10,1802142856,749373504,109994.0708,45738.1289,2.4049,1024,16
dsmem_loaded,9,0,1,1024,16384,0,0,42,10,1802125858,749366400,109993.0333,45737.6953,2.4049,1024,17
dsmem_loaded,9,0,1,1024,16384,0,0,42,10,1802149598,749376288,109994.4823,45738.2988,2.4049,1024,18
dsmem_loaded,9,0,1,1024,16384,0,0,42,10,1802135653,749370464,109993.6312,45737.9434,2.4049,1024,19
dsmem_loaded,9,0,1,1024,16384,0,0,42,10,1802123001,749365216,109992.8589,45737.6230,2.4049,1024,20
dsmem_loaded,9,0,1,1024,16384,0,0,42,10,1802132835,749369312,109993.4592,45737.8730,2.4049,1024,21
dsmem_loaded,9,0,1,1024,16384,0,0,42,10,1802126240,749366560,109993.0566,45737.7051,2.4049,1024,22
dsmem_loaded,9,0,1,1024,16384,0,0,42,10,1802135772,749370560,109993.6384,45737.9492,2.4049,1024,23
dsmem_loaded,9,0,1,1024,16384,0,0,42,10,1802134923,749370176,109993.5866,45737.9258,2.4049,1024,24
dsmem_loaded,9,0,1,1024,16384,0,0,42,10,1802125627,749366272,109993.0192,45737.6875,2.4049,1024,25
dsmem_loaded,9,0,1,1024,16384,0,0,42,10,1802153867,749378080,109994.7429,45738.4082,2.4049,1024,26
dsmem_loaded,9,0,1,1024,16384,0,0,42,10,1802124893,749365984,109992.9744,45737.6699,2.4049,1024,27
dsmem_loaded,9,0,1,1024,16384,0,0,42,10,1802125384,749366208,109993.0044,45737.6836,2.4049,1024,28
dsmem_loaded,9,0,1,1024,16384,0,0,42,10,1802123001,749365216,109992.8589,45737.6230,2.4049,1024,29
dsmem_loaded,9,0,1,1024,16384,0,0,42,10,1802124282,749365696,109992.9371,45737.6523,2.4049,1024,30
dsmem_loaded,9,0,1,1024,16384,0,0,42,10,1802124529,749365824,109992.9522,45737.6602,2.4049,1024,31
dsmem_loaded,9,0,1,1024,16384,0,0,42,10,1802190061,749393088,109996.9520,45739.3242,2.4049,1024,32
dsmem_loaded,9,0,1,1024,16384,0,0,42,10,1802214750,749403360,109998.4589,45739.9512,2.4049,1024,33
dsmem_loaded,9,0,1,1024,16384,0,0,42,10,1802149331,749376128,109994.4660,45738.2891,2.4049,1024,34
dsmem_loaded,9,0,1,1024,16384,0,0,42,10,1802183947,749390528,109996.5788,45739.1680,2.4049,1024,35
dsmem_loaded,9,0,1,1024,16384,0,0,42,10,1802125120,749366080,109992.9883,45737.6758,2.4049,1024,36
dsmem_loaded,9,0,1,1024,16384,0,0,42,10,1802180145,749388992,109996.3467,45739.0742,2.4049,1024,37
dsmem_loaded,9,0,1,1024,16384,0,0,42,10,1802146389,749374944,109994.2864,45738.2168,2.4049,1024,38
dsmem_loaded,9,0,1,1024,16384,0,0,42,10,1802176721,749387552,109996.1378,45738.9863,2.4049,1024,39
dsmem_loaded,9,0,1,1024,16384,0,0,42,10,1802161933,749381408,109995.2352,45738.6113,2.4049,1024,40
dsmem_loaded,9,0,1,1024,16384,0,0,42,10,1802198723,749396704,109997.4807,45739.5449,2.4049,1024,41
dsmem_loaded,9,0,1,1024,16384,0,0,42,10,1802195804,749395456,109997.3025,45739.4688,2.4049,1024,42
dsmem_loaded,9,0,1,1024,16384,0,0,42,10,1802125125,749366080,109992.9886,45737.6758,2.4049,1024,43
dsmem_loaded,9,0,1,1024,16384,0,0,42,10,1802149692,749376288,109994.4880,45738.2988,2.4049,1024,44
dsmem_loaded,9,0,1,1024,16384,0,0,42,10,1802125244,749366144,109992.9958,45737.6797,2.4049,1024,45
dsmem_loaded,9,0,1,1024,16384,0,0,42,10,1802138936,749371840,109993.8315,45738.0273,2.4049,1024,46
dsmem_loaded,9,0,1,1024,16384,0,0,42,10,1802172933,749385984,109995.9066,45738.8906,2.4049,1024,47
dsmem_loaded,9,0,1,1024,16384,0,0,42,10,1802149819,749376416,109994.4958,45738.3066,2.4049,1024,48
dsmem_loaded,9,0,1,1024,16384,0,0,42,10,1802141995,749373120,109994.0182,45738.1055,2.4049,1024,49
dsmem_loaded,9,0,1,1024,16384,0,0,42,10,1802138572,749371712,109993.8093,45738.0195,2.4049,1024,50
dsmem_loaded,9,0,1,1024,16384,0,0,42,10,1802140404,749372448,109993.9211,45738.0645,2.4049,1024,51
dsmem_loaded,9,0,1,1024,16384,0,0,42,10,1802153483,749377952,109994.7194,45738.4004,2.4049,1024,52
dsmem_loaded,9,0,1,1024,16384,0,0,42,10,1802124390,749365792,109992.9437,45737.6582,2.4049,1024,53
dsmem_loaded,9,0,1,1024,16384,0,0,42,10,1802123001,749365248,109992.8589,45737.6250,2.4049,1024,54
dsmem_loaded,9,0,1,1024,16384,0,0,42,10,1802123002,749365216,109992.8590,45737.6230,2.4049,1024,55
dsmem_loaded,9,0,1,1024,16384,0,0,42,10,1802125005,749366016,109992.9813,45737.6719,2.4049,1024,56
dsmem_loaded,9,0,1,1024,16384,0,0,42,10,1802125123,749366080,109992.9885,45737.6758,2.4049,1024,57
dsmem_loaded,9,0,1,1024,16384,0,0,42,10,1802138318,749371616,109993.7938,45738.0137,2.4049,1024,58
dsmem_loaded,9,0,1,1024,16384,0,0,42,10,1802124752,749365952,109992.9658,45737.6680,2.4049,1024,59
dsmem_loaded,9,0,1,1024,16384,0,0,42,10,1802123001,749365248,109992.8589,45737.6250,2.4049,1024,60
dsmem_loaded,9,0,1,1024,16384,0,0,42,10,1802123002,749365216,109992.8590,45737.6230,2.4049,1024,61
dsmem_loaded,9,0,1,1024,16384,0,0,42,10,1802139182,749371936,109993.8466,45738.0332,2.4049,1024,62
dsmem_loaded,9,0,1,1024,16384,0,0,42,10,1802125494,749366240,109993.0111,45737.6855,2.4049,1024,63
dsmem_loaded,9,0,1,1024,16384,0,0,42,10,1802189439,749392832,109996.9140,45739.3086,2.4049,1024,64
dsmem_loaded,9,0,1,1024,16384,0,0,42,10,1802199950,749397184,109997.5555,45739.5742,2.4049,1024,65
dsmem_loaded,9,0,1,1024,16384,0,0,42,10,1802187492,749392032,109996.7952,45739.2598,2.4049,1024,66
dsmem_loaded,9,0,1,1024,16384,0,0,42,10,1802179428,749388640,109996.3030,45739.0527,2.4049,1024,67
dsmem_loaded,9,0,1,1024,16384,0,0,42,10,1802197634,749396256,109997.4142,45739.5176,2.4049,1024,68
dsmem_loaded,9,0,1,1024,16384,0,0,42,10,1802162655,749381696,109995.2792,45738.6289,2.4049,1024,69
dsmem_loaded,9,0,1,1024,16384,0,0,42,10,1802175870,749387200,109996.0858,45738.9648,2.4049,1024,70
dsmem_loaded,9,0,1,1024,16384,0,0,42,10,1802179050,749388512,109996.2799,45739.0449,2.4049,1024,71
dsmem_loaded,9,0,1,1024,16384,0,0,42,10,1802181602,749389600,109996.4357,45739.1113,2.4049,1024,72
dsmem_loaded,9,0,1,1024,16384,0,0,42,10,1802145782,749374720,109994.2494,45738.2031,2.4049,1024,73
dsmem_loaded,9,0,1,1024,16384,0,0,42,10,1802175609,749387104,109996.0699,45738.9590,2.4049,1024,74
dsmem_loaded,9,0,1,1024,16384,0,0,42,10,1802142731,749373408,109994.0632,45738.1230,2.4049,1024,75
dsmem_loaded,9,0,1,1024,16384,0,0,42,10,1802123001,749365216,109992.8589,45737.6230,2.4049,1024,76
dsmem_loaded,9,0,1,1024,16384,0,0,42,10,1802145415,749374560,109994.2270,45738.1934,2.4049,1024,77
dsmem_loaded,9,0,1,1024,16384,0,0,42,10,1802124998,749366016,109992.9808,45737.6719,2.4049,1024,78
dsmem_loaded,9,0,1,1024,16384,0,0,42,10,1802123001,749365216,109992.8589,45737.6230,2.4049,1024,79
dsmem_loaded,9,0,1,1024,16384,0,0,42,10,1802178789,749388416,109996.2640,45739.0391,2.4049,1024,80
dsmem_loaded,9,0,1,1024,16384,0,0,42,10,1802138810,749371776,109993.8239,45738.0234,2.4049,1024,81
dsmem_loaded,9,0,1,1024,16384,0,0,42,10,1802159231,749380256,109995.0703,45738.5410,2.4049,1024,82
dsmem_loaded,9,0,1,1024,16384,0,0,42,10,1802142358,749373280,109994.0404,45738.1152,2.4049,1024,83
dsmem_loaded,9,0,1,1024,16384,0,0,42,10,1802125370,749366176,109993.0035,45737.6816,2.4049,1024,84
dsmem_loaded,9,0,1,1024,16384,0,0,42,10,1802152985,749377664,109994.6890,45738.3828,2.4049,1024,85
dsmem_loaded,9,0,1,1024,16384,0,0,42,10,1802135509,749370464,109993.6224,45737.9434,2.4049,1024,86
dsmem_loaded,9,0,1,1024,16384,0,0,42,10,1802135393,749370400,109993.6153,45737.9395,2.4049,1024,87
dsmem_loaded,9,0,1,1024,16384,0,0,42,10,1802125003,749366016,109992.9811,45737.6719,2.4049,1024,88
dsmem_loaded,9,0,1,1024,16384,0,0,42,10,1802125000,749366016,109992.9810,45737.6719,2.4049,1024,89
dsmem_loaded,9,0,1,1024,16384,0,0,42,10,1802125127,749366080,109992.9887,45737.6758,2.4049,1024,90
dsmem_loaded,9,0,1,1024,16384,0,0,42,10,1802124634,749365920,109992.9586,45737.6660,2.4049,1024,91
dsmem_loaded,9,0,1,1024,16384,0,0,42,10,1802124511,749365824,109992.9511,45737.6602,2.4049,1024,92
dsmem_loaded,9,0,1,1024,16384,0,0,42,10,1802123001,749365216,109992.8589,45737.6230,2.4049,1024,93
dsmem_loaded,9,0,1,1024,16384,0,0,42,10,1802123001,749365216,109992.8589,45737.6230,2.4049,1024,94
dsmem_loaded,9,0,1,1024,16384,0,0,42,10,1802125007,749366016,109992.9814,45737.6719,2.4049,1024,95
dsmem_loaded,9,0,1,1024,16384,0,0,42,10,1802186282,749391488,109996.7213,45739.2266,2.4049,1024,96
dsmem_loaded,9,0,1,1024,16384,0,0,42,10,1802123001,749365216,109992.8589,45737.6230,2.4049,1024,97
dsmem_loaded,9,0,1,1024,16384,0,0,42,10,1802192753,749394208,109997.1163,45739.3926,2.4049,1024,98
dsmem_loaded,9,0,1,1024,16384,0,0,42,10,1802162794,749381760,109995.2877,45738.6328,2.4049,1024,99
dsmem_loaded,9,0,1,1024,16384,0,0,42,10,1802185908,749391392,109996.6985,45739.2207,2.4049,1024,100
dsmem_loaded,9,0,1,1024,16384,0,0,42,10,1802200099,749397248,109997.5646,45739.5781,2.4049,1024,101
dsmem_loaded,9,0,1,1024,16384,0,0,42,10,1802185910,749391360,109996.6986,45739.2188,2.4049,1024,102
dsmem_loaded,9,0,1,1024,16384,0,0,42,10,1802148731,749375904,109994.4294,45738.2754,2.4049,1024,103
dsmem_loaded,9,0,1,1024,16384,0,0,42,10,1802169761,749384672,109995.7130,45738.8105,2.4049,1024,104
dsmem_loaded,9,0,1,1024,16384,0,0,42,10,1802149343,749376128,109994.4667,45738.2891,2.4049,1024,105
dsmem_loaded,9,0,1,1024,16384,0,0,42,10,1802123001,749365216,109992.8589,45737.6230,2.4049,1024,106
dsmem_loaded,9,0,1,1024,16384,0,0,42,10,1802123001,749365216,109992.8589,45737.6230,2.4049,1024,107
dsmem_loaded,9,0,1,1024,16384,0,0,42,10,1802125259,749366144,109992.9968,45737.6797,2.4049,1024,108
dsmem_loaded,9,0,1,1024,16384,0,0,42,10,1802146170,749374848,109994.2731,45738.2109,2.4049,1024,109
dsmem_loaded,9,0,1,1024,16384,0,0,42,10,1802147261,749375328,109994.3397,45738.2402,2.4049,1024,110
dsmem_loaded,9,0,1,1024,16384,0,0,42,10,1802193010,749394304,109997.1320,45739.3984,2.4049,1024,111
dsmem_loaded,9,0,1,1024,16384,0,0,42,10,1802174527,749386624,109996.0038,45738.9297,2.4049,1024,112
dsmem_loaded,9,0,1,1024,16384,0,0,42,10,1802140307,749372448,109993.9152,45738.0645,2.4049,1024,113
dsmem_loaded,9,0,1,1024,16384,0,0,42,10,1802124654,749365920,109992.9598,45737.6660,2.4049,1024,114
dsmem_loaded,9,0,1,1024,16384,0,0,42,10,1802150078,749376512,109994.5116,45738.3125,2.4049,1024,115
dsmem_loaded,9,0,1,1024,16384,0,0,42,10,1802124045,749365632,109992.9227,45737.6484,2.4049,1024,116
dsmem_loaded,9,0,1,1024,16384,0,0,42,10,1802152764,749377600,109994.6755,45738.3789,2.4049,1024,117
dsmem_loaded,9,0,1,1024,16384,0,0,42,10,1802124537,749365856,109992.9527,45737.6621,2.4049,1024,118
dsmem_loaded,9,0,1,1024,16384,0,0,42,10,1802153744,749378048,109994.7354,45738.4062,2.4049,1024,119
dsmem_loaded,9,0,1,1024,16384,0,0,42,10,1802123001,749365216,109992.8589,45737.6230,2.4049,1024,120
dsmem_loaded,9,0,1,1024,16384,0,0,42,10,1802138709,749371744,109993.8177,45738.0215,2.4049,1024,121
dsmem_loaded,9,0,1,1024,16384,0,0,42,10,1802125512,749366240,109993.0122,45737.6855,2.4049,1024,122
dsmem_loaded,9,0,1,1024,16384,0,0,42,10,1802125139,749366080,109992.9894,45737.6758,2.4049,1024,123
dsmem_loaded,9,0,1,1024,16384,0,0,42,10,1802125509,749366272,109993.0120,45737.6875,2.4049,1024,124
dsmem_loaded,9,0,1,1024,16384,0,0,42,10,1802125265,749366144,109992.9971,45737.6797,2.4049,1024,125
dsmem_loaded,9,0,1,1024,16384,0,0,42,10,1802125752,749366336,109993.0269,45737.6914,2.4049,1024,126
dsmem_loaded,9,0,1,1024,16384,0,0,42,10,1802124168,749365696,109992.9302,45737.6523,2.4049,1024,127
dsmem_loaded,9,0,1,1024,16384,0,0,42,10,1802123001,749365216,109992.8589,45737.6230,2.4049,1024,128
dsmem_loaded,9,0,1,1024,16384,0,0,42,10,1802199732,749397088,109997.5422,45739.5684,2.4049,1024,129
dsmem_loaded,9,0,1,1024,16384,0,0,42,10,1802213291,749402752,109998.3698,45739.9141,2.4049,1024,130
dsmem_loaded,9,0,1,1024,16384,0,0,42,10,1802142496,749373312,109994.0488,45738.1172,2.4049,1024,131
dsmem_loaded,9,0,1,1024,16384,0,0,42,10,1802184455,749390752,109996.6098,45739.1816,2.4049,1024,132
dsmem_loaded,9,0,1,1024,16384,0,0,42,10,1802189088,749392704,109996.8926,45739.3008,2.4049,1024,133
dsmem_loaded,9,0,1,1024,16384,0,0,42,10,1802182965,749390176,109996.5189,45739.1465,2.4049,1024,134
dsmem_loaded,9,0,1,1024,16384,0,0,42,10,1802154736,749378400,109994.7959,45738.4277,2.4049,1024,135
dsmem_loaded,9,0,1,1024,16384,0,0,42,10,1802176012,749387264,109996.0945,45738.9688,2.4049,1024,136
dsmem_loaded,9,0,1,1024,16384,0,0,42,10,1802138953,749371840,109993.8326,45738.0273,2.4049,1024,137
dsmem_loaded,9,0,1,1024,16384,0,0,42,10,1802152898,749377664,109994.6837,45738.3828,2.4049,1024,138
dsmem_loaded,9,0,1,1024,16384,0,0,42,10,1802185559,749391232,109996.6772,45739.2109,2.4049,1024,139
dsmem_loaded,9,0,1,1024,16384,0,0,42,10,1802139438,749372032,109993.8622,45738.0391,2.4049,1024,140
dsmem_loaded,9,0,1,1024,16384,0,0,42,10,1802141894,749373088,109994.0121,45738.1035,2.4049,1024,141
dsmem_loaded,9,0,1,1024,16384,0,0,42,10,1802123002,749365216,109992.8590,45737.6230,2.4049,1024,142
dsmem_loaded,9,0,1,1024,16384,0,0,42,10,1802123001,749365184,109992.8589,45737.6211,2.4049,1024,143
dsmem_loaded,9,0,1,1024,16384,0,0,42,10,1802138707,749371776,109993.8176,45738.0234,2.4049,1024,144
dsmem_loaded,9,0,1,1024,16384,0,0,42,10,1802125627,749366272,109993.0192,45737.6875,2.4049,1024,145
dsmem_loaded,9,0,1,1024,16384,0,0,42,10,1802125748,749366336,109993.0266,45737.6914,2.4049,1024,146
dsmem_loaded,9,0,1,1024,16384,0,0,42,10,1802146525,749375008,109994.2947,45738.2207,2.4049,1024,147
dsmem_loaded,9,0,1,1024,16384,0,0,42,10,1802131011,749368544,109993.3478,45737.8262,2.4049,1024,148
dsmem_loaded,9,0,1,1024,16384,0,0,42,10,1802123001,749365248,109992.8589,45737.6250,2.4049,1024,149
dsmem_loaded,9,0,1,1024,16384,0,0,42,10,1802124652,749365888,109992.9597,45737.6641,2.4049,1024,150
dsmem_loaded,9,0,1,1024,16384,0,0,42,10,1802153622,749377984,109994.7279,45738.4023,2.4049,1024,151
dsmem_loaded,9,0,1,1024,16384,0,0,42,10,1802125264,749366144,109992.9971,45737.6797,2.4049,1024,152
dsmem_loaded,9,0,1,1024,16384,0,0,42,10,1802124897,749365984,109992.9747,45737.6699,2.4049,1024,153
dsmem_loaded,9,0,1,1024,16384,0,0,42,10,1802125620,749366304,109993.0188,45737.6895,2.4049,1024,154
dsmem_loaded,9,0,1,1024,16384,0,0,42,10,1802124902,749366048,109992.9750,45737.6738,2.4049,1024,155
dsmem_loaded,9,0,1,1024,16384,0,0,42,10,1802125509,749366240,109993.0120,45737.6855,2.4049,1024,156
dsmem_loaded,9,0,1,1024,16384,0,0,42,10,1802124774,749365952,109992.9672,45737.6680,2.4049,1024,157
dsmem_loaded,9,0,1,1024,16384,0,0,42,10,1802124160,749365696,109992.9297,45737.6523,2.4049,1024,158
dsmem_loaded,9,0,1,1024,16384,0,0,42,10,1802125507,749366240,109993.0119,45737.6855,2.4049,1024,159
dsmem_loaded,9,0,1,1024,16384,0,0,42,10,1802188966,749392640,109996.8851,45739.2969,2.4049,1024,160
dsmem_loaded,9,0,1,1024,16384,0,0,42,10,1802200587,749397472,109997.5944,45739.5918,2.4049,1024,161
dsmem_loaded,9,0,1,1024,16384,0,0,42,10,1802209632,749401216,109998.1465,45739.8203,2.4049,1024,162
dsmem_loaded,9,0,1,1024,16384,0,0,42,10,1802190320,749393216,109996.9678,45739.3320,2.4049,1024,163
dsmem_loaded,9,0,1,1024,16384,0,0,42,10,1802187257,749391904,109996.7808,45739.2520,2.4049,1024,164
dsmem_loaded,9,0,1,1024,16384,0,0,42,10,1802178576,749388320,109996.2510,45739.0332,2.4049,1024,165
dsmem_loaded,9,0,1,1024,16384,0,0,42,10,1802124777,749365984,109992.9673,45737.6699,2.4049,1024,166
dsmem_loaded,9,0,1,1024,16384,0,0,42,10,1802158881,749380160,109995.0489,45738.5352,2.4049,1024,167
dsmem_loaded,9,0,1,1024,16384,0,0,42,10,1802183458,749390368,109996.5490,45739.1582,2.4049,1024,168
dsmem_loaded,9,0,1,1024,16384,0,0,42,10,1802163037,749381856,109995.3026,45738.6387,2.4049,1024,169
dsmem_loaded,9,0,1,1024,16384,0,0,42,10,1802172454,749385760,109995.8773,45738.8770,2.4049,1024,170
dsmem_loaded,9,0,1,1024,16384,0,0,42,10,1802136142,749370720,109993.6610,45737.9590,2.4049,1024,171
dsmem_loaded,9,0,1,1024,16384,0,0,42,10,1802123001,749365216,109992.8589,45737.6230,2.4049,1024,172
dsmem_loaded,9,0,1,1024,16384,0,0,42,10,1802123001,749365216,109992.8589,45737.6230,2.4049,1024,173
dsmem_loaded,9,0,1,1024,16384,0,0,42,10,1802136139,749370688,109993.6608,45737.9570,2.4049,1024,174
dsmem_loaded,9,0,1,1024,16384,0,0,42,10,1802166211,749383168,109995.4963,45738.7188,2.4049,1024,175
dsmem_loaded,9,0,1,1024,16384,0,0,42,10,1802186876,749391776,109996.7576,45739.2441,2.4049,1024,176
dsmem_loaded,9,0,1,1024,16384,0,0,42,10,1802167075,749383552,109995.5490,45738.7422,2.4049,1024,177
dsmem_loaded,9,0,1,1024,16384,0,0,42,10,1802138101,749371520,109993.7806,45738.0078,2.4049,1024,178
dsmem_loaded,9,0,1,1024,16384,0,0,42,10,1802124533,749365856,109992.9525,45737.6621,2.4049,1024,179
dsmem_loaded,9,0,1,1024,16384,0,0,42,10,1802124532,749365824,109992.9524,45737.6602,2.4049,1024,180
dsmem_loaded,9,0,1,1024,16384,0,0,42,10,1802138584,749371712,109993.8101,45738.0195,2.4049,1024,181
dsmem_loaded,9,0,1,1024,16384,0,0,42,10,1802124901,749365984,109992.9749,45737.6699,2.4049,1024,182
dsmem_loaded,9,0,1,1024,16384,0,0,42,10,1802125021,749366048,109992.9822,45737.6738,2.4049,1024,183
dsmem_loaded,9,0,1,1024,16384,0,0,42,10,1802125021,749366048,109992.9822,45737.6738,2.4049,1024,184
dsmem_loaded,9,0,1,1024,16384,0,0,42,10,1802124895,749365952,109992.9745,45737.6680,2.4049,1024,185
dsmem_loaded,9,0,1,1024,16384,0,0,42,10,1802124285,749365728,109992.9373,45737.6543,2.4049,1024,186
dsmem_loaded,9,0,1,1024,16384,0,0,42,10,1802125511,749366272,109993.0121,45737.6875,2.4049,1024,187
dsmem_loaded,9,0,1,1024,16384,0,0,42,10,1802124164,749365696,109992.9299,45737.6523,2.4049,1024,188
dsmem_loaded,9,0,1,1024,16384,0,0,42,10,1802124531,749365856,109992.9523,45737.6621,2.4049,1024,189
dsmem_loaded,9,0,1,1024,16384,0,0,42,10,1802123001,749365248,109992.8589,45737.6250,2.4049,1024,190
dsmem_loaded,9,0,1,1024,16384,0,0,42,10,1802123001,749365216,109992.8589,45737.6230,2.4049,1024,191
dsmem_loaded,9,0,1,1024,16384,0,0,42,10,1802194694,749395040,109997.2347,45739.4434,2.4049,1024,192
dsmem_loaded,9,0,1,1024,16384,0,0,42,10,1802200327,749397376,109997.5786,45739.5859,2.4049,1024,193
dsmem_loaded,9,0,1,1024,16384,0,0,42,10,1802123002,749365216,109992.8590,45737.6230,2.4049,1024,194
dsmem_loaded,9,0,1,1024,16384,0,0,42,10,1802162777,749381760,109995.2867,45738.6328,2.4049,1024,195
dsmem_loaded,9,0,1,1024,16384,0,0,42,10,1802136244,749370720,109993.6672,45737.9590,2.4049,1024,196
dsmem_loaded,9,0,1,1024,16384,0,0,42,10,1802165727,749382976,109995.4667,45738.7070,2.4049,1024,197
dsmem_loaded,9,0,1,1024,16384,0,0,42,10,1802194339,749394880,109997.2131,45739.4336,2.4049,1024,198
dsmem_loaded,9,0,1,1024,16384,0,0,42,10,1802196303,749395680,109997.3329,45739.4824,2.4049,1024,199
dsmem_loaded,9,0,1,1024,16384,0,0,42,10,1802138937,749371840,109993.8316,45738.0273,2.4049,1024,200
dsmem_loaded,9,0,1,1024,16384,0,0,42,10,1802124511,749365856,109992.9511,45737.6621,2.4049,1024,201
dsmem_loaded,9,0,1,1024,16384,0,0,42,10,1802180752,749389248,109996.3838,45739.0898,2.4049,1024,202
dsmem_loaded,9,0,1,1024,16384,0,0,42,10,1802136124,749370720,109993.6599,45737.9590,2.4049,1024,203
dsmem_loaded,9,0,1,1024,16384,0,0,42,10,1802190184,749393152,109996.9595,45739.3281,2.4049,1024,204
dsmem_loaded,9,0,1,1024,16384,0,0,42,10,1802124392,749365760,109992.9438,45737.6562,2.4049,1024,205
dsmem_loaded,9,0,1,1024,16384,0,0,42,10,1802178060,749388128,109996.2195,45739.0215,2.4049,1024,206
dsmem_loaded,9,0,1,1024,16384,0,0,42,10,1802123001,749365248,109992.8589,45737.6250,2.4049,1024,207
dsmem_loaded,9,0,1,1024,16384,0,0,42,10,1802153119,749377760,109994.6972,45738.3887,2.4049,1024,208
dsmem_loaded,9,0,1,1024,16384,0,0,42,10,1802180630,749389184,109996.3763,45739.0859,2.4049,1024,209
dsmem_loaded,9,0,1,1024,16384,0,0,42,10,1802124389,749365792,109992.9437,45737.6582,2.4049,1024,210
dsmem_loaded,9,0,1,1024,16384,0,0,42,10,1802138946,749371872,109993.8322,45738.0293,2.4049,1024,211
dsmem_loaded,9,0,1,1024,16384,0,0,42,10,1802123910,749365568,109992.9144,45737.6445,2.4049,1024,212
dsmem_loaded,9,0,1,1024,16384,0,0,42,10,1802123002,749365248,109992.8590,45737.6250,2.4049,1024,213
dsmem_loaded,9,0,1,1024,16384,0,0,42,10,1802125496,749366272,109993.0112,45737.6875,2.4049,1024,214
dsmem_loaded,9,0,1,1024,16384,0,0,42,10,1802124758,749365952,109992.9662,45737.6680,2.4049,1024,215
dsmem_loaded,9,0,1,1024,16384,0,0,42,10,1802124879,749365952,109992.9736,45737.6680,2.4049,1024,216
dsmem_loaded,9,0,1,1024,16384,0,0,42,10,1802142610,749373408,109994.0558,45738.1230,2.4049,1024,217
dsmem_loaded,9,0,1,1024,16384,0,0,42,10,1802124521,749365824,109992.9517,45737.6602,2.4049,1024,218
dsmem_loaded,9,0,1,1024,16384,0,0,42,10,1802152132,749377312,109994.6370,45738.3613,2.4049,1024,219
dsmem_loaded,9,0,1,1024,16384,0,0,42,10,1802123001,749365248,109992.8589,45737.6250,2.4049,1024,220
dsmem_loaded,9,0,1,1024,16384,0,0,42,10,1802124764,749365920,109992.9666,45737.6660,2.4049,1024,221
dsmem_loaded,9,0,1,1024,16384,0,0,42,10,1802124757,749365888,109992.9661,45737.6641,2.4049,1024,222
dsmem_loaded,9,0,1,1024,16384,0,0,42,10,1802124640,749365920,109992.9590,45737.6660,2.4049,1024,223
dsmem_loaded,9,0,1,1024,16384,0,0,42,10,1802125004,749366016,109992.9812,45737.6719,2.4049,1024,224
dsmem_loaded,9,0,1,1024,16384,0,0,42,10,1802189437,749392864,109996.9139,45739.3105,2.4049,1024,225
dsmem_loaded,9,0,1,1024,16384,0,0,42,10,1802192386,749394048,109997.0939,45739.3828,2.4049,1024,226
dsmem_loaded,9,0,1,1024,16384,0,0,42,10,1802179674,749388768,109996.3180,45739.0605,2.4049,1024,227
dsmem_loaded,9,0,1,1024,16384,0,0,42,10,1802182604,749389984,109996.4968,45739.1348,2.4049,1024,228
dsmem_loaded,9,0,1,1024,16384,0,0,42,10,1802190517,749393280,109996.9798,45739.3359,2.4049,1024,229
dsmem_loaded,9,0,1,1024,16384,0,0,42,10,1802149202,749376064,109994.4581,45738.2852,2.4049,1024,230
dsmem_loaded,9,0,1,1024,16384,0,0,42,10,1802172447,749385792,109995.8769,45738.8789,2.4049,1024,231
dsmem_loaded,9,0,1,1024,16384,0,0,42,10,1802179661,749388768,109996.3172,45739.0605,2.4049,1024,232
dsmem_loaded,9,0,1,1024,16384,0,0,42,10,1802201428,749397792,109997.6458,45739.6113,2.4049,1024,233
dsmem_loaded,9,0,1,1024,16384,0,0,42,10,1802145788,749374688,109994.2498,45738.2012,2.4049,1024,234
dsmem_loaded,9,0,1,1024,16384,0,0,42,10,1802172191,749385664,109995.8613,45738.8711,2.4049,1024,235
dsmem_loaded,9,0,1,1024,16384,0,0,42,10,1802134785,749370144,109993.5782,45737.9238,2.4049,1024,236
dsmem_loaded,9,0,1,1024,16384,0,0,42,10,1802124764,749365952,109992.9666,45737.6680,2.4049,1024,237
dsmem_loaded,9,0,1,1024,16384,0,0,42,10,1802123001,749365216,109992.8589,45737.6230,2.4049,1024,238
dsmem_loaded,9,0,1,1024,16384,0,0,42,10,1802123002,749365248,109992.8590,45737.6250,2.4049,1024,239
dsmem_loaded,9,0,1,1024,16384,0,0,42,10,1802183322,749390304,109996.5406,45739.1543,2.4049,1024,240
dsmem_loaded,9,0,1,1024,16384,0,0,42,10,1802166685,749383392,109995.5252,45738.7324,2.4049,1024,241
dsmem_loaded,9,0,1,1024,16384,0,0,42,10,1802138578,749371712,109993.8097,45738.0195,2.4049,1024,242
dsmem_loaded,9,0,1,1024,16384,0,0,42,10,1802138327,749371616,109993.7944,45738.0137,2.4049,1024,243
dsmem_loaded,9,0,1,1024,16384,0,0,42,10,1802125612,749366304,109993.0183,45737.6895,2.4049,1024,244
dsmem_loaded,9,0,1,1024,16384,0,0,42,10,1802124152,749365696,109992.9292,45737.6523,2.4049,1024,245
dsmem_loaded,9,0,1,1024,16384,0,0,42,10,1802140034,749372320,109993.8986,45738.0566,2.4049,1024,246
dsmem_loaded,9,0,1,1024,16384,0,0,42,10,1802126341,749366624,109993.0628,45737.7090,2.4049,1024,247
dsmem_loaded,9,0,1,1024,16384,0,0,42,10,1802125010,749366048,109992.9816,45737.6738,2.4049,1024,248
dsmem_loaded,9,0,1,1024,16384,0,0,42,10,1802124393,749365792,109992.9439,45737.6582,2.4049,1024,249
dsmem_loaded,9,0,1,1024,16384,0,0,42,10,1802139548,749372064,109993.8689,45738.0410,2.4049,1024,250
dsmem_loaded,9,0,1,1024,16384,0,0,42,10,1802124764,749365920,109992.9666,45737.6660,2.4049,1024,251
dsmem_loaded,9,0,1,1024,16384,0,0,42,10,1802123001,749365216,109992.8589,45737.6230,2.4049,1024,252
dsmem_loaded,9,0,1,1024,16384,0,0,42,10,1802123001,749365248,109992.8589,45737.6250,2.4049,1024,253
dsmem_loaded,9,0,1,1024,16384,0,0,42,10,1802138935,749371840,109993.8315,45738.0273,2.4049,1024,254
dsmem_loaded,9,0,1,1024,16384,0,0,42,10,1802125248,749366112,109992.9961,45737.6777,2.4049,1024,255
